swing,frame,t_us,theta_deg,s,r0,ncc,margin,amp,resp,variant,accepted,gate
2026-07-04_Mark-Liversedge_Wrist_01__swing_0004,190,1272997,216.250,0.3600,242.0,0.5650,0.0867,63.55,35.90,V012,0,ncc|margin|resp
2026-07-04_Mark-Liversedge_Wrist_01__swing_0004,191,1279754,216.000,0.3550,237.0,0.5701,0.0214,62.84,35.82,V012,0,ncc|margin|resp
2026-07-04_Mark-Liversedge_Wrist_01__swing_0004,192,1286379,232.500,0.3200,12.0,0.6389,0.1372,60.34,38.55,V012,0,ncc|resp|r0
2026-07-04_Mark-Liversedge_Wrist_01__swing_0004,193,1293144,232.500,0.3250,17.0,0.6587,0.2098,56.02,36.91,V012,0,ncc|resp|r0
2026-07-04_Mark-Liversedge_Wrist_01__swing_0004,194,1299771,234.750,0.3175,19.0,0.6925,0.1939,58.05,40.20,V012,0,ncc|r0
2026-07-04_Mark-Liversedge_Wrist_01__swing_0004,195,1306472,234.750,0.3125,15.0,0.6992,0.2317,61.25,42.83,V012,0,ncc|r0
2026-07-04_Mark-Liversedge_Wrist_01__swing_0004,196,1313190,235.000,0.3150,20.0,0.7277,0.3174,58.38,42.49,V012,0,r0
2026-07-04_Mark-Liversedge_Wrist_01__swing_0004,197,1319967,235.000,0.3150,20.0,0.7262,0.3932,58.96,42.82,V012,0,r0
2026-07-04_Mark-Liversedge_Wrist_01__swing_0004,198,1326552,235.000,0.3150,22.0,0.7207,0.1256,58.47,42.14,V012,0,r0
2026-07-04_Mark-Liversedge_Wrist_01__swing_0004,199,1333348,52.500,0.3950,116.0,0.6274,0.0229,66.31,41.60,V012,0,ncc|margin
2026-07-04_Mark-Liversedge_Wrist_01__swing_0004,200,1339942,52.750,0.3950,111.0,0.6307,0.1696,64.97,40.98,V012,0,ncc
2026-07-04_Mark-Liversedge_Wrist_01__swing_0004,201,1346809,234.750,0.3150,23.0,0.7229,0.1113,59.24,42.82,V012,0,margin|r0
2026-07-04_Mark-Liversedge_Wrist_01__swing_0004,202,1353341,234.750,0.3150,22.0,0.7352,0.2993,58.19,42.78,V012,0,r0
2026-07-04_Mark-Liversedge_Wrist_01__swing_0004,203,1360032,53.750,0.3950,126.0,0.6610,0.2014,62.94,41.60,V012,0,ncc
2026-07-04_Mark-Liversedge_Wrist_01__swing_0004,204,1366759,54.750,0.3950,119.0,0.7111,0.1275,65.57,46.62,V012,0,
2026-07-04_Mark-Liversedge_Wrist_01__swing_0004,205,1373452,55.000,0.3925,115.0,0.7062,0.0014,65.87,46.52,V012,0,margin
2026-07-04_Mark-Liversedge_Wrist_01__swing_0004,206,1380101,239.500,0.2925,9.0,0.7247,0.0209,66.59,48.26,V012,0,margin|r0
2026-07-04_Mark-Liversedge_Wrist_01__swing_0004,207,1386960,55.500,0.3950,126.0,0.7234,0.0180,65.80,47.60,V012,0,margin
2026-07-04_Mark-Liversedge_Wrist_01__swing_0004,208,1393603,56.000,0.3925,127.0,0.7865,0.0859,68.11,53.56,V012,0,margin
2026-07-04_Mark-Liversedge_Wrist_01__swing_0004,209,1400244,234.750,0.3175,29.0,0.7015,0.0328,58.55,41.07,V012,0,margin|r0
2026-07-04_Mark-Liversedge_Wrist_01__swing_0004,210,1406958,54.500,0.4150,157.0,0.7477,0.0897,54.12,40.47,V012,0,margin
2026-07-04_Mark-Liversedge_Wrist_01__swing_0004,211,1413717,57.750,0.3900,121.0,0.7509,0.3646,71.92,54.00,V012,0,
2026-07-04_Mark-Liversedge_Wrist_01__swing_0004,212,1420311,239.750,0.2925,16.0,0.7441,0.3763,64.12,47.71,V012,0,r0
2026-07-04_Mark-Liversedge_Wrist_01__swing_0004,213,1427238,240.250,0.2925,19.0,0.7402,0.3928,64.90,48.04,V012,0,r0
2026-07-04_Mark-Liversedge_Wrist_01__swing_0004,214,1433753,239.500,0.2950,19.0,0.7408,0.2780,65.50,48.52,V012,0,r0
2026-07-04_Mark-Liversedge_Wrist_01__swing_0004,215,1440396,239.750,0.2950,22.0,0.7536,0.0187,66.23,49.91,V012,0,margin|r0
2026-07-04_Mark-Liversedge_Wrist_01__swing_0004,216,1447108,58.500,0.3925,130.0,0.7357,0.1523,69.81,51.36,V012,0,
2026-07-04_Mark-Liversedge_Wrist_01__swing_0004,217,1453843,57.500,0.3900,128.0,0.7167,0.0571,68.61,49.17,V012,0,margin
2026-07-04_Mark-Liversedge_Wrist_01__swing_0004,218,1460588,246.250,0.3500,104.0,0.6265,0.1503,59.44,37.24,V012,0,ncc|resp
2026-07-04_Mark-Liversedge_Wrist_01__swing_0004,219,1467397,246.000,0.3500,98.0,0.6196,0.0452,58.73,36.39,V012,0,ncc|margin|resp
2026-07-04_Mark-Liversedge_Wrist_01__swing_0004,220,1473937,246.500,0.3500,104.0,0.6247,0.1029,59.71,37.30,V012,0,ncc|margin|resp
2026-07-04_Mark-Liversedge_Wrist_01__swing_0004,221,1480739,246.000,0.3500,101.0,0.6255,-0.7627,58.72,36.73,V012,0,ncc|margin|resp
2026-07-04_Mark-Liversedge_Wrist_01__swing_0004,222,1487388,239.750,0.2950,17.0,0.7347,0.3621,64.20,47.17,V012,0,r0
2026-07-04_Mark-Liversedge_Wrist_01__swing_0004,223,1494024,103.500,0.3600,92.0,0.5875,-0.1120,60.39,35.48,V012,0,ncc|margin|resp
2026-07-04_Mark-Liversedge_Wrist_01__swing_0004,224,1500712,246.000,0.3500,101.0,0.6347,-0.6800,58.76,37.29,V012,0,ncc|margin|resp
2026-07-04_Mark-Liversedge_Wrist_01__swing_0004,225,1507432,231.250,0.4150,52.0,0.6243,0.0121,63.73,39.79,V012,0,ncc|margin|resp|r0
2026-07-04_Mark-Liversedge_Wrist_01__swing_0004,226,1514075,57.250,0.3900,128.0,0.7464,0.1071,71.16,53.11,V012,0,margin
2026-07-04_Mark-Liversedge_Wrist_01__swing_0004,227,1520820,239.500,0.2950,17.0,0.7213,-0.1055,64.04,46.19,V012,0,margin|r0
2026-07-04_Mark-Liversedge_Wrist_01__swing_0004,228,1527639,58.250,0.3900,126.0,0.7594,0.4214,70.64,53.65,V012,0,
2026-07-04_Mark-Liversedge_Wrist_01__swing_0004,229,1534228,58.500,0.3900,126.0,0.7537,0.2484,67.50,50.87,V012,0,
2026-07-04_Mark-Liversedge_Wrist_01__swing_0004,230,1540976,231.250,0.4175,57.0,0.6191,0.0101,62.07,38.43,V012,0,ncc|margin|resp|r0
2026-07-04_Mark-Liversedge_Wrist_01__swing_0004,231,1547820,216.750,0.3850,240.0,0.6769,-0.7197,47.42,32.10,V012,0,ncc|margin|resp
2026-07-04_Mark-Liversedge_Wrist_01__swing_0004,232,1554488,234.250,0.3175,31.0,0.7057,0.1632,58.10,41.00,V012,0,r0
2026-07-04_Mark-Liversedge_Wrist_01__swing_0004,233,1561027,240.000,0.2950,22.0,0.6840,-0.3073,64.16,43.89,V012,0,ncc|margin|r0
2026-07-04_Mark-Liversedge_Wrist_01__swing_0004,234,1567717,57.250,0.3900,126.0,0.7495,0.3450,70.34,52.72,V012,0,
2026-07-04_Mark-Liversedge_Wrist_01__swing_0004,235,1574439,57.000,0.3900,121.0,0.7654,0.2699,71.82,54.97,V012,0,
2026-07-04_Mark-Liversedge_Wrist_01__swing_0004,236,1581216,234.000,0.3175,34.0,0.6969,0.0163,59.96,41.78,V012,0,ncc|margin|r0
2026-07-04_Mark-Liversedge_Wrist_01__swing_0004,237,1587865,234.500,0.3150,23.0,0.7114,0.0773,56.40,40.12,V012,0,margin|r0
2026-07-04_Mark-Liversedge_Wrist_01__swing_0004,238,1594515,234.000,0.3175,28.0,0.7050,0.0871,56.59,39.90,V012,0,margin|resp|r0
2026-07-04_Mark-Liversedge_Wrist_01__swing_0004,239,1601350,53.750,0.3700,96.0,0.6532,0.1346,57.60,37.63,V012,0,ncc|resp
2026-07-04_Mark-Liversedge_Wrist_01__swing_0004,240,1607916,230.500,0.4200,48.0,0.6374,0.0730,61.31,39.08,V012,0,ncc|margin|resp|r0
2026-07-04_Mark-Liversedge_Wrist_01__swing_0004,241,1614675,230.750,0.4200,56.0,0.6277,0.0467,61.67,38.71,V012,0,ncc|margin|resp|r0
2026-07-04_Mark-Liversedge_Wrist_01__swing_0004,242,1621262,51.750,0.3650,82.0,0.7158,0.0301,45.11,32.29,V012,0,margin|resp
2026-07-04_Mark-Liversedge_Wrist_01__swing_0004,243,1628121,56.500,0.3900,123.0,0.7672,0.3719,71.15,54.58,V012,1,
2026-07-04_Mark-Liversedge_Wrist_01__swing_0004,244,1634675,56.250,0.3925,133.0,0.7643,0.2730,69.39,53.04,V012,1,
2026-07-04_Mark-Liversedge_Wrist_01__swing_0004,245,1641377,201.000,0.2850,218.0,0.6661,0.0332,52.94,35.26,V012,0,ncc|margin|resp
2026-07-04_Mark-Liversedge_Wrist_01__swing_0004,246,1648255,56.250,0.3925,122.0,0.7730,0.3771,71.86,55.55,V012,1,
2026-07-04_Mark-Liversedge_Wrist_01__swing_0004,247,1654917,204.250,0.3100,216.0,0.6441,0.0736,59.86,38.55,V012,0,ncc|margin|resp
2026-07-04_Mark-Liversedge_Wrist_01__swing_0004,248,1661480,234.000,0.3175,11.0,0.7076,0.1935,55.32,39.15,V012,0,resp|r0
2026-07-04_Mark-Liversedge_Wrist_01__swing_0004,249,1668178,56.000,0.3900,126.0,0.7831,0.3401,68.64,53.75,V012,1,
2026-07-04_Mark-Liversedge_Wrist_01__swing_0004,250,1674887,56.250,0.3900,128.0,0.7853,0.3695,73.11,57.41,V012,1,
2026-07-04_Mark-Liversedge_Wrist_01__swing_0004,251,1681689,55.750,0.3900,126.0,0.7859,0.3133,72.85,57.25,V012,1,
2026-07-04_Mark-Liversedge_Wrist_01__swing_0004,252,1688325,55.750,0.3900,126.0,0.7843,0.4114,72.41,56.79,V012,1,
2026-07-04_Mark-Liversedge_Wrist_01__swing_0004,253,1694931,55.500,0.3900,126.0,0.7866,0.4225,69.08,54.34,V012,1,
2026-07-04_Mark-Liversedge_Wrist_01__swing_0004,254,1701630,55.500,0.3900,126.0,0.7836,0.4736,68.86,53.96,V012,1,
2026-07-04_Mark-Liversedge_Wrist_01__swing_0004,255,1708327,55.500,0.3900,125.0,0.7926,0.4515,72.26,57.28,V012,1,
2026-07-04_Mark-Liversedge_Wrist_01__swing_0004,256,1715101,55.500,0.3900,126.0,0.7946,0.4317,73.28,58.23,V012,1,
2026-07-04_Mark-Liversedge_Wrist_01__swing_0004,257,1721707,55.250,0.3900,126.0,0.8001,0.4246,72.00,57.60,V012,1,
2026-07-04_Mark-Liversedge_Wrist_01__swing_0004,258,1728436,52.250,0.3675,81.0,0.7476,0.2292,50.76,37.95,V012,0,resp
2026-07-04_Mark-Liversedge_Wrist_01__swing_0004,259,1735322,51.750,0.3675,81.0,0.7660,0.2114,51.74,39.64,V012,0,resp
2026-07-04_Mark-Liversedge_Wrist_01__swing_0004,260,1741946,51.750,0.3650,74.0,0.7834,0.2054,52.55,41.17,V012,1,
2026-07-04_Mark-Liversedge_Wrist_01__swing_0004,261,1748679,55.000,0.3900,123.0,0.7941,0.4452,73.58,58.43,V012,1,
2026-07-04_Mark-Liversedge_Wrist_01__swing_0004,262,1755199,55.000,0.3900,118.0,0.7882,0.3964,73.12,57.63,V012,1,
2026-07-04_Mark-Liversedge_Wrist_01__swing_0004,263,1761999,54.750,0.3875,114.0,0.7916,0.4525,68.43,54.17,V012,1,
2026-07-04_Mark-Liversedge_Wrist_01__swing_0004,264,1768645,54.500,0.3900,115.0,0.7952,0.5360,67.10,53.36,V012,1,
2026-07-04_Mark-Liversedge_Wrist_01__swing_0004,265,1775343,54.500,0.3900,113.0,0.7839,0.3968,70.61,55.35,V012,1,
2026-07-04_Mark-Liversedge_Wrist_01__swing_0004,266,1782023,232.000,0.3050,18.0,0.5991,-0.9803,62.59,37.50,V012,0,ncc|margin|resp|r0
2026-07-04_Mark-Liversedge_Wrist_01__swing_0004,267,1788757,49.750,0.3725,85.0,0.7549,0.0370,42.66,32.20,V012,0,margin|resp
2026-07-04_Mark-Liversedge_Wrist_01__swing_0004,268,1795508,54.500,0.3925,120.0,0.7797,0.4244,66.99,52.23,V012,1,
2026-07-04_Mark-Liversedge_Wrist_01__swing_0004,269,1802266,51.000,0.3650,73.0,0.7981,0.1924,50.44,40.26,V012,0,
2026-07-04_Mark-Liversedge_Wrist_01__swing_0004,270,1809041,54.000,0.3900,121.0,0.7844,0.4596,69.00,54.13,V012,0,
2026-07-04_Mark-Liversedge_Wrist_01__swing_0004,271,1815605,51.000,0.3675,75.0,0.8189,0.1828,50.52,41.37,V012,0,
2026-07-04_Mark-Liversedge_Wrist_01__swing_0004,272,1822243,51.000,0.3675,75.0,0.8131,0.0898,49.17,39.99,V012,0,margin|resp
2026-07-04_Mark-Liversedge_Wrist_01__swing_0004,273,1828976,50.750,0.3675,80.0,0.7941,0.2479,50.26,39.91,V012,0,resp
2026-07-04_Mark-Liversedge_Wrist_01__swing_0004,274,1835767,57.500,0.3750,137.0,0.7498,0.0690,44.20,33.14,V012,0,margin|resp
2026-07-04_Mark-Liversedge_Wrist_01__swing_0004,275,1842341,54.500,0.3875,114.0,0.7924,0.4244,63.99,50.70,V012,0,
2026-07-04_Mark-Liversedge_Wrist_01__swing_0004,276,1849114,232.000,0.3200,224.0,0.6688,0.0315,52.24,34.94,V012,0,ncc|margin|resp
2026-07-04_Mark-Liversedge_Wrist_01__swing_0004,277,1855686,50.500,0.3650,73.0,0.8182,0.1767,48.14,39.39,V012,0,resp
2026-07-04_Mark-Liversedge_Wrist_01__swing_0004,278,1862576,50.750,0.3725,90.0,0.7311,0.0607,48.89,35.74,V012,0,margin|resp
2026-07-04_Mark-Liversedge_Wrist_01__swing_0004,279,1869078,231.250,0.3225,214.0,0.6799,0.0624,50.31,34.21,V012,0,ncc|margin|resp
2026-07-04_Mark-Liversedge_Wrist_01__swing_0004,280,1875789,50.000,0.3725,90.0,0.7234,0.0168,43.30,31.33,V012,0,margin|resp
2026-07-04_Mark-Liversedge_Wrist_01__swing_0004,281,1882644,231.250,0.3200,211.0,0.6802,-0.7518,51.18,34.81,V012,0,ncc|margin|resp
2026-07-04_Mark-Liversedge_Wrist_01__swing_0004,282,1889198,239.250,0.3700,246.0,0.6680,0.0583,52.57,35.12,V012,0,ncc|margin|resp
2026-07-04_Mark-Liversedge_Wrist_01__swing_0004,283,1895982,142.500,0.3275,196.0,0.6578,0.0696,50.93,33.50,V012,0,ncc|margin|resp
2026-07-04_Mark-Liversedge_Wrist_01__swing_0004,284,1902608,50.750,0.3675,83.0,0.8284,0.3458,47.84,39.63,V012,0,resp
2026-07-04_Mark-Liversedge_Wrist_01__swing_0004,285,1909394,238.000,0.3400,200.0,0.6025,0.0151,54.45,32.80,V012,0,ncc|margin|resp
2026-07-04_Mark-Liversedge_Wrist_01__swing_0004,286,1916012,50.500,0.3725,90.0,0.7498,0.0572,48.61,36.45,V012,0,margin|resp
2026-07-04_Mark-Liversedge_Wrist_01__swing_0004,287,1922698,48.500,0.3775,103.0,0.7152,0.0425,39.24,28.06,V012,0,margin|resp
2026-07-04_Mark-Liversedge_Wrist_01__swing_0004,288,1929385,143.000,0.3275,194.0,0.6666,0.0409,50.91,33.94,V012,0,ncc|margin|resp
2026-07-04_Mark-Liversedge_Wrist_01__swing_0004,289,1936090,48.500,0.3775,103.0,0.7237,0.0511,39.26,28.42,V012,0,margin|resp
2026-07-04_Mark-Liversedge_Wrist_01__swing_0004,290,1942926,240.250,0.3250,175.0,0.6781,0.0169,50.10,33.97,V012,0,ncc|margin|resp
2026-07-04_Mark-Liversedge_Wrist_01__swing_0004,291,1949564,137.250,0.3575,243.0,0.6094,0.0009,51.59,31.44,V012,0,ncc|margin|resp
2026-07-04_Mark-Liversedge_Wrist_01__swing_0004,292,1956366,143.000,0.3250,190.0,0.6564,0.0101,50.26,32.99,V012,0,ncc|margin|resp
2026-07-04_Mark-Liversedge_Wrist_01__swing_0004,293,1962967,50.250,0.3725,90.0,0.6997,0.0013,47.91,33.53,V012,0,ncc|margin|resp
2026-07-04_Mark-Liversedge_Wrist_01__swing_0004,294,1969613,50.750,0.3675,83.0,0.8285,0.3610,50.23,41.61,V012,0,
2026-07-04_Mark-Liversedge_Wrist_01__swing_0004,295,1976357,240.000,0.3275,180.0,0.6710,0.0414,49.96,33.52,V012,0,ncc|margin|resp
2026-07-04_Mark-Liversedge_Wrist_01__swing_0004,296,1983014,49.250,0.3725,93.0,0.7286,-0.1411,40.88,29.78,V012,0,margin|resp
2026-07-04_Mark-Liversedge_Wrist_01__swing_0004,297,1989684,50.000,0.3725,91.0,0.7479,-0.1348,42.60,31.86,V012,0,margin|resp
2026-07-04_Mark-Liversedge_Wrist_01__swing_0004,298,1996462,50.750,0.3675,84.0,0.8418,0.3730,50.04,42.12,V012,0,
2026-07-04_Mark-Liversedge_Wrist_01__swing_0004,299,2003066,50.500,0.3675,84.0,0.8124,0.3133,50.30,40.86,V012,0,
2026-07-04_Mark-Liversedge_Wrist_01__swing_0004,300,2009747,143.000,0.3275,194.0,0.6725,0.0598,51.68,34.75,V012,0,ncc|margin|resp
2026-07-04_Mark-Liversedge_Wrist_01__swing_0004,301,2016655,48.000,0.3425,29.0,0.6904,0.0655,40.53,27.98,V012,0,ncc|margin|resp|r0
2026-07-04_Mark-Liversedge_Wrist_01__swing_0004,302,2023178,48.250,0.3400,24.0,0.6768,-0.0294,41.24,27.91,V012,0,ncc|margin|resp|r0
2026-07-04_Mark-Liversedge_Wrist_01__swing_0004,303,2029874,48.500,0.3775,103.0,0.7165,0.1037,39.67,28.42,V012,0,margin|resp
2026-07-04_Mark-Liversedge_Wrist_01__swing_0004,304,2036555,50.750,0.3675,84.0,0.8247,0.1687,50.67,41.79,V012,0,
2026-07-04_Mark-Liversedge_Wrist_01__swing_0004,305,2043336,238.000,0.3350,193.0,0.6374,-0.5546,54.46,34.72,V012,0,ncc|margin|resp
2026-07-04_Mark-Liversedge_Wrist_01__swing_0004,306,2050037,49.750,0.3725,93.0,0.7438,0.1462,42.57,31.66,V012,0,resp
2026-07-04_Mark-Liversedge_Wrist_01__swing_0004,307,2056735,48.250,0.3400,24.0,0.6842,0.0178,41.42,28.34,V012,0,ncc|margin|resp|r0
2026-07-04_Mark-Liversedge_Wrist_01__swing_0004,308,2063471,49.750,0.3725,93.0,0.7221,0.1326,42.26,30.52,V012,0,resp
2026-07-04_Mark-Liversedge_Wrist_01__swing_0004,309,2070093,50.250,0.3725,90.0,0.7194,0.0524,47.91,34.47,V012,0,margin|resp
2026-07-04_Mark-Liversedge_Wrist_01__swing_0004,310,2076862,143.500,0.3250,186.0,0.6796,-0.6883,50.03,34.00,V012,0,ncc|margin|resp
2026-07-04_Mark-Liversedge_Wrist_01__swing_0004,311,2083481,50.250,0.3725,91.0,0.7395,0.0059,44.84,33.16,V012,0,margin|resp
2026-07-04_Mark-Liversedge_Wrist_01__swing_0004,312,2090154,50.250,0.3725,90.0,0.7360,0.1155,47.68,35.09,V012,0,margin|resp
2026-07-04_Mark-Liversedge_Wrist_01__swing_0004,313,2096931,50.000,0.3725,93.0,0.7272,0.1816,43.55,31.67,V012,0,resp
2026-07-04_Mark-Liversedge_Wrist_01__swing_0004,314,2103669,50.750,0.3675,81.0,0.8215,0.3651,50.08,41.14,V012,0,
2026-07-04_Mark-Liversedge_Wrist_01__swing_0004,315,2110290,142.500,0.3275,191.0,0.6737,-0.0612,49.74,33.51,V012,0,ncc|margin|resp
2026-07-04_Mark-Liversedge_Wrist_01__swing_0004,316,2117028,57.250,0.3750,142.0,0.7712,0.0305,40.30,31.08,V012,0,margin|resp
2026-07-04_Mark-Liversedge_Wrist_01__swing_0004,317,2123623,49.750,0.3725,91.0,0.7543,0.1466,41.94,31.63,V012,0,resp
2026-07-04_Mark-Liversedge_Wrist_01__swing_0004,318,2130418,50.250,0.3725,90.0,0.7411,0.0421,45.43,33.67,V012,0,margin|resp
2026-07-04_Mark-Liversedge_Wrist_01__swing_0004,319,2137154,238.500,0.3350,196.0,0.6283,-0.5555,54.37,34.16,V012,0,ncc|margin|resp
2026-07-04_Mark-Liversedge_Wrist_01__swing_0004,320,2143803,50.750,0.3675,70.0,0.8169,0.3313,49.72,40.61,V012,0,
2026-07-04_Mark-Liversedge_Wrist_01__swing_0004,321,2150501,239.250,0.3675,246.0,0.6470,-0.7460,52.20,33.77,V012,0,ncc|margin|resp
2026-07-04_Mark-Liversedge_Wrist_01__swing_0004,322,2157151,50.250,0.3725,90.0,0.7317,-0.0069,44.19,32.33,V012,0,margin|resp
2026-07-04_Mark-Liversedge_Wrist_01__swing_0004,323,2163929,50.250,0.3725,90.0,0.7318,-0.0070,44.39,32.49,V012,0,margin|resp
2026-07-04_Mark-Liversedge_Wrist_01__swing_0004,324,2170628,142.250,0.3300,194.0,0.6484,-0.8890,51.14,33.15,V012,0,ncc|margin|resp
2026-07-04_Mark-Liversedge_Wrist_01__swing_0004,325,2177228,142.750,0.3300,194.0,0.6655,-0.4274,51.05,33.97,V012,0,ncc|margin|resp
2026-07-04_Mark-Liversedge_Wrist_01__swing_0004,326,2183926,50.750,0.3650,73.0,0.8308,0.3345,49.73,41.32,V012,1,
2026-07-04_Mark-Liversedge_Wrist_01__swing_0004,327,2190621,50.750,0.3650,76.0,0.8314,0.3223,50.63,42.10,V012,1,
2026-07-04_Mark-Liversedge_Wrist_01__swing_0004,328,2197388,57.500,0.3750,142.0,0.7343,0.0520,44.50,32.67,V012,0,margin|resp
2026-07-04_Mark-Liversedge_Wrist_01__swing_0004,329,2204088,50.750,0.3675,81.0,0.8098,0.3235,50.04,40.52,V012,1,
2026-07-04_Mark-Liversedge_Wrist_01__swing_0004,330,2210883,143.250,0.3300,198.0,0.6762,0.0393,49.62,33.55,V012,0,ncc|margin|resp
2026-07-04_Mark-Liversedge_Wrist_01__swing_0004,331,2217501,142.250,0.3275,193.0,0.6544,0.0849,50.50,33.04,V012,0,ncc|margin|resp
2026-07-04_Mark-Liversedge_Wrist_01__swing_0004,332,2224114,49.250,0.3725,94.0,0.7457,-0.0003,41.81,31.18,V012,0,margin|resp
2026-07-04_Mark-Liversedge_Wrist_01__swing_0004,333,2230853,49.500,0.3725,93.0,0.7352,0.0788,42.27,31.08,V012,0,margin|resp
2026-07-04_Mark-Liversedge_Wrist_01__swing_0004,334,2237565,50.750,0.3675,81.0,0.8078,0.2932,51.04,41.23,V012,1,
2026-07-04_Mark-Liversedge_Wrist_01__swing_0004,335,2244246,49.250,0.3725,94.0,0.7483,0.0362,42.31,31.66,V012,0,margin|resp
2026-07-04_Mark-Liversedge_Wrist_01__swing_0004,336,2250918,50.750,0.3675,81.0,0.8193,0.3321,51.01,41.79,V012,1,
2026-07-04_Mark-Liversedge_Wrist_01__swing_0004,337,2257625,49.500,0.3725,93.0,0.7355,0.0675,41.83,30.77,V012,0,margin|resp
2026-07-04_Mark-Liversedge_Wrist_01__swing_0004,338,2264500,49.500,0.3725,93.0,0.7357,0.0245,41.92,30.84,V012,0,margin|resp
2026-07-04_Mark-Liversedge_Wrist_01__swing_0004,339,2271224,50.750,0.3675,81.0,0.8076,0.2937,50.18,40.52,V012,1,
2026-07-04_Mark-Liversedge_Wrist_01__swing_0004,340,2277700,57.500,0.3750,142.0,0.7560,0.1449,43.12,32.60,V012,0,resp
2026-07-04_Mark-Liversedge_Wrist_01__swing_0004,341,2284473,50.750,0.3675,81.0,0.8087,0.3165,49.47,40.00,V012,1,
2026-07-04_Mark-Liversedge_Wrist_01__swing_0004,342,2291103,239.500,0.3675,246.0,0.6766,-0.8035,49.58,33.55,V012,0,ncc|margin|resp
2026-07-04_Mark-Liversedge_Wrist_01__swing_0004,343,2297981,57.500,0.3725,138.0,0.7523,0.1824,42.84,32.23,V012,0,resp
2026-07-04_Mark-Liversedge_Wrist_01__swing_0004,344,2304645,50.750,0.3675,81.0,0.8210,0.3461,50.40,41.38,V012,1,
2026-07-04_Mark-Liversedge_Wrist_01__swing_0004,345,2311223,50.750,0.3650,79.0,0.8102,0.3398,49.81,40.35,V012,1,
2026-07-04_Mark-Liversedge_Wrist_01__swing_0004,346,2317980,50.750,0.3650,74.0,0.8024,0.3738,49.86,40.01,V012,1,
2026-07-04_Mark-Liversedge_Wrist_01__swing_0004,347,2324602,230.750,0.4250,0.0,0.6202,-0.1222,56.35,34.95,V012,0,ncc|margin|resp|r0
2026-07-04_Mark-Liversedge_Wrist_01__swing_0004,348,2331477,239.250,0.3725,252.0,0.6604,0.0219,52.42,34.62,V012,0,ncc|margin|resp
2026-07-04_Mark-Liversedge_Wrist_01__swing_0004,349,2338047,50.750,0.3650,76.0,0.8236,0.4021,50.74,41.79,V012,1,
2026-07-04_Mark-Liversedge_Wrist_01__swing_0004,350,2344680,50.750,0.3675,70.0,0.8180,0.3050,50.90,41.63,V012,1,
2026-07-04_Mark-Liversedge_Wrist_01__swing_0004,351,2351427,50.250,0.3725,79.0,0.7233,0.0013,46.36,33.54,V012,0,margin|resp
2026-07-04_Mark-Liversedge_Wrist_01__swing_0004,352,2358099,49.250,0.3750,89.0,0.7390,0.0761,42.00,31.04,V012,0,margin|resp
2026-07-04_Mark-Liversedge_Wrist_01__swing_0004,353,2365007,50.750,0.3675,76.0,0.8246,0.2167,50.13,41.34,V012,1,
2026-07-04_Mark-Liversedge_Wrist_01__swing_0004,354,2371462,50.250,0.3725,85.0,0.7143,0.0065,47.26,33.76,V012,0,margin|resp
2026-07-04_Mark-Liversedge_Wrist_01__swing_0004,355,2378386,50.750,0.3675,76.0,0.8177,0.2253,50.00,40.89,V012,1,
2026-07-04_Mark-Liversedge_Wrist_01__swing_0004,356,2384911,50.250,0.3725,87.0,0.7013,0.0174,47.22,33.11,V012,0,margin|resp
2026-07-04_Mark-Liversedge_Wrist_01__swing_0004,357,2391674,238.750,0.3800,259.0,0.6806,0.0039,51.38,34.97,V012,0,ncc|margin|resp
2026-07-04_Mark-Liversedge_Wrist_01__swing_0004,358,2398409,239.000,0.3750,255.0,0.6511,-0.7101,55.13,35.90,V012,0,ncc|margin|resp
2026-07-04_Mark-Liversedge_Wrist_01__swing_0004,359,2405183,238.750,0.3750,255.0,0.6520,0.0212,55.93,36.46,V012,0,ncc|margin|resp
2026-07-04_Mark-Liversedge_Wrist_01__swing_0004,360,2411769,238.750,0.3725,257.0,0.6399,0.1980,55.12,35.27,V012,0,ncc|resp
2026-07-04_Mark-Liversedge_Wrist_01__swing_0004,361,2418485,50.750,0.3675,70.0,0.8189,0.2349,49.09,40.20,V012,0,
2026-07-04_Mark-Liversedge_Wrist_01__swing_0004,362,2425073,228.500,0.4175,45.0,0.6537,-0.7464,49.99,32.68,V012,0,ncc|margin|resp|r0
2026-07-04_Mark-Liversedge_Wrist_01__swing_0004,363,2431770,238.750,0.3750,258.0,0.6504,-0.8136,54.44,35.40,V012,0,ncc|margin|resp
2026-07-04_Mark-Liversedge_Wrist_01__swing_0004,364,2438456,238.500,0.3725,258.0,0.6178,0.0749,58.13,35.91,V012,0,ncc|margin|resp
2026-07-04_Mark-Liversedge_Wrist_01__swing_0004,365,2445252,50.750,0.3675,65.0,0.8274,0.3091,49.09,40.62,V012,0,
2026-07-04_Mark-Liversedge_Wrist_01__swing_0004,366,2451868,50.750,0.3675,65.0,0.8291,0.3231,49.08,40.69,V012,0,
2026-07-04_Mark-Liversedge_Wrist_01__swing_0004,367,2458625,228.750,0.4150,40.0,0.6543,0.1264,50.05,32.75,V012,0,ncc|resp|r0
2026-07-04_Mark-Liversedge_Wrist_01__swing_0004,368,2465285,238.000,0.3750,255.0,0.5967,-0.6723,59.11,35.27,V012,0,ncc|margin|resp
2026-07-04_Mark-Liversedge_Wrist_01__swing_0004,369,2471966,229.250,0.4125,35.0,0.6511,0.1168,51.19,33.33,V012,0,ncc|margin|resp|r0
2026-07-04_Mark-Liversedge_Wrist_01__swing_0004,370,2478671,238.000,0.3750,255.0,0.6127,0.1152,57.45,35.20,V012,0,ncc|margin|resp
2026-07-04_Mark-Liversedge_Wrist_01__swing_0004,371,2485406,53.500,0.3900,110.0,0.7640,0.4642,67.73,51.74,V012,1,
2026-07-04_Mark-Liversedge_Wrist_01__swing_0004,372,2492192,53.750,0.3900,105.0,0.7622,0.4158,71.76,54.69,V012,1,
2026-07-04_Mark-Liversedge_Wrist_01__swing_0004,373,2498880,48.250,0.3400,6.0,0.6888,0.0342,41.01,28.25,V012,0,ncc|margin|resp|r0
2026-07-04_Mark-Liversedge_Wrist_01__swing_0004,374,2505517,53.500,0.3900,108.0,0.7560,0.4785,71.86,54.33,V012,1,
2026-07-04_Mark-Liversedge_Wrist_01__swing_0004,375,2512178,53.500,0.3925,114.0,0.7619,0.4693,66.88,50.96,V012,1,
2026-07-04_Mark-Liversedge_Wrist_01__swing_0004,376,2518878,53.250,0.3950,113.0,0.7611,0.3547,67.86,51.65,V012,1,
2026-07-04_Mark-Liversedge_Wrist_01__swing_0004,377,2525517,54.000,0.3950,113.0,0.8006,0.3745,63.42,50.77,V012,1,
2026-07-04_Mark-Liversedge_Wrist_01__swing_0004,378,2532350,53.500,0.3950,108.0,0.7704,0.5206,69.84,53.81,V012,1,
2026-07-04_Mark-Liversedge_Wrist_01__swing_0004,379,2539013,53.750,0.3975,110.0,0.7485,0.4659,68.39,51.19,V012,1,
2026-07-04_Mark-Liversedge_Wrist_01__swing_0004,380,2545694,53.750,0.3975,101.0,0.7172,0.2159,63.04,45.21,V012,1,
2026-07-04_Mark-Liversedge_Wrist_01__swing_0004,381,2552546,53.750,0.4000,106.0,0.7294,0.3194,66.99,48.86,V012,1,
2026-07-04_Mark-Liversedge_Wrist_01__swing_0004,382,2559028,53.750,0.4025,120.0,0.7442,0.2490,61.48,45.76,V012,1,
2026-07-04_Mark-Liversedge_Wrist_01__swing_0004,383,2565880,54.250,0.4025,110.0,0.7600,0.3584,64.35,48.91,V012,1,
2026-07-04_Mark-Liversedge_Wrist_01__swing_0004,384,2572449,54.000,0.4075,120.0,0.7463,0.3914,63.63,47.49,V012,1,
2026-07-04_Mark-Liversedge_Wrist_01__swing_0004,385,2579172,234.500,0.3950,179.0,0.7314,-0.3196,49.78,36.41,V012,0,margin|resp
2026-07-04_Mark-Liversedge_Wrist_01__swing_0004,386,2585838,234.500,0.4000,180.0,0.7351,0.0156,49.27,36.21,V012,0,margin|resp
2026-07-04_Mark-Liversedge_Wrist_01__swing_0004,387,2592574,54.250,0.4125,136.0,0.7696,0.1954,52.95,40.75,V012,1,
2026-07-04_Mark-Liversedge_Wrist_01__swing_0004,388,2599237,55.750,0.4150,137.0,0.8002,0.3233,56.01,44.82,V012,1,
2026-07-04_Mark-Liversedge_Wrist_01__swing_0004,389,2605990,55.000,0.4200,140.0,0.7627,0.2878,56.34,42.97,V012,1,
2026-07-04_Mark-Liversedge_Wrist_01__swing_0004,390,2612690,55.250,0.4200,139.0,0.7626,0.1437,48.70,37.14,V012,0,resp
2026-07-04_Mark-Liversedge_Wrist_01__swing_0004,391,2619418,57.000,0.4225,139.0,0.8373,0.1374,47.75,39.98,V012,0,resp
2026-07-04_Mark-Liversedge_Wrist_01__swing_0004,392,2626067,57.500,0.4275,142.0,0.8217,0.1977,52.21,42.90,V012,1,
2026-07-04_Mark-Liversedge_Wrist_01__swing_0004,393,2632948,226.500,0.3825,82.0,0.6740,0.0536,49.15,33.13,V012,0,ncc|margin|resp
2026-07-04_Mark-Liversedge_Wrist_01__swing_0004,394,2639562,225.500,0.4550,114.0,0.7047,0.1204,47.68,33.60,V012,0,resp
2026-07-04_Mark-Liversedge_Wrist_01__swing_0004,395,2646210,140.250,0.3200,156.0,0.6371,-0.2795,49.42,31.48,V012,0,ncc|margin|resp
2026-07-04_Mark-Liversedge_Wrist_01__swing_0004,396,2652817,140.250,0.3250,165.0,0.6444,-0.2366,47.63,30.69,V012,0,ncc|margin|resp
2026-07-04_Mark-Liversedge_Wrist_01__swing_0004,397,2659508,140.250,0.3250,162.0,0.6249,-0.0764,46.99,29.36,V012,0,ncc|margin|resp
2026-07-04_Mark-Liversedge_Wrist_01__swing_0004,398,2666209,140.250,0.3275,166.0,0.6437,0.0203,45.78,29.47,V012,0,ncc|margin|resp
2026-07-04_Mark-Liversedge_Wrist_01__swing_0004,399,2672931,57.250,0.4675,196.0,0.7194,0.1581,48.79,35.10,V012,0,resp
2026-07-04_Mark-Liversedge_Wrist_01__swing_0004,400,2679722,194.250,0.4125,217.0,0.6200,0.0631,56.91,35.28,V012,0,ncc|margin|resp
2026-07-04_Mark-Liversedge_Wrist_01__swing_0004,401,2686367,194.500,0.4100,212.0,0.6370,0.0139,55.94,35.63,V012,0,ncc|margin|resp
2026-07-04_Mark-Liversedge_Wrist_01__swing_0004,402,2693115,244.250,0.4550,224.0,0.6550,0.1979,51.38,33.65,V012,0,ncc|resp
2026-07-04_Mark-Liversedge_Wrist_01__swing_0004,403,2699942,224.500,0.4500,121.0,0.6926,0.0063,47.02,32.57,V012,0,ncc|margin|resp
2026-07-04_Mark-Liversedge_Wrist_01__swing_0004,404,2706414,224.500,0.4475,118.0,0.6957,0.1105,48.74,33.91,V012,0,ncc|margin|resp
2026-07-04_Mark-Liversedge_Wrist_01__swing_0004,405,2713182,140.250,0.1975,55.0,0.6690,0.1274,43.58,29.15,V012,0,ncc|resp|r0
2026-07-04_Mark-Liversedge_Wrist_01__swing_0004,406,2719932,197.000,0.3475,207.0,0.6238,0.1102,53.04,33.09,V012,0,ncc|margin|resp
2026-07-04_Mark-Liversedge_Wrist_01__swing_0004,407,2726662,207.750,0.4250,260.0,0.6785,0.1281,47.99,32.56,V012,0,ncc|resp
2026-07-04_Mark-Liversedge_Wrist_01__swing_0004,408,2733228,208.000,0.4200,259.0,0.6780,0.1109,44.66,30.28,V012,0,ncc|margin|resp
2026-07-04_Mark-Liversedge_Wrist_01__swing_0004,409,2739970,200.750,0.3850,245.0,0.6017,0.0015,53.24,32.04,V012,0,ncc|margin|resp
2026-07-04_Mark-Liversedge_Wrist_01__swing_0004,410,2746747,200.500,0.3775,236.0,0.6038,-0.1089,52.10,31.46,V012,0,ncc|margin|resp
2026-07-04_Mark-Liversedge_Wrist_01__swing_0004,411,2753364,133.750,0.2950,149.0,0.6025,0.0351,57.64,34.73,V012,0,ncc|margin|resp
2026-07-04_Mark-Liversedge_Wrist_01__swing_0004,412,2760002,142.500,0.3500,255.0,0.6617,0.0607,53.59,35.46,V012,0,ncc|margin|resp
2026-07-04_Mark-Liversedge_Wrist_01__swing_0004,413,2766766,133.500,0.2975,148.0,0.6247,0.1881,56.63,35.38,V012,0,ncc|resp
2026-07-04_Mark-Liversedge_Wrist_01__swing_0004,414,2773407,132.250,0.3000,150.0,0.6315,0.0405,55.60,35.11,V012,0,ncc|margin|resp
2026-07-04_Mark-Liversedge_Wrist_01__swing_0004,415,2780148,233.000,0.4025,158.0,0.6465,0.1947,58.87,38.06,V012,0,ncc|resp
2026-07-04_Mark-Liversedge_Wrist_01__swing_0004,416,2786838,239.000,0.4600,242.0,0.6558,0.0143,50.05,32.83,V012,0,ncc|margin|resp
2026-07-04_Mark-Liversedge_Wrist_01__swing_0004,417,2793550,235.500,0.3800,136.0,0.6219,0.1860,51.69,32.15,V012,0,ncc|resp
2026-07-04_Mark-Liversedge_Wrist_01__swing_0004,418,2800256,233.250,0.3600,102.0,0.6379,0.0621,51.73,33.00,V012,0,ncc|margin|resp
2026-07-04_Mark-Liversedge_Wrist_01__swing_0004,419,2806895,232.250,0.3450,93.0,0.6435,0.0183,52.67,33.90,V012,0,ncc|margin|resp
2026-07-04_Mark-Liversedge_Wrist_01__swing_0004,420,2813645,147.000,0.2000,33.0,0.7380,0.0855,42.20,31.15,V012,0,margin|resp|r0
2026-07-04_Mark-Liversedge_Wrist_01__swing_0004,421,2820424,146.250,0.2000,26.0,0.7552,0.2235,46.25,34.93,V012,0,resp|r0
2026-07-04_Mark-Liversedge_Wrist_01__swing_0004,422,2827067,141.000,0.2125,41.0,0.7320,0.1749,49.16,35.98,V012,0,resp|r0
2026-07-04_Mark-Liversedge_Wrist_01__swing_0004,423,2833736,147.250,0.2025,27.0,0.7934,0.2148,49.28,39.10,V012,0,resp|r0
2026-07-04_Mark-Liversedge_Wrist_01__swing_0004,424,2840354,146.500,0.2000,11.0,0.7397,0.2140,55.51,41.06,V012,0,r0
2026-07-04_Mark-Liversedge_Wrist_01__swing_0004,425,2847232,133.750,0.2400,62.0,0.7135,0.1654,53.16,37.93,V012,0,resp
2026-07-04_Mark-Liversedge_Wrist_01__swing_0004,426,2853772,227.250,0.3075,165.0,0.6757,-0.2263,52.41,35.42,V012,0,ncc|margin|resp
2026-07-04_Mark-Liversedge_Wrist_01__swing_0004,427,2860506,96.000,0.1850,220.0,0.7073,0.1574,53.93,38.14,V012,0,resp
2026-07-04_Mark-Liversedge_Wrist_01__swing_0004,428,2867176,228.250,0.2650,138.0,0.7218,0.2582,61.48,44.37,V012,0,
2026-07-04_Mark-Liversedge_Wrist_01__swing_0004,429,2873873,233.500,0.2725,181.0,0.6609,0.0197,60.53,40.01,V012,0,ncc|margin
2026-07-04_Mark-Liversedge_Wrist_01__swing_0004,430,2880605,85.750,0.2150,210.0,0.7323,0.1068,52.72,38.61,V012,0,margin|resp
2026-07-04_Mark-Liversedge_Wrist_01__swing_0004,431,2887408,85.750,0.2150,168.0,0.6855,0.1193,50.35,34.51,V012,0,ncc|margin|resp
2026-07-04_Mark-Liversedge_Wrist_01__swing_0004,432,2893976,86.750,0.2450,250.0,0.7096,0.3256,50.71,35.98,V012,0,resp
2026-07-04_Mark-Liversedge_Wrist_01__swing_0004,433,2900746,88.500,0.2050,38.0,0.6766,0.1585,51.68,34.97,V012,0,ncc|resp|r0
2026-07-04_Mark-Liversedge_Wrist_01__swing_0004,434,2907370,84.000,0.2150,84.0,0.6965,0.2801,51.51,35.88,V012,0,ncc|resp
2026-07-04_Mark-Liversedge_Wrist_01__swing_0004,435,2914071,83.000,0.2175,23.0,0.7068,0.2532,51.15,36.15,V012,0,resp|r0
2026-07-04_Mark-Liversedge_Wrist_01__swing_0004,436,2920747,84.250,0.2200,14.0,0.6520,0.0907,50.34,32.82,V012,0,ncc|margin|resp|r0
2026-07-04_Mark-Liversedge_Wrist_01__swing_0004,437,2927518,104.000,0.3650,260.0,0.6370,0.0610,53.73,34.22,V012,0,ncc|margin|resp
2026-07-04_Mark-Liversedge_Wrist_01__swing_0004,438,2934264,107.000,0.3625,239.0,0.7163,0.2578,50.23,35.98,V012,0,resp
2026-07-04_Mark-Liversedge_Wrist_01__swing_0004,439,2940849,108.000,0.3625,214.0,0.7295,0.1253,49.38,36.02,V012,0,resp
2026-07-04_Mark-Liversedge_Wrist_01__swing_0004,440,2947679,69.500,0.3600,159.0,0.6524,0.0929,50.66,33.06,V012,0,ncc|margin|resp
2026-07-04_Mark-Liversedge_Wrist_01__swing_0004,441,2954290,69.250,0.3675,258.0,0.6336,0.2583,54.04,34.24,V012,0,ncc|resp
2026-07-04_Mark-Liversedge_Wrist_01__swing_0004,442,2961070,68.500,0.3750,208.0,0.6100,-0.0984,54.75,33.39,V012,0,ncc|margin|resp
2026-07-04_Mark-Liversedge_Wrist_01__swing_0004,443,2967822,90.000,0.2625,210.0,0.6812,0.2541,57.84,39.40,V012,0,ncc|resp
2026-07-04_Mark-Liversedge_Wrist_01__swing_0004,444,2974452,88.250,0.3675,237.0,0.6932,0.2936,50.08,34.72,V012,0,ncc|resp
2026-07-04_Mark-Liversedge_Wrist_01__swing_0004,445,2981142,89.250,0.3725,238.0,0.7190,0.1998,50.51,36.31,V012,0,resp
2026-07-04_Mark-Liversedge_Wrist_01__swing_0004,446,2987733,80.750,0.3950,208.0,0.6412,0.1320,52.41,33.61,V012,0,ncc|resp
2026-07-04_Mark-Liversedge_Wrist_01__swing_0004,447,2994574,72.250,0.4300,208.0,0.6419,0.0964,56.23,36.09,V012,0,ncc|margin|resp
2026-07-04_Mark-Liversedge_Wrist_01__swing_0004,448,3001229,81.250,0.3950,151.0,0.7209,0.2368,57.22,41.25,V012,0,
2026-07-04_Mark-Liversedge_Wrist_01__swing_0004,449,3007829,81.500,0.3950,146.0,0.7072,0.1342,57.17,40.43,V012,0,
2026-07-04_Mark-Liversedge_Wrist_01__swing_0004,450,3014604,104.750,0.2975,151.0,0.6827,0.0856,59.94,40.92,V012,0,ncc|margin
2026-07-04_Mark-Liversedge_Wrist_01__swing_0004,451,3021276,1.250,0.3000,228.0,0.6432,0.0089,53.35,34.32,V012,0,ncc|margin|resp
2026-07-04_Mark-Liversedge_Wrist_01__swing_0004,452,3028094,89.500,0.4800,68.0,0.6826,0.2409,51.88,35.42,V012,0,ncc|resp
2026-07-04_Mark-Liversedge_Wrist_01__swing_0004,453,3034861,90.000,0.4475,54.0,0.7468,0.3975,51.12,38.17,V012,0,resp|r0
2026-07-04_Mark-Liversedge_Wrist_01__swing_0004,454,3041375,90.500,0.4475,45.0,0.6978,0.2171,53.48,37.32,V012,0,ncc|resp|r0
2026-07-04_Mark-Liversedge_Wrist_01__swing_0004,455,3048215,90.500,0.4550,44.0,0.6758,-0.1350,50.35,34.03,V012,0,ncc|margin|resp|r0
2026-07-04_Mark-Liversedge_Wrist_01__swing_0004,456,3054826,71.250,0.4475,0.0,0.6186,0.0603,61.53,38.06,V012,0,ncc|margin|resp|r0
2026-07-04_Mark-Liversedge_Wrist_01__swing_0004,457,3061452,87.000,0.4575,1.0,0.6822,0.0501,51.93,35.42,V012,0,ncc|margin|resp|r0
2026-07-04_Mark-Liversedge_Wrist_01__swing_0004,458,3068139,84.500,0.4800,5.0,0.7033,0.3454,54.10,38.05,V012,0,resp|r0
2026-07-04_Mark-Liversedge_Wrist_01__swing_0004,459,3074929,90.000,0.4800,160.0,0.6999,0.2814,57.24,40.07,V012,0,ncc
2026-07-04_Mark-Liversedge_Wrist_01__swing_0004,460,3081518,84.250,0.4800,5.0,0.6580,0.2580,55.66,36.62,V012,0,ncc|resp|r0
2026-07-04_Mark-Liversedge_Wrist_01__swing_0004,461,3088177,84.750,0.4800,5.0,0.6473,0.2650,55.53,35.94,V012,0,ncc|resp|r0
2026-07-04_Mark-Liversedge_Wrist_01__swing_0004,462,3095144,87.750,0.4775,18.0,0.6474,0.0489,50.16,32.47,V012,0,ncc|margin|resp|r0
2026-07-04_Mark-Liversedge_Wrist_01__swing_0004,463,3101632,104.500,0.3175,237.0,0.6530,0.0591,53.58,34.99,V012,0,ncc|margin|resp
2026-07-04_Mark-Liversedge_Wrist_01__swing_0004,464,3108315,98.250,0.3075,233.0,0.6049,0.2160,57.95,35.06,V012,0,ncc|resp
2026-07-04_Mark-Liversedge_Wrist_01__swing_0004,465,3115082,105.750,0.3175,244.0,0.6381,0.1199,52.39,33.43,V012,0,ncc|margin|resp
2026-07-04_Mark-Liversedge_Wrist_01__swing_0004,466,3121686,104.500,0.2050,48.0,0.6335,0.1190,49.07,31.09,V012,0,ncc|margin|resp|r0
2026-07-04_Mark-Liversedge_Wrist_01__swing_0004,467,3128477,105.250,0.3325,251.0,0.6340,0.1293,51.10,32.40,V012,0,ncc|resp
2026-07-04_Mark-Liversedge_Wrist_01__swing_0004,468,3135172,105.750,0.3325,245.0,0.6395,0.1206,51.08,32.67,V012,0,ncc|resp
2026-07-04_Mark-Liversedge_Wrist_01__swing_0004,469,3141841,96.250,0.3750,218.0,0.6677,-0.1404,45.01,30.05,V012,0,ncc|margin|resp
2026-07-04_Mark-Liversedge_Wrist_01__swing_0004,470,3148641,107.250,0.3400,246.0,0.6319,0.0436,49.11,31.03,V012,0,ncc|margin|resp
2026-07-04_Mark-Liversedge_Wrist_01__swing_0004,471,3155216,107.250,0.2200,61.0,0.6745,0.1686,50.99,34.39,V012,0,ncc|resp
2026-07-04_Mark-Liversedge_Wrist_01__swing_0004,472,3161959,98.250,0.3800,223.0,0.6814,0.0421,49.17,33.50,V012,0,ncc|margin|resp
2026-07-04_Mark-Liversedge_Wrist_01__swing_0004,473,3168746,98.250,0.3850,229.0,0.6934,0.1619,50.47,34.99,V012,0,ncc|resp
2026-07-04_Mark-Liversedge_Wrist_01__swing_0004,474,3175326,99.500,0.3825,236.0,0.6970,0.2209,52.66,36.70,V012,0,ncc|resp
2026-07-04_Mark-Liversedge_Wrist_01__swing_0004,475,3182004,106.000,0.2200,79.0,0.6788,0.1042,50.25,34.10,V012,0,ncc|margin|resp
2026-07-04_Mark-Liversedge_Wrist_01__swing_0004,476,3188725,107.750,0.2250,92.0,0.6671,0.1592,50.83,33.91,V012,0,ncc|resp
2026-07-04_Mark-Liversedge_Wrist_01__swing_0004,477,3195569,104.750,0.2200,70.0,0.6504,0.0196,47.50,30.90,V012,0,ncc|margin|resp
2026-07-04_Mark-Liversedge_Wrist_01__swing_0004,478,3202133,108.500,0.2325,95.0,0.6077,-0.0670,49.72,30.21,V012,0,ncc|margin|resp
2026-07-04_Mark-Liversedge_Wrist_01__swing_0004,479,3208810,107.500,0.2275,76.0,0.6385,0.1205,51.11,32.63,V012,0,ncc|resp
2026-07-04_Mark-Liversedge_Wrist_01__swing_0004,480,3218971,111.500,0.2350,88.0,0.6399,0.2638,53.98,34.54,V012,0,ncc|resp
2026-07-04_Mark-Liversedge_Wrist_01__swing_0004,481,3222255,111.000,0.2350,96.0,0.6249,0.2565,53.29,33.30,V012,0,ncc|resp
2026-07-04_Mark-Liversedge_Wrist_01__swing_0004,482,3228949,109.750,0.2350,96.0,0.6290,0.2443,49.77,31.30,V012,0,ncc|resp
2026-07-04_Mark-Liversedge_Wrist_01__swing_0004,483,3235728,109.250,0.2350,96.0,0.6243,0.2135,50.03,31.23,V012,0,ncc|resp
2026-07-04_Mark-Liversedge_Wrist_01__swing_0004,484,3242310,109.250,0.2350,100.0,0.6220,0.2262,51.94,32.31,V012,0,ncc|resp
2026-07-04_Mark-Liversedge_Wrist_01__swing_0004,485,3249099,109.750,0.2350,96.0,0.6359,0.2918,54.11,34.40,V012,0,ncc|resp
2026-07-04_Mark-Liversedge_Wrist_01__swing_0004,486,3255669,113.500,0.2450,113.0,0.6442,0.3285,53.90,34.72,V012,0,ncc|resp
2026-07-04_Mark-Liversedge_Wrist_01__swing_0004,487,3262485,111.000,0.2400,114.0,0.6099,0.3068,52.70,32.14,V012,0,ncc|resp
2026-07-04_Mark-Liversedge_Wrist_01__swing_0004,488,3269202,109.000,0.2350,104.0,0.6276,0.3894,52.42,32.90,V012,0,ncc|resp
2026-07-04_Mark-Liversedge_Wrist_01__swing_0004,489,3275805,109.250,0.2350,113.0,0.6452,0.3739,50.95,32.87,V012,0,ncc|resp
2026-07-04_Mark-Liversedge_Wrist_01__swing_0004,490,3282438,110.250,0.2350,126.0,0.6683,0.4839,54.71,36.57,V012,0,ncc|resp
2026-07-04_Mark-Liversedge_Wrist_01__swing_0004,491,3289238,111.000,0.2350,134.0,0.6693,0.4955,54.31,36.35,V012,0,ncc|resp
2026-07-04_Mark-Liversedge_Wrist_01__swing_0004,492,3295913,111.750,0.2300,128.0,0.6584,0.3679,51.95,34.20,V012,0,ncc|resp
2026-07-04_Mark-Liversedge_Wrist_01__swing_0004,493,3302595,107.500,0.2200,97.0,0.6665,0.3657,48.67,32.44,V012,0,ncc|resp
2026-07-04_Mark-Liversedge_Wrist_01__swing_0004,494,3309320,107.750,0.2150,120.0,0.6702,0.4192,48.92,32.78,V012,0,ncc|resp
2026-07-04_Mark-Liversedge_Wrist_01__swing_0004,495,3316022,109.250,0.2125,137.0,0.6720,0.2866,47.36,31.83,V012,0,ncc|resp
2026-07-04_Mark-Liversedge_Wrist_01__swing_0004,496,3322701,103.750,0.3150,75.0,0.6082,0.4438,56.11,34.12,V012,0,ncc|resp
2026-07-04_Mark-Liversedge_Wrist_01__swing_0004,497,3329492,102.500,0.3125,83.0,0.6466,0.3846,56.26,36.37,V012,0,ncc|resp
2026-07-04_Mark-Liversedge_Wrist_01__swing_0004,498,3336040,103.000,0.3150,105.0,0.6536,0.2219,59.06,38.60,V012,0,ncc|resp
2026-07-04_Mark-Liversedge_Wrist_01__swing_0004,499,3342845,103.250,0.4325,219.0,0.6803,0.3896,54.13,36.82,V012,0,ncc|resp
2026-07-04_Mark-Liversedge_Wrist_01__swing_0004,500,3349580,105.500,0.4800,254.0,0.6897,0.2965,58.26,40.18,V012,0,ncc
2026-07-04_Mark-Liversedge_Wrist_01__swing_0004,501,3356145,103.750,0.2500,246.0,0.7069,0.4073,53.40,37.75,V012,0,resp
2026-07-04_Mark-Liversedge_Wrist_01__swing_0004,502,3362942,116.750,0.3025,205.0,0.6408,0.0546,56.14,35.97,V012,0,ncc|margin|resp
2026-07-04_Mark-Liversedge_Wrist_01__swing_0004,503,3369673,111.250,0.2800,244.0,0.6830,0.1268,63.15,43.13,V012,0,ncc
2026-07-04_Mark-Liversedge_Wrist_01__swing_0004,504,3376385,114.750,0.2350,150.0,0.6342,0.2340,63.13,40.04,V012,0,ncc
2026-07-04_Mark-Liversedge_Wrist_01__swing_0004,505,3382981,116.000,0.2000,164.0,0.7204,0.3232,56.89,40.98,V012,0,
2026-07-04_Mark-Liversedge_Wrist_01__swing_0004,506,3389646,111.000,0.4750,52.0,0.6385,0.1038,52.86,33.75,V012,0,ncc|margin|resp|r0
2026-07-04_Mark-Liversedge_Wrist_01__swing_0004,507,3396427,163.500,0.2600,232.0,0.6612,0.1099,58.38,38.60,V012,0,ncc|margin|resp
2026-07-04_Mark-Liversedge_Wrist_01__swing_0004,508,3403046,161.000,0.2750,193.0,0.7138,0.1977,59.49,42.47,V012,0,
2026-07-04_Mark-Liversedge_Wrist_01__swing_0004,509,3409756,111.750,0.4450,68.0,0.6587,0.0701,52.11,34.32,V012,0,ncc|margin|resp
2026-07-04_Mark-Liversedge_Wrist_01__swing_0004,510,3416540,228.250,0.2525,36.0,0.6645,0.0436,51.81,34.43,V012,0,ncc|margin|resp|r0
2026-07-04_Mark-Liversedge_Wrist_01__swing_0004,511,3423221,226.500,0.2800,4.0,0.6861,0.0364,50.92,34.93,V012,0,ncc|margin|resp|r0
2026-07-04_Mark-Liversedge_Wrist_01__swing_0004,512,3429984,235.250,0.3250,124.0,0.6456,0.0529,59.18,38.20,V012,0,ncc|margin|resp
2026-07-04_Mark-Liversedge_Wrist_01__swing_0004,513,3436526,177.500,0.3850,250.0,0.6174,0.0357,47.43,29.28,V012,0,ncc|margin|resp
2026-07-04_Mark-Liversedge_Wrist_01__swing_0004,514,3443273,235.750,0.3825,200.0,0.6366,0.0956,55.24,35.17,V012,0,ncc|margin|resp
2026-07-04_Mark-Liversedge_Wrist_01__swing_0004,515,3449948,235.500,0.4025,195.0,0.6285,0.1741,57.77,36.31,V012,0,ncc|resp
2026-07-04_Mark-Liversedge_Wrist_01__swing_0004,516,3456652,213.750,0.3500,119.0,0.6565,0.0829,54.08,35.50,V012,0,ncc|margin|resp
2026-07-04_Mark-Liversedge_Wrist_01__swing_0004,517,3463330,244.000,0.3600,127.0,0.6446,0.0670,55.68,35.89,V012,0,ncc|margin|resp
2026-07-04_Mark-Liversedge_Wrist_01__swing_0004,518,3470129,242.250,0.3925,175.0,0.7061,0.0713,52.49,37.06,V012,0,margin|resp
2026-07-04_Mark-Liversedge_Wrist_01__swing_0004,519,3476835,205.250,0.4725,241.0,0.6858,0.0759,50.65,34.74,V012,0,ncc|margin|resp
2026-07-04_Mark-Liversedge_Wrist_01__swing_0004,520,3483582,116.750,0.4275,161.0,0.6745,0.0669,53.63,36.18,V012,0,ncc|margin|resp
2026-07-04_Mark-Liversedge_Wrist_01__swing_0004,521,3490148,217.250,0.4350,42.0,0.6918,0.1052,53.82,37.24,V012,0,ncc|margin|resp|r0
2026-07-04_Mark-Liversedge_Wrist_01__swing_0004,522,3496955,216.250,0.4425,61.0,0.6844,0.1281,53.95,36.93,V012,0,ncc|resp
2026-07-04_Mark-Liversedge_Wrist_01__swing_0004,523,3503633,119.250,0.4275,169.0,0.6469,0.0201,51.69,33.44,V012,0,ncc|margin|resp
2026-07-04_Mark-Liversedge_Wrist_01__swing_0004,524,3510219,243.000,0.4025,238.0,0.6939,0.0492,52.38,36.35,V012,0,ncc|margin|resp
2026-07-04_Mark-Liversedge_Wrist_01__swing_0004,525,3517056,234.250,0.3700,38.0,0.7083,0.1758,49.28,34.90,V012,0,resp|r0
2026-07-04_Mark-Liversedge_Wrist_01__swing_0004,526,3523647,221.750,0.3550,111.0,0.7116,0.2367,58.14,41.37,V012,0,
2026-07-04_Mark-Liversedge_Wrist_01__swing_0004,527,3530372,221.250,0.4225,20.0,0.6505,0.1182,54.20,35.26,V012,0,ncc|margin|resp|r0
2026-07-04_Mark-Liversedge_Wrist_01__swing_0004,528,3537074,238.500,0.1800,156.0,0.5904,-0.1769,61.57,36.35,V012,0,ncc|margin|resp
2026-07-04_Mark-Liversedge_Wrist_01__swing_0004,529,3543717,226.500,0.3675,89.0,0.7017,0.1306,54.93,38.54,V012,0,resp
2026-07-04_Mark-Liversedge_Wrist_01__swing_0004,530,3550426,224.250,0.3800,146.0,0.7423,0.2285,61.05,45.32,V012,0,
2026-07-04_Mark-Liversedge_Wrist_01__swing_0004,531,3557114,239.250,0.2725,120.0,0.6404,-0.2579,68.65,43.96,V012,0,ncc|margin
2026-07-04_Mark-Liversedge_Wrist_01__swing_0004,532,3563873,234.250,0.2600,139.0,0.7247,0.1079,57.85,41.93,V012,0,margin
2026-07-04_Mark-Liversedge_Wrist_01__swing_0004,533,3570590,235.500,0.2600,170.0,0.7505,0.2030,65.69,49.30,V012,0,
2026-07-04_Mark-Liversedge_Wrist_01__swing_0004,534,3577269,91.750,0.3050,23.0,0.7551,0.0349,58.83,44.42,V012,0,margin|r0
2026-07-04_Mark-Liversedge_Wrist_01__swing_0004,535,3584002,95.750,0.2175,213.0,0.7870,-0.0122,56.14,44.18,V012,0,margin
2026-07-04_Mark-Liversedge_Wrist_01__swing_0004,536,3590618,95.750,0.2550,202.0,0.7343,0.1529,57.82,42.46,V012,0,
2026-07-04_Mark-Liversedge_Wrist_01__swing_0004,537,3597321,148.500,0.4050,221.0,0.6416,0.0090,49.22,31.58,V012,0,ncc|margin|resp
2026-07-04_Mark-Liversedge_Wrist_01__swing_0004,538,3604087,103.750,0.3750,96.0,0.7068,0.0278,48.24,34.10,V012,0,margin|resp
2026-07-04_Mark-Liversedge_Wrist_01__swing_0004,539,3610799,104.750,0.3725,75.0,0.6977,0.0620,47.77,33.33,V012,0,ncc|margin|resp
2026-07-04_Mark-Liversedge_Wrist_01__swing_0004,540,3617467,112.000,0.2550,25.0,0.6773,0.1536,51.39,34.81,V012,0,ncc|resp|r0
2026-07-04_Mark-Liversedge_Wrist_01__swing_0004,541,3624114,105.250,0.2425,0.0,0.7587,0.3157,53.78,40.80,V012,0,r0
2026-07-04_Mark-Liversedge_Wrist_01__swing_0004,542,3630814,104.250,0.2450,0.0,0.7360,0.1456,50.54,37.20,V012,0,resp|r0
2026-07-04_Mark-Liversedge_Wrist_01__swing_0004,543,3637631,84.750,0.3650,17.0,0.6755,0.0733,59.91,40.47,V012,0,ncc|margin|r0
2026-07-04_Mark-Liversedge_Wrist_01__swing_0004,544,3644297,85.750,0.3625,111.0,0.6744,0.2055,57.14,38.53,V012,0,ncc|resp
2026-07-04_Mark-Liversedge_Wrist_01__swing_0004,545,3650903,105.500,0.2450,8.0,0.7123,0.2956,44.08,31.40,V012,0,resp|r0
2026-07-04_Mark-Liversedge_Wrist_01__swing_0004,546,3657625,81.750,0.3450,68.0,0.7365,0.2232,48.14,35.46,V012,0,resp
2026-07-04_Mark-Liversedge_Wrist_01__swing_0004,547,3664419,75.500,0.3775,39.0,0.7303,0.1487,47.40,34.62,V012,0,resp|r0
2026-07-04_Mark-Liversedge_Wrist_01__swing_0004,548,3671054,55.250,0.2875,260.0,0.7402,0.2735,65.65,48.60,V012,0,
2026-07-04_Mark-Liversedge_Wrist_01__swing_0004,549,3677830,76.000,0.3725,105.0,0.7469,0.1246,44.21,33.02,V012,0,resp
2026-07-04_Mark-Liversedge_Wrist_01__swing_0004,550,3684434,75.750,0.3750,90.0,0.7270,0.1584,43.41,31.56,V012,0,resp
2026-07-04_Mark-Liversedge_Wrist_01__swing_0004,551,3691140,110.250,0.1900,144.0,0.6235,0.1457,70.81,44.15,V012,0,ncc
2026-07-04_Mark-Liversedge_Wrist_01__swing_0004,552,3697819,112.500,0.2225,254.0,0.6271,0.0796,49.56,31.08,V012,0,ncc|margin|resp
2026-07-04_Mark-Liversedge_Wrist_01__swing_0004,553,3704736,95.750,0.2375,256.0,0.7385,0.1784,42.58,31.44,V012,0,resp
2026-07-04_Mark-Liversedge_Wrist_01__swing_0004,554,3711301,92.750,0.2425,249.0,0.7317,0.2067,42.77,31.29,V012,0,resp
2026-07-04_Mark-Liversedge_Wrist_01__swing_0004,555,3717956,87.250,0.4225,259.0,0.6609,0.0638,46.75,30.90,V012,0,ncc|margin|resp
2026-07-04_Mark-Liversedge_Wrist_01__swing_0004,556,3724557,111.000,0.2275,226.0,0.5625,0.1780,71.70,40.33,V012,0,ncc
2026-07-04_Mark-Liversedge_Wrist_01__swing_0004,557,3731475,111.750,0.2450,236.0,0.6385,0.1312,53.27,34.01,V012,0,ncc|resp
2026-07-04_Mark-Liversedge_Wrist_01__swing_0004,558,3738135,114.250,0.2200,102.0,0.5777,0.0143,63.59,36.74,V012,0,ncc|margin|resp
2026-07-04_Mark-Liversedge_Wrist_01__swing_0004,559,3744753,81.000,0.4150,170.0,0.6807,0.1382,54.59,37.16,V012,0,ncc|resp
2026-07-04_Mark-Liversedge_Wrist_01__swing_0004,560,3751400,81.500,0.3625,117.0,0.6697,0.0073,52.40,35.09,V012,0,ncc|margin|resp
2026-07-04_Mark-Liversedge_Wrist_01__swing_0004,561,3758117,112.250,0.2425,178.0,0.6228,0.0912,70.22,43.73,V012,0,ncc|margin
2026-07-04_Mark-Liversedge_Wrist_01__swing_0004,562,3764803,114.500,0.2200,52.0,0.6383,0.0025,67.23,42.91,V012,0,ncc|margin|r0
2026-07-04_Mark-Liversedge_Wrist_01__swing_0004,563,3771582,111.500,0.2150,38.0,0.6359,0.0035,66.41,42.23,V012,0,ncc|margin|r0
2026-07-04_Mark-Liversedge_Wrist_01__swing_0004,564,3778253,75.250,0.3650,78.0,0.7787,0.3285,48.73,37.95,V012,0,resp
2026-07-04_Mark-Liversedge_Wrist_01__swing_0004,565,3784944,75.250,0.3625,51.0,0.7325,0.1753,46.84,34.31,V012,0,resp|r0
2026-07-04_Mark-Liversedge_Wrist_01__swing_0004,566,3791571,115.750,0.2600,158.0,0.7138,0.3708,52.78,37.67,V012,0,resp
2026-07-04_Mark-Liversedge_Wrist_01__swing_0004,567,3798367,114.750,0.2575,139.0,0.7228,0.4526,50.97,36.84,V012,0,resp
2026-07-04_Mark-Liversedge_Wrist_01__swing_0004,568,3804975,116.250,0.2650,148.0,0.6849,0.2951,51.43,35.23,V012,0,ncc|resp
2026-07-04_Mark-Liversedge_Wrist_01__swing_0004,569,3811655,117.250,0.2675,147.0,0.6845,0.1599,40.68,27.84,V012,0,ncc|resp
2026-07-04_Mark-Liversedge_Wrist_01__swing_0004,570,3818373,115.000,0.2350,76.0,0.6348,0.3178,49.11,31.18,V012,0,ncc|resp
2026-07-04_Mark-Liversedge_Wrist_01__swing_0004,571,3825175,116.250,0.2350,72.0,0.6543,0.3886,55.12,36.06,V012,0,ncc|resp
2026-07-04_Mark-Liversedge_Wrist_01__swing_0004,572,3831746,115.250,0.2350,52.0,0.6777,0.4727,57.15,38.73,V012,0,ncc|resp|r0
2026-07-04_Mark-Liversedge_Wrist_01__swing_0004,573,3838635,118.500,0.2450,70.0,0.6825,0.4302,56.05,38.26,V012,0,ncc|resp
2026-07-04_Mark-Liversedge_Wrist_01__swing_0004,574,3845350,117.250,0.2450,74.0,0.7074,0.3940,47.83,33.84,V012,0,resp
2026-07-04_Mark-Liversedge_Wrist_01__swing_0004,575,3852053,117.000,0.2450,66.0,0.7238,0.3897,47.29,34.23,V012,0,resp
2026-07-04_Mark-Liversedge_Wrist_01__swing_0004,576,3858583,116.250,0.2450,62.0,0.7281,0.4583,54.16,39.43,V012,0,resp
2026-07-04_Mark-Liversedge_Wrist_01__swing_0004,577,3865340,119.500,0.2550,74.0,0.7302,0.4712,54.40,39.72,V012,0,resp
2026-07-04_Mark-Liversedge_Wrist_01__swing_0004,578,3871951,115.250,0.2450,50.0,0.7353,0.5115,52.73,38.77,V012,0,resp|r0
2026-07-04_Mark-Liversedge_Wrist_01__swing_0004,579,3878804,119.000,0.2550,70.0,0.7404,0.4540,46.33,34.30,V012,0,resp
2026-07-04_Mark-Liversedge_Wrist_01__swing_0004,580,3885375,118.750,0.2550,66.0,0.7335,0.4132,44.67,32.77,V012,0,resp
2026-07-04_Mark-Liversedge_Wrist_01__swing_0004,581,3892054,109.750,0.2350,5.0,0.7139,0.5059,55.06,39.31,V012,0,resp|r0
2026-07-04_Mark-Liversedge_Wrist_01__swing_0004,582,3898817,111.250,0.2375,0.0,0.7240,0.4175,54.77,39.65,V012,0,resp|r0
2026-07-04_Mark-Liversedge_Wrist_01__swing_0004,583,3905419,109.750,0.2375,6.0,0.7199,0.4501,55.15,39.70,V012,0,resp|r0
2026-07-04_Mark-Liversedge_Wrist_01__swing_0004,584,3912126,110.750,0.2375,7.0,0.7197,0.3926,48.74,35.08,V012,0,resp|r0
2026-07-04_Mark-Liversedge_Wrist_01__swing_0004,585,3918880,112.500,0.2425,26.0,0.7313,0.4096,46.10,33.71,V012,0,resp|r0
2026-07-04_Mark-Liversedge_Wrist_01__swing_0004,586,3925636,110.250,0.2375,14.0,0.7072,0.4574,51.48,36.41,V012,0,resp|r0
2026-07-04_Mark-Liversedge_Wrist_01__swing_0004,587,3932333,109.000,0.2350,5.0,0.7353,0.3107,48.92,35.97,V012,0,resp|r0
2026-07-04_Mark-Liversedge_Wrist_01__swing_0004,588,3938999,55.000,0.2700,30.0,0.5877,0.1784,50.12,29.45,V012,0,ncc|resp|r0
2026-07-04_Mark-Liversedge_Wrist_01__swing_0004,589,3945714,113.000,0.2450,58.0,0.7120,0.3371,42.38,30.17,V012,0,resp|r0
2026-07-04_Mark-Liversedge_Wrist_01__swing_0004,590,3952401,113.250,0.2450,54.0,0.6885,0.2587,41.66,28.69,V012,0,ncc|resp|r0
2026-07-04_Mark-Liversedge_Wrist_01__swing_0004,591,3959024,114.250,0.2450,70.0,0.6723,0.2756,43.51,29.26,V012,0,ncc|resp
2026-07-04_Mark-Liversedge_Wrist_01__swing_0004,592,3965890,120.250,0.2650,152.0,0.6672,0.1222,48.41,32.30,V012,0,ncc|resp
2026-07-04_Mark-Liversedge_Wrist_01__swing_0004,593,3972415,119.750,0.2550,129.0,0.6730,0.0542,46.66,31.41,V012,0,ncc|margin|resp
2026-07-04_Mark-Liversedge_Wrist_01__swing_0004,594,3979197,113.750,0.2475,126.0,0.6571,0.2083,42.05,27.63,V012,0,ncc|resp
2026-07-04_Mark-Liversedge_Wrist_01__swing_0004,595,3985961,59.250,0.3225,229.0,0.6604,0.0571,45.35,29.95,V012,0,ncc|margin|resp
2026-07-04_Mark-Liversedge_Wrist_01__swing_0004,596,3992584,111.000,0.2400,112.0,0.6519,0.0760,41.10,26.79,V012,0,ncc|margin|resp
2026-07-04_Mark-Liversedge_Wrist_01__swing_0004,597,3999235,111.250,0.2400,112.0,0.6487,0.2048,48.44,31.42,V012,0,ncc|resp
2026-07-04_Mark-Liversedge_Wrist_01__swing_0004,598,4005929,113.000,0.2425,125.0,0.6575,0.3039,48.62,31.97,V012,0,ncc|resp
2026-07-04_Mark-Liversedge_Wrist_01__swing_0004,599,4012666,112.250,0.2450,148.0,0.6728,0.2383,41.76,28.10,V012,0,ncc|resp
2026-07-04_Mark-Liversedge_Wrist_01__swing_0004,600,4019334,120.250,0.2700,208.0,0.6804,0.1811,41.75,28.41,V012,0,ncc|resp
2026-07-04_Mark-Liversedge_Wrist_01__swing_0004,601,4025986,120.750,0.2775,217.0,0.6801,0.1945,42.29,28.76,V012,0,ncc|resp
2026-07-04_Mark-Liversedge_Wrist_01__swing_0004,602,4032808,113.250,0.2450,148.0,0.6724,0.3168,47.60,32.01,V012,0,ncc|resp
2026-07-04_Mark-Liversedge_Wrist_01__swing_0004,603,4039464,114.500,0.2525,166.0,0.6762,0.2780,48.87,33.04,V012,0,ncc|resp
2026-07-04_Mark-Liversedge_Wrist_01__swing_0004,604,4046149,122.750,0.2950,250.0,0.6781,0.0974,46.25,31.36,V012,0,ncc|margin|resp
2026-07-04_Mark-Liversedge_Wrist_01__swing_0004,605,4052814,120.000,0.2775,235.0,0.6619,0.2422,48.90,32.37,V012,0,ncc|resp
2026-07-04_Mark-Liversedge_Wrist_01__swing_0004,606,4059511,120.000,0.2750,230.0,0.6938,0.3678,47.33,32.84,V012,0,ncc|resp
2026-07-04_Mark-Liversedge_Wrist_01__swing_0004,607,4066277,118.500,0.2675,225.0,0.6851,0.3233,54.21,37.14,V012,0,ncc|resp
2026-07-04_Mark-Liversedge_Wrist_01__swing_0004,608,4072985,123.750,0.2875,250.0,0.7135,0.2681,49.08,35.02,V012,0,resp
2026-07-04_Mark-Liversedge_Wrist_01__swing_0004,609,4079896,118.750,0.2650,235.0,0.6958,0.1986,48.31,33.61,V012,0,ncc|resp
2026-07-04_Mark-Liversedge_Wrist_01__swing_0004,610,4086290,123.500,0.2825,232.0,0.6927,0.1956,41.97,29.07,V012,0,ncc|resp
2026-07-04_Mark-Liversedge_Wrist_01__swing_0004,611,4093010,113.500,0.2450,189.0,0.6633,0.2207,41.78,27.71,V012,0,ncc|resp
2026-07-04_Mark-Liversedge_Wrist_01__swing_0004,612,4099867,113.500,0.2450,164.0,0.6721,0.1004,47.61,32.00,V012,0,ncc|margin|resp
2026-07-04_Mark-Liversedge_Wrist_01__swing_0004,613,4106383,113.250,0.2525,213.0,0.6771,0.2061,47.63,32.25,V012,0,ncc|resp
2026-07-04_Mark-Liversedge_Wrist_01__swing_0004,614,4113191,114.250,0.2500,204.0,0.6655,0.2510,46.89,31.21,V012,0,ncc|resp
2026-07-04_Mark-Liversedge_Wrist_01__swing_0004,615,4119951,119.250,0.2900,32.0,0.7206,0.2599,36.92,26.61,V012,0,resp|r0
2026-07-04_Mark-Liversedge_Wrist_01__swing_0004,616,4126646,111.750,0.2475,203.0,0.6652,0.1976,42.61,28.35,V012,0,ncc|resp
2026-07-04_Mark-Liversedge_Wrist_01__swing_0004,617,4133260,116.750,0.2650,231.0,0.6514,0.3541,46.95,30.58,V012,0,ncc|resp
2026-07-04_Mark-Liversedge_Wrist_01__swing_0004,618,4139992,115.750,0.2500,172.0,0.6688,0.3089,46.55,31.13,V012,0,ncc|resp
2026-07-04_Mark-Liversedge_Wrist_01__swing_0004,619,4146631,114.000,0.2450,168.0,0.6602,0.2931,47.38,31.28,V012,0,ncc|resp
2026-07-04_Mark-Liversedge_Wrist_01__swing_0004,620,4153371,117.750,0.2700,238.0,0.6474,0.1553,42.30,27.38,V012,0,ncc|resp
2026-07-04_Mark-Liversedge_Wrist_01__swing_0004,621,4160021,121.000,0.2750,254.0,0.6659,0.2934,39.54,26.33,V012,0,ncc|resp
2026-07-04_Mark-Liversedge_Wrist_01__swing_0004,622,4166732,106.500,0.4525,135.0,0.6507,0.2362,34.06,22.16,V012,0,ncc|resp
2026-07-04_Mark-Liversedge_Wrist_01__swing_0004,623,4173387,106.750,0.4525,135.0,0.6507,0.2405,34.80,22.64,V012,0,ncc|resp
2026-07-04_Mark-Liversedge_Wrist_01__swing_0005,200,1345897,41.750,0.4025,131.0,0.7485,0.3376,56.76,42.49,V012,1,
2026-07-04_Mark-Liversedge_Wrist_01__swing_0005,201,1352529,42.500,0.4050,129.0,0.8352,0.2690,46.22,38.61,V012,0,resp
2026-07-04_Mark-Liversedge_Wrist_01__swing_0005,202,1359128,43.000,0.4025,126.0,0.8609,0.3611,46.57,40.09,V012,1,
2026-07-04_Mark-Liversedge_Wrist_01__swing_0005,203,1365885,43.000,0.4025,126.0,0.8175,0.3441,54.09,44.22,V012,1,
2026-07-04_Mark-Liversedge_Wrist_01__swing_0005,204,1372527,43.250,0.4025,126.0,0.8092,0.3716,53.93,43.64,V012,1,
2026-07-04_Mark-Liversedge_Wrist_01__swing_0005,205,1379408,43.750,0.4025,130.0,0.8218,0.3048,53.06,43.60,V012,1,
2026-07-04_Mark-Liversedge_Wrist_01__swing_0005,206,1385931,44.250,0.4025,131.0,0.8498,0.3480,47.21,40.12,V012,1,
2026-07-04_Mark-Liversedge_Wrist_01__swing_0005,207,1392614,44.500,0.4000,124.0,0.8318,0.3788,49.00,40.75,V012,1,
2026-07-04_Mark-Liversedge_Wrist_01__swing_0005,208,1399423,44.500,0.4025,130.0,0.7921,0.2815,54.60,43.25,V012,1,
2026-07-04_Mark-Liversedge_Wrist_01__swing_0005,209,1406035,45.000,0.4025,130.0,0.7842,0.2763,54.98,43.11,V012,1,
2026-07-04_Mark-Liversedge_Wrist_01__swing_0005,210,1412877,45.250,0.4025,130.0,0.7663,0.2476,53.65,41.12,V012,1,
2026-07-04_Mark-Liversedge_Wrist_01__swing_0005,211,1419453,45.750,0.4000,116.0,0.7891,0.1148,47.10,37.17,V012,0,margin|resp
2026-07-04_Mark-Liversedge_Wrist_01__swing_0005,212,1426261,46.000,0.4000,124.0,0.7353,0.1443,50.04,36.80,V012,0,resp
2026-07-04_Mark-Liversedge_Wrist_01__swing_0005,213,1432895,46.250,0.4025,130.0,0.7080,0.1531,54.74,38.76,V012,0,resp
2026-07-04_Mark-Liversedge_Wrist_01__swing_0005,214,1439536,199.250,0.3800,250.0,0.6710,-0.1845,57.01,38.25,V012,0,ncc|margin|resp
2026-07-04_Mark-Liversedge_Wrist_01__swing_0005,215,1446377,47.000,0.4000,128.0,0.7175,0.2362,56.18,40.30,V012,0,
2026-07-04_Mark-Liversedge_Wrist_01__swing_0005,216,1452987,47.750,0.4000,114.0,0.7534,0.1487,50.06,37.71,V012,0,resp
2026-07-04_Mark-Liversedge_Wrist_01__swing_0005,217,1459666,48.000,0.4000,116.0,0.7403,0.3866,54.08,40.04,V012,0,
2026-07-04_Mark-Liversedge_Wrist_01__swing_0005,218,1466400,48.500,0.4000,118.0,0.6879,0.2502,55.37,38.09,V012,0,ncc|resp
2026-07-04_Mark-Liversedge_Wrist_01__swing_0005,219,1473006,48.750,0.3975,117.0,0.6559,0.1790,59.43,38.98,V012,0,ncc|resp
2026-07-04_Mark-Liversedge_Wrist_01__swing_0005,220,1479703,222.000,0.3750,146.0,0.6074,-0.0460,55.14,33.49,V012,0,ncc|margin|resp
2026-07-04_Mark-Liversedge_Wrist_01__swing_0005,221,1486370,49.750,0.3975,122.0,0.6371,0.0284,51.19,32.62,V012,0,ncc|margin|resp
2026-07-04_Mark-Liversedge_Wrist_01__swing_0005,222,1493153,50.500,0.3950,116.0,0.6071,0.0947,57.56,34.94,V012,0,ncc|margin|resp
2026-07-04_Mark-Liversedge_Wrist_01__swing_0005,223,1499895,51.000,0.3975,129.0,0.6252,0.0695,53.11,33.20,V012,0,ncc|margin|resp
2026-07-04_Mark-Liversedge_Wrist_01__swing_0005,224,1506680,51.500,0.3950,126.0,0.6299,0.2835,56.69,35.71,V012,0,ncc|resp
2026-07-04_Mark-Liversedge_Wrist_01__swing_0005,225,1513291,51.250,0.3950,128.0,0.6157,0.1866,60.30,37.13,V012,0,ncc|resp
2026-07-04_Mark-Liversedge_Wrist_01__swing_0005,226,1519890,140.750,0.3175,208.0,0.6580,0.0268,48.67,32.02,V012,0,ncc|margin|resp
2026-07-04_Mark-Liversedge_Wrist_01__swing_0005,227,1526574,52.000,0.3950,126.0,0.5632,0.0758,63.14,35.56,V012,0,ncc|margin|resp
2026-07-04_Mark-Liversedge_Wrist_01__swing_0005,228,1533337,140.500,0.3175,211.0,0.6195,0.0513,49.99,30.97,V012,0,ncc|margin|resp
2026-07-04_Mark-Liversedge_Wrist_01__swing_0005,229,1540003,53.000,0.3950,126.0,0.5997,0.1372,62.93,37.74,V012,0,ncc|resp
2026-07-04_Mark-Liversedge_Wrist_01__swing_0005,230,1547001,53.250,0.3950,131.0,0.6109,0.2000,64.93,39.66,V012,0,ncc|resp
2026-07-04_Mark-Liversedge_Wrist_01__swing_0005,231,1553560,54.500,0.3950,137.0,0.6740,0.1895,54.48,36.72,V012,0,ncc|resp
2026-07-04_Mark-Liversedge_Wrist_01__swing_0005,232,1560260,54.250,0.3925,133.0,0.6614,0.3075,64.35,42.56,V012,0,ncc
2026-07-04_Mark-Liversedge_Wrist_01__swing_0005,233,1566811,197.500,0.2425,199.0,0.6588,0.0786,53.32,35.13,V012,0,ncc|margin|resp
2026-07-04_Mark-Liversedge_Wrist_01__swing_0005,234,1573494,213.000,0.4200,213.0,0.6546,-0.1039,54.12,35.43,V012,0,ncc|margin|resp
2026-07-04_Mark-Liversedge_Wrist_01__swing_0005,235,1580229,55.750,0.3925,127.0,0.6963,0.1521,65.53,45.63,V012,0,ncc
2026-07-04_Mark-Liversedge_Wrist_01__swing_0005,236,1586956,55.750,0.3950,134.0,0.7141,0.2737,65.37,46.68,V012,1,
2026-07-04_Mark-Liversedge_Wrist_01__swing_0005,237,1593674,56.250,0.3925,130.0,0.7429,0.4443,66.39,49.32,V012,1,
2026-07-04_Mark-Liversedge_Wrist_01__swing_0005,238,1600308,54.250,0.4125,170.0,0.7272,0.1971,51.54,37.48,V012,0,resp
2026-07-04_Mark-Liversedge_Wrist_01__swing_0005,239,1607217,57.250,0.3925,133.0,0.7605,0.4560,68.13,51.81,V012,1,
2026-07-04_Mark-Liversedge_Wrist_01__swing_0005,240,1613692,57.750,0.3925,130.0,0.7661,0.4965,69.54,53.27,V012,1,
2026-07-04_Mark-Liversedge_Wrist_01__swing_0005,241,1620348,58.250,0.3900,131.0,0.7528,0.4773,69.47,52.29,V012,1,
2026-07-04_Mark-Liversedge_Wrist_01__swing_0005,242,1627131,243.250,0.2600,1.0,0.5848,0.1353,64.74,37.86,V012,0,ncc|resp|r0
2026-07-04_Mark-Liversedge_Wrist_01__swing_0005,243,1633787,63.000,0.3625,35.0,0.6855,0.0152,43.51,29.82,V012,0,ncc|margin|resp|r0
2026-07-04_Mark-Liversedge_Wrist_01__swing_0005,244,1640556,256.250,0.4775,233.0,0.6233,0.0771,58.18,36.26,V012,0,ncc|margin|resp
2026-07-04_Mark-Liversedge_Wrist_01__swing_0005,245,1647197,256.250,0.4800,238.0,0.6325,-0.4395,58.10,36.75,V012,0,ncc|margin|resp
2026-07-04_Mark-Liversedge_Wrist_01__swing_0005,246,1653955,239.750,0.2700,1.0,0.5774,-0.0338,66.52,38.41,V012,0,ncc|margin|resp|r0
2026-07-04_Mark-Liversedge_Wrist_01__swing_0005,247,1660540,240.000,0.2700,1.0,0.5903,-0.4279,65.02,38.38,V012,0,ncc|margin|resp|r0
2026-07-04_Mark-Liversedge_Wrist_01__swing_0005,248,1667400,58.750,0.3900,139.0,0.7124,0.3337,67.59,48.15,V012,1,
2026-07-04_Mark-Liversedge_Wrist_01__swing_0005,249,1673945,58.750,0.3900,141.0,0.7218,0.3923,69.28,50.01,V012,1,
2026-07-04_Mark-Liversedge_Wrist_01__swing_0005,250,1680698,58.500,0.3900,139.0,0.7321,0.3756,67.58,49.48,V012,1,
2026-07-04_Mark-Liversedge_Wrist_01__swing_0005,251,1687377,62.250,0.3600,36.0,0.6730,0.0526,42.97,28.92,V012,0,ncc|margin|resp|r0
2026-07-04_Mark-Liversedge_Wrist_01__swing_0005,252,1694150,58.250,0.3900,136.0,0.7166,0.3655,65.41,46.87,V012,1,
2026-07-04_Mark-Liversedge_Wrist_01__swing_0005,253,1700809,58.250,0.3900,139.0,0.7268,0.3328,64.35,46.77,V012,1,
2026-07-04_Mark-Liversedge_Wrist_01__swing_0005,254,1707475,256.500,0.4800,233.0,0.6126,-0.6714,58.07,35.57,V012,0,ncc|margin|resp
2026-07-04_Mark-Liversedge_Wrist_01__swing_0005,255,1714179,231.250,0.2950,141.0,0.6487,0.0982,55.97,36.31,V012,0,ncc|margin|resp
2026-07-04_Mark-Liversedge_Wrist_01__swing_0005,256,1720961,256.250,0.4800,231.0,0.6030,-0.0897,57.95,34.94,V012,0,ncc|margin|resp
2026-07-04_Mark-Liversedge_Wrist_01__swing_0005,257,1727533,296.250,0.4725,235.0,0.6506,-0.0892,45.51,29.61,V012,0,ncc|margin|resp
2026-07-04_Mark-Liversedge_Wrist_01__swing_0005,258,1734281,58.500,0.3875,137.0,0.7143,0.3469,65.02,46.44,V012,1,
2026-07-04_Mark-Liversedge_Wrist_01__swing_0005,259,1740934,59.500,0.3875,135.0,0.7505,0.4256,64.78,48.62,V012,1,
2026-07-04_Mark-Liversedge_Wrist_01__swing_0005,260,1747722,219.750,0.3675,207.0,0.6457,-0.1132,57.91,37.39,V012,0,ncc|margin|resp
2026-07-04_Mark-Liversedge_Wrist_01__swing_0005,261,1754467,58.750,0.3925,138.0,0.6869,0.1139,68.93,47.35,V012,0,ncc|margin
2026-07-04_Mark-Liversedge_Wrist_01__swing_0005,262,1761059,58.500,0.3875,132.0,0.7293,0.4510,66.20,48.28,V012,1,
2026-07-04_Mark-Liversedge_Wrist_01__swing_0005,263,1767782,58.250,0.3900,136.0,0.7308,0.3615,67.64,49.43,V012,1,
2026-07-04_Mark-Liversedge_Wrist_01__swing_0005,264,1774536,58.500,0.3900,136.0,0.7300,0.3793,69.53,50.75,V012,1,
2026-07-04_Mark-Liversedge_Wrist_01__swing_0005,265,1781186,58.250,0.3875,132.0,0.7421,0.3377,70.01,51.96,V012,1,
2026-07-04_Mark-Liversedge_Wrist_01__swing_0005,266,1787897,58.250,0.3900,136.0,0.7381,0.4007,70.80,52.26,V012,1,
2026-07-04_Mark-Liversedge_Wrist_01__swing_0005,267,1794582,219.250,0.3700,199.0,0.6663,-0.0280,52.86,35.22,V012,0,ncc|margin|resp
2026-07-04_Mark-Liversedge_Wrist_01__swing_0005,268,1801404,219.000,0.3700,195.0,0.6226,0.0260,54.26,33.78,V012,0,ncc|margin|resp
2026-07-04_Mark-Liversedge_Wrist_01__swing_0005,269,1807938,216.250,0.3975,208.0,0.6381,-0.6609,54.25,34.61,V012,0,ncc|margin|resp
2026-07-04_Mark-Liversedge_Wrist_01__swing_0005,270,1814709,58.000,0.3875,137.0,0.7588,0.4232,71.92,54.58,V012,1,
2026-07-04_Mark-Liversedge_Wrist_01__swing_0005,271,1821540,57.750,0.3875,140.0,0.7633,0.4059,72.27,55.16,V012,1,
2026-07-04_Mark-Liversedge_Wrist_01__swing_0005,272,1828116,57.500,0.3900,144.0,0.7704,0.4386,68.20,52.54,V012,1,
2026-07-04_Mark-Liversedge_Wrist_01__swing_0005,273,1834735,57.500,0.3900,139.0,0.7743,0.4822,72.60,56.22,V012,1,
2026-07-04_Mark-Liversedge_Wrist_01__swing_0005,274,1841468,57.500,0.3875,137.0,0.7703,0.5095,70.53,54.33,V012,1,
2026-07-04_Mark-Liversedge_Wrist_01__swing_0005,275,1848158,57.250,0.3875,140.0,0.7611,0.4704,72.23,54.98,V012,1,
2026-07-04_Mark-Liversedge_Wrist_01__swing_0005,276,1854927,57.500,0.3875,140.0,0.7794,0.5377,72.83,56.76,V012,1,
2026-07-04_Mark-Liversedge_Wrist_01__swing_0005,277,1861500,57.250,0.3875,140.0,0.7636,0.4346,69.90,53.38,V012,1,
2026-07-04_Mark-Liversedge_Wrist_01__swing_0005,278,1868298,141.750,0.3150,248.0,0.6814,0.0630,48.89,33.31,V012,0,ncc|margin|resp
2026-07-04_Mark-Liversedge_Wrist_01__swing_0005,279,1874983,57.000,0.3900,141.0,0.7667,0.4216,68.48,52.50,V012,1,
2026-07-04_Mark-Liversedge_Wrist_01__swing_0005,280,1881628,57.000,0.3900,144.0,0.7746,0.5698,70.36,54.50,V012,1,
2026-07-04_Mark-Liversedge_Wrist_01__swing_0005,281,1888399,56.750,0.3875,140.0,0.7701,0.5188,68.98,53.12,V012,1,
2026-07-04_Mark-Liversedge_Wrist_01__swing_0005,282,1895077,56.500,0.3900,139.0,0.7926,0.5322,63.99,50.72,V012,1,
2026-07-04_Mark-Liversedge_Wrist_01__swing_0005,283,1901796,57.000,0.3900,139.0,0.7882,0.4925,68.55,54.04,V012,1,
2026-07-04_Mark-Liversedge_Wrist_01__swing_0005,284,1908513,56.500,0.3875,135.0,0.7867,0.5011,65.72,51.70,V012,1,
2026-07-04_Mark-Liversedge_Wrist_01__swing_0005,285,1915146,56.250,0.3900,136.0,0.7981,0.4838,69.30,55.31,V012,1,
2026-07-04_Mark-Liversedge_Wrist_01__swing_0005,286,1921893,56.250,0.3875,135.0,0.7899,0.4921,69.24,54.69,V012,1,
2026-07-04_Mark-Liversedge_Wrist_01__swing_0005,287,1928526,56.250,0.3875,132.0,0.7972,0.4582,68.62,54.71,V012,1,
2026-07-04_Mark-Liversedge_Wrist_01__swing_0005,288,1935264,51.500,0.3625,83.0,0.7379,0.0869,46.50,34.31,V012,0,margin|resp
2026-07-04_Mark-Liversedge_Wrist_01__swing_0005,289,1941874,52.500,0.3625,83.0,0.7110,0.1646,48.99,34.83,V012,0,resp
2026-07-04_Mark-Liversedge_Wrist_01__swing_0005,290,1948730,52.500,0.3625,75.0,0.7307,0.3592,52.04,38.02,V012,0,resp
2026-07-04_Mark-Liversedge_Wrist_01__swing_0005,291,1955362,52.500,0.3600,72.0,0.7392,0.1845,51.43,38.02,V012,0,resp
2026-07-04_Mark-Liversedge_Wrist_01__swing_0005,292,1962029,52.250,0.3625,77.0,0.7615,0.2539,50.62,38.55,V012,0,resp
2026-07-04_Mark-Liversedge_Wrist_01__swing_0005,293,1968748,55.500,0.3875,122.0,0.8005,0.4744,68.60,54.91,V012,1,
2026-07-04_Mark-Liversedge_Wrist_01__swing_0005,294,1975412,55.500,0.3875,122.0,0.7942,0.4252,68.17,54.14,V012,1,
2026-07-04_Mark-Liversedge_Wrist_01__swing_0005,295,1982181,52.000,0.3625,75.0,0.7621,0.2866,52.34,39.89,V012,0,resp
2026-07-04_Mark-Liversedge_Wrist_01__swing_0005,296,1988756,55.250,0.3875,124.0,0.7907,0.4963,71.66,56.67,V012,1,
2026-07-04_Mark-Liversedge_Wrist_01__swing_0005,297,1995489,55.250,0.3900,126.0,0.7880,0.5497,72.28,56.96,V012,1,
2026-07-04_Mark-Liversedge_Wrist_01__swing_0005,298,2002210,55.000,0.3875,119.0,0.7920,0.5001,68.11,53.94,V012,1,
2026-07-04_Mark-Liversedge_Wrist_01__swing_0005,299,2008871,55.000,0.3875,119.0,0.8004,0.5113,66.91,53.55,V012,1,
2026-07-04_Mark-Liversedge_Wrist_01__swing_0005,300,2015637,55.250,0.3875,122.0,0.7992,0.5044,69.23,55.33,V012,1,
2026-07-04_Mark-Liversedge_Wrist_01__swing_0005,301,2022307,54.750,0.3875,122.0,0.7888,0.4937,70.97,55.98,V012,1,
2026-07-04_Mark-Liversedge_Wrist_01__swing_0005,302,2029250,142.000,0.3200,218.0,0.6377,0.1932,52.06,33.20,V012,0,ncc|resp
2026-07-04_Mark-Liversedge_Wrist_01__swing_0005,303,2035789,54.750,0.3875,111.0,0.7932,0.5294,65.00,51.55,V012,1,
2026-07-04_Mark-Liversedge_Wrist_01__swing_0005,304,2042582,54.500,0.3900,113.0,0.7833,0.5926,66.31,51.94,V012,1,
2026-07-04_Mark-Liversedge_Wrist_01__swing_0005,305,2049109,51.250,0.3650,82.0,0.8006,0.4056,46.86,37.51,V012,0,resp
2026-07-04_Mark-Liversedge_Wrist_01__swing_0005,306,2055793,51.000,0.3650,84.0,0.7963,0.2886,47.59,37.90,V012,0,resp
2026-07-04_Mark-Liversedge_Wrist_01__swing_0005,307,2062471,51.000,0.3650,87.0,0.8060,0.3014,48.21,38.86,V012,0,resp
2026-07-04_Mark-Liversedge_Wrist_01__swing_0005,308,2069198,51.000,0.3650,95.0,0.8060,0.2655,48.87,39.39,V012,0,resp
2026-07-04_Mark-Liversedge_Wrist_01__swing_0005,309,2075886,51.000,0.3650,89.0,0.7947,0.3647,49.32,39.20,V012,0,resp
2026-07-04_Mark-Liversedge_Wrist_01__swing_0005,310,2082687,51.000,0.3650,87.0,0.7993,0.3907,48.23,38.55,V012,0,resp
2026-07-04_Mark-Liversedge_Wrist_01__swing_0005,311,2089342,51.000,0.3650,84.0,0.8107,0.4042,48.36,39.21,V012,0,resp
2026-07-04_Mark-Liversedge_Wrist_01__swing_0005,312,2096001,57.500,0.3675,92.0,0.8043,0.2094,43.06,34.63,V012,0,resp
2026-07-04_Mark-Liversedge_Wrist_01__swing_0005,313,2102829,54.000,0.3875,128.0,0.7770,0.5324,65.20,50.66,V012,1,
2026-07-04_Mark-Liversedge_Wrist_01__swing_0005,314,2109406,54.500,0.3875,122.0,0.7892,0.4184,63.74,50.31,V012,1,
2026-07-04_Mark-Liversedge_Wrist_01__swing_0005,315,2116122,51.000,0.3650,87.0,0.8091,0.4547,48.39,39.15,V012,0,resp
2026-07-04_Mark-Liversedge_Wrist_01__swing_0005,316,2122775,50.750,0.3650,85.0,0.8070,0.3486,49.74,40.14,V012,1,
2026-07-04_Mark-Liversedge_Wrist_01__swing_0005,317,2129526,50.750,0.3650,87.0,0.8070,0.3203,49.93,40.29,V012,1,
2026-07-04_Mark-Liversedge_Wrist_01__swing_0005,318,2136185,50.750,0.3650,87.0,0.8020,0.2031,50.67,40.63,V012,1,
2026-07-04_Mark-Liversedge_Wrist_01__swing_0005,319,2142921,50.750,0.3650,84.0,0.7976,0.2391,49.78,39.70,V012,0,resp
2026-07-04_Mark-Liversedge_Wrist_01__swing_0005,320,2149633,54.500,0.3875,128.0,0.7756,0.4083,66.62,51.67,V012,1,
2026-07-04_Mark-Liversedge_Wrist_01__swing_0005,321,2156295,57.750,0.3675,92.0,0.7944,0.1070,41.93,33.31,V012,0,margin|resp
2026-07-04_Mark-Liversedge_Wrist_01__swing_0005,322,2163032,57.500,0.3675,92.0,0.7894,0.0540,41.79,32.99,V012,0,margin|resp
2026-07-04_Mark-Liversedge_Wrist_01__swing_0005,323,2169782,50.750,0.3650,87.0,0.7927,0.2495,50.92,40.36,V012,1,
2026-07-04_Mark-Liversedge_Wrist_01__swing_0005,324,2176345,57.750,0.3725,146.0,0.7076,0.1182,45.63,32.29,V012,0,margin|resp
2026-07-04_Mark-Liversedge_Wrist_01__swing_0005,325,2183162,51.000,0.3650,84.0,0.8126,0.3136,49.90,40.55,V012,1,
2026-07-04_Mark-Liversedge_Wrist_01__swing_0005,326,2189779,51.000,0.3650,85.0,0.8120,0.2184,50.16,40.73,V012,1,
2026-07-04_Mark-Liversedge_Wrist_01__swing_0005,327,2196494,51.000,0.3650,85.0,0.8132,0.2293,50.06,40.70,V012,1,
2026-07-04_Mark-Liversedge_Wrist_01__swing_0005,328,2203280,51.000,0.3650,85.0,0.7984,0.3005,50.51,40.33,V012,1,
2026-07-04_Mark-Liversedge_Wrist_01__swing_0005,329,2209840,142.000,0.3150,194.0,0.6267,-0.3975,52.41,32.84,V012,0,ncc|margin|resp
2026-07-04_Mark-Liversedge_Wrist_01__swing_0005,330,2216602,51.000,0.3650,82.0,0.7977,0.2563,49.38,39.39,V012,0,resp
2026-07-04_Mark-Liversedge_Wrist_01__swing_0005,331,2223242,50.750,0.3650,84.0,0.8030,0.2548,49.92,40.08,V012,1,
2026-07-04_Mark-Liversedge_Wrist_01__swing_0005,332,2229983,142.000,0.3150,194.0,0.6365,0.0017,52.01,33.11,V012,0,ncc|margin|resp
2026-07-04_Mark-Liversedge_Wrist_01__swing_0005,333,2236620,51.000,0.3650,82.0,0.7900,0.3563,50.46,39.86,V012,0,resp
2026-07-04_Mark-Liversedge_Wrist_01__swing_0005,334,2243315,57.750,0.3725,146.0,0.7455,0.1789,45.00,33.55,V012,0,resp
2026-07-04_Mark-Liversedge_Wrist_01__swing_0005,335,2250063,51.000,0.3650,82.0,0.8003,0.4197,51.44,41.17,V012,1,
2026-07-04_Mark-Liversedge_Wrist_01__swing_0005,336,2256844,51.000,0.3650,82.0,0.8194,0.4477,49.97,40.95,V012,1,
2026-07-04_Mark-Liversedge_Wrist_01__swing_0005,337,2263460,51.000,0.3650,84.0,0.8174,0.3275,50.72,41.46,V012,1,
2026-07-04_Mark-Liversedge_Wrist_01__swing_0005,338,2270193,51.000,0.3650,81.0,0.8098,0.4293,50.09,40.56,V012,1,
2026-07-04_Mark-Liversedge_Wrist_01__swing_0005,339,2276805,51.250,0.3650,82.0,0.8136,0.4494,50.28,40.91,V012,1,
2026-07-04_Mark-Liversedge_Wrist_01__swing_0005,340,2283558,54.500,0.3875,122.0,0.7784,0.4944,65.64,51.09,V012,0,
2026-07-04_Mark-Liversedge_Wrist_01__swing_0005,341,2290231,51.000,0.3650,84.0,0.8170,0.3232,49.58,40.51,V012,1,
2026-07-04_Mark-Liversedge_Wrist_01__swing_0005,342,2296999,51.000,0.3650,82.0,0.8097,0.4446,50.39,40.80,V012,1,
2026-07-04_Mark-Liversedge_Wrist_01__swing_0005,343,2303657,51.250,0.3650,84.0,0.8130,0.2956,49.12,39.93,V012,0,resp
2026-07-04_Mark-Liversedge_Wrist_01__swing_0005,344,2310393,51.250,0.3650,82.0,0.8087,0.4244,49.89,40.34,V012,1,
2026-07-04_Mark-Liversedge_Wrist_01__swing_0005,345,2317150,51.250,0.3650,82.0,0.8103,0.3145,49.48,40.09,V012,1,
2026-07-04_Mark-Liversedge_Wrist_01__swing_0005,346,2323751,51.000,0.3650,84.0,0.8217,0.3078,49.55,40.71,V012,1,
2026-07-04_Mark-Liversedge_Wrist_01__swing_0005,347,2330588,51.250,0.3650,84.0,0.8182,0.3888,48.67,39.82,V012,0,resp
2026-07-04_Mark-Liversedge_Wrist_01__swing_0005,348,2337273,51.000,0.3650,84.0,0.8167,0.3483,49.79,40.67,V012,1,
2026-07-04_Mark-Liversedge_Wrist_01__swing_0005,349,2343810,51.250,0.3650,84.0,0.8138,0.1685,49.82,40.55,V012,1,
2026-07-04_Mark-Liversedge_Wrist_01__swing_0005,350,2350558,51.000,0.3650,84.0,0.7975,0.4249,50.43,40.22,V012,1,
2026-07-04_Mark-Liversedge_Wrist_01__swing_0005,351,2357277,51.000,0.3650,87.0,0.8034,0.3018,49.71,39.93,V012,0,resp
2026-07-04_Mark-Liversedge_Wrist_01__swing_0005,352,2363913,51.250,0.3650,85.0,0.8093,0.3667,50.09,40.54,V012,1,
2026-07-04_Mark-Liversedge_Wrist_01__swing_0005,353,2370704,51.250,0.3650,87.0,0.8039,0.3011,49.52,39.81,V012,0,resp
2026-07-04_Mark-Liversedge_Wrist_01__swing_0005,354,2377364,51.250,0.3650,82.0,0.8052,0.3898,50.27,40.48,V012,1,
2026-07-04_Mark-Liversedge_Wrist_01__swing_0005,355,2384024,51.250,0.3650,84.0,0.8117,0.2894,49.85,40.47,V012,1,
2026-07-04_Mark-Liversedge_Wrist_01__swing_0005,356,2390808,51.250,0.3650,85.0,0.8120,0.3537,49.97,40.58,V012,1,
2026-07-04_Mark-Liversedge_Wrist_01__swing_0005,357,2397492,51.250,0.3650,82.0,0.8105,0.4108,50.78,41.15,V012,1,
2026-07-04_Mark-Liversedge_Wrist_01__swing_0005,358,2404111,51.250,0.3650,85.0,0.8113,0.3547,50.54,41.00,V012,1,
2026-07-04_Mark-Liversedge_Wrist_01__swing_0005,359,2410813,51.000,0.3650,84.0,0.8015,0.3654,50.32,40.33,V012,1,
2026-07-04_Mark-Liversedge_Wrist_01__swing_0005,360,2417558,51.250,0.3675,84.0,0.8098,0.2865,49.97,40.46,V012,1,
2026-07-04_Mark-Liversedge_Wrist_01__swing_0005,361,2424303,51.250,0.3650,82.0,0.8270,0.4666,50.24,41.55,V012,1,
2026-07-04_Mark-Liversedge_Wrist_01__swing_0005,362,2430943,51.250,0.3650,84.0,0.8228,0.4608,50.28,41.37,V012,1,
2026-07-04_Mark-Liversedge_Wrist_01__swing_0005,363,2437616,51.000,0.3650,84.0,0.8179,0.3597,49.24,40.28,V012,1,
2026-07-04_Mark-Liversedge_Wrist_01__swing_0005,364,2444424,51.250,0.3675,84.0,0.8069,0.2620,49.78,40.17,V012,1,
2026-07-04_Mark-Liversedge_Wrist_01__swing_0005,365,2451020,51.500,0.3650,81.0,0.8091,0.3186,48.34,39.11,V012,0,resp
2026-07-04_Mark-Liversedge_Wrist_01__swing_0005,366,2457670,51.250,0.3650,82.0,0.8223,0.3475,49.87,41.01,V012,1,
2026-07-04_Mark-Liversedge_Wrist_01__swing_0005,367,2464432,51.000,0.3650,84.0,0.8133,0.3647,49.80,40.50,V012,1,
2026-07-04_Mark-Liversedge_Wrist_01__swing_0005,368,2471193,51.250,0.3650,84.0,0.8296,0.3147,49.91,41.40,V012,1,
2026-07-04_Mark-Liversedge_Wrist_01__swing_0005,369,2477906,51.500,0.3675,84.0,0.8082,0.3521,48.08,38.86,V012,0,resp
2026-07-04_Mark-Liversedge_Wrist_01__swing_0005,370,2484521,54.500,0.3875,117.0,0.7931,0.4562,66.71,52.91,V012,1,
2026-07-04_Mark-Liversedge_Wrist_01__swing_0005,371,2491244,51.500,0.3675,81.0,0.8032,0.2676,46.75,37.55,V012,0,resp
2026-07-04_Mark-Liversedge_Wrist_01__swing_0005,372,2497879,51.500,0.3650,82.0,0.8020,0.3716,48.18,38.64,V012,0,resp
2026-07-04_Mark-Liversedge_Wrist_01__swing_0005,373,2504678,51.250,0.3675,86.0,0.8162,0.3135,48.64,39.70,V012,0,resp
2026-07-04_Mark-Liversedge_Wrist_01__swing_0005,374,2511328,51.250,0.3675,78.0,0.7934,0.2952,49.08,38.94,V012,0,resp
2026-07-04_Mark-Liversedge_Wrist_01__swing_0005,375,2517988,51.250,0.3675,83.0,0.8104,0.1497,49.45,40.08,V012,1,
2026-07-04_Mark-Liversedge_Wrist_01__swing_0005,376,2524746,51.250,0.3675,80.0,0.7893,0.2018,47.71,37.66,V012,0,resp
2026-07-04_Mark-Liversedge_Wrist_01__swing_0005,377,2531410,51.250,0.3675,80.0,0.7934,0.2798,47.14,37.40,V012,0,resp
2026-07-04_Mark-Liversedge_Wrist_01__swing_0005,378,2538081,54.500,0.3950,129.0,0.7550,0.1997,67.22,50.75,V012,1,
2026-07-04_Mark-Liversedge_Wrist_01__swing_0005,379,2544828,55.000,0.3925,119.0,0.7598,0.3527,61.25,46.54,V012,1,
2026-07-04_Mark-Liversedge_Wrist_01__swing_0005,380,2551478,51.750,0.4150,159.0,0.7172,0.0354,45.09,32.33,V012,0,margin|resp
2026-07-04_Mark-Liversedge_Wrist_01__swing_0005,381,2558150,54.500,0.3950,123.0,0.7505,0.3727,62.34,46.79,V012,1,
2026-07-04_Mark-Liversedge_Wrist_01__swing_0005,382,2564895,54.750,0.3975,129.0,0.7514,0.4537,67.70,50.87,V012,1,
2026-07-04_Mark-Liversedge_Wrist_01__swing_0005,383,2571682,54.750,0.3975,127.0,0.7724,0.4388,65.68,50.73,V012,1,
2026-07-04_Mark-Liversedge_Wrist_01__swing_0005,384,2578291,54.750,0.4000,129.0,0.7837,0.4668,58.88,46.15,V012,1,
2026-07-04_Mark-Liversedge_Wrist_01__swing_0005,385,2584985,55.000,0.4050,136.0,0.7471,0.4639,63.45,47.40,V012,1,
2026-07-04_Mark-Liversedge_Wrist_01__swing_0005,386,2591680,55.250,0.4050,131.0,0.7831,0.3662,53.37,41.79,V012,1,
2026-07-04_Mark-Liversedge_Wrist_01__swing_0005,387,2598455,55.500,0.4050,134.0,0.7561,0.4666,58.69,44.37,V012,1,
2026-07-04_Mark-Liversedge_Wrist_01__swing_0005,388,2605220,142.250,0.3200,190.0,0.6676,-0.7277,49.65,33.15,V012,0,ncc|margin|resp
2026-07-04_Mark-Liversedge_Wrist_01__swing_0005,389,2611760,55.750,0.4150,142.0,0.7507,0.2752,54.42,40.85,V012,1,
2026-07-04_Mark-Liversedge_Wrist_01__swing_0005,390,2618472,56.250,0.4150,147.0,0.7377,0.2270,52.89,39.02,V012,0,resp
2026-07-04_Mark-Liversedge_Wrist_01__swing_0005,391,2625139,58.250,0.4150,142.0,0.8251,0.2367,45.16,37.26,V012,0,resp
2026-07-04_Mark-Liversedge_Wrist_01__swing_0005,392,2631895,57.000,0.4200,151.0,0.7461,0.4175,56.35,42.05,V012,1,
2026-07-04_Mark-Liversedge_Wrist_01__swing_0005,393,2638718,150.750,0.3650,45.0,0.5894,-0.2204,51.53,30.37,V012,0,ncc|margin|resp|r0
2026-07-04_Mark-Liversedge_Wrist_01__swing_0005,394,2645362,146.750,0.2050,114.0,0.6317,-0.1414,46.09,29.11,V012,0,ncc|margin|resp
2026-07-04_Mark-Liversedge_Wrist_01__swing_0005,395,2652077,60.250,0.4300,163.0,0.7047,0.1915,48.28,34.02,V012,0,resp
2026-07-04_Mark-Liversedge_Wrist_01__swing_0005,396,2658656,140.750,0.3250,190.0,0.6577,0.0275,50.44,33.17,V012,0,ncc|margin|resp
2026-07-04_Mark-Liversedge_Wrist_01__swing_0005,397,2665362,141.000,0.3175,175.0,0.6450,0.1197,51.58,33.27,V012,0,ncc|margin|resp
2026-07-04_Mark-Liversedge_Wrist_01__swing_0005,398,2672042,141.000,0.3200,178.0,0.6644,0.0126,51.29,34.07,V012,0,ncc|margin|resp
2026-07-04_Mark-Liversedge_Wrist_01__swing_0005,399,2678776,141.750,0.1800,38.0,0.6969,0.0612,46.86,32.65,V012,0,ncc|margin|resp|r0
2026-07-04_Mark-Liversedge_Wrist_01__swing_0005,400,2685513,140.750,0.3150,165.0,0.6580,0.0167,51.26,33.72,V012,0,ncc|margin|resp
2026-07-04_Mark-Liversedge_Wrist_01__swing_0005,401,2692238,167.250,0.2200,42.0,0.6445,0.0223,45.64,29.41,V012,0,ncc|margin|resp|r0
2026-07-04_Mark-Liversedge_Wrist_01__swing_0005,402,2698840,197.250,0.4000,212.0,0.5986,0.0567,56.02,33.53,V012,0,ncc|margin|resp
2026-07-04_Mark-Liversedge_Wrist_01__swing_0005,403,2705563,142.250,0.1900,55.0,0.6530,0.1536,48.49,31.67,V012,0,ncc|resp|r0
2026-07-04_Mark-Liversedge_Wrist_01__swing_0005,404,2712190,139.500,0.3150,156.0,0.6815,0.2798,51.63,35.19,V012,0,ncc|resp
2026-07-04_Mark-Liversedge_Wrist_01__swing_0005,405,2718959,139.000,0.3150,154.0,0.6870,0.1988,49.80,34.21,V012,0,ncc|resp
2026-07-04_Mark-Liversedge_Wrist_01__swing_0005,406,2725711,139.000,0.3225,169.0,0.6830,0.0871,46.58,31.81,V012,0,ncc|margin|resp
2026-07-04_Mark-Liversedge_Wrist_01__swing_0005,407,2732382,138.500,0.3275,176.0,0.6763,0.0407,44.29,29.95,V012,0,ncc|margin|resp
2026-07-04_Mark-Liversedge_Wrist_01__swing_0005,408,2739024,136.750,0.3300,222.0,0.6037,-0.0286,53.13,32.08,V012,0,ncc|margin|resp
2026-07-04_Mark-Liversedge_Wrist_01__swing_0005,409,2745712,139.500,0.1950,64.0,0.7107,0.1683,47.71,33.91,V012,0,resp
2026-07-04_Mark-Liversedge_Wrist_01__swing_0005,410,2752497,138.250,0.3425,244.0,0.6145,0.0756,52.09,32.01,V012,0,ncc|margin|resp
2026-07-04_Mark-Liversedge_Wrist_01__swing_0005,411,2759083,216.250,0.3925,175.0,0.6628,0.0253,45.43,30.11,V012,0,ncc|margin|resp
2026-07-04_Mark-Liversedge_Wrist_01__swing_0005,412,2765829,130.000,0.3650,226.0,0.6399,0.1137,51.54,32.98,V012,0,ncc|margin|resp
2026-07-04_Mark-Liversedge_Wrist_01__swing_0005,413,2772583,130.500,0.3650,220.0,0.6488,0.1634,53.93,34.99,V012,0,ncc|resp
2026-07-04_Mark-Liversedge_Wrist_01__swing_0005,414,2779255,216.000,0.3600,136.0,0.6602,0.0889,45.90,30.30,V012,0,ncc|margin|resp
2026-07-04_Mark-Liversedge_Wrist_01__swing_0005,415,2786149,214.750,0.3600,142.0,0.6842,0.1235,49.07,33.57,V012,0,ncc|resp
2026-07-04_Mark-Liversedge_Wrist_01__swing_0005,416,2792715,215.000,0.3600,148.0,0.6915,0.1702,49.64,34.33,V012,0,ncc|resp
2026-07-04_Mark-Liversedge_Wrist_01__swing_0005,417,2799390,215.250,0.3600,158.0,0.6904,0.0161,47.52,32.81,V012,0,ncc|margin|resp
2026-07-04_Mark-Liversedge_Wrist_01__swing_0005,418,2806063,127.750,0.3000,207.0,0.6630,0.0372,47.73,31.64,V012,0,ncc|margin|resp
2026-07-04_Mark-Liversedge_Wrist_01__swing_0005,419,2812727,193.750,0.2975,161.0,0.5699,0.0260,58.11,33.12,V012,0,ncc|margin|resp
2026-07-04_Mark-Liversedge_Wrist_01__swing_0005,420,2819471,147.500,0.2000,12.0,0.7092,0.0514,41.08,29.13,V012,0,margin|resp|r0
2026-07-04_Mark-Liversedge_Wrist_01__swing_0005,421,2826119,230.500,0.3150,89.0,0.6456,0.0313,45.55,29.41,V012,0,ncc|margin|resp
2026-07-04_Mark-Liversedge_Wrist_01__swing_0005,422,2832854,147.750,0.2000,6.0,0.7669,0.1279,46.83,35.91,V012,0,resp|r0
2026-07-04_Mark-Liversedge_Wrist_01__swing_0005,423,2839490,227.750,0.3000,86.0,0.7077,0.0849,57.51,40.70,V012,0,margin
2026-07-04_Mark-Liversedge_Wrist_01__swing_0005,424,2846285,147.000,0.2000,1.0,0.7779,0.3180,53.02,41.24,V012,0,r0
2026-07-04_Mark-Liversedge_Wrist_01__swing_0005,425,2853010,124.250,0.3350,206.0,0.6571,0.0336,52.70,34.63,V012,0,ncc|margin|resp
2026-07-04_Mark-Liversedge_Wrist_01__swing_0005,426,2859656,122.750,0.3350,132.0,0.6334,-0.0753,55.18,34.95,V012,0,ncc|margin|resp
2026-07-04_Mark-Liversedge_Wrist_01__swing_0005,427,2866393,230.500,0.3050,160.0,0.6456,0.0044,68.60,44.29,V012,0,ncc|margin
2026-07-04_Mark-Liversedge_Wrist_01__swing_0005,428,2873034,92.750,0.1850,226.0,0.7106,0.1251,54.24,38.54,V012,0,resp
2026-07-04_Mark-Liversedge_Wrist_01__swing_0005,429,2879776,93.750,0.1950,231.0,0.7300,0.0412,54.13,39.51,V012,0,margin|resp
2026-07-04_Mark-Liversedge_Wrist_01__swing_0005,430,2886406,85.750,0.2200,232.0,0.7483,0.2709,57.71,43.18,V012,0,
2026-07-04_Mark-Liversedge_Wrist_01__swing_0005,431,2893062,85.500,0.2200,164.0,0.7433,0.2770,57.34,42.62,V012,0,
2026-07-04_Mark-Liversedge_Wrist_01__swing_0005,432,2899850,86.000,0.2200,123.0,0.7430,0.2256,57.96,43.06,V012,0,
2026-07-04_Mark-Liversedge_Wrist_01__swing_0005,433,2906470,83.750,0.2275,7.0,0.7348,0.3494,59.90,44.01,V012,0,r0
2026-07-04_Mark-Liversedge_Wrist_01__swing_0005,434,2913290,82.500,0.2325,62.0,0.7204,0.3065,60.78,43.79,V012,0,
2026-07-04_Mark-Liversedge_Wrist_01__swing_0005,435,2919936,89.000,0.2150,12.0,0.7493,0.0806,60.32,45.20,V012,0,margin|r0
2026-07-04_Mark-Liversedge_Wrist_01__swing_0005,436,2926744,82.000,0.2350,24.0,0.7212,0.2189,60.04,43.30,V012,0,r0
2026-07-04_Mark-Liversedge_Wrist_01__swing_0005,437,2933396,76.250,0.2550,45.0,0.7252,0.2283,61.35,44.49,V012,0,r0
2026-07-04_Mark-Liversedge_Wrist_01__swing_0005,438,2939979,98.250,0.3825,238.0,0.7796,0.0011,55.71,43.43,V012,0,margin
2026-07-04_Mark-Liversedge_Wrist_01__swing_0005,439,2946695,95.500,0.4025,230.0,0.7909,0.2222,58.91,46.59,V012,0,
2026-07-04_Mark-Liversedge_Wrist_01__swing_0005,440,2953396,98.250,0.3950,186.0,0.7322,0.2441,56.05,41.04,V012,0,
2026-07-04_Mark-Liversedge_Wrist_01__swing_0005,441,2960173,72.750,0.3750,230.0,0.6337,0.0825,61.27,38.83,V012,0,ncc|margin|resp
2026-07-04_Mark-Liversedge_Wrist_01__swing_0005,442,2966802,69.750,0.4050,214.0,0.6906,0.2107,60.74,41.94,V012,0,ncc
2026-07-04_Mark-Liversedge_Wrist_01__swing_0005,443,2973582,67.750,0.4075,168.0,0.6643,0.1726,63.78,42.37,V012,0,ncc
2026-07-04_Mark-Liversedge_Wrist_01__swing_0005,444,2980170,75.750,0.3775,48.0,0.6911,0.2122,56.43,38.99,V012,0,ncc|resp|r0
2026-07-04_Mark-Liversedge_Wrist_01__swing_0005,445,2986984,69.750,0.4200,112.0,0.6885,0.2163,62.62,43.11,V012,0,ncc
2026-07-04_Mark-Liversedge_Wrist_01__swing_0005,446,2993632,69.750,0.4175,78.0,0.7198,0.1614,62.60,45.06,V012,0,
2026-07-04_Mark-Liversedge_Wrist_01__swing_0005,447,3000265,71.000,0.4150,51.0,0.7272,0.2857,61.58,44.78,V012,0,r0
2026-07-04_Mark-Liversedge_Wrist_01__swing_0005,448,3007126,76.750,0.3950,2.0,0.7311,0.2501,53.89,39.40,V012,0,resp|r0
2026-07-04_Mark-Liversedge_Wrist_01__swing_0005,449,3013711,90.500,0.4575,247.0,0.6618,0.0337,54.76,36.24,V012,0,ncc|margin|resp
2026-07-04_Mark-Liversedge_Wrist_01__swing_0005,450,3020385,91.500,0.4800,65.0,0.6389,0.0987,50.74,32.42,V012,0,ncc|margin|resp
2026-07-04_Mark-Liversedge_Wrist_01__swing_0005,451,3027110,85.500,0.4800,30.0,0.6327,0.0566,48.29,30.56,V012,0,ncc|margin|resp|r0
2026-07-04_Mark-Liversedge_Wrist_01__swing_0005,452,3033843,86.250,0.4650,25.0,0.6974,0.2380,50.78,35.41,V012,0,ncc|resp|r0
2026-07-04_Mark-Liversedge_Wrist_01__swing_0005,453,3040510,87.500,0.4550,12.0,0.6732,0.2480,49.84,33.55,V012,0,ncc|resp|r0
2026-07-04_Mark-Liversedge_Wrist_01__swing_0005,454,3047232,86.000,0.4625,1.0,0.6908,0.2095,46.50,32.12,V012,0,ncc|resp|r0
2026-07-04_Mark-Liversedge_Wrist_01__swing_0005,455,3053881,84.250,0.4800,22.0,0.6661,0.2670,46.29,30.84,V012,0,ncc|resp|r0
2026-07-04_Mark-Liversedge_Wrist_01__swing_0005,456,3060693,83.250,0.4800,14.0,0.6999,0.1483,48.63,34.04,V012,0,ncc|resp|r0
2026-07-04_Mark-Liversedge_Wrist_01__swing_0005,457,3067342,84.000,0.4775,5.0,0.7094,0.3289,52.47,37.22,V012,0,resp|r0
2026-07-04_Mark-Liversedge_Wrist_01__swing_0005,458,3073987,84.750,0.4800,0.0,0.5890,0.0408,52.96,31.20,V012,0,ncc|margin|resp|r0
2026-07-04_Mark-Liversedge_Wrist_01__swing_0005,459,3080689,76.500,0.3975,43.0,0.6222,0.1729,51.44,32.01,V012,0,ncc|resp|r0
2026-07-04_Mark-Liversedge_Wrist_01__swing_0005,460,3087430,76.000,0.4000,56.0,0.6325,0.0195,51.60,32.64,V012,0,ncc|margin|resp|r0
2026-07-04_Mark-Liversedge_Wrist_01__swing_0005,461,3094051,107.250,0.2150,104.0,0.6350,0.0550,57.74,36.66,V012,0,ncc|margin|resp
2026-07-04_Mark-Liversedge_Wrist_01__swing_0005,462,3100781,108.750,0.3300,248.0,0.6602,0.0730,54.47,35.96,V012,0,ncc|margin|resp
2026-07-04_Mark-Liversedge_Wrist_01__swing_0005,463,3107417,111.750,0.2200,92.0,0.6476,0.1243,54.39,35.23,V012,0,ncc|resp
2026-07-04_Mark-Liversedge_Wrist_01__swing_0005,464,3114160,107.750,0.2200,79.0,0.6690,0.1221,55.68,37.25,V012,0,ncc|resp
2026-07-04_Mark-Liversedge_Wrist_01__swing_0005,465,3121068,107.750,0.2200,70.0,0.6409,0.0677,54.71,35.06,V012,0,ncc|margin|resp
2026-07-04_Mark-Liversedge_Wrist_01__swing_0005,466,3127544,81.500,0.3625,5.0,0.6447,0.0186,53.56,34.53,V012,0,ncc|margin|resp|r0
2026-07-04_Mark-Liversedge_Wrist_01__swing_0005,467,3134223,107.750,0.2275,81.0,0.6498,0.0747,50.73,32.96,V012,0,ncc|margin|resp
2026-07-04_Mark-Liversedge_Wrist_01__swing_0005,468,3140997,111.000,0.2350,96.0,0.6389,0.2545,54.99,35.13,V012,0,ncc|resp
2026-07-04_Mark-Liversedge_Wrist_01__swing_0005,469,3147691,111.000,0.2350,92.0,0.6260,0.1962,56.91,35.62,V012,0,ncc|resp
2026-07-04_Mark-Liversedge_Wrist_01__swing_0005,470,3154329,107.250,0.2275,68.0,0.6136,0.1795,54.78,33.61,V012,0,ncc|resp
2026-07-04_Mark-Liversedge_Wrist_01__swing_0005,471,3161054,109.000,0.2350,79.0,0.6322,0.2546,51.61,32.63,V012,0,ncc|resp
2026-07-04_Mark-Liversedge_Wrist_01__swing_0005,472,3167754,110.750,0.4225,102.0,0.6005,0.0592,55.39,33.26,V012,0,ncc|margin|resp
2026-07-04_Mark-Liversedge_Wrist_01__swing_0005,473,3174474,109.250,0.2050,33.0,0.6771,0.2623,50.01,33.86,V012,0,ncc|resp|r0
2026-07-04_Mark-Liversedge_Wrist_01__swing_0005,474,3181156,110.000,0.2050,33.0,0.7119,0.3116,52.80,37.59,V012,0,resp|r0
2026-07-04_Mark-Liversedge_Wrist_01__swing_0005,475,3187869,106.750,0.2025,14.0,0.6810,0.2807,51.81,35.28,V012,0,ncc|resp|r0
2026-07-04_Mark-Liversedge_Wrist_01__swing_0005,476,3194796,95.000,0.4025,249.0,0.6390,0.0408,47.47,30.34,V012,0,ncc|margin|resp
2026-07-04_Mark-Liversedge_Wrist_01__swing_0005,477,3201408,108.000,0.2075,23.0,0.6674,0.3166,50.59,33.76,V012,0,ncc|resp|r0
2026-07-04_Mark-Liversedge_Wrist_01__swing_0005,478,3207868,114.750,0.2250,28.0,0.6570,0.1453,49.12,32.27,V012,0,ncc|resp|r0
2026-07-04_Mark-Liversedge_Wrist_01__swing_0005,479,3214764,111.750,0.2200,32.0,0.6628,0.2463,55.72,36.93,V012,0,ncc|resp|r0
2026-07-04_Mark-Liversedge_Wrist_01__swing_0005,480,3221554,110.500,0.2150,25.0,0.6818,0.4033,53.00,36.14,V012,0,ncc|resp|r0
2026-07-04_Mark-Liversedge_Wrist_01__swing_0005,481,3228012,109.250,0.2150,31.0,0.6879,0.3960,51.35,35.32,V012,0,ncc|resp|r0
2026-07-04_Mark-Liversedge_Wrist_01__swing_0005,482,3234701,111.500,0.2200,32.0,0.6639,0.4029,50.71,33.67,V012,0,ncc|resp|r0
2026-07-04_Mark-Liversedge_Wrist_01__swing_0005,483,3241392,110.000,0.2150,34.0,0.6971,0.5016,50.38,35.12,V012,0,ncc|resp|r0
2026-07-04_Mark-Liversedge_Wrist_01__swing_0005,484,3248126,109.750,0.2150,34.0,0.7145,0.4644,53.46,38.20,V012,0,resp|r0
2026-07-04_Mark-Liversedge_Wrist_01__swing_0005,485,3254884,110.000,0.2150,34.0,0.7088,0.5139,54.02,38.29,V012,0,resp|r0
2026-07-04_Mark-Liversedge_Wrist_01__swing_0005,486,3261671,110.250,0.2150,34.0,0.6869,0.4826,49.84,34.24,V012,0,ncc|resp|r0
2026-07-04_Mark-Liversedge_Wrist_01__swing_0005,487,3268245,112.250,0.2200,55.0,0.6993,0.4499,51.58,36.07,V012,0,ncc|resp|r0
2026-07-04_Mark-Liversedge_Wrist_01__swing_0005,488,3274860,113.250,0.2200,64.0,0.7057,0.4679,51.07,36.04,V012,0,resp
2026-07-04_Mark-Liversedge_Wrist_01__swing_0005,489,3281625,112.500,0.2200,64.0,0.6978,0.5242,55.60,38.79,V012,0,ncc|resp
2026-07-04_Mark-Liversedge_Wrist_01__swing_0005,490,3288350,107.000,0.2050,28.0,0.7058,0.1641,52.35,36.95,V012,0,resp|r0
2026-07-04_Mark-Liversedge_Wrist_01__swing_0005,491,3295166,111.250,0.4200,112.0,0.5822,0.1612,57.72,33.60,V012,0,ncc|resp
2026-07-04_Mark-Liversedge_Wrist_01__swing_0005,492,3301758,110.750,0.2400,122.0,0.6622,0.1840,49.31,32.65,V012,0,ncc|resp
2026-07-04_Mark-Liversedge_Wrist_01__swing_0005,493,3308507,109.250,0.2350,147.0,0.6843,0.1285,47.13,32.25,V012,0,ncc|resp
2026-07-04_Mark-Liversedge_Wrist_01__swing_0005,494,3315154,106.500,0.3350,81.0,0.6197,0.1064,56.33,34.90,V012,0,ncc|margin|resp
2026-07-04_Mark-Liversedge_Wrist_01__swing_0005,495,3321838,108.000,0.3000,11.0,0.6075,-0.0096,58.53,35.55,V012,0,ncc|margin|resp|r0
2026-07-04_Mark-Liversedge_Wrist_01__swing_0005,496,3328518,107.250,0.3425,139.0,0.6754,0.2687,49.39,33.35,V012,0,ncc|resp
2026-07-04_Mark-Liversedge_Wrist_01__swing_0005,497,3335273,106.250,0.3375,61.0,0.6376,0.1604,61.48,39.20,V012,0,ncc|resp
2026-07-04_Mark-Liversedge_Wrist_01__swing_0005,498,3341887,103.750,0.2825,36.0,0.6377,0.0742,59.46,37.92,V012,0,ncc|margin|resp|r0
2026-07-04_Mark-Liversedge_Wrist_01__swing_0005,499,3348613,108.250,0.4775,237.0,0.6551,0.2574,55.95,36.65,V012,0,ncc|resp
2026-07-04_Mark-Liversedge_Wrist_01__swing_0005,500,3355297,114.750,0.2850,122.0,0.6285,0.1293,48.01,30.17,V012,0,ncc|resp
2026-07-04_Mark-Liversedge_Wrist_01__swing_0005,501,3362002,113.250,0.4250,215.0,0.5831,0.0455,65.10,37.96,V012,0,ncc|margin|resp
2026-07-04_Mark-Liversedge_Wrist_01__swing_0005,502,3368710,107.000,0.2400,66.0,0.5820,0.0648,60.82,35.40,V012,0,ncc|margin|resp
2026-07-04_Mark-Liversedge_Wrist_01__swing_0005,503,3375467,113.500,0.2250,118.0,0.6118,0.1466,55.43,33.91,V012,0,ncc|resp
2026-07-04_Mark-Liversedge_Wrist_01__swing_0005,504,3382128,110.750,0.4750,30.0,0.6253,0.0986,55.10,34.46,V012,0,ncc|margin|resp|r0
2026-07-04_Mark-Liversedge_Wrist_01__swing_0005,505,3388756,149.250,0.3400,250.0,0.6497,0.1956,56.56,36.75,V012,0,ncc|resp
2026-07-04_Mark-Liversedge_Wrist_01__swing_0005,506,3395518,158.500,0.3200,188.0,0.6259,-0.0073,58.08,36.36,V012,0,ncc|margin|resp
2026-07-04_Mark-Liversedge_Wrist_01__swing_0005,507,3402178,137.250,0.2750,230.0,0.7088,0.1670,59.49,42.16,V012,0,
2026-07-04_Mark-Liversedge_Wrist_01__swing_0005,508,3408920,156.500,0.2200,54.0,0.6790,0.0557,51.24,34.79,V012,0,ncc|margin|resp|r0
2026-07-04_Mark-Liversedge_Wrist_01__swing_0005,509,3415602,228.250,0.2625,26.0,0.6513,0.0123,50.57,32.93,V012,0,ncc|margin|resp|r0
2026-07-04_Mark-Liversedge_Wrist_01__swing_0005,510,3422295,122.750,0.3000,76.0,0.6260,0.0169,52.72,33.00,V012,0,ncc|margin|resp
2026-07-04_Mark-Liversedge_Wrist_01__swing_0005,511,3428940,214.000,0.3575,95.0,0.6055,-0.0677,45.62,27.62,V012,0,ncc|margin|resp
2026-07-04_Mark-Liversedge_Wrist_01__swing_0005,512,3435660,203.250,0.4050,258.0,0.6073,0.0374,49.65,30.15,V012,0,ncc|margin|resp
2026-07-04_Mark-Liversedge_Wrist_01__swing_0005,513,3442352,227.500,0.3200,44.0,0.6425,0.1476,45.61,29.31,V012,0,ncc|resp|r0
2026-07-04_Mark-Liversedge_Wrist_01__swing_0005,514,3449127,142.000,0.3650,166.0,0.6141,0.0598,53.64,32.94,V012,0,ncc|margin|resp
2026-07-04_Mark-Liversedge_Wrist_01__swing_0005,515,3455907,138.250,0.3350,160.0,0.6220,0.0129,50.95,31.69,V012,0,ncc|margin|resp
2026-07-04_Mark-Liversedge_Wrist_01__swing_0005,516,3462493,243.500,0.3600,116.0,0.6491,0.1962,56.97,36.98,V012,0,ncc|resp
2026-07-04_Mark-Liversedge_Wrist_01__swing_0005,517,3469197,243.000,0.3925,167.0,0.7072,0.0402,48.99,34.64,V012,0,margin|resp
2026-07-04_Mark-Liversedge_Wrist_01__swing_0005,518,3475815,116.000,0.4250,168.0,0.6701,0.0372,55.11,36.93,V012,0,ncc|margin|resp
2026-07-04_Mark-Liversedge_Wrist_01__swing_0005,519,3482607,222.750,0.4025,81.0,0.6742,0.0046,51.41,34.66,V012,0,ncc|margin|resp
2026-07-04_Mark-Liversedge_Wrist_01__swing_0005,520,3489438,231.750,0.4600,18.0,0.6390,0.0064,50.38,32.19,V012,0,ncc|margin|resp|r0
2026-07-04_Mark-Liversedge_Wrist_01__swing_0005,521,3495973,229.750,0.2425,20.0,0.6782,0.3772,54.57,37.01,V012,0,ncc|resp|r0
2026-07-04_Mark-Liversedge_Wrist_01__swing_0005,522,3502682,219.250,0.4150,81.0,0.6745,0.0992,49.54,33.42,V012,0,ncc|margin|resp
2026-07-04_Mark-Liversedge_Wrist_01__swing_0005,523,3509328,225.000,0.4125,41.0,0.6898,0.1249,50.81,35.05,V012,0,ncc|resp|r0
2026-07-04_Mark-Liversedge_Wrist_01__swing_0005,524,3516128,240.500,0.3100,91.0,0.6662,0.0763,65.63,43.72,V012,0,ncc|margin
2026-07-04_Mark-Liversedge_Wrist_01__swing_0005,525,3522749,223.750,0.4225,154.0,0.6919,0.1729,56.68,39.22,V012,0,ncc|resp
2026-07-04_Mark-Liversedge_Wrist_01__swing_0005,526,3529505,226.250,0.4075,141.0,0.7553,0.1659,52.67,39.78,V012,0,resp
2026-07-04_Mark-Liversedge_Wrist_01__swing_0005,527,3536186,259.250,0.2200,146.0,0.7140,0.0499,53.29,38.05,V012,0,margin|resp
2026-07-04_Mark-Liversedge_Wrist_01__swing_0005,528,3542916,86.250,0.2950,193.0,0.6953,0.0368,56.75,39.46,V012,0,ncc|margin|resp
2026-07-04_Mark-Liversedge_Wrist_01__swing_0005,529,3549764,231.750,0.2825,14.0,0.7239,0.1042,59.79,43.28,V012,0,margin|r0
2026-07-04_Mark-Liversedge_Wrist_01__swing_0005,530,3556286,222.750,0.3925,225.0,0.7812,0.1382,56.98,44.51,V012,0,
2026-07-04_Mark-Liversedge_Wrist_01__swing_0005,531,3563102,220.000,0.4150,236.0,0.7093,0.1857,60.15,42.66,V012,0,
2026-07-04_Mark-Liversedge_Wrist_01__swing_0005,532,3569725,101.250,0.3650,215.0,0.7467,0.2556,56.91,42.49,V012,0,
2026-07-04_Mark-Liversedge_Wrist_01__swing_0005,533,3576370,102.000,0.3625,111.0,0.7768,0.3726,55.72,43.28,V012,0,
2026-07-04_Mark-Liversedge_Wrist_01__swing_0005,534,3583095,102.250,0.3575,241.0,0.7902,0.2734,57.29,45.27,V012,0,
2026-07-04_Mark-Liversedge_Wrist_01__swing_0005,535,3589728,99.250,0.3800,24.0,0.7260,0.2637,54.32,39.44,V012,0,resp|r0
2026-07-04_Mark-Liversedge_Wrist_01__swing_0005,536,3596563,120.250,0.1950,7.0,0.6983,0.1058,43.94,30.69,V012,0,ncc|margin|resp|r0
2026-07-04_Mark-Liversedge_Wrist_01__swing_0005,537,3603143,151.500,0.4300,255.0,0.6805,0.1431,47.28,32.18,V012,0,ncc|resp
2026-07-04_Mark-Liversedge_Wrist_01__swing_0005,538,3609847,152.750,0.3150,36.0,0.6164,0.1132,52.05,32.09,V012,0,ncc|margin|resp|r0
2026-07-04_Mark-Liversedge_Wrist_01__swing_0005,539,3616659,104.750,0.2375,188.0,0.6787,0.1689,48.24,32.74,V012,0,ncc|resp
2026-07-04_Mark-Liversedge_Wrist_01__swing_0005,540,3623405,99.500,0.2350,172.0,0.7035,0.1381,44.43,31.25,V012,0,resp
2026-07-04_Mark-Liversedge_Wrist_01__swing_0005,541,3629955,154.250,0.3225,143.0,0.6256,-0.0909,51.70,32.35,V012,0,ncc|margin|resp
2026-07-04_Mark-Liversedge_Wrist_01__swing_0005,542,3636722,106.250,0.4525,58.0,0.6671,0.1562,55.04,36.72,V012,0,ncc|resp|r0
2026-07-04_Mark-Liversedge_Wrist_01__swing_0005,543,3643323,107.250,0.2750,99.0,0.6299,-0.0767,47.36,29.83,V012,0,ncc|margin|resp
2026-07-04_Mark-Liversedge_Wrist_01__swing_0005,544,3650030,97.000,0.3050,162.0,0.7207,0.2195,48.97,35.29,V012,0,resp
2026-07-04_Mark-Liversedge_Wrist_01__swing_0005,545,3656707,96.250,0.3075,149.0,0.7342,0.2544,51.45,37.77,V012,0,resp
2026-07-04_Mark-Liversedge_Wrist_01__swing_0005,546,3663578,94.250,0.3150,236.0,0.7471,0.1470,53.08,39.66,V012,0,resp
2026-07-04_Mark-Liversedge_Wrist_01__swing_0005,547,3670120,94.500,0.3150,109.0,0.7552,0.2574,52.41,39.58,V012,0,resp
2026-07-04_Mark-Liversedge_Wrist_01__swing_0005,548,3676864,98.000,0.3000,24.0,0.7042,0.0735,47.99,33.80,V012,0,margin|resp|r0
2026-07-04_Mark-Liversedge_Wrist_01__swing_0005,549,3683555,97.250,0.3050,28.0,0.7390,0.2013,49.03,36.24,V012,0,resp|r0
2026-07-04_Mark-Liversedge_Wrist_01__swing_0005,550,3690208,94.000,0.3150,14.0,0.6678,0.3553,54.77,36.57,V012,0,ncc|resp|r0
2026-07-04_Mark-Liversedge_Wrist_01__swing_0005,551,3697071,100.750,0.3250,19.0,0.7096,0.1681,49.06,34.82,V012,0,resp|r0
2026-07-04_Mark-Liversedge_Wrist_01__swing_0005,552,3703801,75.750,0.3975,4.0,0.7110,0.1284,50.94,36.22,V012,0,resp|r0
2026-07-04_Mark-Liversedge_Wrist_01__swing_0005,553,3710303,75.000,0.4025,6.0,0.6969,0.0942,49.07,34.20,V012,0,ncc|margin|resp|r0
2026-07-04_Mark-Liversedge_Wrist_01__swing_0005,554,3717218,91.750,0.3450,51.0,0.7042,0.1271,43.19,30.41,V012,0,resp|r0
2026-07-04_Mark-Liversedge_Wrist_01__swing_0005,555,3723777,91.250,0.3450,42.0,0.7142,0.0177,43.94,31.38,V012,0,margin|resp|r0
2026-07-04_Mark-Liversedge_Wrist_01__swing_0005,556,3730447,108.750,0.2175,149.0,0.6671,0.0627,50.60,33.76,V012,0,ncc|margin|resp
2026-07-04_Mark-Liversedge_Wrist_01__swing_0005,557,3737189,95.000,0.4250,194.0,0.6527,0.1407,59.61,38.91,V012,0,ncc|resp
2026-07-04_Mark-Liversedge_Wrist_01__swing_0005,558,3743738,89.000,0.4800,217.0,0.6496,0.0175,46.41,30.15,V012,0,ncc|margin|resp
2026-07-04_Mark-Liversedge_Wrist_01__swing_0005,559,3750539,117.750,0.2600,246.0,0.6912,0.0690,51.07,35.30,V012,0,ncc|margin|resp
2026-07-04_Mark-Liversedge_Wrist_01__swing_0005,560,3757402,118.000,0.2625,255.0,0.6940,0.0850,52.07,36.13,V012,0,ncc|margin|resp
2026-07-04_Mark-Liversedge_Wrist_01__swing_0005,561,3764054,111.000,0.2225,123.0,0.6686,0.1913,63.61,42.53,V012,0,ncc
2026-07-04_Mark-Liversedge_Wrist_01__swing_0005,562,3770663,116.250,0.2650,235.0,0.6870,0.1739,56.06,38.51,V012,0,ncc|resp
2026-07-04_Mark-Liversedge_Wrist_01__swing_0005,563,3777310,110.000,0.2250,100.0,0.6193,0.1461,58.18,36.03,V012,0,ncc|resp
2026-07-04_Mark-Liversedge_Wrist_01__swing_0005,564,3784115,108.500,0.2250,100.0,0.5936,-0.0120,58.60,34.79,V012,0,ncc|margin|resp
2026-07-04_Mark-Liversedge_Wrist_01__swing_0005,565,3790831,118.000,0.2750,219.0,0.7007,0.1041,49.59,34.75,V012,0,margin|resp
2026-07-04_Mark-Liversedge_Wrist_01__swing_0005,566,3797432,112.000,0.2200,56.0,0.6080,0.2857,66.72,40.57,V012,0,ncc|r0
2026-07-04_Mark-Liversedge_Wrist_01__swing_0005,567,3804190,113.500,0.2250,70.0,0.6644,0.3759,63.52,42.20,V012,0,ncc
2026-07-04_Mark-Liversedge_Wrist_01__swing_0005,568,3810894,115.750,0.2350,112.0,0.6409,0.2863,51.00,32.68,V012,0,ncc|resp
2026-07-04_Mark-Liversedge_Wrist_01__swing_0005,569,3817534,116.250,0.2350,123.0,0.6415,0.2423,49.00,31.43,V012,0,ncc|resp
2026-07-04_Mark-Liversedge_Wrist_01__swing_0005,570,3824256,115.000,0.2350,86.0,0.6467,0.3253,58.72,37.98,V012,0,ncc|resp
2026-07-04_Mark-Liversedge_Wrist_01__swing_0005,571,3830903,115.000,0.2350,86.0,0.6719,0.4005,55.45,37.26,V012,0,ncc|resp
2026-07-04_Mark-Liversedge_Wrist_01__swing_0005,572,3837704,113.750,0.2350,73.0,0.6692,0.3348,55.58,37.19,V012,0,ncc|resp
2026-07-04_Mark-Liversedge_Wrist_01__swing_0005,573,3844309,116.500,0.2425,92.0,0.7064,0.3550,45.76,32.32,V012,0,resp
2026-07-04_Mark-Liversedge_Wrist_01__swing_0005,574,3851085,117.000,0.2475,89.0,0.7242,0.2559,46.64,33.78,V012,0,resp
2026-07-04_Mark-Liversedge_Wrist_01__swing_0005,575,3857753,115.250,0.2425,59.0,0.6988,0.4745,56.27,39.32,V012,0,ncc|resp|r0
2026-07-04_Mark-Liversedge_Wrist_01__swing_0005,576,3864445,118.250,0.2550,90.0,0.7530,0.3620,54.57,41.09,V012,0,
2026-07-04_Mark-Liversedge_Wrist_01__swing_0005,577,3871077,122.750,0.2700,108.0,0.7203,0.4918,51.07,36.79,V012,0,resp
2026-07-04_Mark-Liversedge_Wrist_01__swing_0005,578,3877773,117.500,0.2550,82.0,0.7489,0.4167,47.98,35.93,V012,0,resp
2026-07-04_Mark-Liversedge_Wrist_01__swing_0005,579,3884474,117.000,0.2550,74.0,0.7354,0.4101,47.18,34.70,V012,0,resp
2026-07-04_Mark-Liversedge_Wrist_01__swing_0005,580,3891164,113.750,0.2475,29.0,0.7411,0.4788,54.24,40.19,V012,0,r0
2026-07-04_Mark-Liversedge_Wrist_01__swing_0005,581,3897929,114.000,0.2450,1.0,0.7643,0.4527,56.93,43.51,V012,0,r0
2026-07-04_Mark-Liversedge_Wrist_01__swing_0005,582,3904546,113.250,0.2450,1.0,0.7565,0.2434,55.02,41.62,V012,0,r0
2026-07-04_Mark-Liversedge_Wrist_01__swing_0005,583,3911307,114.750,0.2500,4.0,0.7363,0.1895,53.22,39.19,V012,0,resp|r0
2026-07-04_Mark-Liversedge_Wrist_01__swing_0005,584,3918056,114.750,0.2500,4.0,0.7342,0.2243,52.42,38.48,V012,0,resp|r0
2026-07-04_Mark-Liversedge_Wrist_01__swing_0005,585,3924750,114.250,0.2500,4.0,0.7405,0.5646,55.31,40.95,V012,0,r0
2026-07-04_Mark-Liversedge_Wrist_01__swing_0005,586,3931388,114.250,0.2500,4.0,0.7486,0.5112,57.54,43.07,V012,0,r0
2026-07-04_Mark-Liversedge_Wrist_01__swing_0005,587,3938095,114.750,0.2550,46.0,0.7434,0.4169,51.43,38.23,V012,0,resp|r0
2026-07-04_Mark-Liversedge_Wrist_01__swing_0005,588,3944941,117.250,0.2600,34.0,0.7205,0.4765,45.73,32.95,V012,0,resp|r0
2026-07-04_Mark-Liversedge_Wrist_01__swing_0005,589,3951511,115.250,0.2550,58.0,0.7243,0.4056,43.87,31.78,V012,0,resp|r0
2026-07-04_Mark-Liversedge_Wrist_01__swing_0005,590,3958163,115.750,0.2550,62.0,0.7010,0.3252,42.27,29.63,V012,0,resp
2026-07-04_Mark-Liversedge_Wrist_01__swing_0005,591,3964905,116.250,0.2550,66.0,0.6960,0.2095,47.43,33.01,V012,0,ncc|resp
2026-07-04_Mark-Liversedge_Wrist_01__swing_0005,592,3971568,114.500,0.2550,74.0,0.6806,0.2111,46.11,31.38,V012,0,ncc|resp
2026-07-04_Mark-Liversedge_Wrist_01__swing_0005,593,3978284,115.250,0.2550,46.0,0.6650,0.1779,40.97,27.24,V012,0,ncc|resp|r0
2026-07-04_Mark-Liversedge_Wrist_01__swing_0005,594,3984956,111.750,0.2550,39.0,0.6695,0.2274,43.53,29.14,V012,0,ncc|resp|r0
2026-07-04_Mark-Liversedge_Wrist_01__swing_0005,595,3991721,120.250,0.2700,139.0,0.6772,0.1705,41.18,27.89,V012,0,ncc|resp
2026-07-04_Mark-Liversedge_Wrist_01__swing_0005,596,3998569,114.000,0.2525,87.0,0.6722,0.1996,46.68,31.38,V012,0,ncc|resp
2026-07-04_Mark-Liversedge_Wrist_01__swing_0005,597,4005052,122.750,0.2900,179.0,0.7055,0.2874,47.30,33.37,V012,0,resp
2026-07-04_Mark-Liversedge_Wrist_01__swing_0005,598,4011852,116.000,0.2625,96.0,0.6621,0.2290,41.12,27.22,V012,0,ncc|resp
2026-07-04_Mark-Liversedge_Wrist_01__swing_0005,599,4018517,123.250,0.2900,189.0,0.6973,0.0591,42.55,29.67,V012,0,ncc|margin|resp
2026-07-04_Mark-Liversedge_Wrist_01__swing_0005,600,4025345,122.750,0.2900,200.0,0.6917,0.2642,42.91,29.68,V012,0,ncc|resp
2026-07-04_Mark-Liversedge_Wrist_01__swing_0005,601,4031878,122.500,0.2900,210.0,0.6782,0.3207,51.61,35.00,V012,0,ncc|resp
2026-07-04_Mark-Liversedge_Wrist_01__swing_0005,602,4038543,115.000,0.2550,148.0,0.6695,0.2769,46.65,31.23,V012,0,ncc|resp
2026-07-04_Mark-Liversedge_Wrist_01__swing_0005,603,4045376,116.750,0.2650,144.0,0.6779,0.3103,42.44,28.77,V012,0,ncc|resp
2026-07-04_Mark-Liversedge_Wrist_01__swing_0005,604,4052098,116.750,0.2650,144.0,0.6732,0.1895,40.75,27.44,V012,0,ncc|resp
2026-07-04_Mark-Liversedge_Wrist_01__swing_0005,605,4058650,117.750,0.2650,152.0,0.6755,0.2263,40.06,27.06,V012,0,ncc|resp
2026-07-04_Mark-Liversedge_Wrist_01__swing_0005,606,4065385,112.250,0.2450,148.0,0.6740,0.2505,47.23,31.83,V012,0,ncc|resp
2026-07-04_Mark-Liversedge_Wrist_01__swing_0005,607,4072091,115.250,0.2550,152.0,0.6685,0.2551,47.30,31.62,V012,0,ncc|resp
2026-07-04_Mark-Liversedge_Wrist_01__swing_0005,608,4078764,116.250,0.2650,178.0,0.6793,0.3659,46.77,31.78,V012,0,ncc|resp
2026-07-04_Mark-Liversedge_Wrist_01__swing_0005,609,4085435,119.000,0.2700,175.0,0.6742,0.2240,38.75,26.13,V012,0,ncc|resp
2026-07-04_Mark-Liversedge_Wrist_01__swing_0005,610,4092143,116.500,0.2625,176.0,0.6817,0.3261,41.15,28.05,V012,0,ncc|resp
2026-07-04_Mark-Liversedge_Wrist_01__swing_0005,611,4098928,113.250,0.2500,172.0,0.6758,0.3210,47.94,32.40,V012,0,ncc|resp
2026-07-04_Mark-Liversedge_Wrist_01__swing_0005,612,4105737,120.750,0.2625,203.0,0.6653,0.2038,47.92,31.88,V012,0,ncc|resp
2026-07-04_Mark-Liversedge_Wrist_01__swing_0005,613,4112243,114.250,0.2525,182.0,0.6895,0.2149,46.96,32.38,V012,0,ncc|resp
2026-07-04_Mark-Liversedge_Wrist_01__swing_0005,614,4118928,113.250,0.2525,186.0,0.6478,0.1659,40.72,26.38,V012,0,ncc|resp
2026-07-04_Mark-Liversedge_Wrist_01__swing_0005,615,4125602,112.250,0.2125,20.0,0.6765,0.1155,46.35,31.35,V012,0,ncc|margin|resp|r0
2026-07-04_Mark-Liversedge_Wrist_01__swing_0005,616,4132460,115.000,0.2525,182.0,0.6804,0.2825,48.14,32.76,V012,0,ncc|resp
2026-07-04_Mark-Liversedge_Wrist_01__swing_0005,617,4139041,112.500,0.2600,196.0,0.6604,0.0057,31.35,20.71,V012,0,ncc|margin|resp
2026-07-04_Mark-Liversedge_Wrist_01__swing_0005,618,4145713,104.000,0.4175,42.0,0.6116,0.1873,39.01,23.86,V012,0,ncc|resp|r0
2026-07-04_Mark-Liversedge_Wrist_01__swing_0005,619,4152472,104.500,0.4175,44.0,0.6169,0.2286,39.39,24.30,V012,0,ncc|resp|r0
2026-07-04_Mark-Liversedge_Wrist_01__swing_0005,620,4159137,99.000,0.4000,6.0,0.5891,0.2050,37.71,22.22,V012,0,ncc|resp|r0
2026-07-04_Mark-Liversedge_Wrist_01__swing_0005,621,4165864,99.000,0.4000,6.0,0.5844,0.1749,37.39,21.85,V012,0,ncc|resp|r0
2026-07-04_Mark-Liversedge_Wrist_01__swing_0005,622,4172539,99.250,0.4000,6.0,0.5786,0.2225,37.26,21.56,V012,0,ncc|resp|r0
2026-07-04_Mark-Liversedge_Wrist_01__swing_0005,623,4179228,104.000,0.4200,50.0,0.5951,0.2084,39.37,23.43,V012,0,ncc|resp|r0
2026-07-04_Mark-Liversedge_Wrist_01__swing_0006,216,1447033,141.500,0.3225,132.0,0.6605,0.0092,49.12,32.44,V012,0,ncc|margin|resp
2026-07-04_Mark-Liversedge_Wrist_01__swing_0006,217,1453828,42.000,0.3975,117.0,0.6987,0.1395,60.12,42.00,V012,0,ncc
2026-07-04_Mark-Liversedge_Wrist_01__swing_0006,218,1460597,42.250,0.3950,113.0,0.6892,0.2499,59.99,41.35,V012,0,ncc
2026-07-04_Mark-Liversedge_Wrist_01__swing_0006,219,1467175,42.250,0.3975,122.0,0.6761,0.1208,61.08,41.29,V012,0,ncc
2026-07-04_Mark-Liversedge_Wrist_01__swing_0006,220,1473971,150.750,0.2850,260.0,0.6962,0.0355,51.44,35.81,V012,0,ncc|margin|resp
2026-07-04_Mark-Liversedge_Wrist_01__swing_0006,221,1480525,43.250,0.4000,123.0,0.7068,0.0899,51.85,36.65,V012,0,margin|resp
2026-07-04_Mark-Liversedge_Wrist_01__swing_0006,222,1487278,157.750,0.3075,250.0,0.6565,-0.3045,49.98,32.82,V012,0,ncc|margin|resp
2026-07-04_Mark-Liversedge_Wrist_01__swing_0006,223,1493972,215.250,0.4600,252.0,0.6679,0.0827,48.48,32.38,V012,0,ncc|margin|resp
2026-07-04_Mark-Liversedge_Wrist_01__swing_0006,224,1500595,150.000,0.2800,257.0,0.6988,0.0867,52.34,36.57,V012,0,ncc|margin|resp
2026-07-04_Mark-Liversedge_Wrist_01__swing_0006,225,1507419,150.250,0.2800,257.0,0.6965,0.1749,52.83,36.80,V012,0,ncc|resp
2026-07-04_Mark-Liversedge_Wrist_01__swing_0006,226,1514025,150.000,0.2800,260.0,0.6835,0.0379,52.54,35.91,V012,0,ncc|margin|resp
2026-07-04_Mark-Liversedge_Wrist_01__swing_0006,227,1520793,44.500,0.3975,122.0,0.6815,0.1923,59.24,40.37,V012,0,ncc
2026-07-04_Mark-Liversedge_Wrist_01__swing_0006,228,1527412,44.750,0.3975,122.0,0.6727,0.1128,58.48,39.34,V012,0,ncc|margin|resp
2026-07-04_Mark-Liversedge_Wrist_01__swing_0006,229,1534191,45.000,0.3975,124.0,0.6634,0.1111,59.36,39.38,V012,0,ncc|margin|resp
2026-07-04_Mark-Liversedge_Wrist_01__swing_0006,230,1540906,45.750,0.3950,118.0,0.6914,0.1971,50.58,34.97,V012,0,ncc|resp
2026-07-04_Mark-Liversedge_Wrist_01__swing_0006,231,1547458,45.750,0.3950,116.0,0.6690,0.2064,53.89,36.05,V012,0,ncc|resp
2026-07-04_Mark-Liversedge_Wrist_01__swing_0006,232,1554275,46.000,0.3950,121.0,0.6418,0.1043,58.94,37.83,V012,0,ncc|margin|resp
2026-07-04_Mark-Liversedge_Wrist_01__swing_0006,233,1560930,218.250,0.4750,80.0,0.6846,-0.0331,45.75,31.32,V012,0,ncc|margin|resp
2026-07-04_Mark-Liversedge_Wrist_01__swing_0006,234,1567657,218.250,0.4750,82.0,0.6825,0.0379,46.35,31.63,V012,0,ncc|margin|resp
2026-07-04_Mark-Liversedge_Wrist_01__swing_0006,235,1574303,245.500,0.3550,0.0,0.7226,0.1618,48.31,34.91,V012,0,resp|r0
2026-07-04_Mark-Liversedge_Wrist_01__swing_0006,236,1581144,245.250,0.3575,1.0,0.6993,0.1280,47.52,33.23,V012,0,ncc|resp|r0
2026-07-04_Mark-Liversedge_Wrist_01__swing_0006,237,1587737,244.500,0.3575,1.0,0.7257,0.0576,45.70,33.17,V012,0,margin|resp|r0
2026-07-04_Mark-Liversedge_Wrist_01__swing_0006,238,1594572,226.500,0.3800,19.0,0.7134,0.0083,48.66,34.71,V012,0,margin|resp|r0
2026-07-04_Mark-Liversedge_Wrist_01__swing_0006,239,1601185,245.500,0.3550,0.0,0.7269,0.0978,48.97,35.59,V012,0,margin|resp|r0
2026-07-04_Mark-Liversedge_Wrist_01__swing_0006,240,1607844,245.500,0.3550,0.0,0.7280,0.2691,48.64,35.41,V012,0,resp|r0
2026-07-04_Mark-Liversedge_Wrist_01__swing_0006,241,1614493,245.250,0.3550,1.0,0.7299,0.1342,48.99,35.75,V012,0,resp|r0
2026-07-04_Mark-Liversedge_Wrist_01__swing_0006,242,1621205,245.750,0.3550,0.0,0.7237,0.1585,50.10,36.26,V012,0,resp|r0
2026-07-04_Mark-Liversedge_Wrist_01__swing_0006,243,1627894,245.750,0.3550,1.0,0.7299,0.0770,50.45,36.82,V012,0,margin|resp|r0
2026-07-04_Mark-Liversedge_Wrist_01__swing_0006,244,1634604,226.250,0.3800,27.0,0.6834,0.1371,51.83,35.42,V012,0,ncc|resp|r0
2026-07-04_Mark-Liversedge_Wrist_01__swing_0006,245,1641376,226.500,0.3775,19.0,0.6867,0.0763,45.87,31.50,V012,0,ncc|margin|resp|r0
2026-07-04_Mark-Liversedge_Wrist_01__swing_0006,246,1648028,226.750,0.3750,21.0,0.7078,0.1189,46.64,33.02,V012,0,margin|resp|r0
2026-07-04_Mark-Liversedge_Wrist_01__swing_0006,247,1654805,229.500,0.3650,0.0,0.7107,0.0888,43.62,31.00,V012,0,margin|resp|r0
2026-07-04_Mark-Liversedge_Wrist_01__swing_0006,248,1661542,229.750,0.3625,0.0,0.7591,0.1814,46.98,35.66,V012,0,resp|r0
2026-07-04_Mark-Liversedge_Wrist_01__swing_0006,249,1668140,229.750,0.3625,0.0,0.7582,0.1597,46.75,35.45,V012,0,resp|r0
2026-07-04_Mark-Liversedge_Wrist_01__swing_0006,250,1674884,222.500,0.4400,74.0,0.6608,0.0210,46.27,30.58,V012,0,ncc|margin|resp
2026-07-04_Mark-Liversedge_Wrist_01__swing_0006,251,1681585,54.250,0.3950,121.0,0.6082,0.0354,64.37,39.15,V012,0,ncc|margin|resp
2026-07-04_Mark-Liversedge_Wrist_01__swing_0006,252,1688207,229.500,0.3625,3.0,0.7365,-0.0710,44.93,33.09,V012,0,margin|resp|r0
2026-07-04_Mark-Liversedge_Wrist_01__swing_0006,253,1695041,55.250,0.3925,117.0,0.6965,0.1048,66.97,46.64,V012,0,ncc|margin
2026-07-04_Mark-Liversedge_Wrist_01__swing_0006,254,1701662,55.750,0.3925,120.0,0.7147,0.2453,70.13,50.12,V012,1,
2026-07-04_Mark-Liversedge_Wrist_01__swing_0006,255,1708348,56.250,0.3925,130.0,0.7084,0.2870,66.15,46.86,V012,1,
2026-07-04_Mark-Liversedge_Wrist_01__swing_0006,256,1715072,57.000,0.3900,126.0,0.7418,0.3661,65.97,48.94,V012,1,
2026-07-04_Mark-Liversedge_Wrist_01__swing_0006,257,1721827,57.500,0.3925,132.0,0.7871,0.4371,68.16,53.65,V012,1,
2026-07-04_Mark-Liversedge_Wrist_01__swing_0006,258,1728361,229.750,0.3625,3.0,0.7344,-0.7102,47.84,35.13,V012,0,margin|resp|r0
2026-07-04_Mark-Liversedge_Wrist_01__swing_0006,259,1735131,58.750,0.3900,123.0,0.7558,0.3828,72.95,55.13,V012,1,
2026-07-04_Mark-Liversedge_Wrist_01__swing_0006,260,1741890,230.000,0.3600,3.0,0.7185,0.1020,46.78,33.61,V012,0,margin|resp|r0
2026-07-04_Mark-Liversedge_Wrist_01__swing_0006,261,1748582,59.000,0.3875,122.0,0.7348,0.4461,71.09,52.24,V012,1,
2026-07-04_Mark-Liversedge_Wrist_01__swing_0006,262,1755375,230.250,0.3600,6.0,0.6907,0.0063,42.39,29.28,V012,0,ncc|margin|resp|r0
2026-07-04_Mark-Liversedge_Wrist_01__swing_0006,263,1761939,58.500,0.3875,127.0,0.7558,0.4171,72.17,54.55,V012,1,
2026-07-04_Mark-Liversedge_Wrist_01__swing_0006,264,1768589,58.500,0.3900,123.0,0.7555,0.3901,72.68,54.91,V012,1,
2026-07-04_Mark-Liversedge_Wrist_01__swing_0006,265,1775220,230.750,0.3575,9.0,0.7137,-0.0673,45.93,32.78,V012,0,margin|resp|r0
2026-07-04_Mark-Liversedge_Wrist_01__swing_0006,266,1781926,58.000,0.3900,123.0,0.7556,0.4208,67.99,51.37,V012,1,
2026-07-04_Mark-Liversedge_Wrist_01__swing_0006,267,1788677,58.250,0.3900,128.0,0.7451,0.3995,68.79,51.25,V012,1,
2026-07-04_Mark-Liversedge_Wrist_01__swing_0006,268,1795345,140.500,0.2425,68.0,0.7195,-0.9105,42.03,30.24,V012,0,margin|resp
2026-07-04_Mark-Liversedge_Wrist_01__swing_0006,269,1802103,58.000,0.3900,128.0,0.7564,0.4894,70.14,53.06,V012,1,
2026-07-04_Mark-Liversedge_Wrist_01__swing_0006,270,1808877,58.000,0.3900,131.0,0.7623,0.4665,70.30,53.59,V012,1,
2026-07-04_Mark-Liversedge_Wrist_01__swing_0006,271,1815394,57.750,0.3875,127.0,0.7496,0.4611,66.70,50.00,V012,1,
2026-07-04_Mark-Liversedge_Wrist_01__swing_0006,272,1822216,57.750,0.3900,131.0,0.7659,0.4678,67.43,51.64,V012,1,
2026-07-04_Mark-Liversedge_Wrist_01__swing_0006,273,1829043,58.250,0.3900,133.0,0.7521,0.4632,72.08,54.21,V012,1,
2026-07-04_Mark-Liversedge_Wrist_01__swing_0006,274,1835566,231.750,0.3600,6.0,0.6852,-0.7432,47.50,32.55,V012,0,ncc|margin|resp|r0
2026-07-04_Mark-Liversedge_Wrist_01__swing_0006,275,1842333,58.250,0.3875,132.0,0.7538,0.4509,72.36,54.55,V012,1,
2026-07-04_Mark-Liversedge_Wrist_01__swing_0006,276,1849016,58.000,0.3875,132.0,0.7581,0.4818,69.00,52.31,V012,1,
2026-07-04_Mark-Liversedge_Wrist_01__swing_0006,277,1855658,58.000,0.3875,135.0,0.7557,0.3619,68.82,52.01,V012,1,
2026-07-04_Mark-Liversedge_Wrist_01__swing_0006,278,1862523,221.500,0.3375,254.0,0.7199,0.0338,54.44,39.19,V012,0,margin|resp
2026-07-04_Mark-Liversedge_Wrist_01__swing_0006,279,1869078,55.250,0.3700,99.0,0.6683,0.0661,57.31,38.30,V012,0,ncc|margin|resp
2026-07-04_Mark-Liversedge_Wrist_01__swing_0006,280,1875795,55.250,0.3700,102.0,0.6814,0.0426,56.45,38.46,V012,0,ncc|margin|resp
2026-07-04_Mark-Liversedge_Wrist_01__swing_0006,281,1882442,55.000,0.3675,94.0,0.6750,0.0492,56.75,38.31,V012,0,ncc|margin|resp
2026-07-04_Mark-Liversedge_Wrist_01__swing_0006,282,1889247,57.500,0.3900,128.0,0.7567,0.3735,69.96,52.94,V012,1,
2026-07-04_Mark-Liversedge_Wrist_01__swing_0006,283,1896085,57.750,0.3875,132.0,0.7686,0.3730,73.49,56.48,V012,1,
2026-07-04_Mark-Liversedge_Wrist_01__swing_0006,284,1902569,57.500,0.3900,131.0,0.7667,0.4882,73.65,56.47,V012,1,
2026-07-04_Mark-Liversedge_Wrist_01__swing_0006,285,1909298,57.500,0.3900,133.0,0.7612,0.4356,73.76,56.15,V012,1,
2026-07-04_Mark-Liversedge_Wrist_01__swing_0006,286,1915903,57.500,0.3900,136.0,0.7650,0.4483,70.14,53.66,V012,1,
2026-07-04_Mark-Liversedge_Wrist_01__swing_0006,287,1922661,221.250,0.3450,259.0,0.6730,-0.0108,53.00,35.67,V012,0,ncc|margin|resp
2026-07-04_Mark-Liversedge_Wrist_01__swing_0006,288,1929347,250.000,0.3550,1.0,0.6784,0.0316,50.52,34.27,V012,0,ncc|margin|resp|r0
2026-07-04_Mark-Liversedge_Wrist_01__swing_0006,289,1936073,225.250,0.4800,79.0,0.6717,-0.7116,47.85,32.14,V012,0,ncc|margin|resp
2026-07-04_Mark-Liversedge_Wrist_01__swing_0006,290,1942831,250.000,0.3550,4.0,0.6735,0.0736,50.39,33.94,V012,0,ncc|margin|resp|r0
2026-07-04_Mark-Liversedge_Wrist_01__swing_0006,291,1949490,56.750,0.3900,133.0,0.7718,0.3985,66.12,51.03,V012,1,
2026-07-04_Mark-Liversedge_Wrist_01__swing_0006,292,1956154,56.750,0.3900,131.0,0.7687,0.4706,68.81,52.90,V012,1,
2026-07-04_Mark-Liversedge_Wrist_01__swing_0006,293,1962963,56.500,0.3900,131.0,0.7889,0.3998,65.79,51.90,V012,1,
2026-07-04_Mark-Liversedge_Wrist_01__swing_0006,294,1969594,56.500,0.3900,131.0,0.7853,0.4416,69.79,54.80,V012,1,
2026-07-04_Mark-Liversedge_Wrist_01__swing_0006,295,1976355,56.750,0.3900,131.0,0.7897,0.4649,70.37,55.57,V012,1,
2026-07-04_Mark-Liversedge_Wrist_01__swing_0006,296,1982928,56.500,0.3875,127.0,0.7874,0.4706,66.36,52.25,V012,1,
2026-07-04_Mark-Liversedge_Wrist_01__swing_0006,297,1989724,145.250,0.2600,102.0,0.6913,-0.0675,47.75,33.01,V012,0,ncc|margin|resp
2026-07-04_Mark-Liversedge_Wrist_01__swing_0006,298,1996371,56.000,0.3900,123.0,0.8106,0.4941,67.51,54.72,V012,1,
2026-07-04_Mark-Liversedge_Wrist_01__swing_0006,299,2003073,223.500,0.4500,84.0,0.6868,0.1555,50.00,34.34,V012,0,ncc|resp
2026-07-04_Mark-Liversedge_Wrist_01__swing_0006,300,2009747,227.250,0.3875,39.0,0.6760,-0.8129,50.09,33.86,V012,0,ncc|margin|resp|r0
2026-07-04_Mark-Liversedge_Wrist_01__swing_0006,301,2016464,56.250,0.3875,114.0,0.7901,0.4533,66.95,52.90,V012,1,
2026-07-04_Mark-Liversedge_Wrist_01__swing_0006,302,2023202,145.250,0.2600,90.0,0.6902,-0.1290,48.37,33.38,V012,0,ncc|margin|resp
2026-07-04_Mark-Liversedge_Wrist_01__swing_0006,303,2029777,52.500,0.3650,74.0,0.7419,0.2112,51.61,38.29,V012,0,resp
2026-07-04_Mark-Liversedge_Wrist_01__swing_0006,304,2036535,55.750,0.3900,123.0,0.7958,0.4722,72.20,57.46,V012,1,
2026-07-04_Mark-Liversedge_Wrist_01__swing_0006,305,2043172,55.750,0.3900,123.0,0.7931,0.4840,71.28,56.53,V012,1,
2026-07-04_Mark-Liversedge_Wrist_01__swing_0006,306,2049908,56.000,0.3900,123.0,0.8082,0.4110,64.09,51.80,V012,1,
2026-07-04_Mark-Liversedge_Wrist_01__swing_0006,307,2056724,55.250,0.3875,119.0,0.7822,0.4715,68.78,53.80,V012,1,
2026-07-04_Mark-Liversedge_Wrist_01__swing_0006,308,2063386,55.000,0.3875,119.0,0.7960,0.4189,66.03,52.56,V012,1,
2026-07-04_Mark-Liversedge_Wrist_01__swing_0006,309,2070045,226.250,0.3975,41.0,0.7446,-0.4929,51.29,38.19,V012,0,margin|resp|r0
2026-07-04_Mark-Liversedge_Wrist_01__swing_0006,310,2076863,55.000,0.3875,111.0,0.7890,0.4274,70.53,55.65,V012,1,
2026-07-04_Mark-Liversedge_Wrist_01__swing_0006,311,2083426,54.750,0.3875,117.0,0.7999,0.4408,69.98,55.97,V012,1,
2026-07-04_Mark-Liversedge_Wrist_01__swing_0006,312,2090180,55.000,0.3875,114.0,0.7879,0.4554,66.99,52.78,V012,1,
2026-07-04_Mark-Liversedge_Wrist_01__swing_0006,313,2096785,55.250,0.3875,119.0,0.7952,0.3882,63.82,50.75,V012,1,
2026-07-04_Mark-Liversedge_Wrist_01__swing_0006,314,2103518,54.750,0.3875,117.0,0.7896,0.3486,69.14,54.59,V012,1,
2026-07-04_Mark-Liversedge_Wrist_01__swing_0006,315,2110180,225.750,0.4000,32.0,0.7613,-0.4177,49.59,37.75,V012,0,margin|resp|r0
2026-07-04_Mark-Liversedge_Wrist_01__swing_0006,316,2116872,55.000,0.3875,122.0,0.8036,0.2621,68.23,54.83,V012,1,
2026-07-04_Mark-Liversedge_Wrist_01__swing_0006,317,2123672,249.750,0.3525,179.0,0.7126,-0.6695,48.32,34.43,V012,0,margin|resp
2026-07-04_Mark-Liversedge_Wrist_01__swing_0006,318,2130269,54.250,0.3875,124.0,0.7868,0.3836,65.43,51.48,V012,1,
2026-07-04_Mark-Liversedge_Wrist_01__swing_0006,319,2137028,54.500,0.3900,123.0,0.7728,0.3266,69.30,53.55,V012,1,
2026-07-04_Mark-Liversedge_Wrist_01__swing_0006,320,2143786,51.000,0.3650,82.0,0.8222,0.0505,49.81,40.95,V012,0,margin
2026-07-04_Mark-Liversedge_Wrist_01__swing_0006,321,2150375,50.750,0.3650,84.0,0.8124,0.1489,48.67,39.54,V012,0,resp
2026-07-04_Mark-Liversedge_Wrist_01__swing_0006,322,2157118,54.500,0.3875,119.0,0.7825,0.4462,64.93,50.81,V012,1,
2026-07-04_Mark-Liversedge_Wrist_01__swing_0006,323,2163853,54.000,0.3875,122.0,0.7891,0.4212,65.60,51.77,V012,1,
2026-07-04_Mark-Liversedge_Wrist_01__swing_0006,324,2170596,51.000,0.3650,82.0,0.8261,0.0688,49.27,40.70,V012,0,margin
2026-07-04_Mark-Liversedge_Wrist_01__swing_0006,325,2177164,51.000,0.3650,82.0,0.8185,0.1415,51.13,41.85,V012,1,
2026-07-04_Mark-Liversedge_Wrist_01__swing_0006,326,2184003,50.750,0.3650,82.0,0.8189,0.0916,49.32,40.39,V012,0,margin
2026-07-04_Mark-Liversedge_Wrist_01__swing_0006,327,2190555,54.250,0.3875,117.0,0.7899,0.4246,65.74,51.93,V012,1,
2026-07-04_Mark-Liversedge_Wrist_01__swing_0006,328,2197264,54.250,0.3875,117.0,0.7821,0.4177,65.83,51.48,V012,1,
2026-07-04_Mark-Liversedge_Wrist_01__swing_0006,329,2204037,54.250,0.3875,122.0,0.7657,0.2724,69.68,53.35,V012,1,
2026-07-04_Mark-Liversedge_Wrist_01__swing_0006,330,2210836,54.000,0.3875,122.0,0.7750,0.2706,70.09,54.32,V012,1,
2026-07-04_Mark-Liversedge_Wrist_01__swing_0006,331,2217371,51.000,0.3675,84.0,0.8222,0.0726,49.59,40.77,V012,0,margin
2026-07-04_Mark-Liversedge_Wrist_01__swing_0006,332,2224110,55.000,0.3875,119.0,0.8022,0.3509,60.90,48.86,V012,1,
2026-07-04_Mark-Liversedge_Wrist_01__swing_0006,333,2230779,51.000,0.3675,83.0,0.8133,0.1692,50.70,41.24,V012,0,
2026-07-04_Mark-Liversedge_Wrist_01__swing_0006,334,2237503,51.000,0.3675,84.0,0.8308,0.0857,50.25,41.74,V012,0,margin
2026-07-04_Mark-Liversedge_Wrist_01__swing_0006,335,2244166,51.000,0.3650,81.0,0.8294,0.0612,49.98,41.46,V012,0,margin
2026-07-04_Mark-Liversedge_Wrist_01__swing_0006,336,2250850,51.000,0.3675,84.0,0.8246,0.0612,49.89,41.14,V012,0,margin
2026-07-04_Mark-Liversedge_Wrist_01__swing_0006,337,2257616,55.000,0.3875,117.0,0.8218,0.3818,59.85,49.19,V012,0,
2026-07-04_Mark-Liversedge_Wrist_01__swing_0006,338,2264362,54.250,0.3875,120.0,0.7589,0.4239,67.14,50.96,V012,0,
2026-07-04_Mark-Liversedge_Wrist_01__swing_0006,339,2270984,51.000,0.3675,84.0,0.8118,0.0404,48.87,39.67,V012,0,margin|resp
2026-07-04_Mark-Liversedge_Wrist_01__swing_0006,340,2277731,51.000,0.3650,81.0,0.8196,0.0334,48.99,40.15,V012,0,margin
2026-07-04_Mark-Liversedge_Wrist_01__swing_0006,341,2284385,51.000,0.3650,81.0,0.8193,0.0306,49.46,40.52,V012,0,margin
2026-07-04_Mark-Liversedge_Wrist_01__swing_0006,342,2291174,227.750,0.3925,1.0,0.7629,-0.5122,43.78,33.40,V012,0,margin|resp|r0
2026-07-04_Mark-Liversedge_Wrist_01__swing_0006,343,2297810,51.000,0.3650,82.0,0.8122,0.1630,50.34,40.88,V012,0,
2026-07-04_Mark-Liversedge_Wrist_01__swing_0006,344,2304558,54.750,0.3875,119.0,0.7811,0.2502,63.15,49.33,V012,0,
2026-07-04_Mark-Liversedge_Wrist_01__swing_0006,345,2311110,51.000,0.3650,81.0,0.8167,0.0366,49.78,40.66,V012,0,margin
2026-07-04_Mark-Liversedge_Wrist_01__swing_0006,346,2317845,51.000,0.3650,81.0,0.8215,0.0706,49.77,40.88,V012,0,margin
2026-07-04_Mark-Liversedge_Wrist_01__swing_0006,347,2324713,227.750,0.3925,1.0,0.7597,-0.5064,43.61,33.13,V012,0,margin|resp|r0
2026-07-04_Mark-Liversedge_Wrist_01__swing_0006,348,2331350,51.000,0.3650,82.0,0.8216,0.1884,49.50,40.67,V012,0,
2026-07-04_Mark-Liversedge_Wrist_01__swing_0006,349,2337978,54.250,0.3875,122.0,0.7800,0.4490,65.15,50.81,V012,0,
2026-07-04_Mark-Liversedge_Wrist_01__swing_0006,350,2344591,51.000,0.3650,82.0,0.8113,0.0939,48.63,39.45,V012,0,margin|resp
2026-07-04_Mark-Liversedge_Wrist_01__swing_0006,351,2351361,51.000,0.3650,82.0,0.8157,0.0900,48.18,39.30,V012,0,margin|resp
2026-07-04_Mark-Liversedge_Wrist_01__swing_0006,352,2358058,226.500,0.4800,36.0,0.6636,-0.6103,45.94,30.49,V012,0,ncc|margin|resp|r0
2026-07-04_Mark-Liversedge_Wrist_01__swing_0006,353,2364820,227.250,0.3950,2.0,0.7584,0.0847,43.01,32.62,V012,0,margin|resp|r0
2026-07-04_Mark-Liversedge_Wrist_01__swing_0006,354,2371549,54.250,0.3875,122.0,0.7736,0.4307,64.63,50.00,V012,0,
2026-07-04_Mark-Liversedge_Wrist_01__swing_0006,355,2378192,51.000,0.3650,82.0,0.8115,0.1311,48.72,39.54,V012,0,resp
2026-07-04_Mark-Liversedge_Wrist_01__swing_0006,356,2385017,51.000,0.3650,82.0,0.8070,0.1320,48.22,38.91,V012,0,resp
2026-07-04_Mark-Liversedge_Wrist_01__swing_0006,357,2391558,50.750,0.3650,84.0,0.8002,0.0950,49.57,39.67,V012,0,margin|resp
2026-07-04_Mark-Liversedge_Wrist_01__swing_0006,358,2398207,51.000,0.3650,82.0,0.8110,0.2354,49.19,39.89,V012,0,resp
2026-07-04_Mark-Liversedge_Wrist_01__swing_0006,359,2404969,51.000,0.3650,82.0,0.8089,0.2552,48.53,39.25,V012,0,resp
2026-07-04_Mark-Liversedge_Wrist_01__swing_0006,360,2411729,227.750,0.3925,1.0,0.7763,0.1592,46.77,36.31,V012,0,resp|r0
2026-07-04_Mark-Liversedge_Wrist_01__swing_0006,361,2418364,227.750,0.3925,1.0,0.7674,0.1431,47.16,36.19,V012,0,resp|r0
2026-07-04_Mark-Liversedge_Wrist_01__swing_0006,362,2425075,50.750,0.3650,81.0,0.8201,0.1762,49.63,40.70,V012,0,
2026-07-04_Mark-Liversedge_Wrist_01__swing_0006,363,2431717,50.750,0.3675,84.0,0.8190,0.2866,49.80,40.79,V012,0,
2026-07-04_Mark-Liversedge_Wrist_01__swing_0006,364,2438439,54.500,0.3875,119.0,0.7813,0.3576,63.07,49.28,V012,1,
2026-07-04_Mark-Liversedge_Wrist_01__swing_0006,365,2445175,54.000,0.3875,122.0,0.7776,0.2910,69.54,54.07,V012,1,
2026-07-04_Mark-Liversedge_Wrist_01__swing_0006,366,2451848,227.000,0.3950,7.0,0.7467,0.1413,47.33,35.34,V012,0,resp|r0
2026-07-04_Mark-Liversedge_Wrist_01__swing_0006,367,2458521,54.750,0.3875,120.0,0.8014,0.3727,64.22,51.46,V012,1,
2026-07-04_Mark-Liversedge_Wrist_01__swing_0006,368,2465292,54.000,0.3875,122.0,0.7912,0.4799,66.56,52.66,V012,1,
2026-07-04_Mark-Liversedge_Wrist_01__swing_0006,369,2472025,50.750,0.3650,82.0,0.8104,0.3318,49.18,39.86,V012,0,resp
2026-07-04_Mark-Liversedge_Wrist_01__swing_0006,370,2478723,51.000,0.3675,81.0,0.8226,0.2280,49.06,40.36,V012,0,
2026-07-04_Mark-Liversedge_Wrist_01__swing_0006,371,2485353,54.000,0.3875,119.0,0.7830,0.3646,70.26,55.01,V012,0,
2026-07-04_Mark-Liversedge_Wrist_01__swing_0006,372,2491997,51.000,0.3675,81.0,0.8302,0.2903,50.49,41.92,V012,0,
2026-07-04_Mark-Liversedge_Wrist_01__swing_0006,373,2498722,54.750,0.3900,118.0,0.7989,0.4969,63.25,50.53,V012,0,
2026-07-04_Mark-Liversedge_Wrist_01__swing_0006,374,2505450,51.000,0.3650,73.0,0.8150,0.3200,49.11,40.02,V012,0,
2026-07-04_Mark-Liversedge_Wrist_01__swing_0006,375,2512175,54.500,0.3900,118.0,0.7711,0.3940,69.41,53.52,V012,0,
2026-07-04_Mark-Liversedge_Wrist_01__swing_0006,376,2518825,50.750,0.3675,75.0,0.8247,0.1416,48.99,40.40,V012,0,
2026-07-04_Mark-Liversedge_Wrist_01__swing_0006,377,2525549,50.750,0.3675,77.0,0.8073,0.0853,48.55,39.19,V012,0,margin|resp
2026-07-04_Mark-Liversedge_Wrist_01__swing_0006,378,2532385,54.000,0.3925,120.0,0.7549,0.3833,63.11,47.64,V012,1,
2026-07-04_Mark-Liversedge_Wrist_01__swing_0006,379,2538907,55.000,0.3925,120.0,0.7697,0.3647,58.88,45.32,V012,1,
2026-07-04_Mark-Liversedge_Wrist_01__swing_0006,380,2545550,54.250,0.3950,119.0,0.7206,0.3175,68.62,49.45,V012,1,
2026-07-04_Mark-Liversedge_Wrist_01__swing_0006,381,2552295,54.250,0.3950,119.0,0.7399,0.3652,68.27,50.51,V012,1,
2026-07-04_Mark-Liversedge_Wrist_01__swing_0006,382,2559002,54.500,0.3950,118.0,0.7480,0.4034,68.91,51.54,V012,1,
2026-07-04_Mark-Liversedge_Wrist_01__swing_0006,383,2565684,55.250,0.3975,117.0,0.7787,0.3855,59.17,46.07,V012,1,
2026-07-04_Mark-Liversedge_Wrist_01__swing_0006,384,2572508,54.250,0.3975,120.0,0.7756,0.4218,58.20,45.14,V012,1,
2026-07-04_Mark-Liversedge_Wrist_01__swing_0006,385,2579063,54.500,0.4000,129.0,0.7443,0.4493,64.74,48.19,V012,1,
2026-07-04_Mark-Liversedge_Wrist_01__swing_0006,386,2585805,54.750,0.4025,130.0,0.7399,0.3264,60.13,44.49,V012,1,
2026-07-04_Mark-Liversedge_Wrist_01__swing_0006,387,2592522,55.000,0.4050,134.0,0.7536,0.3462,60.32,45.46,V012,1,
2026-07-04_Mark-Liversedge_Wrist_01__swing_0006,388,2599237,54.750,0.4075,129.0,0.7778,0.4206,55.57,43.23,V012,1,
2026-07-04_Mark-Liversedge_Wrist_01__swing_0006,389,2605990,247.000,0.3525,170.0,0.6495,-0.5795,49.26,31.99,V012,0,ncc|margin|resp
2026-07-04_Mark-Liversedge_Wrist_01__swing_0006,390,2612737,225.500,0.4050,5.0,0.6887,0.0556,45.42,31.28,V012,0,ncc|margin|resp|r0
2026-07-04_Mark-Liversedge_Wrist_01__swing_0006,391,2619307,222.750,0.4600,12.0,0.6288,0.0394,52.66,33.12,V012,0,ncc|margin|resp|r0
2026-07-04_Mark-Liversedge_Wrist_01__swing_0006,392,2626124,56.250,0.4175,140.0,0.7831,0.3306,56.36,44.14,V012,0,
2026-07-04_Mark-Liversedge_Wrist_01__swing_0006,393,2632970,57.750,0.4200,138.0,0.7701,0.2259,51.21,39.43,V012,0,resp
2026-07-04_Mark-Liversedge_Wrist_01__swing_0006,394,2639358,222.500,0.3400,41.0,0.6269,-0.0909,55.32,34.68,V012,0,ncc|margin|resp|r0
2026-07-04_Mark-Liversedge_Wrist_01__swing_0006,395,2646125,58.750,0.4275,148.0,0.6734,0.0147,52.29,35.22,V012,0,ncc|margin|resp
2026-07-04_Mark-Liversedge_Wrist_01__swing_0006,396,2652910,223.000,0.3400,36.0,0.6543,0.0009,55.42,36.26,V012,0,ncc|margin|resp|r0
2026-07-04_Mark-Liversedge_Wrist_01__swing_0006,397,2659519,141.000,0.3275,178.0,0.6561,0.0446,49.39,32.41,V012,0,ncc|margin|resp
2026-07-04_Mark-Liversedge_Wrist_01__swing_0006,398,2666225,60.250,0.4275,150.0,0.6755,0.1326,54.19,36.61,V012,0,ncc|resp
2026-07-04_Mark-Liversedge_Wrist_01__swing_0006,399,2672887,57.250,0.4500,189.0,0.6931,0.0517,52.68,36.52,V012,0,ncc|margin|resp
2026-07-04_Mark-Liversedge_Wrist_01__swing_0006,400,2679619,63.250,0.4575,196.0,0.6621,0.1110,52.32,34.64,V012,0,ncc|margin|resp
2026-07-04_Mark-Liversedge_Wrist_01__swing_0006,401,2686478,226.750,0.2775,249.0,0.6050,-0.0666,54.26,32.83,V012,0,ncc|margin|resp
2026-07-04_Mark-Liversedge_Wrist_01__swing_0006,402,2692984,140.000,0.3225,163.0,0.6879,0.1810,48.86,33.61,V012,0,ncc|resp
2026-07-04_Mark-Liversedge_Wrist_01__swing_0006,403,2699764,140.750,0.3200,156.0,0.6574,0.1494,48.42,31.83,V012,0,ncc|resp
2026-07-04_Mark-Liversedge_Wrist_01__swing_0006,404,2706448,195.500,0.2675,106.0,0.6691,0.0419,50.05,33.49,V012,0,ncc|margin|resp
2026-07-04_Mark-Liversedge_Wrist_01__swing_0006,405,2713124,136.750,0.1925,54.0,0.7042,0.2012,47.91,33.74,V012,0,resp|r0
2026-07-04_Mark-Liversedge_Wrist_01__swing_0006,406,2719804,137.000,0.1950,64.0,0.7257,0.2640,49.52,35.94,V012,0,resp
2026-07-04_Mark-Liversedge_Wrist_01__swing_0006,407,2726523,136.500,0.1950,64.0,0.6999,0.2466,50.73,35.50,V012,0,ncc|resp
2026-07-04_Mark-Liversedge_Wrist_01__swing_0006,408,2733111,136.750,0.1950,64.0,0.6519,0.1436,49.09,32.00,V012,0,ncc|resp
2026-07-04_Mark-Liversedge_Wrist_01__swing_0006,409,2739846,139.500,0.2000,62.0,0.6488,0.0763,48.25,31.30,V012,0,ncc|margin|resp
2026-07-04_Mark-Liversedge_Wrist_01__swing_0006,410,2746624,140.500,0.1975,53.0,0.6424,0.0464,46.84,30.09,V012,0,ncc|margin|resp|r0
2026-07-04_Mark-Liversedge_Wrist_01__swing_0006,411,2753292,143.000,0.2650,197.0,0.6721,0.0722,44.12,29.66,V012,0,ncc|margin|resp
2026-07-04_Mark-Liversedge_Wrist_01__swing_0006,412,2759973,143.250,0.2650,190.0,0.6652,0.0120,44.02,29.28,V012,0,ncc|margin|resp
2026-07-04_Mark-Liversedge_Wrist_01__swing_0006,413,2766592,202.500,0.3925,256.0,0.6397,0.0459,54.87,35.10,V012,0,ncc|margin|resp
2026-07-04_Mark-Liversedge_Wrist_01__swing_0006,414,2773473,201.500,0.3825,249.0,0.6156,0.1442,52.74,32.47,V012,0,ncc|resp
2026-07-04_Mark-Liversedge_Wrist_01__swing_0006,415,2780025,214.000,0.3725,200.0,0.6865,0.1458,48.13,33.04,V012,0,ncc|resp
2026-07-04_Mark-Liversedge_Wrist_01__swing_0006,416,2786775,136.750,0.3100,114.0,0.6208,0.0124,48.65,30.20,V012,0,ncc|margin|resp
2026-07-04_Mark-Liversedge_Wrist_01__swing_0006,417,2793515,132.500,0.2950,122.0,0.5864,0.0338,54.03,31.68,V012,0,ncc|margin|resp
2026-07-04_Mark-Liversedge_Wrist_01__swing_0006,418,2800135,251.000,0.4175,228.0,0.6240,0.0097,48.71,30.39,V012,0,ncc|margin|resp
2026-07-04_Mark-Liversedge_Wrist_01__swing_0006,419,2806836,131.750,0.2950,112.0,0.6215,0.1157,55.40,34.43,V012,0,ncc|margin|resp
2026-07-04_Mark-Liversedge_Wrist_01__swing_0006,420,2813490,130.250,0.3050,127.0,0.5914,0.1513,56.03,33.14,V012,0,ncc|resp
2026-07-04_Mark-Liversedge_Wrist_01__swing_0006,421,2820303,178.750,0.2200,138.0,0.6673,0.0092,42.88,28.61,V012,0,ncc|margin|resp
2026-07-04_Mark-Liversedge_Wrist_01__swing_0006,422,2826998,225.000,0.4300,227.0,0.6020,0.0119,51.40,30.94,V012,0,ncc|margin|resp
2026-07-04_Mark-Liversedge_Wrist_01__swing_0006,423,2833639,147.250,0.2050,34.0,0.6771,0.0126,46.88,31.74,V012,0,ncc|margin|resp|r0
2026-07-04_Mark-Liversedge_Wrist_01__swing_0006,424,2840357,147.250,0.2025,1.0,0.7088,0.0103,47.99,34.02,V012,0,margin|resp|r0
2026-07-04_Mark-Liversedge_Wrist_01__swing_0006,425,2846990,147.500,0.2050,5.0,0.7208,-0.0627,52.24,37.66,V012,0,margin|resp|r0
2026-07-04_Mark-Liversedge_Wrist_01__swing_0006,426,2853777,133.500,0.2400,52.0,0.6478,0.0729,48.20,31.23,V012,0,ncc|margin|resp|r0
2026-07-04_Mark-Liversedge_Wrist_01__swing_0006,427,2860479,132.500,0.2375,31.0,0.6655,0.0520,52.33,34.83,V012,0,ncc|margin|resp|r0
2026-07-04_Mark-Liversedge_Wrist_01__swing_0006,428,2867257,176.250,0.3000,224.0,0.6819,0.0755,54.31,37.03,V012,0,ncc|margin|resp
2026-07-04_Mark-Liversedge_Wrist_01__swing_0006,429,2873823,99.750,0.1950,142.0,0.7502,0.0423,46.15,34.62,V012,0,margin|resp
2026-07-04_Mark-Liversedge_Wrist_01__swing_0006,430,2880515,88.250,0.2050,252.0,0.7056,0.2199,54.22,38.25,V012,0,resp
2026-07-04_Mark-Liversedge_Wrist_01__swing_0006,431,2887274,85.500,0.2150,259.0,0.7321,0.3359,55.99,40.99,V012,0,
2026-07-04_Mark-Liversedge_Wrist_01__swing_0006,432,2894077,82.250,0.2225,230.0,0.7413,0.2931,58.30,43.22,V012,0,
2026-07-04_Mark-Liversedge_Wrist_01__swing_0006,433,2900599,83.250,0.2200,55.0,0.7611,0.3316,58.08,44.21,V012,0,r0
2026-07-04_Mark-Liversedge_Wrist_01__swing_0006,434,2907292,83.000,0.2200,128.0,0.7613,0.3770,57.98,44.14,V012,0,
2026-07-04_Mark-Liversedge_Wrist_01__swing_0006,435,2913998,82.500,0.2200,82.0,0.7631,0.4030,58.48,44.63,V012,0,
2026-07-04_Mark-Liversedge_Wrist_01__swing_0006,436,2920722,83.750,0.2200,15.0,0.7496,0.2120,59.05,44.26,V012,0,r0
2026-07-04_Mark-Liversedge_Wrist_01__swing_0006,437,2927467,83.250,0.2250,1.0,0.7618,0.3772,58.80,44.79,V012,0,r0
2026-07-04_Mark-Liversedge_Wrist_01__swing_0006,438,2934098,102.500,0.3875,236.0,0.6849,0.2984,58.05,39.76,V012,0,ncc|resp
2026-07-04_Mark-Liversedge_Wrist_01__swing_0006,439,2940824,77.250,0.2475,3.0,0.6886,0.1084,60.30,41.53,V012,0,ncc|margin|r0
2026-07-04_Mark-Liversedge_Wrist_01__swing_0006,440,2947484,97.000,0.4350,260.0,0.6642,0.1494,54.95,36.49,V012,0,ncc|resp
2026-07-04_Mark-Liversedge_Wrist_01__swing_0006,441,2954316,93.250,0.4225,243.0,0.6846,0.2026,52.84,36.18,V012,0,ncc|resp
2026-07-04_Mark-Liversedge_Wrist_01__swing_0006,442,2960970,74.750,0.3800,251.0,0.6431,0.0123,51.76,33.28,V012,0,ncc|margin|resp
2026-07-04_Mark-Liversedge_Wrist_01__swing_0006,443,2967645,73.000,0.3575,126.0,0.6262,0.0333,52.44,32.84,V012,0,ncc|margin|resp
2026-07-04_Mark-Liversedge_Wrist_01__swing_0006,444,2974435,93.750,0.2850,96.0,0.6557,0.0505,48.53,31.82,V012,0,ncc|margin|resp
2026-07-04_Mark-Liversedge_Wrist_01__swing_0006,445,2981134,74.250,0.3750,94.0,0.6110,0.1135,53.79,32.87,V012,0,ncc|margin|resp
2026-07-04_Mark-Liversedge_Wrist_01__swing_0006,446,2987732,73.500,0.3750,38.0,0.6493,0.1823,52.33,33.98,V012,0,ncc|resp|r0
2026-07-04_Mark-Liversedge_Wrist_01__swing_0006,447,2994423,69.000,0.4075,87.0,0.6450,0.1575,58.64,37.82,V012,0,ncc|resp
2026-07-04_Mark-Liversedge_Wrist_01__swing_0006,448,3001130,69.750,0.4075,53.0,0.6532,0.2104,59.22,38.68,V012,0,ncc|resp|r0
2026-07-04_Mark-Liversedge_Wrist_01__swing_0006,449,3007818,74.750,0.3975,17.0,0.6510,0.0709,53.32,34.71,V012,0,ncc|margin|resp|r0
2026-07-04_Mark-Liversedge_Wrist_01__swing_0006,450,3014494,90.250,0.4775,94.0,0.6230,0.0293,52.14,32.48,V012,0,ncc|margin|resp
2026-07-04_Mark-Liversedge_Wrist_01__swing_0006,451,3021378,83.250,0.3875,97.0,0.6408,0.0793,52.65,33.73,V012,0,ncc|margin|resp
2026-07-04_Mark-Liversedge_Wrist_01__swing_0006,452,3027856,91.000,0.4750,83.0,0.6728,0.1873,52.18,35.11,V012,0,ncc|resp
2026-07-04_Mark-Liversedge_Wrist_01__swing_0006,453,3034697,90.000,0.4475,50.0,0.6874,0.2028,46.94,32.26,V012,0,ncc|resp|r0
2026-07-04_Mark-Liversedge_Wrist_01__swing_0006,454,3041230,89.750,0.4525,44.0,0.7038,0.2194,50.18,35.32,V012,0,resp|r0
2026-07-04_Mark-Liversedge_Wrist_01__swing_0006,455,3047982,93.000,0.4250,12.0,0.6184,0.0915,49.06,30.34,V012,0,ncc|margin|resp|r0
2026-07-04_Mark-Liversedge_Wrist_01__swing_0006,456,3054696,72.250,0.4575,24.0,0.6376,0.0412,56.89,36.27,V012,0,ncc|margin|resp|r0
2026-07-04_Mark-Liversedge_Wrist_01__swing_0006,457,3061469,82.750,0.4700,10.0,0.6090,0.1425,49.68,30.25,V012,0,ncc|resp|r0
2026-07-04_Mark-Liversedge_Wrist_01__swing_0006,458,3068105,83.250,0.4800,5.0,0.6756,0.1948,47.42,32.04,V012,0,ncc|resp|r0
2026-07-04_Mark-Liversedge_Wrist_01__swing_0006,459,3074775,93.750,0.4725,206.0,0.5825,0.0987,58.69,34.19,V012,0,ncc|margin|resp
2026-07-04_Mark-Liversedge_Wrist_01__swing_0006,460,3081467,84.000,0.4800,2.0,0.6661,0.1178,44.04,29.33,V012,0,ncc|margin|resp|r0
2026-07-04_Mark-Liversedge_Wrist_01__swing_0006,461,3088252,84.500,0.4800,4.0,0.6534,0.1163,46.09,30.12,V012,0,ncc|margin|resp|r0
2026-07-04_Mark-Liversedge_Wrist_01__swing_0006,462,3094930,77.250,0.4275,122.0,0.6314,0.1305,53.29,33.65,V012,0,ncc|resp
2026-07-04_Mark-Liversedge_Wrist_01__swing_0006,463,3101726,109.250,0.2225,127.0,0.6895,0.2804,61.71,42.55,V012,0,ncc
2026-07-04_Mark-Liversedge_Wrist_01__swing_0006,464,3108342,107.000,0.3350,255.0,0.6596,0.0638,55.66,36.72,V012,0,ncc|margin|resp
2026-07-04_Mark-Liversedge_Wrist_01__swing_0006,465,3115069,106.000,0.3400,254.0,0.6468,0.1586,54.45,35.22,V012,0,ncc|resp
2026-07-04_Mark-Liversedge_Wrist_01__swing_0006,466,3121735,106.250,0.2200,73.0,0.6401,0.0359,51.68,33.08,V012,0,ncc|margin|resp
2026-07-04_Mark-Liversedge_Wrist_01__swing_0006,467,3128447,107.250,0.2200,70.0,0.6533,0.1713,54.56,35.64,V012,0,ncc|resp
2026-07-04_Mark-Liversedge_Wrist_01__swing_0006,468,3135087,105.750,0.2200,65.0,0.6600,0.1386,53.81,35.51,V012,0,ncc|resp
2026-07-04_Mark-Liversedge_Wrist_01__swing_0006,469,3141803,105.500,0.2200,38.0,0.6372,0.1171,46.97,29.93,V012,0,ncc|margin|resp|r0
2026-07-04_Mark-Liversedge_Wrist_01__swing_0006,470,3148504,84.000,0.4150,238.0,0.5774,0.0473,55.57,32.09,V012,0,ncc|margin|resp
2026-07-04_Mark-Liversedge_Wrist_01__swing_0006,471,3155186,112.750,0.2350,96.0,0.5995,0.0363,52.42,31.42,V012,0,ncc|margin|resp
2026-07-04_Mark-Liversedge_Wrist_01__swing_0006,472,3161951,105.750,0.2225,51.0,0.6374,0.1853,49.35,31.46,V012,0,ncc|resp|r0
2026-07-04_Mark-Liversedge_Wrist_01__swing_0006,473,3168596,110.000,0.2300,69.0,0.6344,0.1034,54.98,34.88,V012,0,ncc|margin|resp
2026-07-04_Mark-Liversedge_Wrist_01__swing_0006,474,3175264,109.250,0.2300,72.0,0.6404,0.0521,52.30,33.49,V012,0,ncc|margin|resp
2026-07-04_Mark-Liversedge_Wrist_01__swing_0006,475,3181947,94.000,0.3500,229.0,0.6619,0.0612,50.00,33.09,V012,0,ncc|margin|resp
2026-07-04_Mark-Liversedge_Wrist_01__swing_0006,476,3188656,94.250,0.3525,238.0,0.7137,0.0864,47.83,34.14,V012,0,margin|resp
2026-07-04_Mark-Liversedge_Wrist_01__swing_0006,477,3195481,95.000,0.3525,235.0,0.6983,0.0785,49.06,34.26,V012,0,ncc|margin|resp
2026-07-04_Mark-Liversedge_Wrist_01__swing_0006,478,3202090,95.000,0.3525,238.0,0.7083,0.0380,47.94,33.95,V012,0,margin|resp
2026-07-04_Mark-Liversedge_Wrist_01__swing_0006,479,3208750,109.750,0.2050,33.0,0.6697,0.1682,50.40,33.75,V012,0,ncc|resp|r0
2026-07-04_Mark-Liversedge_Wrist_01__swing_0006,480,3215524,95.500,0.3550,242.0,0.6514,0.0521,46.08,30.02,V012,0,ncc|margin|resp
2026-07-04_Mark-Liversedge_Wrist_01__swing_0006,481,3222162,95.500,0.3525,238.0,0.6571,0.0343,44.42,29.19,V012,0,ncc|margin|resp
2026-07-04_Mark-Liversedge_Wrist_01__swing_0006,482,3228872,114.000,0.2200,64.0,0.6459,0.2834,54.30,35.07,V012,0,ncc|resp
2026-07-04_Mark-Liversedge_Wrist_01__swing_0006,483,3235668,114.000,0.2200,64.0,0.6467,0.2908,55.99,36.21,V012,0,ncc|resp
2026-07-04_Mark-Liversedge_Wrist_01__swing_0006,484,3242228,113.250,0.2200,55.0,0.6612,0.3472,54.28,35.89,V012,0,ncc|resp|r0
2026-07-04_Mark-Liversedge_Wrist_01__swing_0006,485,3248966,110.750,0.2125,37.0,0.6393,0.3340,49.71,31.78,V012,0,ncc|resp|r0
2026-07-04_Mark-Liversedge_Wrist_01__swing_0006,486,3255623,113.000,0.2600,123.0,0.6140,0.2473,46.89,28.79,V012,0,ncc|resp
2026-07-04_Mark-Liversedge_Wrist_01__swing_0006,487,3262402,112.250,0.2200,41.0,0.6710,0.4834,55.23,37.06,V012,0,ncc|resp|r0
2026-07-04_Mark-Liversedge_Wrist_01__swing_0006,488,3269049,112.500,0.2200,46.0,0.6744,0.4912,54.66,36.86,V012,0,ncc|resp|r0
2026-07-04_Mark-Liversedge_Wrist_01__swing_0006,489,3275771,113.750,0.2175,63.0,0.6718,0.5136,55.31,37.16,V012,0,ncc|resp
2026-07-04_Mark-Liversedge_Wrist_01__swing_0006,490,3282422,113.750,0.2600,142.0,0.6343,0.3409,49.47,31.38,V012,0,ncc|resp
2026-07-04_Mark-Liversedge_Wrist_01__swing_0006,491,3289120,107.250,0.2050,9.0,0.6532,0.3624,48.06,31.40,V012,0,ncc|resp|r0
2026-07-04_Mark-Liversedge_Wrist_01__swing_0006,492,3295821,111.750,0.2475,133.0,0.6517,0.3251,51.46,33.53,V012,0,ncc|resp
2026-07-04_Mark-Liversedge_Wrist_01__swing_0006,493,3302568,112.750,0.2475,145.0,0.6738,0.3268,53.29,35.90,V012,0,ncc|resp
2026-07-04_Mark-Liversedge_Wrist_01__swing_0006,494,3309381,110.000,0.2350,134.0,0.6852,0.4843,55.70,38.17,V012,0,ncc|resp
2026-07-04_Mark-Liversedge_Wrist_01__swing_0006,495,3315883,110.750,0.2325,143.0,0.6955,0.2911,49.71,34.57,V012,0,ncc|resp
2026-07-04_Mark-Liversedge_Wrist_01__swing_0006,496,3322709,108.250,0.2200,117.0,0.6673,0.2974,48.51,32.37,V012,0,ncc|resp
2026-07-04_Mark-Liversedge_Wrist_01__swing_0006,497,3329345,122.000,0.3050,41.0,0.6617,0.2018,48.08,31.81,V012,0,ncc|resp|r0
2026-07-04_Mark-Liversedge_Wrist_01__swing_0006,498,3336023,103.500,0.4375,175.0,0.6248,0.2949,52.40,32.74,V012,0,ncc|resp
2026-07-04_Mark-Liversedge_Wrist_01__swing_0006,499,3342733,107.000,0.3850,151.0,0.6241,0.3863,57.37,35.80,V012,0,ncc|resp
2026-07-04_Mark-Liversedge_Wrist_01__swing_0006,500,3349427,116.750,0.4450,234.0,0.6403,0.0680,58.01,37.14,V012,0,ncc|margin|resp
2026-07-04_Mark-Liversedge_Wrist_01__swing_0006,501,3356161,111.250,0.2825,21.0,0.6498,0.2743,62.76,40.78,V012,0,ncc|r0
2026-07-04_Mark-Liversedge_Wrist_01__swing_0006,502,3362928,92.000,0.4075,203.0,0.7061,0.2747,58.23,41.12,V012,0,
2026-07-04_Mark-Liversedge_Wrist_01__swing_0006,503,3369515,106.000,0.4425,151.0,0.6717,0.1374,54.84,36.84,V012,0,ncc|resp
2026-07-04_Mark-Liversedge_Wrist_01__swing_0006,504,3376203,113.750,0.2975,245.0,0.5237,0.1254,60.28,31.57,V012,0,ncc|resp
2026-07-04_Mark-Liversedge_Wrist_01__swing_0006,505,3383130,128.750,0.2425,3.0,0.5940,-0.2263,50.75,30.15,V012,0,ncc|margin|resp|r0
2026-07-04_Mark-Liversedge_Wrist_01__swing_0006,506,3389645,128.750,0.2250,61.0,0.6292,-0.0295,53.12,33.42,V012,0,ncc|margin|resp
2026-07-04_Mark-Liversedge_Wrist_01__swing_0006,507,3396257,112.000,0.4475,8.0,0.6296,0.0329,48.58,30.58,V012,0,ncc|margin|resp|r0
2026-07-04_Mark-Liversedge_Wrist_01__swing_0006,508,3403059,144.000,0.2775,181.0,0.6885,0.1434,58.34,40.16,V012,0,ncc
2026-07-04_Mark-Liversedge_Wrist_01__swing_0006,509,3409693,144.500,0.2625,149.0,0.6735,0.0915,49.52,33.35,V012,0,ncc|margin|resp
2026-07-04_Mark-Liversedge_Wrist_01__swing_0006,510,3416455,155.750,0.2600,180.0,0.6896,0.2273,55.52,38.29,V012,0,ncc|resp
2026-07-04_Mark-Liversedge_Wrist_01__swing_0006,511,3423158,229.000,0.2650,30.0,0.6991,0.0660,48.45,33.87,V012,0,ncc|margin|resp|r0
2026-07-04_Mark-Liversedge_Wrist_01__swing_0006,512,3429892,229.000,0.2750,9.0,0.6769,0.0370,47.44,32.11,V012,0,ncc|margin|resp|r0
2026-07-04_Mark-Liversedge_Wrist_01__swing_0006,513,3436566,112.750,0.4250,13.0,0.6334,0.1875,56.36,35.70,V012,0,ncc|resp|r0
2026-07-04_Mark-Liversedge_Wrist_01__swing_0006,514,3443348,235.500,0.3525,153.0,0.6368,0.0442,58.42,37.20,V012,0,ncc|margin|resp
2026-07-04_Mark-Liversedge_Wrist_01__swing_0006,515,3449860,235.000,0.3875,176.0,0.6047,0.1591,60.53,36.61,V012,0,ncc|resp
2026-07-04_Mark-Liversedge_Wrist_01__swing_0006,516,3456603,115.500,0.4150,72.0,0.6489,0.1216,57.01,36.99,V012,0,ncc|resp
2026-07-04_Mark-Liversedge_Wrist_01__swing_0006,517,3463327,212.500,0.4150,104.0,0.6444,0.0098,52.90,34.09,V012,0,ncc|margin|resp
2026-07-04_Mark-Liversedge_Wrist_01__swing_0006,518,3470042,212.750,0.4175,105.0,0.6638,0.1064,54.76,36.35,V012,0,ncc|margin|resp
2026-07-04_Mark-Liversedge_Wrist_01__swing_0006,519,3476691,239.500,0.3400,92.0,0.7088,0.1818,48.35,34.27,V012,0,resp
2026-07-04_Mark-Liversedge_Wrist_01__swing_0006,520,3483461,238.500,0.3675,137.0,0.7149,-0.0263,47.82,34.19,V012,0,margin|resp
2026-07-04_Mark-Liversedge_Wrist_01__swing_0006,521,3490121,241.500,0.4375,189.0,0.6727,0.0180,51.82,34.86,V012,0,ncc|margin|resp
2026-07-04_Mark-Liversedge_Wrist_01__swing_0006,522,3496734,222.750,0.4025,46.0,0.6737,0.0637,53.06,35.74,V012,0,ncc|margin|resp|r0
2026-07-04_Mark-Liversedge_Wrist_01__swing_0006,523,3503519,205.750,0.4025,235.0,0.7062,0.0037,51.74,36.54,V012,0,margin|resp
2026-07-04_Mark-Liversedge_Wrist_01__swing_0006,524,3510237,227.500,0.4025,24.0,0.7619,0.3540,53.45,40.72,V012,0,r0
2026-07-04_Mark-Liversedge_Wrist_01__swing_0006,525,3516846,226.750,0.4075,58.0,0.7042,0.1912,53.03,37.34,V012,0,resp|r0
2026-07-04_Mark-Liversedge_Wrist_01__swing_0006,526,3523763,224.500,0.4550,30.0,0.6460,-0.0328,49.12,31.73,V012,0,ncc|margin|resp|r0
2026-07-04_Mark-Liversedge_Wrist_01__swing_0006,527,3530293,246.000,0.2875,243.0,0.7143,0.1380,49.35,35.25,V012,0,resp
2026-07-04_Mark-Liversedge_Wrist_01__swing_0006,528,3536986,228.000,0.3625,58.0,0.7315,0.3655,57.88,42.34,V012,0,r0
2026-07-04_Mark-Liversedge_Wrist_01__swing_0006,529,3543737,226.750,0.3700,96.0,0.7512,0.3466,59.99,45.07,V012,0,
2026-07-04_Mark-Liversedge_Wrist_01__swing_0006,530,3550365,226.250,0.3750,165.0,0.7711,0.2860,62.42,48.13,V012,0,
2026-07-04_Mark-Liversedge_Wrist_01__swing_0006,531,3557165,101.750,0.3050,184.0,0.7491,0.1193,48.73,36.50,V012,0,margin|resp
2026-07-04_Mark-Liversedge_Wrist_01__swing_0006,532,3563790,94.750,0.2825,152.0,0.7531,0.1478,48.15,36.26,V012,0,resp
2026-07-04_Mark-Liversedge_Wrist_01__swing_0006,533,3570521,95.000,0.2800,109.0,0.7780,0.1569,48.67,37.86,V012,0,resp
2026-07-04_Mark-Liversedge_Wrist_01__swing_0006,534,3577165,94.000,0.2775,27.0,0.7608,0.0759,50.27,38.25,V012,0,margin|resp|r0
2026-07-04_Mark-Liversedge_Wrist_01__swing_0006,535,3583914,102.750,0.3600,198.0,0.7161,0.0138,51.32,36.75,V012,0,margin|resp
2026-07-04_Mark-Liversedge_Wrist_01__swing_0006,536,3590604,103.250,0.3575,160.0,0.6957,0.1101,53.63,37.31,V012,0,ncc|margin|resp
2026-07-04_Mark-Liversedge_Wrist_01__swing_0006,537,3597230,105.750,0.4700,217.0,0.6648,0.1107,46.89,31.17,V012,0,ncc|margin|resp
2026-07-04_Mark-Liversedge_Wrist_01__swing_0006,538,3604013,113.250,0.3925,87.0,0.6215,-0.1044,50.71,31.52,V012,0,ncc|margin|resp
2026-07-04_Mark-Liversedge_Wrist_01__swing_0006,539,3610795,137.250,0.3925,97.0,0.6991,0.0465,45.45,31.78,V012,0,ncc|margin|resp
2026-07-04_Mark-Liversedge_Wrist_01__swing_0006,540,3617361,49.250,0.2775,154.0,0.6612,0.0990,51.49,34.05,V012,0,ncc|margin|resp
2026-07-04_Mark-Liversedge_Wrist_01__swing_0006,541,3624281,96.000,0.1850,141.0,0.7282,0.2446,53.42,38.90,V012,0,resp
2026-07-04_Mark-Liversedge_Wrist_01__swing_0006,542,3630821,102.250,0.4325,77.0,0.6337,0.1390,54.17,34.33,V012,0,ncc|resp
2026-07-04_Mark-Liversedge_Wrist_01__swing_0006,543,3637494,77.250,0.4075,63.0,0.7114,0.1416,52.35,37.24,V012,0,resp
2026-07-04_Mark-Liversedge_Wrist_01__swing_0006,544,3644251,77.750,0.4050,49.0,0.6705,0.2562,50.40,33.79,V012,0,ncc|resp|r0
2026-07-04_Mark-Liversedge_Wrist_01__swing_0006,545,3650924,70.250,0.3400,40.0,0.6840,0.2073,54.73,37.44,V012,0,ncc|resp|r0
2026-07-04_Mark-Liversedge_Wrist_01__swing_0006,546,3657540,69.500,0.3400,122.0,0.7030,0.2583,54.32,38.19,V012,0,resp
2026-07-04_Mark-Liversedge_Wrist_01__swing_0006,547,3664249,78.000,0.3825,227.0,0.7254,0.0882,46.04,33.39,V012,0,margin|resp
2026-07-04_Mark-Liversedge_Wrist_01__swing_0006,548,3671047,93.250,0.4200,30.0,0.7182,0.0406,53.79,38.63,V012,0,margin|resp|r0
2026-07-04_Mark-Liversedge_Wrist_01__swing_0006,549,3677615,65.250,0.3150,1.0,0.6799,0.0552,56.04,38.10,V012,0,ncc|margin|resp|r0
2026-07-04_Mark-Liversedge_Wrist_01__swing_0006,550,3684449,65.250,0.3050,63.0,0.6919,0.1926,53.13,36.76,V012,0,ncc|resp
2026-07-04_Mark-Liversedge_Wrist_01__swing_0006,551,3691129,65.500,0.3050,30.0,0.7318,0.1598,52.99,38.77,V012,0,resp|r0
2026-07-04_Mark-Liversedge_Wrist_01__swing_0006,552,3697788,103.250,0.3950,250.0,0.6669,0.1214,52.82,35.22,V012,0,ncc|resp
2026-07-04_Mark-Liversedge_Wrist_01__swing_0006,553,3704502,105.500,0.2050,256.0,0.5665,-0.1119,59.24,33.56,V012,0,ncc|margin|resp
2026-07-04_Mark-Liversedge_Wrist_01__swing_0006,554,3711264,111.250,0.2150,257.0,0.6801,0.3867,61.96,42.14,V012,0,ncc
2026-07-04_Mark-Liversedge_Wrist_01__swing_0006,555,3717900,115.750,0.2150,224.0,0.5832,0.2239,61.23,35.71,V012,0,ncc|resp
2026-07-04_Mark-Liversedge_Wrist_01__swing_0006,556,3724598,109.750,0.2150,242.0,0.6172,0.1214,49.32,30.44,V012,0,ncc|resp
2026-07-04_Mark-Liversedge_Wrist_01__swing_0006,557,3731262,121.500,0.2925,120.0,0.6368,0.1280,56.81,36.18,V012,0,ncc|resp
2026-07-04_Mark-Liversedge_Wrist_01__swing_0006,558,3737968,114.750,0.2700,80.0,0.6688,0.4140,57.55,38.49,V012,0,ncc|resp
2026-07-04_Mark-Liversedge_Wrist_01__swing_0006,559,3744676,108.250,0.2225,205.0,0.6834,0.1673,53.86,36.81,V012,0,ncc|resp
2026-07-04_Mark-Liversedge_Wrist_01__swing_0006,560,3751333,116.000,0.2250,233.0,0.6539,0.0352,57.93,37.88,V012,0,ncc|margin|resp
2026-07-04_Mark-Liversedge_Wrist_01__swing_0006,561,3758083,115.250,0.2250,230.0,0.6578,0.1699,57.29,37.68,V012,0,ncc|resp
2026-07-04_Mark-Liversedge_Wrist_01__swing_0006,562,3764760,114.750,0.2250,198.0,0.5982,0.2396,61.26,36.65,V012,0,ncc|resp
2026-07-04_Mark-Liversedge_Wrist_01__swing_0006,563,3771441,111.750,0.2250,126.0,0.6345,0.2401,58.78,37.30,V012,0,ncc|resp
2026-07-04_Mark-Liversedge_Wrist_01__swing_0006,564,3778133,110.750,0.2300,126.0,0.6538,0.3259,64.03,41.87,V012,0,ncc
2026-07-04_Mark-Liversedge_Wrist_01__swing_0006,565,3784798,113.750,0.2500,197.0,0.6464,0.2248,55.16,35.66,V012,0,ncc|resp
2026-07-04_Mark-Liversedge_Wrist_01__swing_0006,566,3791628,107.250,0.2375,132.0,0.5916,0.0153,57.40,33.96,V012,0,ncc|margin|resp
2026-07-04_Mark-Liversedge_Wrist_01__swing_0006,567,3798306,109.750,0.2350,130.0,0.6520,0.1584,47.92,31.24,V012,0,ncc|resp
2026-07-04_Mark-Liversedge_Wrist_01__swing_0006,568,3804999,113.000,0.2200,66.0,0.5931,0.1750,56.23,33.35,V012,0,ncc|resp
2026-07-04_Mark-Liversedge_Wrist_01__swing_0006,569,3811687,115.500,0.2550,168.0,0.6690,0.0793,49.65,33.22,V012,0,ncc|margin|resp
2026-07-04_Mark-Liversedge_Wrist_01__swing_0006,570,3818342,114.250,0.2250,74.0,0.6323,0.2451,59.69,37.75,V012,0,ncc|resp
2026-07-04_Mark-Liversedge_Wrist_01__swing_0006,571,3825051,110.500,0.2150,23.0,0.6210,0.2863,58.70,36.45,V012,0,ncc|resp|r0
2026-07-04_Mark-Liversedge_Wrist_01__swing_0006,572,3831861,114.000,0.2250,74.0,0.6339,0.2704,51.33,32.54,V012,0,ncc|resp
2026-07-04_Mark-Liversedge_Wrist_01__swing_0006,573,3838454,120.500,0.2400,106.0,0.6700,0.1387,51.78,34.69,V012,0,ncc|resp
2026-07-04_Mark-Liversedge_Wrist_01__swing_0006,574,3845088,108.500,0.2150,0.0,0.6758,0.3186,58.82,39.75,V012,0,ncc|resp|r0
2026-07-04_Mark-Liversedge_Wrist_01__swing_0006,575,3851823,118.500,0.2400,95.0,0.6877,0.4295,57.69,39.67,V012,0,ncc|resp
2026-07-04_Mark-Liversedge_Wrist_01__swing_0006,576,3858585,119.000,0.2425,92.0,0.7313,0.4239,52.92,38.70,V012,0,resp
2026-07-04_Mark-Liversedge_Wrist_01__swing_0006,577,3865255,119.000,0.2450,70.0,0.7191,0.3933,49.09,35.30,V012,0,resp
2026-07-04_Mark-Liversedge_Wrist_01__swing_0006,578,3871925,124.500,0.2625,131.0,0.7245,0.0294,46.47,33.67,V012,0,margin|resp
2026-07-04_Mark-Liversedge_Wrist_01__swing_0006,579,3878589,118.250,0.2450,58.0,0.7399,0.4877,53.67,39.71,V012,0,resp|r0
2026-07-04_Mark-Liversedge_Wrist_01__swing_0006,580,3885363,120.000,0.2500,76.0,0.7397,0.1408,53.75,39.76,V012,0,resp
2026-07-04_Mark-Liversedge_Wrist_01__swing_0006,581,3892031,111.750,0.2300,10.0,0.7127,0.2579,58.57,41.74,V012,0,r0
2026-07-04_Mark-Liversedge_Wrist_01__swing_0006,582,3898803,120.250,0.2525,79.0,0.7354,0.0962,44.84,32.98,V012,0,margin|resp
2026-07-04_Mark-Liversedge_Wrist_01__swing_0006,583,3905498,113.250,0.2350,26.0,0.6939,0.2971,51.14,35.49,V012,0,ncc|resp|r0
2026-07-04_Mark-Liversedge_Wrist_01__swing_0006,584,3912113,113.000,0.2350,1.0,0.7080,0.4883,57.73,40.88,V012,0,r0
2026-07-04_Mark-Liversedge_Wrist_01__swing_0006,585,3918797,116.000,0.2450,50.0,0.7413,0.3747,54.45,40.37,V012,0,r0
2026-07-04_Mark-Liversedge_Wrist_01__swing_0006,586,3925453,116.500,0.2450,50.0,0.7312,0.3571,52.27,38.22,V012,0,resp|r0
2026-07-04_Mark-Liversedge_Wrist_01__swing_0006,587,3932228,117.750,0.2500,44.0,0.7025,0.0978,44.82,31.49,V012,0,margin|resp|r0
2026-07-04_Mark-Liversedge_Wrist_01__swing_0006,588,3938953,116.000,0.2450,50.0,0.7050,0.3260,43.61,30.75,V012,0,resp|r0
2026-07-04_Mark-Liversedge_Wrist_01__swing_0006,589,3945601,111.500,0.2350,52.0,0.6855,0.3076,48.71,33.40,V012,0,ncc|resp|r0
2026-07-04_Mark-Liversedge_Wrist_01__swing_0006,590,3952286,116.000,0.2450,66.0,0.6875,0.3446,48.65,33.44,V012,0,ncc|resp
2026-07-04_Mark-Liversedge_Wrist_01__swing_0006,591,3958936,110.250,0.2300,58.0,0.6649,0.1259,47.61,31.65,V012,0,ncc|resp|r0
2026-07-04_Mark-Liversedge_Wrist_01__swing_0006,592,3965709,110.250,0.2350,50.0,0.6402,0.0077,40.44,25.89,V012,0,ncc|margin|resp|r0
2026-07-04_Mark-Liversedge_Wrist_01__swing_0006,593,3972419,126.000,0.2900,203.0,0.6902,0.0389,37.17,25.65,V012,0,ncc|margin|resp
2026-07-04_Mark-Liversedge_Wrist_01__swing_0006,594,3979194,111.250,0.2350,103.0,0.6581,0.2211,47.47,31.24,V012,0,ncc|resp
2026-07-04_Mark-Liversedge_Wrist_01__swing_0006,595,3985798,112.750,0.2450,99.0,0.6788,0.2855,48.33,32.80,V012,0,ncc|resp
2026-07-04_Mark-Liversedge_Wrist_01__swing_0006,596,3992611,123.750,0.2900,234.0,0.6542,0.0146,50.74,33.19,V012,0,ncc|margin|resp
2026-07-04_Mark-Liversedge_Wrist_01__swing_0006,597,3999163,125.500,0.2950,236.0,0.6669,0.0859,42.95,28.64,V012,0,ncc|margin|resp
2026-07-04_Mark-Liversedge_Wrist_01__swing_0006,598,4005986,126.500,0.2950,236.0,0.6844,0.0284,40.24,27.54,V012,0,ncc|margin|resp
2026-07-04_Mark-Liversedge_Wrist_01__swing_0006,599,4012706,114.250,0.2550,184.0,0.6493,0.2258,47.12,30.59,V012,0,ncc|resp
2026-07-04_Mark-Liversedge_Wrist_01__swing_0006,600,4019276,115.750,0.2550,164.0,0.6799,0.3035,47.17,32.07,V012,0,ncc|resp
2026-07-04_Mark-Liversedge_Wrist_01__swing_0006,601,4026108,119.250,0.2675,233.0,0.6676,0.1158,48.53,32.39,V012,0,ncc|margin|resp
2026-07-04_Mark-Liversedge_Wrist_01__swing_0006,602,4032708,121.750,0.2750,258.0,0.6307,0.1508,51.22,32.31,V012,0,ncc|resp
2026-07-04_Mark-Liversedge_Wrist_01__swing_0006,603,4039420,112.000,0.2400,166.0,0.6614,0.2924,42.48,28.10,V012,0,ncc|resp
2026-07-04_Mark-Liversedge_Wrist_01__swing_0006,604,4046164,115.750,0.2525,197.0,0.6751,0.3739,44.00,29.70,V012,0,ncc|resp
2026-07-04_Mark-Liversedge_Wrist_01__swing_0006,605,4052990,112.500,0.2425,183.0,0.6704,0.3078,48.66,32.62,V012,0,ncc|resp
2026-07-04_Mark-Liversedge_Wrist_01__swing_0006,606,4059565,116.750,0.2525,178.0,0.6540,0.3297,46.00,30.08,V012,0,ncc|resp
2026-07-04_Mark-Liversedge_Wrist_01__swing_0006,607,4066182,115.750,0.2525,209.0,0.6559,0.0426,41.47,27.20,V012,0,ncc|margin|resp
2026-07-04_Mark-Liversedge_Wrist_01__swing_0006,608,4073001,37.750,0.3850,186.0,0.6482,0.0721,46.08,29.87,V012,0,ncc|margin|resp
2026-07-04_Mark-Liversedge_Wrist_01__swing_0006,609,4079550,113.250,0.2550,246.0,0.6613,0.1855,42.56,28.14,V012,0,ncc|resp
2026-07-04_Mark-Liversedge_Wrist_01__swing_0006,610,4086510,113.250,0.2550,246.0,0.6841,0.3314,48.62,33.26,V012,0,ncc|resp
2026-07-04_Mark-Liversedge_Wrist_01__swing_0006,611,4092950,115.250,0.2575,244.0,0.6739,0.3445,46.99,31.66,V012,0,ncc|resp
2026-07-04_Mark-Liversedge_Wrist_01__swing_0006,612,4099680,123.500,0.2875,257.0,0.6552,0.0848,43.03,28.20,V012,0,ncc|margin|resp
2026-07-04_Mark-Liversedge_Wrist_01__swing_0006,613,4106544,117.750,0.2650,238.0,0.6906,0.3370,46.51,32.12,V012,0,ncc|resp
2026-07-04_Mark-Liversedge_Wrist_01__swing_0006,614,4113112,89.250,0.3850,72.0,0.6406,0.1170,28.57,18.30,V012,0,ncc|margin|resp
2026-07-04_Mark-Liversedge_Wrist_01__swing_0006,615,4119841,102.000,0.4450,134.0,0.5768,0.0278,29.86,17.22,V012,0,ncc|margin|resp
2026-07-04_Mark-Liversedge_Wrist_01__swing_0006,616,4126542,91.750,0.3675,35.0,0.6045,0.0149,30.06,18.17,V012,0,ncc|margin|resp|r0
2026-07-04_Mark-Liversedge_Wrist_01__swing_0006,617,4133221,89.500,0.3850,74.0,0.6315,0.1588,28.27,17.86,V012,0,ncc|resp
2026-07-04_Mark-Liversedge_Wrist_01__swing_0006,618,4139846,33.500,0.4475,140.0,0.5603,-0.0265,34.63,19.40,V012,0,ncc|margin|resp
2026-07-04_Mark-Liversedge_Wrist_01__swing_0006,619,4146744,89.500,0.3850,77.0,0.6246,0.0040,28.27,17.66,V012,0,ncc|margin|resp
2026-07-04_Mark-Liversedge_Wrist_01__swing_0006,620,4153259,90.000,0.3825,69.0,0.6151,0.0709,28.18,17.33,V012,0,ncc|margin|resp
2026-07-04_Mark-Liversedge_Wrist_01__swing_0006,621,4160000,31.250,0.4700,182.0,0.5672,0.0134,33.20,18.83,V012,0,ncc|margin|resp
2026-07-04_Mark-Liversedge_Wrist_01__swing_0006,622,4166737,90.000,0.3825,69.0,0.6156,0.1475,28.30,17.42,V012,0,ncc|resp
2026-07-04_Mark-Liversedge_Wrist_01__swing_0006,623,4173451,89.500,0.3850,77.0,0.6239,0.0325,28.88,18.02,V012,0,ncc|margin|resp
2026-07-04_Mark-Liversedge_Wrist_01__swing_0007,218,1465199,229.500,0.3300,109.0,0.7234,-0.1349,45.46,32.89,V012,0,margin|resp
2026-07-04_Mark-Liversedge_Wrist_01__swing_0007,219,1471871,229.250,0.3300,111.0,0.7403,-0.2204,42.74,31.64,V012,0,margin|resp
2026-07-04_Mark-Liversedge_Wrist_01__swing_0007,220,1478699,46.000,0.3925,122.0,0.6862,0.3153,57.89,39.72,V012,0,ncc|resp
2026-07-04_Mark-Liversedge_Wrist_01__swing_0007,221,1485349,46.500,0.3925,125.0,0.6880,0.2677,52.74,36.29,V012,0,ncc|resp
2026-07-04_Mark-Liversedge_Wrist_01__swing_0007,222,1492099,220.500,0.3375,218.0,0.6272,0.0681,45.62,28.61,V012,0,ncc|margin|resp
2026-07-04_Mark-Liversedge_Wrist_01__swing_0007,223,1498778,132.500,0.3575,246.0,0.6304,0.0639,48.39,30.51,V012,0,ncc|margin|resp
2026-07-04_Mark-Liversedge_Wrist_01__swing_0007,224,1505474,47.500,0.3925,120.0,0.6302,0.2226,54.25,34.19,V012,0,ncc|resp
2026-07-04_Mark-Liversedge_Wrist_01__swing_0007,225,1512240,48.000,0.3925,122.0,0.6108,0.0575,56.40,34.45,V012,0,ncc|margin|resp
2026-07-04_Mark-Liversedge_Wrist_01__swing_0007,226,1518794,229.750,0.3300,126.0,0.7088,0.2365,41.69,29.55,V012,0,resp
2026-07-04_Mark-Liversedge_Wrist_01__swing_0007,227,1525570,48.750,0.3925,122.0,0.5941,0.1952,61.92,36.78,V012,0,ncc|resp
2026-07-04_Mark-Liversedge_Wrist_01__swing_0007,228,1532332,47.500,0.2725,252.0,0.6380,-0.0122,49.16,31.37,V012,0,ncc|margin|resp
2026-07-04_Mark-Liversedge_Wrist_01__swing_0007,229,1538908,48.750,0.3800,110.0,0.5833,0.0708,58.40,34.07,V012,0,ncc|margin|resp
2026-07-04_Mark-Liversedge_Wrist_01__swing_0007,230,1545727,49.000,0.3750,115.0,0.5894,0.0522,51.13,30.14,V012,0,ncc|margin|resp
2026-07-04_Mark-Liversedge_Wrist_01__swing_0007,231,1552376,229.000,0.4000,196.0,0.6219,0.2320,49.81,30.98,V012,0,ncc|resp
2026-07-04_Mark-Liversedge_Wrist_01__swing_0007,232,1559062,229.000,0.3950,194.0,0.6523,0.2063,51.71,33.73,V012,0,ncc|resp
2026-07-04_Mark-Liversedge_Wrist_01__swing_0007,233,1565791,225.250,0.4225,113.0,0.6550,0.0087,49.27,32.27,V012,0,ncc|margin|resp
2026-07-04_Mark-Liversedge_Wrist_01__swing_0007,234,1572386,52.500,0.3875,119.0,0.5878,0.0979,66.00,38.79,V012,0,ncc|margin|resp
2026-07-04_Mark-Liversedge_Wrist_01__swing_0007,235,1579095,238.750,0.2950,24.0,0.6560,0.0536,52.78,34.62,V012,0,ncc|margin|resp|r0
2026-07-04_Mark-Liversedge_Wrist_01__swing_0007,236,1585880,195.000,0.2600,219.0,0.6506,0.1253,51.32,33.39,V012,0,ncc|resp
2026-07-04_Mark-Liversedge_Wrist_01__swing_0007,237,1592557,238.250,0.2950,20.0,0.6979,-0.0812,54.46,38.01,V012,0,ncc|margin|resp|r0
2026-07-04_Mark-Liversedge_Wrist_01__swing_0007,238,1599156,196.250,0.2375,204.0,0.6397,-0.4247,57.88,37.02,V012,0,ncc|margin|resp
2026-07-04_Mark-Liversedge_Wrist_01__swing_0007,239,1605854,55.500,0.3850,129.0,0.7004,0.3494,69.30,48.54,V012,1,
2026-07-04_Mark-Liversedge_Wrist_01__swing_0007,240,1612719,55.500,0.3875,133.0,0.7038,0.2699,64.25,45.22,V012,1,
2026-07-04_Mark-Liversedge_Wrist_01__swing_0007,241,1619263,57.000,0.3875,135.0,0.7723,0.5240,62.16,48.01,V012,1,
2026-07-04_Mark-Liversedge_Wrist_01__swing_0007,242,1626076,57.000,0.3850,134.0,0.7682,0.4473,69.67,53.52,V012,1,
2026-07-04_Mark-Liversedge_Wrist_01__swing_0007,243,1632744,57.500,0.3850,136.0,0.7752,0.4397,69.52,53.90,V012,1,
2026-07-04_Mark-Liversedge_Wrist_01__swing_0007,244,1639578,62.000,0.3625,95.0,0.8186,0.2891,43.42,35.55,V012,0,resp
2026-07-04_Mark-Liversedge_Wrist_01__swing_0007,245,1646112,58.500,0.3825,132.0,0.7083,0.4773,70.70,50.08,V012,1,
2026-07-04_Mark-Liversedge_Wrist_01__swing_0007,246,1652767,55.750,0.3625,95.0,0.7325,0.1209,51.89,38.01,V012,0,resp
2026-07-04_Mark-Liversedge_Wrist_01__swing_0007,247,1659579,58.750,0.3850,134.0,0.7181,0.3973,71.78,51.55,V012,1,
2026-07-04_Mark-Liversedge_Wrist_01__swing_0007,248,1666160,58.500,0.3825,132.0,0.7445,0.3843,70.08,52.18,V012,1,
2026-07-04_Mark-Liversedge_Wrist_01__swing_0007,249,1672906,62.000,0.3625,94.0,0.8213,0.0625,44.58,36.61,V012,0,margin|resp
2026-07-04_Mark-Liversedge_Wrist_01__swing_0007,250,1679581,62.000,0.3625,94.0,0.8079,0.2534,45.58,36.83,V012,0,resp
2026-07-04_Mark-Liversedge_Wrist_01__swing_0007,251,1686311,238.250,0.2950,30.0,0.6793,0.0085,58.21,39.55,V012,0,ncc|margin|resp|r0
2026-07-04_Mark-Liversedge_Wrist_01__swing_0007,252,1693117,58.000,0.3825,134.0,0.7751,0.4839,70.85,54.92,V012,1,
2026-07-04_Mark-Liversedge_Wrist_01__swing_0007,253,1699704,57.750,0.3850,139.0,0.7730,0.3848,71.79,55.49,V012,1,
2026-07-04_Mark-Liversedge_Wrist_01__swing_0007,254,1706367,57.750,0.3825,134.0,0.7754,0.3776,71.02,55.07,V012,1,
2026-07-04_Mark-Liversedge_Wrist_01__swing_0007,255,1713282,57.750,0.3850,136.0,0.7531,0.4052,69.10,52.04,V012,1,
2026-07-04_Mark-Liversedge_Wrist_01__swing_0007,256,1719815,57.750,0.3825,132.0,0.7600,0.4089,69.93,53.15,V012,1,
2026-07-04_Mark-Liversedge_Wrist_01__swing_0007,257,1726571,57.750,0.3850,134.0,0.7608,0.4569,70.91,53.95,V012,1,
2026-07-04_Mark-Liversedge_Wrist_01__swing_0007,258,1733222,57.750,0.3850,136.0,0.7632,0.3162,72.18,55.09,V012,1,
2026-07-04_Mark-Liversedge_Wrist_01__swing_0007,259,1739891,57.750,0.3825,132.0,0.7719,0.3174,72.21,55.74,V012,1,
2026-07-04_Mark-Liversedge_Wrist_01__swing_0007,260,1746589,61.500,0.3625,95.0,0.7960,0.1933,43.69,34.78,V012,0,resp
2026-07-04_Mark-Liversedge_Wrist_01__swing_0007,261,1753312,58.000,0.3825,134.0,0.7844,0.4187,71.36,55.97,V012,1,
2026-07-04_Mark-Liversedge_Wrist_01__swing_0007,262,1760032,57.750,0.3825,134.0,0.7700,0.4289,69.12,53.23,V012,1,
2026-07-04_Mark-Liversedge_Wrist_01__swing_0007,263,1766663,58.000,0.3825,134.0,0.7783,0.4171,72.55,56.47,V012,1,
2026-07-04_Mark-Liversedge_Wrist_01__swing_0007,264,1773424,57.750,0.3825,134.0,0.7926,0.4729,72.83,57.72,V012,1,
2026-07-04_Mark-Liversedge_Wrist_01__swing_0007,265,1780105,57.750,0.3825,132.0,0.7679,0.4898,70.53,54.16,V012,1,
2026-07-04_Mark-Liversedge_Wrist_01__swing_0007,266,1786840,57.750,0.3825,131.0,0.7708,0.4379,72.66,56.00,V012,1,
2026-07-04_Mark-Liversedge_Wrist_01__swing_0007,267,1793463,57.500,0.3825,129.0,0.7661,0.4675,69.41,53.17,V012,1,
2026-07-04_Mark-Liversedge_Wrist_01__swing_0007,268,1800120,57.750,0.3825,129.0,0.7657,0.4634,71.71,54.91,V012,1,
2026-07-04_Mark-Liversedge_Wrist_01__swing_0007,269,1806901,57.750,0.3825,127.0,0.7725,0.4083,72.76,56.21,V012,1,
2026-07-04_Mark-Liversedge_Wrist_01__swing_0007,270,1813599,54.000,0.3650,96.0,0.7625,0.2662,52.54,40.06,V012,0,
2026-07-04_Mark-Liversedge_Wrist_01__swing_0007,271,1820287,57.250,0.3825,124.0,0.7788,0.5183,71.90,56.00,V012,1,
2026-07-04_Mark-Liversedge_Wrist_01__swing_0007,272,1826986,57.250,0.3825,126.0,0.7788,0.3705,69.26,53.94,V012,1,
2026-07-04_Mark-Liversedge_Wrist_01__swing_0007,273,1833810,57.000,0.3825,126.0,0.7840,0.3755,70.86,55.55,V012,1,
2026-07-04_Mark-Liversedge_Wrist_01__swing_0007,274,1840456,56.750,0.3825,126.0,0.7954,0.3626,70.91,56.40,V012,1,
2026-07-04_Mark-Liversedge_Wrist_01__swing_0007,275,1847203,56.750,0.3825,126.0,0.7905,0.5060,69.68,55.08,V012,1,
2026-07-04_Mark-Liversedge_Wrist_01__swing_0007,276,1853824,56.750,0.3850,126.0,0.7707,0.5097,70.47,54.31,V012,1,
2026-07-04_Mark-Liversedge_Wrist_01__swing_0007,277,1860438,56.750,0.3850,128.0,0.7719,0.5291,68.86,53.15,V012,1,
2026-07-04_Mark-Liversedge_Wrist_01__swing_0007,278,1867260,56.750,0.3850,121.0,0.7799,0.5128,72.45,56.51,V012,1,
2026-07-04_Mark-Liversedge_Wrist_01__swing_0007,279,1873880,60.250,0.3625,77.0,0.8136,0.2566,45.34,36.89,V012,0,resp
2026-07-04_Mark-Liversedge_Wrist_01__swing_0007,280,1880533,56.750,0.3850,116.0,0.8019,0.5930,72.51,58.15,V012,1,
2026-07-04_Mark-Liversedge_Wrist_01__swing_0007,281,1887421,56.500,0.3825,111.0,0.7908,0.4491,70.13,55.46,V012,1,
2026-07-04_Mark-Liversedge_Wrist_01__swing_0007,282,1894092,60.000,0.3625,77.0,0.8114,0.3309,46.15,37.45,V012,0,resp
2026-07-04_Mark-Liversedge_Wrist_01__swing_0007,283,1900694,56.250,0.3850,113.0,0.8078,0.4889,72.92,58.91,V012,1,
2026-07-04_Mark-Liversedge_Wrist_01__swing_0007,284,1907357,56.250,0.3825,116.0,0.7853,0.4754,72.45,56.89,V012,1,
2026-07-04_Mark-Liversedge_Wrist_01__swing_0007,285,1914029,56.000,0.3850,119.0,0.7948,0.4658,73.50,58.42,V012,1,
2026-07-04_Mark-Liversedge_Wrist_01__swing_0007,286,1920769,56.000,0.3850,116.0,0.7989,0.5172,70.16,56.05,V012,1,
2026-07-04_Mark-Liversedge_Wrist_01__swing_0007,287,1927490,55.750,0.3850,118.0,0.8012,0.5694,68.98,55.27,V012,1,
2026-07-04_Mark-Liversedge_Wrist_01__swing_0007,288,1934097,55.750,0.3850,119.0,0.7987,0.5237,72.17,57.64,V012,1,
2026-07-04_Mark-Liversedge_Wrist_01__swing_0007,289,1940833,55.500,0.3850,121.0,0.7955,0.4815,72.04,57.31,V012,1,
2026-07-04_Mark-Liversedge_Wrist_01__swing_0007,290,1947590,55.500,0.3825,118.0,0.7882,0.4048,71.49,56.35,V012,1,
2026-07-04_Mark-Liversedge_Wrist_01__swing_0007,291,1954252,55.500,0.3825,115.0,0.7933,0.4680,67.14,53.26,V012,1,
2026-07-04_Mark-Liversedge_Wrist_01__swing_0007,292,1960933,55.500,0.3850,119.0,0.7845,0.4834,65.66,51.51,V012,1,
2026-07-04_Mark-Liversedge_Wrist_01__swing_0007,293,1967749,55.250,0.3825,118.0,0.7833,0.3813,70.98,55.60,V012,1,
2026-07-04_Mark-Liversedge_Wrist_01__swing_0007,294,1974333,55.000,0.3825,118.0,0.7935,0.3599,69.51,55.15,V012,1,
2026-07-04_Mark-Liversedge_Wrist_01__swing_0007,295,1981002,55.250,0.3850,126.0,0.7936,0.4072,69.86,55.44,V012,1,
2026-07-04_Mark-Liversedge_Wrist_01__swing_0007,296,1987725,54.750,0.3850,126.0,0.8065,0.5033,63.75,51.42,V012,1,
2026-07-04_Mark-Liversedge_Wrist_01__swing_0007,297,1994497,54.750,0.3825,118.0,0.7903,0.4200,65.14,51.48,V012,1,
2026-07-04_Mark-Liversedge_Wrist_01__swing_0007,298,2001074,54.750,0.3850,121.0,0.7843,0.3158,69.73,54.69,V012,1,
2026-07-04_Mark-Liversedge_Wrist_01__swing_0007,299,2007819,55.000,0.3850,121.0,0.7928,0.3504,69.26,54.91,V012,1,
2026-07-04_Mark-Liversedge_Wrist_01__swing_0007,300,2014524,55.000,0.3850,123.0,0.7756,0.4051,69.17,53.64,V012,1,
2026-07-04_Mark-Liversedge_Wrist_01__swing_0007,301,2021247,54.750,0.3850,121.0,0.7777,0.4885,64.93,50.49,V012,1,
2026-07-04_Mark-Liversedge_Wrist_01__swing_0007,302,2027906,54.750,0.3850,118.0,0.7819,0.5296,64.96,50.79,V012,1,
2026-07-04_Mark-Liversedge_Wrist_01__swing_0007,303,2034738,54.750,0.3825,113.0,0.7796,0.4406,69.61,54.27,V012,1,
2026-07-04_Mark-Liversedge_Wrist_01__swing_0007,304,2041316,54.500,0.3850,116.0,0.7855,0.4566,69.55,54.63,V012,1,
2026-07-04_Mark-Liversedge_Wrist_01__swing_0007,305,2048051,54.500,0.3850,116.0,0.7769,0.4935,69.25,53.80,V012,1,
2026-07-04_Mark-Liversedge_Wrist_01__swing_0007,306,2054751,54.750,0.3825,113.0,0.7893,0.5041,62.51,49.34,V012,1,
2026-07-04_Mark-Liversedge_Wrist_01__swing_0007,307,2061395,54.250,0.3850,116.0,0.7868,0.5253,67.33,52.98,V012,1,
2026-07-04_Mark-Liversedge_Wrist_01__swing_0007,308,2068107,54.750,0.3850,116.0,0.7891,0.4952,65.11,51.38,V012,1,
2026-07-04_Mark-Liversedge_Wrist_01__swing_0007,309,2074843,223.000,0.4550,95.0,0.6906,0.0333,45.23,31.24,V012,0,ncc|margin|resp
2026-07-04_Mark-Liversedge_Wrist_01__swing_0007,310,2081508,223.000,0.4550,93.0,0.6912,-0.0581,44.92,31.05,V012,0,ncc|margin|resp
2026-07-04_Mark-Liversedge_Wrist_01__swing_0007,311,2088186,54.250,0.3850,116.0,0.7870,0.5134,63.40,49.89,V012,1,
2026-07-04_Mark-Liversedge_Wrist_01__swing_0007,312,2094908,57.750,0.3625,75.0,0.7727,0.1167,41.54,32.10,V012,0,margin|resp
2026-07-04_Mark-Liversedge_Wrist_01__swing_0007,313,2101745,54.250,0.3850,113.0,0.7882,0.4741,64.48,50.82,V012,1,
2026-07-04_Mark-Liversedge_Wrist_01__swing_0007,314,2108321,54.250,0.3850,116.0,0.7717,0.4518,68.41,52.79,V012,1,
2026-07-04_Mark-Liversedge_Wrist_01__swing_0007,315,2114963,54.000,0.3825,111.0,0.7752,0.4699,67.97,52.69,V012,1,
2026-07-04_Mark-Liversedge_Wrist_01__swing_0007,316,2121641,54.250,0.3825,111.0,0.7859,0.4124,63.35,49.79,V012,1,
2026-07-04_Mark-Liversedge_Wrist_01__swing_0007,317,2128546,54.000,0.3825,113.0,0.7803,0.5285,68.37,53.35,V012,1,
2026-07-04_Mark-Liversedge_Wrist_01__swing_0007,318,2135143,54.500,0.3825,111.0,0.7794,0.4422,62.71,48.87,V012,1,
2026-07-04_Mark-Liversedge_Wrist_01__swing_0007,319,2141805,54.000,0.3825,111.0,0.7732,0.4638,67.73,52.38,V012,1,
2026-07-04_Mark-Liversedge_Wrist_01__swing_0007,320,2148658,54.500,0.3850,113.0,0.7846,0.4708,66.72,52.35,V012,1,
2026-07-04_Mark-Liversedge_Wrist_01__swing_0007,321,2155193,54.000,0.3850,113.0,0.7869,0.5023,62.40,49.10,V012,1,
2026-07-04_Mark-Liversedge_Wrist_01__swing_0007,322,2161873,54.500,0.3850,113.0,0.7783,0.4850,67.02,52.16,V012,1,
2026-07-04_Mark-Liversedge_Wrist_01__swing_0007,323,2168686,54.000,0.3825,111.0,0.7889,0.5091,62.56,49.36,V012,1,
2026-07-04_Mark-Liversedge_Wrist_01__swing_0007,324,2175354,54.250,0.3850,116.0,0.7655,0.3714,67.81,51.91,V012,1,
2026-07-04_Mark-Liversedge_Wrist_01__swing_0007,325,2181998,54.250,0.3850,113.0,0.7725,0.4542,67.55,52.19,V012,1,
2026-07-04_Mark-Liversedge_Wrist_01__swing_0007,326,2188652,54.000,0.3850,116.0,0.7769,0.4254,64.03,49.75,V012,1,
2026-07-04_Mark-Liversedge_Wrist_01__swing_0007,327,2195462,57.750,0.3625,75.0,0.7644,0.0297,41.29,31.56,V012,0,margin|resp
2026-07-04_Mark-Liversedge_Wrist_01__swing_0007,328,2202034,54.250,0.3825,114.0,0.7755,0.4845,63.78,49.46,V012,1,
2026-07-04_Mark-Liversedge_Wrist_01__swing_0007,329,2208779,54.250,0.3850,116.0,0.7673,0.4515,68.54,52.60,V012,1,
2026-07-04_Mark-Liversedge_Wrist_01__swing_0007,330,2215446,54.250,0.3850,116.0,0.7765,0.4418,68.01,52.81,V012,1,
2026-07-04_Mark-Liversedge_Wrist_01__swing_0007,331,2222134,57.750,0.3625,77.0,0.7801,0.0026,41.47,32.35,V012,0,margin|resp
2026-07-04_Mark-Liversedge_Wrist_01__swing_0007,332,2228899,57.750,0.3625,77.0,0.7585,-0.0033,42.31,32.09,V012,0,margin|resp
2026-07-04_Mark-Liversedge_Wrist_01__swing_0007,333,2235714,54.250,0.3850,116.0,0.7829,0.4739,65.17,51.02,V012,1,
2026-07-04_Mark-Liversedge_Wrist_01__swing_0007,334,2242334,54.250,0.3850,116.0,0.7744,0.4557,68.72,53.22,V012,1,
2026-07-04_Mark-Liversedge_Wrist_01__swing_0007,335,2248984,54.250,0.3850,116.0,0.7745,0.4352,69.01,53.44,V012,1,
2026-07-04_Mark-Liversedge_Wrist_01__swing_0007,336,2255676,224.000,0.4050,32.0,0.7322,0.0682,45.30,33.17,V012,0,margin|resp|r0
2026-07-04_Mark-Liversedge_Wrist_01__swing_0007,337,2262487,54.250,0.3825,114.0,0.7790,0.5327,64.46,50.22,V012,1,
2026-07-04_Mark-Liversedge_Wrist_01__swing_0007,338,2269016,54.250,0.3825,115.0,0.7726,0.4572,65.19,50.37,V012,1,
2026-07-04_Mark-Liversedge_Wrist_01__swing_0007,339,2275813,222.750,0.4550,95.0,0.6952,0.0413,44.05,30.63,V012,0,ncc|margin|resp
2026-07-04_Mark-Liversedge_Wrist_01__swing_0007,340,2282466,54.500,0.3850,116.0,0.7800,0.3670,68.62,53.52,V012,1,
2026-07-04_Mark-Liversedge_Wrist_01__swing_0007,341,2289134,57.750,0.3625,77.0,0.7930,0.1087,41.87,33.20,V012,0,margin|resp
2026-07-04_Mark-Liversedge_Wrist_01__swing_0007,342,2295859,54.250,0.3850,116.0,0.7848,0.5406,65.08,51.08,V012,1,
2026-07-04_Mark-Liversedge_Wrist_01__swing_0007,343,2302534,54.250,0.3850,116.0,0.7798,0.5172,64.88,50.59,V012,1,
2026-07-04_Mark-Liversedge_Wrist_01__swing_0007,344,2309316,58.000,0.3625,77.0,0.7974,0.0510,40.67,32.43,V012,0,margin|resp
2026-07-04_Mark-Liversedge_Wrist_01__swing_0007,345,2316095,54.250,0.3850,116.0,0.7809,0.4563,69.57,54.33,V012,1,
2026-07-04_Mark-Liversedge_Wrist_01__swing_0007,346,2322616,58.000,0.3625,76.0,0.7989,0.0468,42.93,34.29,V012,0,margin|resp
2026-07-04_Mark-Liversedge_Wrist_01__swing_0007,347,2329387,54.500,0.3850,116.0,0.7796,0.5006,65.23,50.86,V012,1,
2026-07-04_Mark-Liversedge_Wrist_01__swing_0007,348,2336212,54.250,0.3825,111.0,0.7856,0.4924,64.42,50.61,V012,1,
2026-07-04_Mark-Liversedge_Wrist_01__swing_0007,349,2342780,54.500,0.3850,116.0,0.7809,0.3439,68.67,53.62,V012,1,
2026-07-04_Mark-Liversedge_Wrist_01__swing_0007,350,2349424,58.000,0.3625,77.0,0.7812,0.0735,41.18,32.17,V012,0,margin|resp
2026-07-04_Mark-Liversedge_Wrist_01__swing_0007,351,2356071,58.000,0.3625,77.0,0.7953,0.0994,41.42,32.94,V012,0,margin|resp
2026-07-04_Mark-Liversedge_Wrist_01__swing_0007,352,2362825,54.500,0.3825,114.0,0.7836,0.5347,64.70,50.69,V012,1,
2026-07-04_Mark-Liversedge_Wrist_01__swing_0007,353,2369667,58.000,0.3625,77.0,0.7633,0.2114,41.70,31.83,V012,0,resp
2026-07-04_Mark-Liversedge_Wrist_01__swing_0007,354,2376301,58.000,0.3625,77.0,0.7869,0.0435,41.34,32.53,V012,0,margin|resp
2026-07-04_Mark-Liversedge_Wrist_01__swing_0007,355,2382950,57.750,0.3625,75.0,0.7733,0.0893,41.17,31.84,V012,0,margin|resp
2026-07-04_Mark-Liversedge_Wrist_01__swing_0007,356,2389743,57.750,0.3625,75.0,0.7706,0.0763,40.95,31.55,V012,0,margin|resp
2026-07-04_Mark-Liversedge_Wrist_01__swing_0007,357,2396538,54.750,0.3825,115.0,0.7860,0.5209,63.21,49.69,V012,0,
2026-07-04_Mark-Liversedge_Wrist_01__swing_0007,358,2403223,54.250,0.3850,116.0,0.7812,0.5007,65.94,51.51,V012,0,
2026-07-04_Mark-Liversedge_Wrist_01__swing_0007,359,2409772,224.250,0.4025,27.0,0.7130,0.1046,44.47,31.71,V012,0,margin|resp|r0
2026-07-04_Mark-Liversedge_Wrist_01__swing_0007,360,2416442,58.000,0.3625,75.0,0.7947,0.0394,42.09,33.45,V012,0,margin|resp
2026-07-04_Mark-Liversedge_Wrist_01__swing_0007,361,2423207,224.750,0.4000,22.0,0.7273,0.1207,46.09,33.52,V012,0,resp|r0
2026-07-04_Mark-Liversedge_Wrist_01__swing_0007,362,2429866,54.500,0.3825,115.0,0.7823,0.4612,64.16,50.19,V012,1,
2026-07-04_Mark-Liversedge_Wrist_01__swing_0007,363,2436505,57.750,0.3625,76.0,0.7855,0.0770,41.68,32.74,V012,0,margin|resp
2026-07-04_Mark-Liversedge_Wrist_01__swing_0007,364,2443275,54.750,0.3850,116.0,0.7787,0.4230,64.22,50.01,V012,1,
2026-07-04_Mark-Liversedge_Wrist_01__swing_0007,365,2450005,54.250,0.3825,111.0,0.7809,0.4514,68.38,53.40,V012,1,
2026-07-04_Mark-Liversedge_Wrist_01__swing_0007,366,2456610,54.250,0.3825,111.0,0.7824,0.3831,68.54,53.63,V012,1,
2026-07-04_Mark-Liversedge_Wrist_01__swing_0007,367,2463384,54.500,0.3825,111.0,0.7841,0.5261,63.33,49.66,V012,1,
2026-07-04_Mark-Liversedge_Wrist_01__swing_0007,368,2470090,54.500,0.3850,116.0,0.7736,0.4765,68.89,53.29,V012,1,
2026-07-04_Mark-Liversedge_Wrist_01__swing_0007,369,2476760,54.250,0.3825,113.0,0.7882,0.5283,63.42,49.99,V012,1,
2026-07-04_Mark-Liversedge_Wrist_01__swing_0007,370,2483510,54.500,0.3850,116.0,0.7839,0.4617,68.86,53.99,V012,1,
2026-07-04_Mark-Liversedge_Wrist_01__swing_0007,371,2490118,54.500,0.3825,111.0,0.7832,0.4574,67.74,53.06,V012,1,
2026-07-04_Mark-Liversedge_Wrist_01__swing_0007,372,2496880,54.750,0.3850,116.0,0.7964,0.5487,63.50,50.58,V012,1,
2026-07-04_Mark-Liversedge_Wrist_01__swing_0007,373,2503497,54.500,0.3850,113.0,0.7854,0.4918,67.99,53.40,V012,1,
2026-07-04_Mark-Liversedge_Wrist_01__swing_0007,374,2510191,54.500,0.3850,113.0,0.7994,0.5484,63.72,50.93,V012,1,
2026-07-04_Mark-Liversedge_Wrist_01__swing_0007,375,2516954,54.250,0.3850,111.0,0.7823,0.4915,68.51,53.60,V012,1,
2026-07-04_Mark-Liversedge_Wrist_01__swing_0007,376,2523762,55.000,0.3850,111.0,0.8032,0.4025,65.58,52.67,V012,1,
2026-07-04_Mark-Liversedge_Wrist_01__swing_0007,377,2530271,54.500,0.3850,108.0,0.7743,0.5372,64.00,49.56,V012,1,
2026-07-04_Mark-Liversedge_Wrist_01__swing_0007,378,2536956,55.000,0.3875,115.0,0.7588,0.4537,64.75,49.13,V012,1,
2026-07-04_Mark-Liversedge_Wrist_01__swing_0007,379,2543716,51.250,0.3625,69.0,0.7068,0.1445,42.10,29.75,V012,0,resp
2026-07-04_Mark-Liversedge_Wrist_01__swing_0007,380,2550348,141.500,0.3150,194.0,0.6464,0.0244,47.05,30.41,V012,0,ncc|margin|resp
2026-07-04_Mark-Liversedge_Wrist_01__swing_0007,381,2557201,47.500,0.2650,250.0,0.6244,0.0036,46.68,29.15,V012,0,ncc|margin|resp
2026-07-04_Mark-Liversedge_Wrist_01__swing_0007,382,2563745,228.250,0.4250,68.0,0.6817,0.0123,41.64,28.39,V012,0,ncc|margin|resp
2026-07-04_Mark-Liversedge_Wrist_01__swing_0007,383,2570565,54.750,0.3925,120.0,0.7598,0.4408,61.26,46.55,V012,1,
2026-07-04_Mark-Liversedge_Wrist_01__swing_0007,384,2577370,55.000,0.3950,121.0,0.7532,0.4115,56.74,42.74,V012,1,
2026-07-04_Mark-Liversedge_Wrist_01__swing_0007,385,2583940,55.250,0.3950,124.0,0.7009,0.3615,61.86,43.36,V012,1,
2026-07-04_Mark-Liversedge_Wrist_01__swing_0007,386,2590661,55.500,0.3975,127.0,0.7402,0.2698,57.40,42.49,V012,1,
2026-07-04_Mark-Liversedge_Wrist_01__swing_0007,387,2597340,55.500,0.4000,129.0,0.7427,0.2937,58.63,43.54,V012,1,
2026-07-04_Mark-Liversedge_Wrist_01__swing_0007,388,2604008,55.500,0.4025,126.0,0.7307,0.3661,51.80,37.85,V012,0,resp
2026-07-04_Mark-Liversedge_Wrist_01__swing_0007,389,2610839,56.000,0.4050,131.0,0.7539,0.3312,48.41,36.49,V012,0,resp
2026-07-04_Mark-Liversedge_Wrist_01__swing_0007,390,2617422,192.750,0.2725,142.0,0.6632,-0.5616,50.94,33.79,V012,0,ncc|margin|resp
2026-07-04_Mark-Liversedge_Wrist_01__swing_0007,391,2624092,56.500,0.4075,141.0,0.7627,0.4209,53.27,40.63,V012,0,
2026-07-04_Mark-Liversedge_Wrist_01__swing_0007,392,2630890,220.000,0.4775,75.0,0.6012,0.0311,51.45,30.94,V012,0,ncc|margin|resp
2026-07-04_Mark-Liversedge_Wrist_01__swing_0007,393,2637463,141.250,0.3150,185.0,0.6533,-0.0607,47.03,30.72,V012,0,ncc|margin|resp
2026-07-04_Mark-Liversedge_Wrist_01__swing_0007,394,2644267,141.000,0.3150,182.0,0.6463,-0.0396,46.14,29.82,V012,0,ncc|margin|resp
2026-07-04_Mark-Liversedge_Wrist_01__swing_0007,395,2650993,224.250,0.3975,31.0,0.6264,-0.0099,46.85,29.35,V012,0,ncc|margin|resp|r0
2026-07-04_Mark-Liversedge_Wrist_01__swing_0007,396,2657593,224.250,0.3975,28.0,0.6273,-0.0710,48.14,30.20,V012,0,ncc|margin|resp|r0
2026-07-04_Mark-Liversedge_Wrist_01__swing_0007,397,2664381,62.500,0.4375,189.0,0.6668,0.2139,49.20,32.81,V012,0,ncc|resp
2026-07-04_Mark-Liversedge_Wrist_01__swing_0007,398,2670982,62.750,0.4400,192.0,0.6463,0.0680,50.85,32.87,V012,0,ncc|margin|resp
2026-07-04_Mark-Liversedge_Wrist_01__swing_0007,399,2677729,64.000,0.4350,184.0,0.6074,0.0861,54.57,33.14,V012,0,ncc|margin|resp
2026-07-04_Mark-Liversedge_Wrist_01__swing_0007,400,2684382,140.250,0.3150,175.0,0.6480,0.0747,47.17,30.57,V012,0,ncc|margin|resp
2026-07-04_Mark-Liversedge_Wrist_01__swing_0007,401,2691105,230.000,0.3975,130.0,0.6103,0.0396,50.55,30.85,V012,0,ncc|margin|resp
2026-07-04_Mark-Liversedge_Wrist_01__swing_0007,402,2697770,141.250,0.2550,23.0,0.6934,0.1472,41.07,28.48,V012,0,ncc|resp|r0
2026-07-04_Mark-Liversedge_Wrist_01__swing_0007,403,2704523,139.750,0.3150,170.0,0.6434,0.2104,47.54,30.59,V012,0,ncc|resp
2026-07-04_Mark-Liversedge_Wrist_01__swing_0007,404,2711187,139.750,0.3175,173.0,0.6374,0.1097,46.82,29.85,V012,0,ncc|margin|resp
2026-07-04_Mark-Liversedge_Wrist_01__swing_0007,405,2717810,131.500,0.3575,235.0,0.6430,0.1393,48.02,30.88,V012,0,ncc|resp
2026-07-04_Mark-Liversedge_Wrist_01__swing_0007,406,2724587,224.250,0.4025,76.0,0.5631,-0.0749,52.51,29.57,V012,0,ncc|margin|resp
2026-07-04_Mark-Liversedge_Wrist_01__swing_0007,407,2731324,125.500,0.3275,211.0,0.6209,-0.0300,47.83,29.70,V012,0,ncc|margin|resp
2026-07-04_Mark-Liversedge_Wrist_01__swing_0007,408,2738019,139.000,0.3125,158.0,0.6682,0.1661,44.19,29.53,V012,0,ncc|resp
2026-07-04_Mark-Liversedge_Wrist_01__swing_0007,409,2744734,132.250,0.2950,166.0,0.5872,0.0034,53.45,31.38,V012,0,ncc|margin|resp
2026-07-04_Mark-Liversedge_Wrist_01__swing_0007,410,2751341,140.000,0.2275,161.0,0.6155,0.0169,50.10,30.84,V012,0,ncc|margin|resp
2026-07-04_Mark-Liversedge_Wrist_01__swing_0007,411,2758045,325.000,0.2250,64.0,0.6651,0.0559,41.21,27.41,V012,0,ncc|margin|resp
2026-07-04_Mark-Liversedge_Wrist_01__swing_0007,412,2764773,189.250,0.2200,28.0,0.6249,0.2278,55.08,34.42,V012,0,ncc|resp|r0
2026-07-04_Mark-Liversedge_Wrist_01__swing_0007,413,2771576,242.250,0.3975,162.0,0.6584,0.1320,48.47,31.92,V012,0,ncc|resp
2026-07-04_Mark-Liversedge_Wrist_01__swing_0007,414,2778142,199.500,0.3300,214.0,0.6330,0.0925,47.54,30.09,V012,0,ncc|margin|resp
2026-07-04_Mark-Liversedge_Wrist_01__swing_0007,415,2784876,143.750,0.3600,209.0,0.6428,-0.0012,42.60,27.38,V012,0,ncc|margin|resp
2026-07-04_Mark-Liversedge_Wrist_01__swing_0007,416,2791547,130.750,0.3525,207.0,0.6611,0.2412,54.25,35.86,V012,0,ncc|resp
2026-07-04_Mark-Liversedge_Wrist_01__swing_0007,417,2798213,238.750,0.3850,140.0,0.5682,0.0582,64.17,36.46,V012,0,ncc|margin|resp
2026-07-04_Mark-Liversedge_Wrist_01__swing_0007,418,2804986,237.250,0.3750,133.0,0.6236,0.1199,54.48,33.97,V012,0,ncc|margin|resp
2026-07-04_Mark-Liversedge_Wrist_01__swing_0007,419,2811585,237.750,0.3475,91.0,0.7080,0.1854,48.81,34.56,V012,0,resp
2026-07-04_Mark-Liversedge_Wrist_01__swing_0007,420,2818448,234.500,0.3325,71.0,0.7224,0.0998,44.66,32.26,V012,0,margin|resp
2026-07-04_Mark-Liversedge_Wrist_01__swing_0007,421,2825040,232.250,0.3275,79.0,0.7432,0.2705,46.88,34.84,V012,0,resp
2026-07-04_Mark-Liversedge_Wrist_01__swing_0007,422,2831748,238.000,0.3200,72.0,0.7008,0.1427,47.24,33.11,V012,0,resp
2026-07-04_Mark-Liversedge_Wrist_01__swing_0007,423,2838381,238.250,0.3150,79.0,0.6845,0.0355,48.93,33.49,V012,0,ncc|margin|resp
2026-07-04_Mark-Liversedge_Wrist_01__swing_0007,424,2845198,229.250,0.2800,5.0,0.6678,0.0400,47.70,31.85,V012,0,ncc|margin|resp|r0
2026-07-04_Mark-Liversedge_Wrist_01__swing_0007,425,2851791,259.250,0.4150,192.0,0.6562,0.0341,54.69,35.89,V012,0,ncc|margin|resp
2026-07-04_Mark-Liversedge_Wrist_01__swing_0007,426,2858590,232.000,0.2650,12.0,0.6269,-0.0027,53.57,33.58,V012,0,ncc|margin|resp|r0
2026-07-04_Mark-Liversedge_Wrist_01__swing_0007,427,2865311,226.500,0.3100,161.0,0.6590,0.1613,54.97,36.22,V012,0,ncc|resp
2026-07-04_Mark-Liversedge_Wrist_01__swing_0007,428,2871921,119.250,0.3575,155.0,0.5728,0.0345,57.39,32.87,V012,0,ncc|margin|resp
2026-07-04_Mark-Liversedge_Wrist_01__swing_0007,429,2878652,81.250,0.1950,257.0,0.6705,0.0154,40.73,27.31,V012,0,ncc|margin|resp
2026-07-04_Mark-Liversedge_Wrist_01__swing_0007,430,2885386,88.500,0.2000,259.0,0.6933,0.1752,49.90,34.60,V012,0,ncc|resp
2026-07-04_Mark-Liversedge_Wrist_01__swing_0007,431,2892070,88.250,0.1950,190.0,0.6887,0.2175,50.80,34.99,V012,0,ncc|resp
2026-07-04_Mark-Liversedge_Wrist_01__swing_0007,432,2898835,89.250,0.2000,149.0,0.7156,0.2906,51.29,36.70,V012,0,resp
2026-07-04_Mark-Liversedge_Wrist_01__swing_0007,433,2905461,88.500,0.2000,69.0,0.7120,0.1623,49.88,35.51,V012,0,resp
2026-07-04_Mark-Liversedge_Wrist_01__swing_0007,434,2912247,90.000,0.2000,52.0,0.7056,0.2469,51.40,36.27,V012,0,resp|r0
2026-07-04_Mark-Liversedge_Wrist_01__swing_0007,435,2918807,86.000,0.2400,51.0,0.7202,0.2447,50.36,36.27,V012,0,resp|r0
2026-07-04_Mark-Liversedge_Wrist_01__swing_0007,436,2925565,82.750,0.2125,37.0,0.7132,0.1167,51.70,36.87,V012,0,margin|resp|r0
2026-07-04_Mark-Liversedge_Wrist_01__swing_0007,437,2932310,80.000,0.2150,6.0,0.7256,0.1643,49.33,35.79,V012,0,resp|r0
2026-07-04_Mark-Liversedge_Wrist_01__swing_0007,438,2938878,121.750,0.2275,250.0,0.7147,0.1015,55.39,39.59,V012,0,margin|resp
2026-07-04_Mark-Liversedge_Wrist_01__swing_0007,439,2945707,122.750,0.2275,238.0,0.6977,0.0048,48.71,33.99,V012,0,ncc|margin|resp
2026-07-04_Mark-Liversedge_Wrist_01__swing_0007,440,2952270,96.750,0.4225,252.0,0.6989,0.0953,52.49,36.68,V012,0,ncc|margin|resp
2026-07-04_Mark-Liversedge_Wrist_01__swing_0007,441,2959025,104.250,0.3975,256.0,0.6917,-0.0071,47.43,32.80,V012,0,ncc|margin|resp
2026-07-04_Mark-Liversedge_Wrist_01__swing_0007,442,2965713,96.000,0.4450,260.0,0.6811,0.0274,51.27,34.92,V012,0,ncc|margin|resp
2026-07-04_Mark-Liversedge_Wrist_01__swing_0007,443,2972368,115.000,0.2200,242.0,0.6683,0.0572,57.08,38.15,V012,0,ncc|margin|resp
2026-07-04_Mark-Liversedge_Wrist_01__swing_0007,444,2979156,94.750,0.4775,227.0,0.6468,-0.0218,49.37,31.93,V012,0,ncc|margin|resp
2026-07-04_Mark-Liversedge_Wrist_01__swing_0007,445,2985900,114.000,0.2400,216.0,0.6260,0.0871,63.13,39.52,V012,0,ncc|margin|resp
2026-07-04_Mark-Liversedge_Wrist_01__swing_0007,446,2992736,95.250,0.4600,162.0,0.6944,0.0520,47.33,32.86,V012,0,ncc|margin|resp
2026-07-04_Mark-Liversedge_Wrist_01__swing_0007,447,2999163,109.000,0.2550,169.0,0.6427,0.1487,62.90,40.43,V012,0,ncc
2026-07-04_Mark-Liversedge_Wrist_01__swing_0007,448,3005944,107.500,0.2650,166.0,0.5990,0.0393,64.03,38.35,V012,0,ncc|margin|resp
2026-07-04_Mark-Liversedge_Wrist_01__swing_0007,449,3012636,86.500,0.4750,59.0,0.6647,0.1495,53.01,35.23,V012,0,ncc|resp|r0
2026-07-04_Mark-Liversedge_Wrist_01__swing_0007,450,3019253,86.500,0.4775,40.0,0.6589,-0.0810,54.71,36.05,V012,0,ncc|margin|resp|r0
2026-07-04_Mark-Liversedge_Wrist_01__swing_0007,451,3026025,86.750,0.4750,35.0,0.6821,0.1945,51.05,34.82,V012,0,ncc|resp|r0
2026-07-04_Mark-Liversedge_Wrist_01__swing_0007,452,3032811,87.500,0.4725,21.0,0.6899,0.1600,52.39,36.15,V012,0,ncc|resp|r0
2026-07-04_Mark-Liversedge_Wrist_01__swing_0007,453,3039377,95.500,0.4650,79.0,0.6657,0.2790,53.49,35.61,V012,0,ncc|resp
2026-07-04_Mark-Liversedge_Wrist_01__swing_0007,454,3046046,95.250,0.4700,69.0,0.6462,0.2224,47.37,30.61,V012,0,ncc|resp
2026-07-04_Mark-Liversedge_Wrist_01__swing_0007,455,3052808,101.750,0.3075,70.0,0.5669,0.0183,60.60,34.35,V012,0,ncc|margin|resp
2026-07-04_Mark-Liversedge_Wrist_01__swing_0007,456,3059531,70.250,0.4350,6.0,0.6190,0.0501,57.49,35.59,V012,0,ncc|margin|resp|r0
2026-07-04_Mark-Liversedge_Wrist_01__swing_0007,457,3066309,95.500,0.4675,41.0,0.6574,0.1598,51.47,33.84,V012,0,ncc|resp|r0
2026-07-04_Mark-Liversedge_Wrist_01__swing_0007,458,3072861,106.000,0.3800,74.0,0.5989,0.3020,58.57,35.08,V012,0,ncc|resp
2026-07-04_Mark-Liversedge_Wrist_01__swing_0007,459,3079564,96.000,0.4675,14.0,0.6951,0.3488,56.11,39.01,V012,0,ncc|resp|r0
2026-07-04_Mark-Liversedge_Wrist_01__swing_0007,460,3086225,96.500,0.4650,8.0,0.6978,0.4802,57.81,40.34,V012,0,ncc|r0
2026-07-04_Mark-Liversedge_Wrist_01__swing_0007,461,3092990,96.750,0.4675,3.0,0.6770,0.3381,57.55,38.97,V012,0,ncc|resp|r0
2026-07-04_Mark-Liversedge_Wrist_01__swing_0007,462,3099662,96.750,0.4725,1.0,0.6457,0.2287,56.66,36.58,V012,0,ncc|resp|r0
2026-07-04_Mark-Liversedge_Wrist_01__swing_0007,463,3106345,96.750,0.4725,6.0,0.6178,0.2976,57.44,35.49,V012,0,ncc|resp|r0
2026-07-04_Mark-Liversedge_Wrist_01__swing_0007,464,3113081,97.000,0.4725,4.0,0.6280,0.2574,54.86,34.45,V012,0,ncc|resp|r0
2026-07-04_Mark-Liversedge_Wrist_01__swing_0007,465,3119819,96.750,0.4800,7.0,0.6435,0.3597,53.70,34.56,V012,0,ncc|resp|r0
2026-07-04_Mark-Liversedge_Wrist_01__swing_0007,466,3126494,97.000,0.4800,7.0,0.6233,0.2297,56.44,35.18,V012,0,ncc|resp|r0
2026-07-04_Mark-Liversedge_Wrist_01__swing_0007,467,3133224,97.250,0.4800,5.0,0.6260,0.3340,56.60,35.43,V012,0,ncc|resp|r0
2026-07-04_Mark-Liversedge_Wrist_01__swing_0007,468,3139944,97.750,0.4800,3.0,0.6031,0.2988,56.09,33.83,V012,0,ncc|resp|r0
2026-07-04_Mark-Liversedge_Wrist_01__swing_0007,469,3146595,97.750,0.4800,0.0,0.6089,0.1022,52.15,31.76,V012,0,ncc|margin|resp|r0
2026-07-04_Mark-Liversedge_Wrist_01__swing_0007,470,3153373,89.250,0.4475,35.0,0.6327,0.1422,47.36,29.97,V012,0,ncc|resp|r0
2026-07-04_Mark-Liversedge_Wrist_01__swing_0007,471,3159982,98.250,0.4800,3.0,0.5986,0.2769,53.30,31.91,V012,0,ncc|resp|r0
2026-07-04_Mark-Liversedge_Wrist_01__swing_0007,472,3166665,98.250,0.4800,1.0,0.5866,0.0695,56.08,32.90,V012,0,ncc|margin|resp|r0
2026-07-04_Mark-Liversedge_Wrist_01__swing_0007,473,3173417,94.250,0.3275,227.0,0.6003,0.0810,54.34,32.62,V012,0,ncc|margin|resp
2026-07-04_Mark-Liversedge_Wrist_01__swing_0007,474,3180071,94.750,0.3250,225.0,0.6214,0.3176,54.06,33.59,V012,0,ncc|resp
2026-07-04_Mark-Liversedge_Wrist_01__swing_0007,475,3186769,110.000,0.2050,13.0,0.5946,-0.0885,49.35,29.34,V012,0,ncc|margin|resp|r0
2026-07-04_Mark-Liversedge_Wrist_01__swing_0007,476,3193525,92.000,0.4675,72.0,0.6036,0.0077,45.05,27.19,V012,0,ncc|margin|resp
2026-07-04_Mark-Liversedge_Wrist_01__swing_0007,477,3200115,110.000,0.2050,4.0,0.6327,0.2003,51.29,32.45,V012,0,ncc|resp|r0
2026-07-04_Mark-Liversedge_Wrist_01__swing_0007,478,3206851,112.000,0.2100,20.0,0.6415,0.2631,49.86,31.99,V012,0,ncc|resp|r0
2026-07-04_Mark-Liversedge_Wrist_01__swing_0007,479,3213562,112.750,0.2150,39.0,0.6363,0.1496,46.75,29.75,V012,0,ncc|resp|r0
2026-07-04_Mark-Liversedge_Wrist_01__swing_0007,480,3220194,113.250,0.2200,54.0,0.6348,0.2219,46.59,29.58,V012,0,ncc|resp|r0
2026-07-04_Mark-Liversedge_Wrist_01__swing_0007,481,3226931,113.500,0.2150,43.0,0.6874,0.2465,46.02,31.64,V012,0,ncc|resp|r0
2026-07-04_Mark-Liversedge_Wrist_01__swing_0007,482,3233630,114.000,0.2200,55.0,0.6935,0.3632,50.57,35.07,V012,0,ncc|resp|r0
2026-07-04_Mark-Liversedge_Wrist_01__swing_0007,483,3240356,114.750,0.2200,55.0,0.7047,0.3512,50.32,35.46,V012,0,resp|r0
2026-07-04_Mark-Liversedge_Wrist_01__swing_0007,484,3247088,114.250,0.2200,55.0,0.7016,0.2115,46.21,32.42,V012,0,resp|r0
2026-07-04_Mark-Liversedge_Wrist_01__swing_0007,485,3253744,114.250,0.2250,68.0,0.6821,0.3452,46.36,31.62,V012,0,ncc|resp
2026-07-04_Mark-Liversedge_Wrist_01__swing_0007,486,3260437,115.500,0.2250,72.0,0.6784,0.2795,45.89,31.13,V012,0,ncc|resp
2026-07-04_Mark-Liversedge_Wrist_01__swing_0007,487,3267186,115.250,0.2250,72.0,0.6907,0.4140,49.07,33.90,V012,0,ncc|resp
2026-07-04_Mark-Liversedge_Wrist_01__swing_0007,488,3273869,108.250,0.2100,26.0,0.6588,0.1616,49.82,32.83,V012,0,ncc|resp|r0
2026-07-04_Mark-Liversedge_Wrist_01__swing_0007,489,3280563,116.000,0.2250,72.0,0.6743,0.2688,47.00,31.69,V012,0,ncc|resp
2026-07-04_Mark-Liversedge_Wrist_01__swing_0007,490,3287246,121.250,0.2975,3.0,0.6394,-0.0198,51.32,32.81,V012,0,ncc|margin|resp|r0
2026-07-04_Mark-Liversedge_Wrist_01__swing_0007,491,3294130,108.250,0.2050,17.0,0.5807,0.0285,48.67,28.26,V012,0,ncc|margin|resp|r0
2026-07-04_Mark-Liversedge_Wrist_01__swing_0007,492,3300618,112.750,0.2500,158.0,0.6164,0.0873,50.39,31.06,V012,0,ncc|margin|resp
2026-07-04_Mark-Liversedge_Wrist_01__swing_0007,493,3307362,108.500,0.1950,44.0,0.6162,0.0810,45.60,28.10,V012,0,ncc|margin|resp|r0
2026-07-04_Mark-Liversedge_Wrist_01__swing_0007,494,3314070,114.750,0.2450,162.0,0.5892,0.1887,49.59,29.22,V012,0,ncc|resp
2026-07-04_Mark-Liversedge_Wrist_01__swing_0007,495,3320832,111.250,0.3525,21.0,0.5482,0.2808,59.81,32.79,V012,0,ncc|resp|r0
2026-07-04_Mark-Liversedge_Wrist_01__swing_0007,496,3327427,108.000,0.4600,148.0,0.5902,0.2995,50.54,29.83,V012,0,ncc|resp
2026-07-04_Mark-Liversedge_Wrist_01__swing_0007,497,3334102,108.250,0.3825,147.0,0.5987,0.0977,59.91,35.87,V012,0,ncc|margin|resp
2026-07-04_Mark-Liversedge_Wrist_01__swing_0007,498,3340845,108.500,0.4800,111.0,0.6482,0.2485,49.73,32.24,V012,0,ncc|resp
2026-07-04_Mark-Liversedge_Wrist_01__swing_0007,499,3347504,110.250,0.4650,198.0,0.6477,0.2977,55.18,35.74,V012,0,ncc|resp
2026-07-04_Mark-Liversedge_Wrist_01__swing_0007,500,3354165,104.250,0.4650,237.0,0.6780,0.3780,54.07,36.66,V012,0,ncc|resp
2026-07-04_Mark-Liversedge_Wrist_01__swing_0007,501,3360883,103.750,0.4600,252.0,0.6722,0.3635,54.28,36.49,V012,0,ncc|resp
2026-07-04_Mark-Liversedge_Wrist_01__swing_0007,502,3367588,111.750,0.3400,235.0,0.6200,0.2533,66.20,41.04,V012,0,ncc
2026-07-04_Mark-Liversedge_Wrist_01__swing_0007,503,3374299,113.250,0.2625,50.0,0.7072,0.3034,60.04,42.46,V012,0,r0
2026-07-04_Mark-Liversedge_Wrist_01__swing_0007,504,3380955,119.750,0.2775,199.0,0.6603,0.1085,54.49,35.98,V012,0,ncc|margin|resp
2026-07-04_Mark-Liversedge_Wrist_01__swing_0007,505,3387662,109.000,0.2750,222.0,0.6498,0.2275,59.46,38.64,V012,0,ncc|resp
2026-07-04_Mark-Liversedge_Wrist_01__swing_0007,506,3394513,121.250,0.2550,28.0,0.6465,0.1646,50.27,32.50,V012,0,ncc|resp|r0
2026-07-04_Mark-Liversedge_Wrist_01__swing_0007,507,3401113,110.250,0.4575,51.0,0.6264,0.0406,54.57,34.18,V012,0,ncc|margin|resp|r0
2026-07-04_Mark-Liversedge_Wrist_01__swing_0007,508,3407804,173.250,0.2800,222.0,0.5947,-0.0386,55.39,32.94,V012,0,ncc|margin|resp
2026-07-04_Mark-Liversedge_Wrist_01__swing_0007,509,3414482,162.500,0.3000,241.0,0.7026,0.2744,58.84,41.34,V012,0,
2026-07-04_Mark-Liversedge_Wrist_01__swing_0007,510,3421184,152.250,0.2450,214.0,0.6525,-0.0801,53.71,35.05,V012,0,ncc|margin|resp
2026-07-04_Mark-Liversedge_Wrist_01__swing_0007,511,3427946,227.000,0.2775,232.0,0.6570,-0.1937,43.81,28.78,V012,0,ncc|margin|resp
2026-07-04_Mark-Liversedge_Wrist_01__swing_0007,512,3434608,235.500,0.3150,198.0,0.6669,0.0054,48.80,32.55,V012,0,ncc|margin|resp
2026-07-04_Mark-Liversedge_Wrist_01__swing_0007,513,3441281,224.500,0.2625,13.0,0.7208,0.0986,40.82,29.42,V012,0,margin|resp|r0
2026-07-04_Mark-Liversedge_Wrist_01__swing_0007,514,3448056,230.750,0.3175,128.0,0.5978,0.1425,59.82,35.76,V012,0,ncc|resp
2026-07-04_Mark-Liversedge_Wrist_01__swing_0007,515,3454839,221.250,0.3275,13.0,0.6644,0.0870,43.29,28.76,V012,0,ncc|margin|resp|r0
2026-07-04_Mark-Liversedge_Wrist_01__swing_0007,516,3461379,129.250,0.3475,227.0,0.6615,0.0119,39.72,26.27,V012,0,ncc|margin|resp
2026-07-04_Mark-Liversedge_Wrist_01__swing_0007,517,3468087,215.250,0.4025,126.0,0.6159,0.0439,49.91,30.74,V012,0,ncc|margin|resp
2026-07-04_Mark-Liversedge_Wrist_01__swing_0007,518,3474796,214.500,0.4025,108.0,0.7158,0.3456,55.55,39.76,V012,0,resp
2026-07-04_Mark-Liversedge_Wrist_01__swing_0007,519,3481583,216.250,0.3775,80.0,0.6968,0.2774,51.69,36.02,V012,0,ncc|resp
2026-07-04_Mark-Liversedge_Wrist_01__swing_0007,520,3488278,230.000,0.3700,203.0,0.6790,0.0409,47.88,32.51,V012,0,ncc|margin|resp
2026-07-04_Mark-Liversedge_Wrist_01__swing_0007,521,3494973,115.500,0.4150,178.0,0.6479,0.0547,52.35,33.92,V012,0,ncc|margin|resp
2026-07-04_Mark-Liversedge_Wrist_01__swing_0007,522,3501598,225.750,0.3700,206.0,0.6534,0.0038,48.27,31.54,V012,0,ncc|margin|resp
2026-07-04_Mark-Liversedge_Wrist_01__swing_0007,523,3508321,207.000,0.3900,227.0,0.6667,0.0303,51.61,34.41,V012,0,ncc|margin|resp
2026-07-04_Mark-Liversedge_Wrist_01__swing_0007,524,3514954,222.250,0.3625,23.0,0.6945,0.1483,54.24,37.67,V012,0,ncc|resp|r0
2026-07-04_Mark-Liversedge_Wrist_01__swing_0007,525,3521653,220.250,0.3725,78.0,0.6682,0.0583,52.89,35.34,V012,0,ncc|margin|resp
2026-07-04_Mark-Liversedge_Wrist_01__swing_0007,526,3528484,224.500,0.4225,76.0,0.6832,0.1535,50.01,34.17,V012,0,ncc|resp
2026-07-04_Mark-Liversedge_Wrist_01__swing_0007,527,3535106,228.500,0.3625,8.0,0.7046,0.2740,51.43,36.23,V012,0,resp|r0
2026-07-04_Mark-Liversedge_Wrist_01__swing_0007,528,3541829,225.750,0.3800,74.0,0.7545,0.0997,47.04,35.49,V012,0,margin|resp
2026-07-04_Mark-Liversedge_Wrist_01__swing_0007,529,3548520,218.000,0.4200,56.0,0.7029,0.0960,47.12,33.12,V012,0,margin|resp|r0
2026-07-04_Mark-Liversedge_Wrist_01__swing_0007,530,3555122,236.750,0.2950,134.0,0.7041,0.0927,48.55,34.18,V012,0,margin|resp
2026-07-04_Mark-Liversedge_Wrist_01__swing_0007,531,3561911,224.750,0.3900,167.0,0.6473,0.0878,56.25,36.41,V012,0,ncc|margin|resp
2026-07-04_Mark-Liversedge_Wrist_01__swing_0007,532,3568624,227.250,0.4200,188.0,0.6840,0.1349,55.10,37.69,V012,0,ncc|resp
2026-07-04_Mark-Liversedge_Wrist_01__swing_0007,533,3575261,232.000,0.2650,98.0,0.7208,0.1124,52.39,37.76,V012,0,margin|resp
2026-07-04_Mark-Liversedge_Wrist_01__swing_0007,534,3581876,233.000,0.2850,258.0,0.7311,0.2489,56.73,41.48,V012,0,
2026-07-04_Mark-Liversedge_Wrist_01__swing_0007,535,3588798,100.000,0.3475,183.0,0.7350,0.0851,49.03,36.04,V012,0,margin|resp
2026-07-04_Mark-Liversedge_Wrist_01__swing_0007,536,3595360,100.750,0.3475,118.0,0.7175,0.3389,54.15,38.85,V012,0,resp
2026-07-04_Mark-Liversedge_Wrist_01__swing_0007,537,3602132,102.750,0.3500,185.0,0.7267,0.1646,54.13,39.33,V012,0,resp
2026-07-04_Mark-Liversedge_Wrist_01__swing_0007,538,3608778,96.250,0.3150,45.0,0.6706,0.0742,47.90,32.12,V012,0,ncc|margin|resp|r0
2026-07-04_Mark-Liversedge_Wrist_01__swing_0007,539,3615417,61.500,0.4700,2.0,0.6539,0.1141,40.97,26.79,V012,0,ncc|margin|resp|r0
2026-07-04_Mark-Liversedge_Wrist_01__swing_0007,540,3622189,99.250,0.3200,22.0,0.6660,0.2058,44.32,29.52,V012,0,ncc|resp|r0
2026-07-04_Mark-Liversedge_Wrist_01__swing_0007,541,3628895,102.250,0.4450,52.0,0.6685,0.0889,49.84,33.32,V012,0,ncc|margin|resp|r0
2026-07-04_Mark-Liversedge_Wrist_01__swing_0007,542,3635621,103.000,0.4450,30.0,0.6578,0.2038,49.83,32.78,V012,0,ncc|resp|r0
2026-07-04_Mark-Liversedge_Wrist_01__swing_0007,543,3642396,97.250,0.4075,49.0,0.6968,0.2686,53.09,36.99,V012,0,ncc|resp|r0
2026-07-04_Mark-Liversedge_Wrist_01__swing_0007,544,3649044,98.250,0.4100,44.0,0.7233,0.3495,55.47,40.12,V012,0,r0
2026-07-04_Mark-Liversedge_Wrist_01__swing_0007,545,3655624,121.500,0.2725,17.0,0.6875,0.0338,44.20,30.39,V012,0,ncc|margin|resp|r0
2026-07-04_Mark-Liversedge_Wrist_01__swing_0007,546,3662384,62.750,0.4600,212.0,0.6394,0.0311,50.30,32.16,V012,0,ncc|margin|resp
2026-07-04_Mark-Liversedge_Wrist_01__swing_0007,547,3669008,102.250,0.3200,128.0,0.5604,0.0287,61.75,34.60,V012,0,ncc|margin|resp
2026-07-04_Mark-Liversedge_Wrist_01__swing_0007,548,3675773,118.500,0.2850,249.0,0.6142,0.0814,50.95,31.30,V012,0,ncc|margin|resp
2026-07-04_Mark-Liversedge_Wrist_01__swing_0007,549,3682442,119.000,0.2550,138.0,0.6192,0.0662,57.97,35.90,V012,0,ncc|margin|resp
2026-07-04_Mark-Liversedge_Wrist_01__swing_0007,550,3689117,120.250,0.2650,48.0,0.6498,0.0374,51.32,33.34,V012,0,ncc|margin|resp|r0
2026-07-04_Mark-Liversedge_Wrist_01__swing_0007,551,3695899,115.750,0.2475,83.0,0.5847,0.0365,57.43,33.58,V012,0,ncc|margin|resp
2026-07-04_Mark-Liversedge_Wrist_01__swing_0007,552,3702557,124.000,0.2725,121.0,0.6494,0.0398,51.02,33.13,V012,0,ncc|margin|resp
2026-07-04_Mark-Liversedge_Wrist_01__swing_0007,553,3709262,111.000,0.2125,236.0,0.6942,0.1473,56.41,39.16,V012,0,ncc|resp
2026-07-04_Mark-Liversedge_Wrist_01__swing_0007,554,3716044,105.250,0.2050,222.0,0.7210,0.1856,53.77,38.77,V012,0,resp
2026-07-04_Mark-Liversedge_Wrist_01__swing_0007,555,3722841,110.500,0.2175,203.0,0.6434,0.2044,53.70,34.55,V012,0,ncc|resp
2026-07-04_Mark-Liversedge_Wrist_01__swing_0007,556,3729338,111.250,0.2325,247.0,0.5967,0.1080,50.42,30.08,V012,0,ncc|margin|resp
2026-07-04_Mark-Liversedge_Wrist_01__swing_0007,557,3736056,105.500,0.1950,129.0,0.6234,0.1802,47.21,29.43,V012,0,ncc|resp
2026-07-04_Mark-Liversedge_Wrist_01__swing_0007,558,3742763,121.000,0.2300,250.0,0.6266,0.1599,60.55,37.94,V012,0,ncc|resp
2026-07-04_Mark-Liversedge_Wrist_01__swing_0007,559,3749538,110.500,0.2350,210.0,0.7049,0.1822,49.68,35.02,V012,0,resp
2026-07-04_Mark-Liversedge_Wrist_01__swing_0007,560,3756122,113.000,0.2450,205.0,0.6997,0.3133,54.12,37.86,V012,0,ncc|resp
2026-07-04_Mark-Liversedge_Wrist_01__swing_0007,561,3762887,110.750,0.2400,192.0,0.6776,0.0869,49.35,33.44,V012,0,ncc|margin|resp
2026-07-04_Mark-Liversedge_Wrist_01__swing_0007,562,3769560,109.250,0.2425,191.0,0.6787,0.1171,49.36,33.50,V012,0,ncc|margin|resp
2026-07-04_Mark-Liversedge_Wrist_01__swing_0007,563,3776300,113.500,0.2350,186.0,0.6317,0.3627,72.45,45.77,V012,0,ncc
2026-07-04_Mark-Liversedge_Wrist_01__swing_0007,564,3782903,121.750,0.2625,260.0,0.7438,0.0468,51.58,38.37,V012,0,margin|resp
2026-07-04_Mark-Liversedge_Wrist_01__swing_0007,565,3789696,120.500,0.2625,256.0,0.7618,0.0921,50.59,38.54,V012,0,margin|resp
2026-07-04_Mark-Liversedge_Wrist_01__swing_0007,566,3796318,121.250,0.2675,256.0,0.7525,0.2392,42.65,32.09,V012,0,resp
2026-07-04_Mark-Liversedge_Wrist_01__swing_0007,567,3803103,122.250,0.2675,207.0,0.6673,0.0942,48.39,32.29,V012,0,ncc|margin|resp
2026-07-04_Mark-Liversedge_Wrist_01__swing_0007,568,3809724,121.750,0.2675,200.0,0.6978,0.1158,52.37,36.55,V012,0,ncc|margin|resp
2026-07-04_Mark-Liversedge_Wrist_01__swing_0007,569,3816572,114.500,0.2400,141.0,0.6720,0.3345,57.02,38.32,V012,0,ncc|resp
2026-07-04_Mark-Liversedge_Wrist_01__swing_0007,570,3823139,112.000,0.2350,112.0,0.6452,0.3874,58.83,37.95,V012,0,ncc|resp
2026-07-04_Mark-Liversedge_Wrist_01__swing_0007,571,3829867,112.750,0.2400,124.0,0.6358,0.3894,52.68,33.49,V012,0,ncc|resp
2026-07-04_Mark-Liversedge_Wrist_01__swing_0007,572,3836619,112.250,0.2350,93.0,0.6174,0.3258,54.30,33.52,V012,0,ncc|resp
2026-07-04_Mark-Liversedge_Wrist_01__swing_0007,573,3843251,110.750,0.2325,75.0,0.6671,0.1815,56.99,38.02,V012,0,ncc|resp
2026-07-04_Mark-Liversedge_Wrist_01__swing_0007,574,3849887,119.750,0.2575,120.0,0.6926,0.1477,54.17,37.52,V012,0,ncc|resp
2026-07-04_Mark-Liversedge_Wrist_01__swing_0007,575,3856623,112.250,0.2400,62.0,0.6889,0.1966,55.95,38.54,V012,0,ncc|resp
2026-07-04_Mark-Liversedge_Wrist_01__swing_0007,576,3863335,112.250,0.2400,60.0,0.6911,0.2607,50.13,34.65,V012,0,ncc|resp
2026-07-04_Mark-Liversedge_Wrist_01__swing_0007,577,3870152,119.500,0.2350,43.0,0.6905,0.3683,52.47,36.23,V012,0,ncc|resp|r0
2026-07-04_Mark-Liversedge_Wrist_01__swing_0007,578,3876738,119.250,0.2350,38.0,0.6840,0.3796,51.11,34.96,V012,0,ncc|resp|r0
2026-07-04_Mark-Liversedge_Wrist_01__swing_0007,579,3883378,119.000,0.2350,38.0,0.7072,0.4310,55.38,39.16,V012,0,resp|r0
2026-07-04_Mark-Liversedge_Wrist_01__swing_0007,580,3890069,118.250,0.2350,38.0,0.7051,0.4772,55.39,39.06,V012,0,resp|r0
2026-07-04_Mark-Liversedge_Wrist_01__swing_0007,581,3896976,117.750,0.2350,33.0,0.6988,0.4142,50.52,35.31,V012,0,ncc|resp|r0
2026-07-04_Mark-Liversedge_Wrist_01__swing_0007,582,3903606,117.000,0.2350,37.0,0.7068,0.4987,51.90,36.68,V012,0,resp|r0
2026-07-04_Mark-Liversedge_Wrist_01__swing_0007,583,3910213,112.500,0.2250,2.0,0.6966,0.3325,49.81,34.70,V012,0,ncc|resp|r0
2026-07-04_Mark-Liversedge_Wrist_01__swing_0007,584,3916895,111.750,0.2250,6.0,0.7165,0.3298,56.51,40.49,V012,0,r0
2026-07-04_Mark-Liversedge_Wrist_01__swing_0007,585,3923603,111.500,0.2250,15.0,0.7226,0.3336,55.49,40.10,V012,0,r0
2026-07-04_Mark-Liversedge_Wrist_01__swing_0007,586,3930312,111.250,0.2250,15.0,0.7097,0.3542,51.23,36.36,V012,0,resp|r0
2026-07-04_Mark-Liversedge_Wrist_01__swing_0007,587,3936920,110.750,0.2250,28.0,0.7175,0.0524,51.28,36.80,V012,0,margin|resp|r0
2026-07-04_Mark-Liversedge_Wrist_01__swing_0007,588,3943783,112.250,0.2275,2.0,0.7071,0.3321,49.56,35.04,V012,0,resp|r0
2026-07-04_Mark-Liversedge_Wrist_01__swing_0007,589,3950346,100.250,0.4525,34.0,0.5370,-0.0474,43.79,23.52,V012,0,ncc|margin|resp|r0
2026-07-04_Mark-Liversedge_Wrist_01__swing_0007,590,3957103,125.500,0.4225,204.0,0.5562,0.0065,44.39,24.69,V012,0,ncc|margin|resp
2026-07-04_Mark-Liversedge_Wrist_01__swing_0007,591,3963811,113.500,0.2300,80.0,0.6882,0.3592,47.64,32.79,V012,0,ncc|resp
2026-07-04_Mark-Liversedge_Wrist_01__swing_0007,592,3970509,121.750,0.2850,234.0,0.6804,0.1639,44.16,30.04,V012,0,ncc|resp
2026-07-04_Mark-Liversedge_Wrist_01__swing_0007,593,3977214,122.750,0.2875,240.0,0.6834,0.1641,45.45,31.06,V012,0,ncc|resp
2026-07-04_Mark-Liversedge_Wrist_01__swing_0007,594,3983803,123.250,0.2650,197.0,0.6806,0.1377,49.73,33.85,V012,0,ncc|resp
2026-07-04_Mark-Liversedge_Wrist_01__swing_0007,595,3990592,122.750,0.2675,210.0,0.6694,0.1481,51.53,34.49,V012,0,ncc|resp
2026-07-04_Mark-Liversedge_Wrist_01__swing_0007,596,3997241,122.500,0.2775,227.0,0.6579,0.1431,51.04,33.58,V012,0,ncc|resp
2026-07-04_Mark-Liversedge_Wrist_01__swing_0007,597,4003937,125.500,0.2900,241.0,0.6556,0.1432,40.95,26.85,V012,0,ncc|resp
2026-07-04_Mark-Liversedge_Wrist_01__swing_0007,598,4010658,126.500,0.2900,248.0,0.6575,0.0662,43.30,28.47,V012,0,ncc|margin|resp
2026-07-04_Mark-Liversedge_Wrist_01__swing_0007,599,4017356,111.750,0.2375,167.0,0.6472,0.3979,47.68,30.86,V012,0,ncc|resp
2026-07-04_Mark-Liversedge_Wrist_01__swing_0007,600,4024081,115.000,0.2425,150.0,0.6639,0.3439,48.74,32.36,V012,0,ncc|resp
2026-07-04_Mark-Liversedge_Wrist_01__swing_0007,601,4030789,112.250,0.2350,152.0,0.6593,0.2128,47.07,31.03,V012,0,ncc|resp
2026-07-04_Mark-Liversedge_Wrist_01__swing_0007,602,4037487,123.000,0.2750,256.0,0.6142,0.2023,48.33,29.68,V012,0,ncc|resp
2026-07-04_Mark-Liversedge_Wrist_01__swing_0007,603,4044146,121.250,0.2650,250.0,0.6049,0.1719,50.63,30.63,V012,0,ncc|resp
2026-07-04_Mark-Liversedge_Wrist_01__swing_0007,604,4050849,122.250,0.2650,250.0,0.6324,0.1617,55.91,35.36,V012,0,ncc|resp
2026-07-04_Mark-Liversedge_Wrist_01__swing_0007,605,4057598,119.000,0.2700,234.0,0.6709,0.2158,48.19,32.33,V012,0,ncc|resp
2026-07-04_Mark-Liversedge_Wrist_01__swing_0007,606,4064193,118.250,0.2725,243.0,0.6542,0.2227,47.11,30.82,V012,0,ncc|resp
2026-07-04_Mark-Liversedge_Wrist_01__swing_0007,607,4071005,118.250,0.2725,232.0,0.6496,0.2383,38.87,25.25,V012,0,ncc|resp
2026-07-04_Mark-Liversedge_Wrist_01__swing_0007,608,4077643,124.500,0.2850,242.0,0.6575,0.1950,39.25,25.80,V012,0,ncc|resp
2026-07-04_Mark-Liversedge_Wrist_01__swing_0007,609,4084467,113.250,0.2550,250.0,0.6652,0.1200,47.56,31.64,V012,0,ncc|margin|resp
2026-07-04_Mark-Liversedge_Wrist_01__swing_0007,610,4091129,113.750,0.2550,246.0,0.6846,0.3086,48.20,33.00,V012,0,ncc|resp
2026-07-04_Mark-Liversedge_Wrist_01__swing_0007,611,4097733,113.750,0.2550,254.0,0.6790,0.1975,47.92,32.53,V012,0,ncc|resp
2026-07-04_Mark-Liversedge_Wrist_01__swing_0007,612,4104415,115.250,0.2550,250.0,0.6561,-0.0244,41.56,27.26,V012,0,ncc|margin|resp
2026-07-04_Mark-Liversedge_Wrist_01__swing_0007,613,4111198,114.750,0.2575,257.0,0.6520,0.0608,41.57,27.10,V012,0,ncc|margin|resp
2026-07-04_Mark-Liversedge_Wrist_01__swing_0007,614,4117915,112.000,0.2450,246.0,0.6671,0.1111,46.19,30.81,V012,0,ncc|margin|resp
2026-07-04_Mark-Liversedge_Wrist_01__swing_0007,615,4124666,115.250,0.2525,241.0,0.6526,0.1765,48.69,31.78,V012,0,ncc|resp
2026-07-04_Mark-Liversedge_Wrist_01__swing_0007,616,4131446,118.250,0.2775,253.0,0.6425,0.3775,49.10,31.55,V012,0,ncc|resp
2026-07-04_Mark-Liversedge_Wrist_01__swing_0007,617,4137987,131.500,0.3900,4.0,0.6935,0.0568,39.20,27.18,V012,0,ncc|margin|resp|r0
2026-07-04_Mark-Liversedge_Wrist_01__swing_0007,618,4144666,124.750,0.2775,243.0,0.6355,0.1386,39.60,25.17,V012,0,ncc|resp
2026-07-04_Mark-Liversedge_Wrist_01__swing_0007,619,4151495,115.000,0.2550,250.0,0.6538,0.0796,46.69,30.53,V012,0,ncc|margin|resp
2026-07-04_Mark-Liversedge_Wrist_01__swing_0007,620,4158057,117.750,0.2775,253.0,0.6640,0.1950,48.58,32.25,V012,0,ncc|resp
2026-07-04_Mark-Liversedge_Wrist_01__swing_0007,621,4164788,118.750,0.2525,241.0,0.6497,0.3814,48.49,31.50,V012,0,ncc|resp
2026-07-04_Mark-Liversedge_Wrist_01__swing_0007,622,4171495,119.750,0.2575,253.0,0.6600,0.3330,42.79,28.24,V012,0,ncc|resp
2026-07-04_Mark-Liversedge_Wrist_01__swing_0007,623,4178101,114.750,0.2350,238.0,0.6320,-0.1702,41.61,26.29,V012,0,ncc|margin|resp
2026-07-04_Mark-Liversedge_Wrist_01__swing_0007,624,4184899,94.250,0.4375,59.0,0.6358,0.0440,29.21,18.57,V012,0,ncc|margin|resp|r0
2026-07-04_Mark-Liversedge_Wrist_01__swing_0007,625,4191619,95.750,0.4275,38.0,0.6434,0.1257,30.10,19.37,V012,0,ncc|resp|r0
2026-07-04_Mark-Liversedge_Wrist_01__swing_0007,626,4198383,96.250,0.4200,25.0,0.6464,0.1005,29.75,19.23,V012,0,ncc|margin|resp|r0
2026-07-04_Mark-Liversedge_Wrist_01__swing_0007,627,4205012,96.000,0.4225,27.0,0.6512,0.1156,29.65,19.31,V012,0,ncc|margin|resp|r0
2026-07-04_Mark-Liversedge_Wrist_01__swing_0007,628,4211587,96.000,0.4250,33.0,0.6506,0.0381,29.43,19.15,V012,0,ncc|margin|resp|r0
2026-07-04_Mark-Liversedge_Wrist_01__swing_0007,629,4218374,95.500,0.4300,40.0,0.6261,0.1441,29.44,18.43,V012,0,ncc|resp|r0
2026-07-04_Mark-Liversedge_Wrist_01__swing_0007,630,4225128,57.500,0.2400,141.0,0.5861,0.0133,37.13,21.76,V012,0,ncc|margin|resp
2026-07-04_Mark-Liversedge_Wrist_01__swing_0007,631,4231849,58.000,0.2400,137.0,0.5764,0.0858,37.75,21.76,V012,0,ncc|margin|resp
2026-07-04_Mark-Liversedge_Wrist_01__swing_0007,632,4238407,95.750,0.4250,29.0,0.6389,0.1671,29.01,18.53,V012,0,ncc|resp|r0
2026-07-04_Mark-Liversedge_Wrist_01__swing_0007,633,4245185,95.250,0.4300,40.0,0.6287,0.0452,28.91,18.18,V012,0,ncc|margin|resp|r0
2026-07-04_Mark-Liversedge_Wrist_01__swing_0007,634,4251805,95.500,0.4275,38.0,0.6382,0.1441,29.34,18.73,V012,0,ncc|resp|r0
2026-07-04_Mark-Liversedge_Wrist_01__swing_0007,635,4258544,94.000,0.4450,62.0,0.6220,0.0503,29.34,18.25,V012,0,ncc|margin|resp
2026-07-04_Mark-Liversedge_Wrist_01__swing_0007,636,4265311,42.750,0.3800,184.0,0.5455,0.0017,40.12,21.88,V012,0,ncc|margin|resp
2026-07-04_Mark-Liversedge_Wrist_01__swing_0007,637,4272035,94.000,0.4425,59.0,0.6304,0.0716,28.87,18.20,V012,0,ncc|margin|resp|r0
2026-07-04_Mark-Liversedge_Wrist_01__swing_0007,638,4278681,96.500,0.4200,18.0,0.6216,0.0865,29.97,18.63,V012,0,ncc|margin|resp|r0
2026-07-04_Mark-Liversedge_Wrist_01__swing_0007,639,4285435,95.750,0.4275,31.0,0.6268,0.0550,29.81,18.68,V012,0,ncc|margin|resp|r0
2026-07-04_Mark-Liversedge_Wrist_01__swing_0007,640,4292026,55.500,0.2450,130.0,0.5642,0.0421,38.59,21.77,V012,0,ncc|margin|resp
2026-07-04_Mark-Liversedge_Wrist_01__swing_0007,641,4298838,41.500,0.3850,189.0,0.5512,-0.0231,39.81,21.94,V012,0,ncc|margin|resp
2026-07-04_Mark-Liversedge_Wrist_01__swing_0007,642,4305531,88.750,0.4125,89.0,0.6283,0.1039,30.32,19.05,V012,0,ncc|margin|resp
2026-07-04_Mark-Liversedge_Wrist_01__swing_0007,643,4312228,96.250,0.4225,27.0,0.6246,0.0763,29.83,18.63,V012,0,ncc|margin|resp|r0
2026-07-04_Mark-Liversedge_Wrist_01__swing_0007,644,4318751,85.500,0.4200,105.0,0.6072,0.0882,32.74,19.88,V012,0,ncc|margin|resp
2026-07-04_Mark-Liversedge_Wrist_01__swing_0007,645,4325618,55.250,0.2425,135.0,0.5721,-0.0051,38.65,22.11,V012,0,ncc|margin|resp
2026-07-04_Mark-Liversedge_Wrist_01__swing_0007,646,4332248,42.250,0.3800,205.0,0.5639,0.0783,39.64,22.35,V012,0,ncc|margin|resp
2026-07-04_Mark-Liversedge_Wrist_01__swing_0007,647,4338975,78.250,0.3925,70.0,0.5951,0.0176,32.68,19.45,V012,0,ncc|margin|resp
2026-07-04_Mark-Liversedge_Wrist_01__swing_0007,648,4345741,84.500,0.4275,123.0,0.5971,0.0328,32.62,19.48,V012,0,ncc|margin|resp
2026-07-04_Mark-Liversedge_Wrist_01__swing_0007,649,4352419,77.250,0.4000,72.0,0.6057,0.0755,32.22,19.52,V012,0,ncc|margin|resp
2026-07-04_Mark-Liversedge_Wrist_01__swing_0007,650,4359057,77.500,0.3925,57.0,0.6158,0.0104,31.34,19.30,V012,0,ncc|margin|resp|r0
2026-07-04_Mark-Liversedge_Wrist_01__swing_0007,651,4365781,61.250,0.3050,260.0,0.6005,0.0395,37.25,22.37,V012,0,ncc|margin|resp
2026-07-04_Mark-Liversedge_Wrist_01__swing_0007,652,4372344,90.750,0.4775,114.0,0.6464,-0.0423,31.63,20.45,V012,0,ncc|margin|resp
2026-07-04_Mark-Liversedge_Wrist_01__swing_0007,653,4379069,77.750,0.3975,55.0,0.6079,0.0256,33.42,20.32,V012,0,ncc|margin|resp|r0
2026-07-04_Mark-Liversedge_Wrist_01__swing_0007,654,4385796,94.500,0.4325,33.0,0.6506,0.0464,29.04,18.89,V012,0,ncc|margin|resp|r0
2026-07-04_Mark-Liversedge_Wrist_01__swing_0007,655,4392512,94.750,0.4275,24.0,0.6582,0.0022,29.32,19.30,V012,0,ncc|margin|resp|r0
2026-07-04_Mark-Liversedge_Wrist_01__swing_0007,656,4399172,95.500,0.4225,12.0,0.6622,0.0140,29.54,19.56,V012,0,ncc|margin|resp|r0
2026-07-04_Mark-Liversedge_Wrist_01__swing_0007,657,4405870,94.250,0.4325,28.0,0.6609,-0.0636,29.64,19.59,V012,0,ncc|margin|resp|r0
2026-07-04_Mark-Liversedge_Wrist_01__swing_0007,658,4412556,90.750,0.4800,109.0,0.6688,0.1835,32.07,21.45,V012,0,ncc|resp
2026-07-04_Mark-Liversedge_Wrist_01__swing_0007,659,4419298,94.250,0.4325,28.0,0.6713,0.0720,29.77,19.98,V012,0,ncc|margin|resp|r0
2026-07-04_Mark-Liversedge_Wrist_01__swing_0007,660,4425989,94.250,0.4300,21.0,0.6683,0.0860,29.92,20.00,V012,0,ncc|margin|resp|r0
2026-07-04_Mark-Liversedge_Wrist_01__swing_0007,661,4432831,84.500,0.4300,104.0,0.6417,0.0229,32.35,20.75,V012,0,ncc|margin|resp
2026-07-04_Mark-Liversedge_Wrist_01__swing_0007,662,4439469,94.000,0.4325,28.0,0.6595,0.0755,31.10,20.51,V012,0,ncc|margin|resp|r0
2026-07-04_Mark-Liversedge_Wrist_01__swing_0007,663,4446194,47.500,0.3375,260.0,0.6312,0.0811,38.55,24.33,V012,0,ncc|margin|resp
2026-07-04_Mark-Liversedge_Wrist_01__swing_0007,664,4452825,47.750,0.3400,258.0,0.6584,0.1384,37.83,24.91,V012,0,ncc|resp
2026-07-04_Mark-Liversedge_Wrist_01__swing_0007,665,4459486,47.500,0.3400,260.0,0.6690,0.2329,42.76,28.61,V012,0,ncc|resp
2026-07-04_Mark-Liversedge_Wrist_01__swing_0007,666,4466231,47.250,0.3400,258.0,0.6577,0.2245,43.50,28.61,V012,0,ncc|resp
2026-07-04_Mark-Liversedge_Wrist_01__swing_0007,667,4472846,47.250,0.3425,256.0,0.6815,0.2496,43.43,29.60,V012,0,ncc|resp
2026-07-04_Mark-Liversedge_Wrist_01__swing_0007,668,4479570,47.000,0.3425,256.0,0.6794,0.0696,38.81,26.37,V012,0,ncc|margin|resp
2026-07-04_Mark-Liversedge_Wrist_01__swing_0007,669,4486285,61.750,0.3175,258.0,0.6769,0.0695,35.83,24.25,V012,0,ncc|margin|resp
2026-07-04_Mark-Liversedge_Wrist_01__swing_0007,670,4492993,47.250,0.3425,259.0,0.6672,0.0268,41.18,27.48,V012,0,ncc|margin|resp
2026-07-04_Mark-Liversedge_Wrist_01__swing_0007,671,4499657,47.250,0.3075,252.0,0.6556,0.1297,40.66,26.65,V012,0,ncc|resp
2026-07-04_Mark-Liversedge_Wrist_01__swing_0007,672,4506311,47.250,0.3100,253.0,0.6507,0.1039,41.29,26.87,V012,0,ncc|margin|resp
2026-07-04_Mark-Liversedge_Wrist_01__swing_0007,673,4513013,83.750,0.4300,90.0,0.6660,0.1218,33.88,22.56,V012,0,ncc|resp
2026-07-04_Mark-Liversedge_Wrist_01__swing_0007,674,4519735,83.250,0.4350,98.0,0.6590,0.0103,34.03,22.42,V012,0,ncc|margin|resp
2026-07-04_Mark-Liversedge_Wrist_01__swing_0007,675,4526505,46.750,0.3100,246.0,0.6498,0.0308,37.60,24.43,V012,0,ncc|margin|resp
2026-07-04_Mark-Liversedge_Wrist_01__swing_0007,676,4533116,83.750,0.4300,90.0,0.6670,0.0135,34.13,22.77,V012,0,ncc|margin|resp
2026-07-04_Mark-Liversedge_Wrist_01__swing_0007,677,4539801,61.500,0.3175,240.0,0.6247,0.0566,42.15,26.33,V012,0,ncc|margin|resp
2026-07-04_Mark-Liversedge_Wrist_01__swing_0007,678,4546613,61.250,0.3150,237.0,0.6416,0.0234,39.45,25.31,V012,0,ncc|margin|resp
2026-07-04_Mark-Liversedge_Wrist_01__swing_0007,679,4553284,61.750,0.3175,245.0,0.6567,0.0863,40.19,26.39,V012,0,ncc|margin|resp
2026-07-04_Mark-Liversedge_Wrist_01__swing_0007,680,4559970,83.000,0.4350,98.0,0.6527,0.0925,34.22,22.33,V012,0,ncc|margin|resp
2026-07-04_Mark-Liversedge_Wrist_01__swing_0007,681,4566720,83.250,0.4350,98.0,0.6618,0.0179,33.60,22.23,V012,0,ncc|margin|resp
2026-07-04_Mark-Liversedge_Wrist_01__swing_0007,682,4573335,62.000,0.3200,240.0,0.6268,0.0053,37.96,23.79,V012,0,ncc|margin|resp
2026-07-04_Mark-Liversedge_Wrist_01__swing_0007,683,4580099,83.250,0.4350,98.0,0.6577,0.0717,33.16,21.81,V012,0,ncc|margin|resp
2026-07-04_Mark-Liversedge_Wrist_01__swing_0007,684,4586837,61.250,0.3175,239.0,0.6411,0.0565,38.44,24.64,V012,0,ncc|margin|resp
2026-07-04_Mark-Liversedge_Wrist_01__swing_0007,685,4593484,61.500,0.3175,239.0,0.6407,0.0215,36.01,23.07,V012,0,ncc|margin|resp
2026-07-04_Mark-Liversedge_Wrist_01__swing_0007,686,4600307,60.750,0.3150,232.0,0.6175,0.0281,37.94,23.43,V012,0,ncc|margin|resp
2026-07-04_Mark-Liversedge_Wrist_01__swing_0007,687,4606902,108.250,0.3875,201.0,0.5758,0.0705,44.27,25.49,V012,0,ncc|margin|resp
2026-07-04_Mark-Liversedge_Wrist_01__swing_0007,688,4613633,109.500,0.3525,181.0,0.5679,-0.0689,43.72,24.83,V012,0,ncc|margin|resp
2026-07-04_Mark-Liversedge_Wrist_01__swing_0007,689,4620305,61.250,0.3225,245.0,0.6413,0.0377,37.62,24.13,V012,0,ncc|margin|resp
2026-07-04_Mark-Liversedge_Wrist_01__swing_0007,690,4627014,60.500,0.3175,236.0,0.6453,0.0314,36.48,23.54,V012,0,ncc|margin|resp
2026-07-04_Mark-Liversedge_Wrist_01__swing_0007,691,4633791,111.750,0.3600,179.0,0.5898,0.1340,45.15,26.63,V012,0,ncc|resp
2026-07-04_Mark-Liversedge_Wrist_01__swing_0007,692,4640360,112.250,0.3625,186.0,0.5869,0.0685,45.92,26.95,V012,0,ncc|margin|resp
2026-07-04_Mark-Liversedge_Wrist_01__swing_0007,693,4647118,109.750,0.3450,180.0,0.5757,0.1051,45.23,26.04,V012,0,ncc|margin|resp
2026-07-04_Mark-Liversedge_Wrist_01__swing_0007,694,4653738,110.000,0.3450,180.0,0.5737,0.0380,44.71,25.65,V012,0,ncc|margin|resp
2026-07-04_Mark-Liversedge_Wrist_01__swing_0007,695,4660457,112.750,0.3625,191.0,0.5617,0.0249,45.30,25.45,V012,0,ncc|margin|resp
2026-07-04_Mark-Liversedge_Wrist_01__swing_0007,696,4667162,110.000,0.3400,184.0,0.5511,0.0365,47.02,25.91,V012,0,ncc|margin|resp
2026-07-04_Mark-Liversedge_Wrist_01__swing_0007,697,4673884,109.500,0.3400,190.0,0.5454,-0.0067,46.80,25.52,V012,0,ncc|margin|resp
2026-07-04_Mark-Liversedge_Wrist_01__swing_0007,698,4680540,59.250,0.3175,239.0,0.6170,0.0820,35.01,21.60,V012,0,ncc|margin|resp
2026-07-04_Mark-Liversedge_Wrist_01__swing_0007,699,4687217,60.500,0.3200,250.0,0.6459,0.1489,35.63,23.02,V012,0,ncc|resp
2026-07-04_Mark-Liversedge_Wrist_01__swing_0007,700,4693955,59.250,0.3175,239.0,0.6189,0.0300,35.39,21.90,V012,0,ncc|margin|resp
2026-07-04_Mark-Liversedge_Wrist_01__swing_0007,701,4700724,77.500,0.4625,48.0,0.5735,0.0562,41.53,23.82,V012,0,ncc|margin|resp|r0
2026-07-04_Mark-Liversedge_Wrist_01__swing_0007,702,4707544,102.750,0.4250,170.0,0.5427,0.0203,47.46,25.76,V012,0,ncc|margin|resp
2026-07-04_Mark-Liversedge_Wrist_01__swing_0007,703,4714032,97.750,0.4625,215.0,0.5464,0.0167,46.03,25.15,V012,0,ncc|margin|resp
2026-07-04_Mark-Liversedge_Wrist_01__swing_0007,704,4720707,75.250,0.4450,254.0,0.6621,-0.0137,31.69,20.98,V012,0,ncc|margin|resp
2026-07-04_Mark-Liversedge_Wrist_01__swing_0007,705,4727556,93.000,0.4800,190.0,0.5818,0.0345,42.70,24.84,V012,0,ncc|margin|resp
2026-07-04_Mark-Liversedge_Wrist_01__swing_0007,706,4734169,94.250,0.3825,204.0,0.5365,0.0682,55.50,29.77,V012,0,ncc|margin|resp
2026-07-04_Mark-Liversedge_Wrist_01__swing_0007,707,4740905,94.250,0.3800,200.0,0.5192,-0.0561,55.58,28.85,V012,0,ncc|margin|resp
2026-07-04_Mark-Liversedge_Wrist_01__swing_0007,708,4747589,86.500,0.4625,242.0,0.5809,0.0599,45.73,26.56,V012,0,ncc|margin|resp
2026-07-04_Mark-Liversedge_Wrist_01__swing_0007,709,4754423,74.000,0.4775,76.0,0.6287,0.1481,41.11,25.84,V012,0,ncc|resp
2026-07-04_Mark-Liversedge_Wrist_01__swing_0007,710,4761008,76.750,0.4475,22.0,0.6080,0.0394,40.44,24.59,V012,0,ncc|margin|resp|r0
2026-07-04_Mark-Liversedge_Wrist_01__swing_0007,711,4767749,74.750,0.4675,61.0,0.6364,0.0626,41.27,26.26,V012,0,ncc|margin|resp
2026-07-04_Mark-Liversedge_Wrist_01__swing_0007,712,4774337,74.750,0.4675,59.0,0.6412,0.1504,41.36,26.52,V012,0,ncc|resp|r0
2026-07-04_Mark-Liversedge_Wrist_01__swing_0007,713,4781004,74.250,0.4725,75.0,0.6369,0.1167,42.11,26.82,V012,0,ncc|margin|resp
2026-07-04_Mark-Liversedge_Wrist_01__swing_0007,714,4787688,73.750,0.4725,83.0,0.6443,0.1832,42.64,27.47,V012,0,ncc|resp
2026-07-04_Mark-Liversedge_Wrist_01__swing_0007,715,4794442,75.750,0.4500,47.0,0.6325,0.1142,41.94,26.53,V012,0,ncc|margin|resp|r0
2026-07-04_Mark-Liversedge_Wrist_01__swing_0007,716,4801089,75.500,0.4550,50.0,0.6458,0.2208,41.28,26.66,V012,0,ncc|resp|r0
2026-07-04_Mark-Liversedge_Wrist_01__swing_0007,717,4807838,97.750,0.3800,186.0,0.5833,0.0463,46.37,27.05,V012,0,ncc|margin|resp
2026-07-04_Mark-Liversedge_Wrist_01__swing_0007,718,4814624,73.500,0.4725,83.0,0.6631,0.2626,42.89,28.44,V012,0,ncc|resp
2026-07-04_Mark-Liversedge_Wrist_01__swing_0007,719,4821221,75.250,0.4575,59.0,0.6472,0.2469,42.43,27.46,V012,0,ncc|resp|r0
2026-07-04_Mark-Liversedge_Wrist_01__swing_0007,720,4827925,73.750,0.4675,84.0,0.6676,0.3777,41.71,27.84,V012,0,ncc|resp
2026-07-04_Mark-Liversedge_Wrist_01__swing_0007,721,4834672,74.000,0.4625,78.0,0.6565,0.2181,41.32,27.13,V012,0,ncc|resp
2026-07-04_Mark-Liversedge_Wrist_01__swing_0007,722,4841364,73.500,0.4725,94.0,0.6666,0.2581,42.24,28.16,V012,0,ncc|resp
2026-07-04_Mark-Liversedge_Wrist_01__swing_0007,723,4848054,74.000,0.4625,76.0,0.6537,0.2198,42.97,28.09,V012,0,ncc|resp
2026-07-04_Mark-Liversedge_Wrist_01__swing_0007,724,4854717,74.000,0.4625,78.0,0.6647,0.2506,42.76,28.42,V012,0,ncc|resp
2026-07-04_Mark-Liversedge_Wrist_01__swing_0007,725,4861419,74.500,0.4575,69.0,0.6549,0.0884,42.82,28.04,V012,0,ncc|margin|resp
2026-07-04_Mark-Liversedge_Wrist_01__swing_0007,726,4868105,96.000,0.4250,182.0,0.6010,0.0820,53.77,32.32,V012,0,ncc|margin|resp
2026-07-04_Mark-Liversedge_Wrist_01__swing_0007,727,4874856,74.750,0.4525,67.0,0.6507,0.0463,43.96,28.60,V012,0,ncc|margin|resp
2026-07-04_Mark-Liversedge_Wrist_01__swing_0007,728,4881539,73.750,0.4600,82.0,0.6567,0.0707,43.70,28.70,V012,0,ncc|margin|resp
2026-07-04_Mark-Liversedge_Wrist_01__swing_0007,729,4888270,96.500,0.4250,192.0,0.5913,0.0164,54.65,32.31,V012,0,ncc|margin|resp
2026-07-04_Mark-Liversedge_Wrist_01__swing_0007,730,4894937,87.250,0.3350,172.0,0.5775,0.1066,56.24,32.48,V012,0,ncc|margin|resp
2026-07-04_Mark-Liversedge_Wrist_01__swing_0007,731,4901778,96.500,0.4175,192.0,0.5765,0.1562,53.62,30.91,V012,0,ncc|resp
2026-07-04_Mark-Liversedge_Wrist_01__swing_0007,732,4908353,96.000,0.4150,188.0,0.5729,0.0058,54.65,31.31,V012,0,ncc|margin|resp
2026-07-04_Mark-Liversedge_Wrist_01__swing_0007,733,4915056,95.750,0.4175,192.0,0.5592,0.1028,56.15,31.40,V012,0,ncc|margin|resp
2026-07-04_Mark-Liversedge_Wrist_01__swing_0007,734,4921658,77.250,0.3875,254.0,0.5973,0.0999,47.30,28.26,V012,0,ncc|margin|resp
2026-07-04_Mark-Liversedge_Wrist_01__swing_0007,735,4928325,74.250,0.4525,83.0,0.6292,0.2142,44.17,27.79,V012,0,ncc|resp
2026-07-04_Mark-Liversedge_Wrist_01__swing_0007,736,4935141,74.000,0.4525,85.0,0.6276,0.2457,44.45,27.90,V012,0,ncc|resp
2026-07-04_Mark-Liversedge_Wrist_01__swing_0007,737,4941849,73.750,0.4575,96.0,0.6289,0.1617,44.69,28.10,V012,0,ncc|resp
2026-07-04_Mark-Liversedge_Wrist_01__swing_0007,738,4948494,73.000,0.4600,102.0,0.6475,0.1826,44.24,28.65,V012,0,ncc|resp
2026-07-04_Mark-Liversedge_Wrist_01__swing_0007,739,4955155,81.250,0.3175,233.0,0.6451,0.1893,37.34,24.09,V012,0,ncc|resp
2026-07-04_Mark-Liversedge_Wrist_01__swing_0007,740,4961882,73.250,0.4525,96.0,0.6231,0.1693,44.85,27.94,V012,0,ncc|resp
2026-07-04_Mark-Liversedge_Wrist_01__swing_0007,741,4968519,90.000,0.4650,18.0,0.6259,-0.3613,33.41,20.91,V012,0,ncc|margin|resp|r0
2026-07-04_Mark-Liversedge_Wrist_01__swing_0007,742,4975295,73.000,0.4500,96.0,0.6201,0.2191,45.77,28.38,V012,0,ncc|resp
2026-07-04_Mark-Liversedge_Wrist_01__swing_0007,743,4981989,73.250,0.4500,96.0,0.6290,0.2009,45.35,28.52,V012,0,ncc|resp
2026-07-04_Mark-Liversedge_Wrist_01__swing_0007,744,4988627,96.500,0.3075,155.0,0.5101,-0.3764,56.09,28.61,V012,0,ncc|margin|resp
2026-07-04_Mark-Liversedge_Wrist_01__swing_0007,745,4995435,73.000,0.4500,96.0,0.6180,0.2345,45.93,28.39,V012,0,ncc|resp
2026-07-04_Mark-Liversedge_Wrist_01__swing_0008,202,1356906,49.250,0.3950,121.0,0.5834,0.0192,61.85,36.08,V012,0,ncc|margin|resp
2026-07-04_Mark-Liversedge_Wrist_01__swing_0008,203,1363541,141.250,0.3250,183.0,0.6181,-0.1126,48.92,30.24,V012,0,ncc|margin|resp
2026-07-04_Mark-Liversedge_Wrist_01__swing_0008,204,1370249,227.500,0.4025,64.0,0.6612,-0.0094,43.58,28.81,V012,0,ncc|margin|resp
2026-07-04_Mark-Liversedge_Wrist_01__swing_0008,205,1376912,141.000,0.3275,187.0,0.6327,0.0142,47.30,29.93,V012,0,ncc|margin|resp
2026-07-04_Mark-Liversedge_Wrist_01__swing_0008,206,1383660,247.250,0.3175,187.0,0.6624,0.0028,36.59,24.24,V012,0,ncc|margin|resp
2026-07-04_Mark-Liversedge_Wrist_01__swing_0008,207,1390420,48.000,0.2725,256.0,0.6351,0.0346,50.29,31.94,V012,0,ncc|margin|resp
2026-07-04_Mark-Liversedge_Wrist_01__swing_0008,208,1397159,220.250,0.4425,110.0,0.5959,-0.0111,46.07,27.45,V012,0,ncc|margin|resp
2026-07-04_Mark-Liversedge_Wrist_01__swing_0008,209,1403738,204.250,0.3400,101.0,0.6739,0.0208,43.12,29.06,V012,0,ncc|margin|resp
2026-07-04_Mark-Liversedge_Wrist_01__swing_0008,210,1410471,54.500,0.2400,220.0,0.6180,0.0107,47.44,29.31,V012,0,ncc|margin|resp
2026-07-04_Mark-Liversedge_Wrist_01__swing_0008,211,1417132,250.750,0.3725,38.0,0.6448,-0.0513,43.22,27.86,V012,0,ncc|margin|resp|r0
2026-07-04_Mark-Liversedge_Wrist_01__swing_0008,212,1423790,142.000,0.3150,175.0,0.6109,0.0499,48.38,29.55,V012,0,ncc|margin|resp
2026-07-04_Mark-Liversedge_Wrist_01__swing_0008,213,1430509,141.000,0.3200,181.0,0.6462,0.0907,46.87,30.29,V012,0,ncc|margin|resp
2026-07-04_Mark-Liversedge_Wrist_01__swing_0008,214,1437179,141.500,0.3200,184.0,0.6527,0.0491,47.23,30.83,V012,0,ncc|margin|resp
2026-07-04_Mark-Liversedge_Wrist_01__swing_0008,215,1443945,142.000,0.3150,178.0,0.6355,0.0387,46.85,29.77,V012,0,ncc|margin|resp
2026-07-04_Mark-Liversedge_Wrist_01__swing_0008,216,1450588,140.500,0.3175,181.0,0.6489,0.1134,46.24,30.00,V012,0,ncc|margin|resp
2026-07-04_Mark-Liversedge_Wrist_01__swing_0008,217,1457416,142.000,0.3200,190.0,0.6258,-0.0284,47.81,29.92,V012,0,ncc|margin|resp
2026-07-04_Mark-Liversedge_Wrist_01__swing_0008,218,1464017,141.000,0.3200,190.0,0.6609,0.0234,45.44,30.03,V012,0,ncc|margin|resp
2026-07-04_Mark-Liversedge_Wrist_01__swing_0008,219,1470719,51.750,0.3950,116.0,0.5898,0.2229,65.33,38.53,V012,0,ncc|resp
2026-07-04_Mark-Liversedge_Wrist_01__swing_0008,220,1477408,52.000,0.3950,116.0,0.6106,0.3078,65.36,39.91,V012,0,ncc|resp
2026-07-04_Mark-Liversedge_Wrist_01__swing_0008,221,1484069,52.000,0.3950,116.0,0.6118,0.3531,64.60,39.52,V012,0,ncc|resp
2026-07-04_Mark-Liversedge_Wrist_01__swing_0008,222,1490717,52.250,0.3950,114.0,0.6224,0.2406,64.04,39.86,V012,0,ncc|resp
2026-07-04_Mark-Liversedge_Wrist_01__swing_0008,223,1497494,52.000,0.3925,115.0,0.6325,0.3127,64.53,40.82,V012,0,ncc
2026-07-04_Mark-Liversedge_Wrist_01__swing_0008,224,1504239,52.250,0.2800,247.0,0.6791,0.1351,51.90,35.25,V012,0,ncc|resp
2026-07-04_Mark-Liversedge_Wrist_01__swing_0008,225,1510895,52.250,0.2775,245.0,0.6833,0.1231,52.00,35.53,V012,0,ncc|resp
2026-07-04_Mark-Liversedge_Wrist_01__swing_0008,226,1517638,52.500,0.2750,247.0,0.6820,0.2485,53.28,36.34,V012,0,ncc|resp
2026-07-04_Mark-Liversedge_Wrist_01__swing_0008,227,1524300,53.000,0.3925,122.0,0.6296,0.2682,65.01,40.93,V012,0,ncc
2026-07-04_Mark-Liversedge_Wrist_01__swing_0008,228,1530969,53.000,0.2750,258.0,0.6884,0.2741,51.73,35.61,V012,0,ncc|resp
2026-07-04_Mark-Liversedge_Wrist_01__swing_0008,229,1537733,258.000,0.4275,244.0,0.6152,-0.1745,55.60,34.20,V012,0,ncc|margin|resp
2026-07-04_Mark-Liversedge_Wrist_01__swing_0008,230,1544373,53.750,0.2725,246.0,0.6748,0.0510,50.96,34.39,V012,0,ncc|margin|resp
2026-07-04_Mark-Liversedge_Wrist_01__swing_0008,231,1551126,54.000,0.3925,122.0,0.6803,0.0910,69.03,46.96,V012,0,ncc|margin
2026-07-04_Mark-Liversedge_Wrist_01__swing_0008,232,1557750,54.000,0.3925,127.0,0.7083,0.4115,64.89,45.97,V012,0,
2026-07-04_Mark-Liversedge_Wrist_01__swing_0008,233,1564474,196.000,0.2775,227.0,0.7551,0.3873,50.48,38.12,V012,0,resp
2026-07-04_Mark-Liversedge_Wrist_01__swing_0008,234,1571271,55.250,0.3925,128.0,0.7286,0.0819,67.26,49.00,V012,0,margin
2026-07-04_Mark-Liversedge_Wrist_01__swing_0008,235,1577873,237.750,0.3000,21.0,0.6051,0.0621,60.43,36.57,V012,0,ncc|margin|resp|r0
2026-07-04_Mark-Liversedge_Wrist_01__swing_0008,236,1584710,55.250,0.3900,129.0,0.6948,0.3479,71.66,49.79,V012,0,ncc
2026-07-04_Mark-Liversedge_Wrist_01__swing_0008,237,1591359,141.500,0.3150,207.0,0.6377,0.0462,45.01,28.70,V012,0,ncc|margin|resp
2026-07-04_Mark-Liversedge_Wrist_01__swing_0008,238,1597947,237.750,0.2950,2.0,0.5988,-0.6551,61.75,36.98,V012,0,ncc|margin|resp|r0
2026-07-04_Mark-Liversedge_Wrist_01__swing_0008,239,1604593,56.000,0.3900,133.0,0.7564,0.4233,70.71,53.48,V012,1,
2026-07-04_Mark-Liversedge_Wrist_01__swing_0008,240,1611383,56.250,0.3900,126.0,0.7720,0.4067,70.30,54.27,V012,1,
2026-07-04_Mark-Liversedge_Wrist_01__swing_0008,241,1618193,56.750,0.3900,131.0,0.7751,0.5078,71.91,55.74,V012,1,
2026-07-04_Mark-Liversedge_Wrist_01__swing_0008,242,1624721,56.750,0.3875,132.0,0.7945,0.4836,68.89,54.73,V012,1,
2026-07-04_Mark-Liversedge_Wrist_01__swing_0008,243,1631507,57.250,0.3875,127.0,0.7866,0.4827,70.18,55.20,V012,1,
2026-07-04_Mark-Liversedge_Wrist_01__swing_0008,244,1638165,57.750,0.3875,130.0,0.7847,0.5383,74.13,58.17,V012,1,
2026-07-04_Mark-Liversedge_Wrist_01__swing_0008,245,1644826,58.000,0.3875,122.0,0.7824,0.3907,75.41,59.00,V012,1,
2026-07-04_Mark-Liversedge_Wrist_01__swing_0008,246,1651579,61.500,0.3675,87.0,0.7995,0.3220,45.59,36.45,V012,0,resp
2026-07-04_Mark-Liversedge_Wrist_01__swing_0008,247,1658268,236.750,0.3400,114.0,0.6320,0.0789,60.44,38.19,V012,0,ncc|margin|resp
2026-07-04_Mark-Liversedge_Wrist_01__swing_0008,248,1664923,236.750,0.3375,111.0,0.6375,0.1616,61.19,39.01,V012,0,ncc|resp
2026-07-04_Mark-Liversedge_Wrist_01__swing_0008,249,1671653,55.000,0.3700,94.0,0.7165,0.1203,48.67,34.87,V012,0,resp
2026-07-04_Mark-Liversedge_Wrist_01__swing_0008,250,1678375,58.000,0.3875,119.0,0.7716,0.4055,74.39,57.40,V012,1,
2026-07-04_Mark-Liversedge_Wrist_01__swing_0008,251,1685158,57.750,0.3875,119.0,0.7716,0.4303,74.84,57.74,V012,1,
2026-07-04_Mark-Liversedge_Wrist_01__swing_0008,252,1691863,57.500,0.3875,127.0,0.7671,0.4511,71.75,55.04,V012,1,
2026-07-04_Mark-Liversedge_Wrist_01__swing_0008,253,1698387,57.500,0.3875,122.0,0.7787,0.4967,73.25,57.04,V012,1,
2026-07-04_Mark-Liversedge_Wrist_01__swing_0008,254,1705117,57.500,0.3875,124.0,0.7632,0.5293,73.53,56.12,V012,1,
2026-07-04_Mark-Liversedge_Wrist_01__swing_0008,255,1711859,57.500,0.3875,119.0,0.7703,0.5047,74.82,57.64,V012,1,
2026-07-04_Mark-Liversedge_Wrist_01__swing_0008,256,1718601,57.500,0.3875,119.0,0.7753,0.4527,74.82,58.01,V012,1,
2026-07-04_Mark-Liversedge_Wrist_01__swing_0008,257,1725249,57.250,0.3875,130.0,0.7615,0.4059,71.06,54.11,V012,1,
2026-07-04_Mark-Liversedge_Wrist_01__swing_0008,258,1731977,57.500,0.3875,124.0,0.7811,0.3861,74.10,57.88,V012,1,
2026-07-04_Mark-Liversedge_Wrist_01__swing_0008,259,1738644,57.250,0.3875,127.0,0.7753,0.5005,71.71,55.60,V012,1,
2026-07-04_Mark-Liversedge_Wrist_01__swing_0008,260,1745371,57.500,0.3875,124.0,0.7799,0.4082,74.28,57.93,V012,1,
2026-07-04_Mark-Liversedge_Wrist_01__swing_0008,261,1752060,57.500,0.3875,127.0,0.7809,0.5673,75.31,58.81,V012,1,
2026-07-04_Mark-Liversedge_Wrist_01__swing_0008,262,1758828,57.500,0.3875,127.0,0.7747,0.5459,70.90,54.93,V012,1,
2026-07-04_Mark-Liversedge_Wrist_01__swing_0008,263,1765430,57.750,0.3875,124.0,0.7785,0.5385,74.11,57.69,V012,1,
2026-07-04_Mark-Liversedge_Wrist_01__swing_0008,264,1772101,57.500,0.3875,127.0,0.7850,0.5833,70.86,55.63,V012,1,
2026-07-04_Mark-Liversedge_Wrist_01__swing_0008,265,1778824,57.500,0.3875,124.0,0.7726,0.4535,73.96,57.14,V012,1,
2026-07-04_Mark-Liversedge_Wrist_01__swing_0008,266,1785499,57.500,0.3875,127.0,0.7871,0.4363,74.50,58.64,V012,1,
2026-07-04_Mark-Liversedge_Wrist_01__swing_0008,267,1792177,57.500,0.3875,130.0,0.7707,0.5611,71.69,55.25,V012,1,
2026-07-04_Mark-Liversedge_Wrist_01__swing_0008,268,1798896,57.500,0.3875,130.0,0.7841,0.5654,73.92,57.96,V012,1,
2026-07-04_Mark-Liversedge_Wrist_01__swing_0008,269,1805657,57.250,0.3875,132.0,0.7968,0.4040,71.77,57.18,V012,1,
2026-07-04_Mark-Liversedge_Wrist_01__swing_0008,270,1812353,57.250,0.3900,131.0,0.7758,0.4262,74.30,57.64,V012,1,
2026-07-04_Mark-Liversedge_Wrist_01__swing_0008,271,1819076,57.250,0.3875,127.0,0.7741,0.4033,73.78,57.11,V012,1,
2026-07-04_Mark-Liversedge_Wrist_01__swing_0008,272,1825659,57.250,0.3875,130.0,0.7845,0.4142,73.30,57.50,V012,1,
2026-07-04_Mark-Liversedge_Wrist_01__swing_0008,273,1832413,57.000,0.3900,128.0,0.7746,0.4237,71.52,55.40,V012,1,
2026-07-04_Mark-Liversedge_Wrist_01__swing_0008,274,1839154,57.000,0.3875,129.0,0.7821,0.4750,68.99,53.96,V012,1,
2026-07-04_Mark-Liversedge_Wrist_01__swing_0008,275,1845832,57.250,0.3875,127.0,0.7836,0.4212,72.98,57.19,V012,1,
2026-07-04_Mark-Liversedge_Wrist_01__swing_0008,276,1852566,57.250,0.3875,127.0,0.7852,0.4454,72.24,56.72,V012,1,
2026-07-04_Mark-Liversedge_Wrist_01__swing_0008,277,1859198,231.000,0.3925,183.0,0.6976,0.0729,52.24,36.44,V012,0,ncc|margin|resp
2026-07-04_Mark-Liversedge_Wrist_01__swing_0008,278,1865877,53.750,0.3675,89.0,0.6704,0.0366,50.00,33.52,V012,0,ncc|margin|resp
2026-07-04_Mark-Liversedge_Wrist_01__swing_0008,279,1872543,53.750,0.3675,89.0,0.6825,0.0323,50.01,34.13,V012,0,ncc|margin|resp
2026-07-04_Mark-Liversedge_Wrist_01__swing_0008,280,1879356,52.000,0.3600,72.0,0.7006,0.1126,44.63,31.27,V012,0,margin|resp
2026-07-04_Mark-Liversedge_Wrist_01__swing_0008,281,1886145,230.750,0.3925,183.0,0.7069,0.2095,54.71,38.68,V012,0,resp
2026-07-04_Mark-Liversedge_Wrist_01__swing_0008,282,1892682,52.000,0.3600,72.0,0.7120,0.0352,44.80,31.90,V012,0,margin|resp
2026-07-04_Mark-Liversedge_Wrist_01__swing_0008,283,1899388,230.750,0.3950,183.0,0.7212,0.1259,50.45,36.39,V012,0,resp
2026-07-04_Mark-Liversedge_Wrist_01__swing_0008,284,1906121,56.750,0.3875,122.0,0.7975,0.3778,71.41,56.95,V012,1,
2026-07-04_Mark-Liversedge_Wrist_01__swing_0008,285,1912814,56.500,0.3900,123.0,0.7998,0.4372,76.06,60.84,V012,1,
2026-07-04_Mark-Liversedge_Wrist_01__swing_0008,286,1919572,56.750,0.3875,119.0,0.7963,0.3395,73.83,58.79,V012,1,
2026-07-04_Mark-Liversedge_Wrist_01__swing_0008,287,1926261,56.500,0.3875,117.0,0.7936,0.4857,75.67,60.05,V012,1,
2026-07-04_Mark-Liversedge_Wrist_01__swing_0008,288,1932950,56.250,0.3875,117.0,0.8054,0.5488,70.14,56.49,V012,1,
2026-07-04_Mark-Liversedge_Wrist_01__swing_0008,289,1939588,56.250,0.3875,117.0,0.8091,0.5862,71.52,57.87,V012,1,
2026-07-04_Mark-Liversedge_Wrist_01__swing_0008,290,1946320,56.250,0.3875,114.0,0.7949,0.5900,72.89,57.94,V012,1,
2026-07-04_Mark-Liversedge_Wrist_01__swing_0008,291,1952987,56.000,0.3875,117.0,0.8056,0.4745,74.76,60.23,V012,1,
2026-07-04_Mark-Liversedge_Wrist_01__swing_0008,292,1959685,51.250,0.3625,72.0,0.7435,0.1657,43.75,32.53,V012,0,resp
2026-07-04_Mark-Liversedge_Wrist_01__swing_0008,293,1966492,52.500,0.3625,69.0,0.7203,0.1917,49.75,35.84,V012,0,resp
2026-07-04_Mark-Liversedge_Wrist_01__swing_0008,294,1973126,52.500,0.3625,69.0,0.7105,0.0872,47.77,33.94,V012,0,margin|resp
2026-07-04_Mark-Liversedge_Wrist_01__swing_0008,295,1979800,56.250,0.3900,123.0,0.7969,0.4837,71.42,56.92,V012,1,
2026-07-04_Mark-Liversedge_Wrist_01__swing_0008,296,1986458,52.250,0.3600,70.0,0.7436,0.0568,46.65,34.69,V012,0,margin|resp
2026-07-04_Mark-Liversedge_Wrist_01__swing_0008,297,1993114,55.500,0.3875,119.0,0.8054,0.4430,73.30,59.04,V012,1,
2026-07-04_Mark-Liversedge_Wrist_01__swing_0008,298,1999996,55.500,0.3875,117.0,0.8019,0.4343,69.15,55.45,V012,1,
2026-07-04_Mark-Liversedge_Wrist_01__swing_0008,299,2006631,55.250,0.3875,119.0,0.8078,0.4713,68.37,55.23,V012,1,
2026-07-04_Mark-Liversedge_Wrist_01__swing_0008,300,2013357,55.500,0.3875,119.0,0.7956,0.5204,71.23,56.67,V012,1,
2026-07-04_Mark-Liversedge_Wrist_01__swing_0008,301,2020089,51.750,0.3625,75.0,0.7718,0.1985,48.74,37.62,V012,0,resp
2026-07-04_Mark-Liversedge_Wrist_01__swing_0008,302,2026659,55.250,0.3875,122.0,0.7968,0.4141,72.37,57.67,V012,1,
2026-07-04_Mark-Liversedge_Wrist_01__swing_0008,303,2033460,55.000,0.3875,122.0,0.8009,0.3530,67.18,53.80,V012,1,
2026-07-04_Mark-Liversedge_Wrist_01__swing_0008,304,2040089,55.000,0.3875,119.0,0.7949,0.4170,68.16,54.18,V012,1,
2026-07-04_Mark-Liversedge_Wrist_01__swing_0008,305,2046849,55.000,0.3875,122.0,0.7911,0.4628,68.93,54.53,V012,1,
2026-07-04_Mark-Liversedge_Wrist_01__swing_0008,306,2053425,55.000,0.3875,122.0,0.8023,0.4545,71.58,57.42,V012,1,
2026-07-04_Mark-Liversedge_Wrist_01__swing_0008,307,2060231,51.500,0.3625,75.0,0.7690,0.1104,48.88,37.59,V012,0,margin|resp
2026-07-04_Mark-Liversedge_Wrist_01__swing_0008,308,2066800,51.750,0.3625,75.0,0.7514,0.0485,46.82,35.18,V012,0,margin|resp
2026-07-04_Mark-Liversedge_Wrist_01__swing_0008,309,2073520,51.500,0.3625,75.0,0.7631,0.1366,48.19,36.77,V012,0,resp
2026-07-04_Mark-Liversedge_Wrist_01__swing_0008,310,2080288,51.250,0.3650,82.0,0.7777,0.2540,48.94,38.06,V012,0,resp
2026-07-04_Mark-Liversedge_Wrist_01__swing_0008,311,2087047,54.750,0.3875,119.0,0.7840,0.4514,69.54,54.52,V012,1,
2026-07-04_Mark-Liversedge_Wrist_01__swing_0008,312,2093677,54.750,0.3875,122.0,0.7741,0.4436,69.53,53.83,V012,1,
2026-07-04_Mark-Liversedge_Wrist_01__swing_0008,313,2100335,54.500,0.3875,124.0,0.7922,0.4342,66.50,52.68,V012,1,
2026-07-04_Mark-Liversedge_Wrist_01__swing_0008,314,2107102,54.500,0.3875,122.0,0.7869,0.4656,71.72,56.44,V012,1,
2026-07-04_Mark-Liversedge_Wrist_01__swing_0008,315,2113750,51.250,0.3650,81.0,0.7775,0.2919,48.79,37.94,V012,0,resp
2026-07-04_Mark-Liversedge_Wrist_01__swing_0008,316,2120436,54.500,0.3875,119.0,0.7707,0.4161,70.15,54.06,V012,1,
2026-07-04_Mark-Liversedge_Wrist_01__swing_0008,317,2127221,54.750,0.3875,119.0,0.7752,0.3947,68.05,52.75,V012,1,
2026-07-04_Mark-Liversedge_Wrist_01__swing_0008,318,2133830,51.250,0.3675,83.0,0.7770,0.1542,49.51,38.47,V012,0,resp
2026-07-04_Mark-Liversedge_Wrist_01__swing_0008,319,2140474,51.250,0.3650,77.0,0.7892,0.3258,48.64,38.38,V012,0,resp
2026-07-04_Mark-Liversedge_Wrist_01__swing_0008,320,2147258,51.250,0.3650,79.0,0.7899,0.1688,50.61,39.98,V012,0,resp
2026-07-04_Mark-Liversedge_Wrist_01__swing_0008,321,2153970,54.750,0.3875,119.0,0.7813,0.5340,69.07,53.96,V012,1,
2026-07-04_Mark-Liversedge_Wrist_01__swing_0008,322,2160658,54.750,0.3875,119.0,0.7838,0.4449,68.12,53.39,V012,1,
2026-07-04_Mark-Liversedge_Wrist_01__swing_0008,323,2167433,54.500,0.3875,120.0,0.7750,0.4746,68.13,52.80,V012,1,
2026-07-04_Mark-Liversedge_Wrist_01__swing_0008,324,2173984,54.500,0.3875,122.0,0.7824,0.4587,68.53,53.62,V012,1,
2026-07-04_Mark-Liversedge_Wrist_01__swing_0008,325,2180794,54.250,0.3875,122.0,0.7920,0.4761,66.09,52.34,V012,1,
2026-07-04_Mark-Liversedge_Wrist_01__swing_0008,326,2187402,50.750,0.3650,79.0,0.7901,0.2848,45.94,36.30,V012,0,resp
2026-07-04_Mark-Liversedge_Wrist_01__swing_0008,327,2194178,51.250,0.3650,79.0,0.8050,0.1437,49.23,39.63,V012,0,resp
2026-07-04_Mark-Liversedge_Wrist_01__swing_0008,328,2200786,54.750,0.3875,122.0,0.7719,0.4279,68.96,53.23,V012,1,
2026-07-04_Mark-Liversedge_Wrist_01__swing_0008,329,2207668,54.500,0.3875,122.0,0.7725,0.4157,67.32,52.01,V012,1,
2026-07-04_Mark-Liversedge_Wrist_01__swing_0008,330,2214233,51.500,0.3650,81.0,0.7910,0.2641,48.28,38.19,V012,0,resp
2026-07-04_Mark-Liversedge_Wrist_01__swing_0008,331,2220869,51.500,0.3650,82.0,0.7994,0.2707,47.70,38.14,V012,0,resp
2026-07-04_Mark-Liversedge_Wrist_01__swing_0008,332,2227615,51.250,0.3650,81.0,0.8004,0.1821,48.57,38.88,V012,0,resp
2026-07-04_Mark-Liversedge_Wrist_01__swing_0008,333,2234393,54.500,0.3875,122.0,0.7756,0.5431,70.86,54.96,V012,1,
2026-07-04_Mark-Liversedge_Wrist_01__swing_0008,334,2240959,54.500,0.3875,120.0,0.7683,0.4610,66.98,51.46,V012,1,
2026-07-04_Mark-Liversedge_Wrist_01__swing_0008,335,2247724,54.500,0.3875,122.0,0.7838,0.4534,67.11,52.60,V012,1,
2026-07-04_Mark-Liversedge_Wrist_01__swing_0008,336,2254487,51.250,0.3650,82.0,0.8019,0.3455,48.59,38.97,V012,0,resp
2026-07-04_Mark-Liversedge_Wrist_01__swing_0008,337,2261118,51.250,0.3650,81.0,0.7980,0.1519,49.04,39.13,V012,0,resp
2026-07-04_Mark-Liversedge_Wrist_01__swing_0008,338,2267889,51.500,0.3650,81.0,0.8029,0.2140,47.22,37.91,V012,0,resp
2026-07-04_Mark-Liversedge_Wrist_01__swing_0008,339,2274535,54.500,0.3875,122.0,0.7799,0.4372,67.09,52.32,V012,0,
2026-07-04_Mark-Liversedge_Wrist_01__swing_0008,340,2281191,51.250,0.3650,79.0,0.7925,0.2041,48.95,38.79,V012,0,resp
2026-07-04_Mark-Liversedge_Wrist_01__swing_0008,341,2288024,51.250,0.3650,79.0,0.8001,0.1098,48.51,38.81,V012,0,margin|resp
2026-07-04_Mark-Liversedge_Wrist_01__swing_0008,342,2294573,50.750,0.3650,79.0,0.7800,0.0977,45.80,35.73,V012,0,margin|resp
2026-07-04_Mark-Liversedge_Wrist_01__swing_0008,343,2301301,51.250,0.3650,79.0,0.8036,0.1356,48.81,39.23,V012,0,resp
2026-07-04_Mark-Liversedge_Wrist_01__swing_0008,344,2307994,51.250,0.3675,84.0,0.7811,0.1237,47.68,37.24,V012,0,resp
2026-07-04_Mark-Liversedge_Wrist_01__swing_0008,345,2314692,51.250,0.3675,84.0,0.8001,0.1051,48.31,38.66,V012,0,margin|resp
2026-07-04_Mark-Liversedge_Wrist_01__swing_0008,346,2321332,54.500,0.3875,122.0,0.7640,0.3925,70.07,53.54,V012,1,
2026-07-04_Mark-Liversedge_Wrist_01__swing_0008,347,2328136,50.750,0.3650,79.0,0.7792,0.0522,46.60,36.31,V012,0,margin|resp
2026-07-04_Mark-Liversedge_Wrist_01__swing_0008,348,2334761,54.750,0.3875,119.0,0.7795,0.3617,70.11,54.65,V012,1,
2026-07-04_Mark-Liversedge_Wrist_01__swing_0008,349,2341424,54.500,0.3875,119.0,0.7774,0.2958,66.82,51.94,V012,1,
2026-07-04_Mark-Liversedge_Wrist_01__swing_0008,350,2348296,54.250,0.3875,119.0,0.7849,0.4068,65.78,51.63,V012,1,
2026-07-04_Mark-Liversedge_Wrist_01__swing_0008,351,2354966,54.500,0.3875,122.0,0.7867,0.4755,70.51,55.47,V012,1,
2026-07-04_Mark-Liversedge_Wrist_01__swing_0008,352,2361634,54.500,0.3875,122.0,0.7719,0.4132,70.54,54.45,V012,1,
2026-07-04_Mark-Liversedge_Wrist_01__swing_0008,353,2368435,54.500,0.3875,122.0,0.7712,0.4388,70.47,54.35,V012,1,
2026-07-04_Mark-Liversedge_Wrist_01__swing_0008,354,2374986,54.250,0.3875,119.0,0.7908,0.4053,66.31,52.44,V012,1,
2026-07-04_Mark-Liversedge_Wrist_01__swing_0008,355,2381804,54.500,0.3875,119.0,0.7733,0.3982,67.28,52.03,V012,1,
2026-07-04_Mark-Liversedge_Wrist_01__swing_0008,356,2388414,54.750,0.3875,119.0,0.7804,0.4167,67.14,52.40,V012,1,
2026-07-04_Mark-Liversedge_Wrist_01__swing_0008,357,2395100,54.500,0.3875,119.0,0.7743,0.3671,70.14,54.31,V012,1,
2026-07-04_Mark-Liversedge_Wrist_01__swing_0008,358,2401879,54.500,0.3875,122.0,0.7674,0.3649,70.42,54.04,V012,1,
2026-07-04_Mark-Liversedge_Wrist_01__swing_0008,359,2408618,54.250,0.3875,119.0,0.7803,0.3417,65.18,50.86,V012,1,
2026-07-04_Mark-Liversedge_Wrist_01__swing_0008,360,2415397,54.250,0.3875,117.0,0.7912,0.4434,69.70,55.15,V012,1,
2026-07-04_Mark-Liversedge_Wrist_01__swing_0008,361,2421811,54.250,0.3875,117.0,0.7883,0.4620,68.02,53.62,V012,1,
2026-07-04_Mark-Liversedge_Wrist_01__swing_0008,362,2428720,51.000,0.3650,76.0,0.8169,0.2051,49.46,40.41,V012,0,
2026-07-04_Mark-Liversedge_Wrist_01__swing_0008,363,2435343,51.000,0.3650,76.0,0.8205,0.2072,48.74,39.99,V012,0,resp
2026-07-04_Mark-Liversedge_Wrist_01__swing_0008,364,2441897,54.250,0.3875,117.0,0.7739,0.3715,65.25,50.49,V012,0,
2026-07-04_Mark-Liversedge_Wrist_01__swing_0008,365,2448820,51.250,0.3650,76.0,0.8184,0.1653,49.04,40.13,V012,0,
2026-07-04_Mark-Liversedge_Wrist_01__swing_0008,366,2455415,51.000,0.3650,74.0,0.7957,0.2066,48.08,38.26,V012,0,resp
2026-07-04_Mark-Liversedge_Wrist_01__swing_0008,367,2462068,51.250,0.3650,74.0,0.8035,0.2021,48.60,39.05,V012,0,resp
2026-07-04_Mark-Liversedge_Wrist_01__swing_0008,368,2468752,51.250,0.3650,76.0,0.8119,0.2536,47.79,38.80,V012,0,resp
2026-07-04_Mark-Liversedge_Wrist_01__swing_0008,369,2475544,51.000,0.3675,78.0,0.7833,0.2937,49.09,38.46,V012,0,resp
2026-07-04_Mark-Liversedge_Wrist_01__swing_0008,370,2482168,51.000,0.3650,76.0,0.8025,0.3112,48.71,39.10,V012,0,resp
2026-07-04_Mark-Liversedge_Wrist_01__swing_0008,371,2488952,51.250,0.3650,73.0,0.7992,0.2031,47.31,37.81,V012,0,resp
2026-07-04_Mark-Liversedge_Wrist_01__swing_0008,372,2495602,51.000,0.3675,77.0,0.7970,0.1884,48.42,38.59,V012,0,resp
2026-07-04_Mark-Liversedge_Wrist_01__swing_0008,373,2502231,51.000,0.3675,80.0,0.8069,0.2431,47.82,38.59,V012,0,resp
2026-07-04_Mark-Liversedge_Wrist_01__swing_0008,374,2508918,54.250,0.3925,122.0,0.7890,0.5048,64.25,50.69,V012,1,
2026-07-04_Mark-Liversedge_Wrist_01__swing_0008,375,2515650,54.500,0.3925,125.0,0.7688,0.4726,67.23,51.69,V012,1,
2026-07-04_Mark-Liversedge_Wrist_01__swing_0008,376,2522345,54.750,0.3925,122.0,0.7508,0.4939,62.46,46.90,V012,1,
2026-07-04_Mark-Liversedge_Wrist_01__swing_0008,377,2529139,55.000,0.3950,124.0,0.7378,0.4401,66.12,48.78,V012,1,
2026-07-04_Mark-Liversedge_Wrist_01__swing_0008,378,2535833,54.500,0.3950,124.0,0.7433,0.4685,66.49,49.42,V012,1,
2026-07-04_Mark-Liversedge_Wrist_01__swing_0008,379,2542467,54.500,0.3975,128.0,0.7611,0.4935,65.69,50.00,V012,1,
2026-07-04_Mark-Liversedge_Wrist_01__swing_0008,380,2549254,55.500,0.3975,127.0,0.7735,0.4734,60.65,46.91,V012,1,
2026-07-04_Mark-Liversedge_Wrist_01__swing_0008,381,2555920,54.750,0.4000,126.0,0.7683,0.4627,59.70,45.87,V012,1,
2026-07-04_Mark-Liversedge_Wrist_01__swing_0008,382,2562611,55.000,0.4000,129.0,0.7331,0.3610,60.04,44.01,V012,1,
2026-07-04_Mark-Liversedge_Wrist_01__swing_0008,383,2569299,55.000,0.4050,134.0,0.7149,0.4196,62.01,44.33,V012,1,
2026-07-04_Mark-Liversedge_Wrist_01__swing_0008,384,2575907,55.250,0.4050,132.0,0.7593,0.3805,60.05,45.60,V012,1,
2026-07-04_Mark-Liversedge_Wrist_01__swing_0008,385,2582652,55.250,0.4075,132.0,0.8022,0.4492,54.84,44.00,V012,1,
2026-07-04_Mark-Liversedge_Wrist_01__swing_0008,386,2589444,247.250,0.3900,38.0,0.6690,-0.1492,40.55,27.13,V012,0,ncc|margin|resp|r0
2026-07-04_Mark-Liversedge_Wrist_01__swing_0008,387,2596064,246.750,0.3900,35.0,0.7254,-0.2185,41.48,30.09,V012,0,margin|resp|r0
2026-07-04_Mark-Liversedge_Wrist_01__swing_0008,388,2602790,56.000,0.4150,147.0,0.7845,0.2934,55.10,43.22,V012,1,
2026-07-04_Mark-Liversedge_Wrist_01__swing_0008,389,2609431,56.250,0.4175,149.0,0.7495,0.2421,57.44,43.05,V012,1,
2026-07-04_Mark-Liversedge_Wrist_01__swing_0008,390,2616228,194.000,0.2850,141.0,0.6667,0.0306,51.90,34.61,V012,0,ncc|margin|resp
2026-07-04_Mark-Liversedge_Wrist_01__swing_0008,391,2622812,126.500,0.2575,52.0,0.6689,0.1381,43.42,29.04,V012,0,ncc|resp|r0
2026-07-04_Mark-Liversedge_Wrist_01__swing_0008,392,2629566,127.000,0.2600,55.0,0.6717,-0.1001,43.82,29.43,V012,0,ncc|margin|resp|r0
2026-07-04_Mark-Liversedge_Wrist_01__swing_0008,393,2636221,127.000,0.2625,60.0,0.6905,0.1091,42.28,29.19,V012,0,ncc|margin|resp
2026-07-04_Mark-Liversedge_Wrist_01__swing_0008,394,2642909,127.500,0.2625,60.0,0.6740,-0.0259,42.99,28.98,V012,0,ncc|margin|resp
2026-07-04_Mark-Liversedge_Wrist_01__swing_0008,395,2649720,60.250,0.4275,152.0,0.6639,0.0892,55.49,36.84,V012,0,ncc|margin|resp
2026-07-04_Mark-Liversedge_Wrist_01__swing_0008,396,2656367,62.500,0.4525,189.0,0.6859,0.1376,52.42,35.96,V012,0,ncc|resp
2026-07-04_Mark-Liversedge_Wrist_01__swing_0008,397,2663034,194.000,0.3500,218.0,0.6493,0.0213,46.31,30.07,V012,0,ncc|margin|resp
2026-07-04_Mark-Liversedge_Wrist_01__swing_0008,398,2669729,61.750,0.4775,228.0,0.5886,0.0431,56.04,32.98,V012,0,ncc|margin|resp
2026-07-04_Mark-Liversedge_Wrist_01__swing_0008,399,2676427,245.750,0.4575,221.0,0.6363,-0.0887,45.34,28.85,V012,0,ncc|margin|resp
2026-07-04_Mark-Liversedge_Wrist_01__swing_0008,400,2683132,245.750,0.4550,224.0,0.6421,0.1130,47.67,30.61,V012,0,ncc|margin|resp
2026-07-04_Mark-Liversedge_Wrist_01__swing_0008,401,2689820,138.750,0.1800,32.0,0.7215,0.2491,41.50,29.94,V012,0,resp|r0
2026-07-04_Mark-Liversedge_Wrist_01__swing_0008,402,2696575,138.750,0.1800,33.0,0.7393,0.1342,41.47,30.66,V012,0,resp|r0
2026-07-04_Mark-Liversedge_Wrist_01__swing_0008,403,2703185,226.250,0.4175,26.0,0.5748,0.0248,56.18,32.29,V012,0,ncc|margin|resp|r0
2026-07-04_Mark-Liversedge_Wrist_01__swing_0008,404,2709985,226.000,0.4175,34.0,0.5847,-0.1590,56.29,32.92,V012,0,ncc|margin|resp|r0
2026-07-04_Mark-Liversedge_Wrist_01__swing_0008,405,2716642,126.000,0.4725,149.0,0.5903,-0.2219,47.93,28.29,V012,0,ncc|margin|resp
2026-07-04_Mark-Liversedge_Wrist_01__swing_0008,406,2723320,192.250,0.2450,76.0,0.6561,0.2216,54.72,35.90,V012,0,ncc|resp
2026-07-04_Mark-Liversedge_Wrist_01__swing_0008,407,2730131,131.500,0.3025,164.0,0.6069,0.0695,54.90,33.32,V012,0,ncc|margin|resp
2026-07-04_Mark-Liversedge_Wrist_01__swing_0008,408,2736813,136.750,0.1850,37.0,0.6990,0.0593,40.45,28.27,V012,0,ncc|margin|resp|r0
2026-07-04_Mark-Liversedge_Wrist_01__swing_0008,409,2743377,191.750,0.3050,190.0,0.6338,0.0673,51.21,32.46,V012,0,ncc|margin|resp
2026-07-04_Mark-Liversedge_Wrist_01__swing_0008,410,2750071,140.000,0.1850,16.0,0.7436,0.0445,39.32,29.24,V012,0,margin|resp|r0
2026-07-04_Mark-Liversedge_Wrist_01__swing_0008,411,2756822,134.500,0.2000,82.0,0.6674,0.0802,39.54,26.39,V012,0,ncc|margin|resp
2026-07-04_Mark-Liversedge_Wrist_01__swing_0008,412,2763509,126.250,0.4800,200.0,0.6104,-0.2250,46.39,28.31,V012,0,ncc|margin|resp
2026-07-04_Mark-Liversedge_Wrist_01__swing_0008,413,2770241,194.250,0.2575,104.0,0.6541,0.1134,53.27,34.85,V012,0,ncc|margin|resp
2026-07-04_Mark-Liversedge_Wrist_01__swing_0008,414,2776873,128.750,0.3625,202.0,0.6622,-0.0505,47.96,31.76,V012,0,ncc|margin|resp
2026-07-04_Mark-Liversedge_Wrist_01__swing_0008,415,2783675,192.250,0.2450,84.0,0.6246,0.0379,52.51,32.80,V012,0,ncc|margin|resp
2026-07-04_Mark-Liversedge_Wrist_01__swing_0008,416,2790465,218.500,0.3200,185.0,0.6152,0.2030,58.73,36.14,V012,0,ncc|resp
2026-07-04_Mark-Liversedge_Wrist_01__swing_0008,417,2797046,216.000,0.3425,232.0,0.6041,-0.0248,55.40,33.47,V012,0,ncc|margin|resp
2026-07-04_Mark-Liversedge_Wrist_01__swing_0008,418,2803699,130.250,0.2975,110.0,0.6213,0.1055,52.47,32.60,V012,0,ncc|margin|resp
2026-07-04_Mark-Liversedge_Wrist_01__swing_0008,419,2810441,130.000,0.3000,97.0,0.6196,0.0637,52.80,32.71,V012,0,ncc|margin|resp
2026-07-04_Mark-Liversedge_Wrist_01__swing_0008,420,2817177,129.500,0.3000,84.0,0.6043,0.0604,55.96,33.81,V012,0,ncc|margin|resp
2026-07-04_Mark-Liversedge_Wrist_01__swing_0008,421,2823774,186.250,0.2150,68.0,0.6197,0.0948,49.76,30.83,V012,0,ncc|margin|resp
2026-07-04_Mark-Liversedge_Wrist_01__swing_0008,422,2830560,224.250,0.3000,99.0,0.7223,0.0913,50.57,36.53,V012,0,margin|resp
2026-07-04_Mark-Liversedge_Wrist_01__swing_0008,423,2837346,148.250,0.2000,0.0,0.7601,0.0063,45.94,34.92,V012,0,margin|resp|r0
2026-07-04_Mark-Liversedge_Wrist_01__swing_0008,424,2844037,179.750,0.2775,189.0,0.7246,0.0757,52.82,38.28,V012,0,margin|resp
2026-07-04_Mark-Liversedge_Wrist_01__swing_0008,425,2850606,225.500,0.3050,156.0,0.6376,-0.0012,59.28,37.80,V012,0,ncc|margin|resp
2026-07-04_Mark-Liversedge_Wrist_01__swing_0008,426,2857238,84.250,0.1950,248.0,0.6846,0.1476,51.93,35.55,V012,0,ncc|resp
2026-07-04_Mark-Liversedge_Wrist_01__swing_0008,427,2863943,91.250,0.2025,251.0,0.6920,0.1201,52.27,36.17,V012,0,ncc|resp
2026-07-04_Mark-Liversedge_Wrist_01__swing_0008,428,2870652,90.250,0.2025,207.0,0.7253,0.2832,54.21,39.32,V012,0,resp
2026-07-04_Mark-Liversedge_Wrist_01__swing_0008,429,2877418,80.500,0.2275,231.0,0.7274,0.2377,54.50,39.64,V012,0,resp
2026-07-04_Mark-Liversedge_Wrist_01__swing_0008,430,2884066,86.000,0.2150,147.0,0.7351,0.3055,54.95,40.40,V012,0,
2026-07-04_Mark-Liversedge_Wrist_01__swing_0008,431,2890734,79.000,0.2350,66.0,0.7373,0.4001,53.82,39.69,V012,0,resp
2026-07-04_Mark-Liversedge_Wrist_01__swing_0008,432,2897589,85.000,0.2200,97.0,0.7103,0.3608,56.42,40.07,V012,0,
2026-07-04_Mark-Liversedge_Wrist_01__swing_0008,433,2904266,79.500,0.2375,23.0,0.7166,0.1635,56.06,40.17,V012,0,r0
2026-07-04_Mark-Liversedge_Wrist_01__swing_0008,434,2910941,84.250,0.2200,6.0,0.7125,0.3744,56.60,40.33,V012,0,r0
2026-07-04_Mark-Liversedge_Wrist_01__swing_0008,435,2917607,80.250,0.2350,2.0,0.6956,0.2601,56.70,39.44,V012,0,ncc|resp|r0
2026-07-04_Mark-Liversedge_Wrist_01__swing_0008,436,2924209,90.250,0.2475,29.0,0.6486,0.0081,53.09,34.43,V012,0,ncc|margin|resp|r0
2026-07-04_Mark-Liversedge_Wrist_01__swing_0008,437,2931084,83.750,0.2650,16.0,0.6281,0.1047,51.95,32.63,V012,0,ncc|margin|resp|r0
2026-07-04_Mark-Liversedge_Wrist_01__swing_0008,438,2937622,136.250,0.2000,200.0,0.6661,0.2144,57.31,38.18,V012,0,ncc|resp
2026-07-04_Mark-Liversedge_Wrist_01__swing_0008,439,2944498,92.500,0.4325,248.0,0.6855,0.1305,51.11,35.04,V012,0,ncc|resp
2026-07-04_Mark-Liversedge_Wrist_01__swing_0008,440,2951002,69.750,0.3900,241.0,0.7167,-0.0049,47.56,34.09,V012,0,margin|resp
2026-07-04_Mark-Liversedge_Wrist_01__swing_0008,441,2957781,69.250,0.4025,207.0,0.7066,0.1329,51.29,36.24,V012,0,resp
2026-07-04_Mark-Liversedge_Wrist_01__swing_0008,442,2964462,68.500,0.4100,173.0,0.6825,0.0288,54.65,37.30,V012,0,ncc|margin|resp
2026-07-04_Mark-Liversedge_Wrist_01__swing_0008,443,2971287,102.000,0.4800,133.0,0.6509,-0.1099,50.80,33.07,V012,0,ncc|margin|resp
2026-07-04_Mark-Liversedge_Wrist_01__swing_0008,444,2977874,76.000,0.3925,165.0,0.6549,0.0919,47.27,30.95,V012,0,ncc|margin|resp
2026-07-04_Mark-Liversedge_Wrist_01__swing_0008,445,2984640,72.750,0.4150,169.0,0.6635,0.1562,52.79,35.03,V012,0,ncc|resp
2026-07-04_Mark-Liversedge_Wrist_01__swing_0008,446,2991322,68.750,0.4075,55.0,0.6742,-0.0595,50.16,33.82,V012,0,ncc|margin|resp|r0
2026-07-04_Mark-Liversedge_Wrist_01__swing_0008,447,2997987,69.000,0.4025,21.0,0.6564,0.0138,49.31,32.37,V012,0,ncc|margin|resp|r0
2026-07-04_Mark-Liversedge_Wrist_01__swing_0008,448,3004663,94.500,0.4325,90.0,0.6547,0.0032,42.17,27.61,V012,0,ncc|margin|resp
2026-07-04_Mark-Liversedge_Wrist_01__swing_0008,449,3011383,97.000,0.4200,66.0,0.7088,0.0380,43.76,31.02,V012,0,margin|resp
2026-07-04_Mark-Liversedge_Wrist_01__swing_0008,450,3018002,99.000,0.4350,254.0,0.6577,0.2230,51.73,34.02,V012,0,ncc|resp
2026-07-04_Mark-Liversedge_Wrist_01__swing_0008,451,3024771,87.000,0.4800,30.0,0.6312,0.1090,54.43,34.36,V012,0,ncc|margin|resp|r0
2026-07-04_Mark-Liversedge_Wrist_01__swing_0008,452,3031495,86.500,0.4800,16.0,0.5975,0.1810,53.18,31.78,V012,0,ncc|resp|r0
2026-07-04_Mark-Liversedge_Wrist_01__swing_0008,453,3038269,100.000,0.4350,215.0,0.6274,0.1994,49.03,30.76,V012,0,ncc|resp
2026-07-04_Mark-Liversedge_Wrist_01__swing_0008,454,3044849,93.750,0.4775,256.0,0.6014,0.2221,58.78,35.35,V012,0,ncc|resp
2026-07-04_Mark-Liversedge_Wrist_01__swing_0008,455,3051504,99.250,0.4400,194.0,0.6258,0.0269,49.20,30.79,V012,0,ncc|margin|resp
2026-07-04_Mark-Liversedge_Wrist_01__swing_0008,456,3058293,96.750,0.4775,235.0,0.6439,0.1247,54.75,35.25,V012,0,ncc|resp
2026-07-04_Mark-Liversedge_Wrist_01__swing_0008,457,3064982,97.250,0.4800,223.0,0.6432,0.1802,53.64,34.50,V012,0,ncc|resp
2026-07-04_Mark-Liversedge_Wrist_01__swing_0008,458,3071657,97.750,0.4750,209.0,0.6376,0.0828,52.23,33.30,V012,0,ncc|margin|resp
2026-07-04_Mark-Liversedge_Wrist_01__swing_0008,459,3078330,97.250,0.4700,197.0,0.6801,0.1736,51.21,34.83,V012,0,ncc|resp
2026-07-04_Mark-Liversedge_Wrist_01__swing_0008,460,3085086,97.250,0.4700,188.0,0.6545,0.1297,52.90,34.62,V012,0,ncc|resp
2026-07-04_Mark-Liversedge_Wrist_01__swing_0008,461,3091851,107.750,0.2225,109.0,0.6651,0.2660,58.39,38.84,V012,0,ncc|resp
2026-07-04_Mark-Liversedge_Wrist_01__swing_0008,462,3098475,97.750,0.4700,184.0,0.6627,0.3764,53.56,35.49,V012,0,ncc|resp
2026-07-04_Mark-Liversedge_Wrist_01__swing_0008,463,3105142,97.500,0.4675,172.0,0.6687,0.2417,52.17,34.88,V012,0,ncc|resp
2026-07-04_Mark-Liversedge_Wrist_01__swing_0008,464,3111847,107.000,0.2225,69.0,0.6338,0.3254,55.24,35.01,V012,0,ncc|resp
2026-07-04_Mark-Liversedge_Wrist_01__swing_0008,465,3118666,107.000,0.2250,71.0,0.6303,0.3599,53.52,33.74,V012,0,ncc|resp
2026-07-04_Mark-Liversedge_Wrist_01__swing_0008,466,3125180,103.750,0.3475,246.0,0.5779,0.1597,50.39,29.12,V012,0,ncc|resp
2026-07-04_Mark-Liversedge_Wrist_01__swing_0008,467,3132032,108.500,0.2325,83.0,0.6020,0.1722,52.21,31.43,V012,0,ncc|resp
2026-07-04_Mark-Liversedge_Wrist_01__swing_0008,468,3138629,109.500,0.2350,96.0,0.6042,0.2108,52.74,31.87,V012,0,ncc|resp
2026-07-04_Mark-Liversedge_Wrist_01__swing_0008,469,3145330,107.500,0.2350,87.0,0.6153,0.2594,54.15,33.32,V012,0,ncc|resp
2026-07-04_Mark-Liversedge_Wrist_01__swing_0008,470,3152061,107.250,0.2350,95.0,0.6294,0.2001,53.20,33.48,V012,0,ncc|resp
2026-07-04_Mark-Liversedge_Wrist_01__swing_0008,471,3158694,107.250,0.2350,95.0,0.6297,0.1795,50.84,32.01,V012,0,ncc|resp
2026-07-04_Mark-Liversedge_Wrist_01__swing_0008,472,3165444,107.000,0.2350,83.0,0.6256,0.0831,51.14,32.00,V012,0,ncc|margin|resp
2026-07-04_Mark-Liversedge_Wrist_01__swing_0008,473,3172185,109.750,0.2050,28.0,0.5858,0.0598,49.85,29.20,V012,0,ncc|margin|resp|r0
2026-07-04_Mark-Liversedge_Wrist_01__swing_0008,474,3178816,108.250,0.2350,75.0,0.6038,0.2850,53.50,32.30,V012,0,ncc|resp
2026-07-04_Mark-Liversedge_Wrist_01__swing_0008,475,3185502,97.250,0.4125,252.0,0.6194,0.0350,51.44,31.87,V012,0,ncc|margin|resp
2026-07-04_Mark-Liversedge_Wrist_01__swing_0008,476,3192168,110.500,0.3800,13.0,0.5943,0.0278,47.87,28.45,V012,0,ncc|margin|resp|r0
2026-07-04_Mark-Liversedge_Wrist_01__swing_0008,477,3198927,97.750,0.4125,255.0,0.6589,0.2770,52.14,34.36,V012,0,ncc|resp
2026-07-04_Mark-Liversedge_Wrist_01__swing_0008,478,3205551,98.750,0.4075,249.0,0.6925,0.3534,51.18,35.45,V012,0,ncc|resp
2026-07-04_Mark-Liversedge_Wrist_01__swing_0008,479,3212304,98.250,0.4100,255.0,0.6872,0.1882,55.17,37.91,V012,0,ncc|resp
2026-07-04_Mark-Liversedge_Wrist_01__swing_0008,480,3218987,99.000,0.4025,252.0,0.6970,0.1377,51.75,36.07,V012,0,ncc|resp
2026-07-04_Mark-Liversedge_Wrist_01__swing_0008,481,3225716,98.750,0.4025,254.0,0.6883,0.1474,50.59,34.83,V012,0,ncc|resp
2026-07-04_Mark-Liversedge_Wrist_01__swing_0008,482,3232421,110.000,0.2150,49.0,0.6558,0.2508,48.07,31.53,V012,0,ncc|resp|r0
2026-07-04_Mark-Liversedge_Wrist_01__swing_0008,483,3239160,111.750,0.2200,46.0,0.6439,0.0053,47.76,30.75,V012,0,ncc|margin|resp|r0
2026-07-04_Mark-Liversedge_Wrist_01__swing_0008,484,3245819,110.000,0.2150,48.0,0.7074,0.2945,51.52,36.45,V012,0,resp|r0
2026-07-04_Mark-Liversedge_Wrist_01__swing_0008,485,3252521,110.500,0.2175,55.0,0.7104,0.2261,53.25,37.83,V012,0,resp|r0
2026-07-04_Mark-Liversedge_Wrist_01__swing_0008,486,3259128,108.750,0.2125,42.0,0.6805,0.2621,53.60,36.48,V012,0,ncc|resp|r0
2026-07-04_Mark-Liversedge_Wrist_01__swing_0008,487,3265891,108.000,0.2150,42.0,0.6540,0.3355,48.18,31.51,V012,0,ncc|resp|r0
2026-07-04_Mark-Liversedge_Wrist_01__swing_0008,488,3272625,110.500,0.2200,32.0,0.6675,0.4199,49.34,32.93,V012,0,ncc|resp|r0
2026-07-04_Mark-Liversedge_Wrist_01__swing_0008,489,3279308,112.250,0.2200,55.0,0.7070,0.4510,54.82,38.76,V012,0,resp|r0
2026-07-04_Mark-Liversedge_Wrist_01__swing_0008,490,3285948,111.500,0.2200,64.0,0.7093,0.4782,53.42,37.89,V012,0,resp
2026-07-04_Mark-Liversedge_Wrist_01__swing_0008,491,3292622,110.750,0.2150,48.0,0.6778,0.4795,54.37,36.85,V012,0,ncc|resp|r0
2026-07-04_Mark-Liversedge_Wrist_01__swing_0008,492,3299446,111.750,0.2200,64.0,0.6466,0.3551,46.78,30.25,V012,0,ncc|resp
2026-07-04_Mark-Liversedge_Wrist_01__swing_0008,493,3306162,112.250,0.2150,81.0,0.6768,0.3742,48.48,32.81,V012,0,ncc|resp
2026-07-04_Mark-Liversedge_Wrist_01__swing_0008,494,3312776,108.750,0.2050,28.0,0.6955,0.4670,49.96,34.75,V012,0,ncc|resp|r0
2026-07-04_Mark-Liversedge_Wrist_01__swing_0008,495,3319429,111.250,0.2450,154.0,0.6921,0.3512,51.17,35.41,V012,0,ncc|resp
2026-07-04_Mark-Liversedge_Wrist_01__swing_0008,496,3326201,113.750,0.2400,176.0,0.6802,0.2365,50.68,34.47,V012,0,ncc|resp
2026-07-04_Mark-Liversedge_Wrist_01__swing_0008,497,3332872,106.750,0.2200,132.0,0.6623,0.2535,46.18,30.59,V012,0,ncc|resp
2026-07-04_Mark-Liversedge_Wrist_01__swing_0008,498,3339550,122.250,0.3050,47.0,0.6451,0.0066,45.73,29.50,V012,0,ncc|margin|resp|r0
2026-07-04_Mark-Liversedge_Wrist_01__swing_0008,499,3346291,105.750,0.3475,157.0,0.6518,0.0410,51.47,33.55,V012,0,ncc|margin|resp
2026-07-04_Mark-Liversedge_Wrist_01__swing_0008,500,3352980,101.500,0.2850,26.0,0.6823,0.4859,63.33,43.21,V012,0,ncc|r0
2026-07-04_Mark-Liversedge_Wrist_01__swing_0008,501,3359753,117.000,0.3100,119.0,0.7351,0.0960,57.11,41.98,V012,0,margin
2026-07-04_Mark-Liversedge_Wrist_01__swing_0008,502,3366339,116.000,0.3075,126.0,0.6976,0.1807,58.36,40.71,V012,0,ncc
2026-07-04_Mark-Liversedge_Wrist_01__swing_0008,503,3373051,114.750,0.3050,161.0,0.6938,0.2663,56.87,39.46,V012,0,ncc|resp
2026-07-04_Mark-Liversedge_Wrist_01__swing_0008,504,3379790,112.500,0.3000,216.0,0.6007,0.1672,65.37,39.27,V012,0,ncc|resp
2026-07-04_Mark-Liversedge_Wrist_01__swing_0008,505,3386470,105.750,0.2750,58.0,0.6917,0.2882,52.02,35.98,V012,0,ncc|resp|r0
2026-07-04_Mark-Liversedge_Wrist_01__swing_0008,506,3393134,138.500,0.3650,250.0,0.6344,-0.0475,54.85,34.79,V012,0,ncc|margin|resp
2026-07-04_Mark-Liversedge_Wrist_01__swing_0008,507,3399882,148.750,0.3325,143.0,0.6657,0.1133,55.93,37.23,V012,0,ncc|margin|resp
2026-07-04_Mark-Liversedge_Wrist_01__swing_0008,508,3406568,138.250,0.3025,177.0,0.6192,0.0372,51.43,31.85,V012,0,ncc|margin|resp
2026-07-04_Mark-Liversedge_Wrist_01__swing_0008,509,3413309,158.250,0.3050,260.0,0.6929,0.2244,59.05,40.91,V012,0,ncc
2026-07-04_Mark-Liversedge_Wrist_01__swing_0008,510,3419936,161.750,0.2800,233.0,0.7324,0.2507,54.44,39.87,V012,0,resp
2026-07-04_Mark-Liversedge_Wrist_01__swing_0008,511,3426657,173.000,0.2550,23.0,0.6796,0.0687,51.24,34.82,V012,0,ncc|margin|resp|r0
2026-07-04_Mark-Liversedge_Wrist_01__swing_0008,512,3433525,231.250,0.2700,34.0,0.6475,0.0133,44.34,28.71,V012,0,ncc|margin|resp|r0
2026-07-04_Mark-Liversedge_Wrist_01__swing_0008,513,3440047,112.250,0.4525,230.0,0.6242,0.0105,47.24,29.48,V012,0,ncc|margin|resp
2026-07-04_Mark-Liversedge_Wrist_01__swing_0008,514,3446780,233.750,0.3575,164.0,0.6286,0.0209,59.27,37.26,V012,0,ncc|margin|resp
2026-07-04_Mark-Liversedge_Wrist_01__swing_0008,515,3453425,205.750,0.3475,132.0,0.6270,-0.1934,46.94,29.43,V012,0,ncc|margin|resp
2026-07-04_Mark-Liversedge_Wrist_01__swing_0008,516,3460166,125.000,0.3425,220.0,0.6590,-0.0210,38.95,25.67,V012,0,ncc|margin|resp
2026-07-04_Mark-Liversedge_Wrist_01__swing_0008,517,3466971,216.000,0.3600,129.0,0.6751,0.1379,53.32,36.00,V012,0,ncc|resp
2026-07-04_Mark-Liversedge_Wrist_01__swing_0008,518,3473554,216.000,0.3625,122.0,0.6979,0.0261,53.90,37.62,V012,0,ncc|margin|resp
2026-07-04_Mark-Liversedge_Wrist_01__swing_0008,519,3480286,241.750,0.3950,170.0,0.7224,0.2013,56.06,40.50,V012,0,
2026-07-04_Mark-Liversedge_Wrist_01__swing_0008,520,3486905,243.500,0.3950,212.0,0.6465,0.0106,51.15,33.07,V012,0,ncc|margin|resp
2026-07-04_Mark-Liversedge_Wrist_01__swing_0008,521,3493593,58.250,0.4225,137.0,0.7167,0.0837,53.97,38.67,V012,0,margin|resp
2026-07-04_Mark-Liversedge_Wrist_01__swing_0008,522,3500310,225.500,0.3850,183.0,0.6793,0.1387,52.65,35.76,V012,0,ncc|resp
2026-07-04_Mark-Liversedge_Wrist_01__swing_0008,523,3507119,238.750,0.3225,1.0,0.6502,0.0579,59.57,38.73,V012,0,ncc|margin|resp|r0
2026-07-04_Mark-Liversedge_Wrist_01__swing_0008,524,3513747,227.750,0.3575,202.0,0.6873,0.2908,55.47,38.12,V012,0,ncc|resp
2026-07-04_Mark-Liversedge_Wrist_01__swing_0008,525,3520457,229.250,0.3925,44.0,0.6875,0.0592,49.81,34.25,V012,0,ncc|margin|resp|r0
2026-07-04_Mark-Liversedge_Wrist_01__swing_0008,526,3527186,233.750,0.3625,0.0,0.7049,0.0400,52.77,37.20,V012,0,margin|resp|r0
2026-07-04_Mark-Liversedge_Wrist_01__swing_0008,527,3533805,234.500,0.3600,12.0,0.6862,0.0010,52.08,35.74,V012,0,ncc|margin|resp|r0
2026-07-04_Mark-Liversedge_Wrist_01__swing_0008,528,3540595,226.500,0.3150,228.0,0.7096,0.1296,48.59,34.48,V012,0,resp
2026-07-04_Mark-Liversedge_Wrist_01__swing_0008,529,3547246,222.000,0.4350,170.0,0.7136,0.1872,49.51,35.33,V012,0,resp
2026-07-04_Mark-Liversedge_Wrist_01__swing_0008,530,3553962,227.250,0.3350,62.0,0.7343,0.0510,57.45,42.18,V012,0,margin
2026-07-04_Mark-Liversedge_Wrist_01__swing_0008,531,3560900,239.000,0.2750,88.0,0.7279,0.1609,58.32,42.45,V012,0,
2026-07-04_Mark-Liversedge_Wrist_01__swing_0008,532,3567427,91.250,0.3175,245.0,0.7296,0.0289,51.75,37.76,V012,0,margin|resp
2026-07-04_Mark-Liversedge_Wrist_01__swing_0008,533,3574043,105.250,0.3775,235.0,0.6820,-0.3540,52.30,35.67,V012,0,ncc|margin|resp
2026-07-04_Mark-Liversedge_Wrist_01__swing_0008,534,3580744,98.750,0.2650,52.0,0.6536,0.0618,54.49,35.62,V012,0,ncc|margin|resp|r0
2026-07-04_Mark-Liversedge_Wrist_01__swing_0008,535,3587476,231.250,0.2475,108.0,0.6781,0.0595,58.64,39.76,V012,0,ncc|margin|resp
2026-07-04_Mark-Liversedge_Wrist_01__swing_0008,536,3594137,84.250,0.2400,188.0,0.6570,0.0786,58.99,38.76,V012,0,ncc|margin|resp
2026-07-04_Mark-Liversedge_Wrist_01__swing_0008,537,3600970,151.500,0.2450,42.0,0.6397,0.1726,51.28,32.81,V012,0,ncc|resp|r0
2026-07-04_Mark-Liversedge_Wrist_01__swing_0008,538,3607498,154.000,0.2450,56.0,0.7058,0.0735,51.42,36.30,V012,0,margin|resp|r0
2026-07-04_Mark-Liversedge_Wrist_01__swing_0008,539,3614323,162.500,0.2600,80.0,0.6414,0.1333,56.63,36.32,V012,0,ncc|resp
2026-07-04_Mark-Liversedge_Wrist_01__swing_0008,540,3620938,145.750,0.3300,180.0,0.6649,0.0270,48.54,32.28,V012,0,ncc|margin|resp
2026-07-04_Mark-Liversedge_Wrist_01__swing_0008,541,3627824,93.250,0.3725,129.0,0.6748,0.1308,54.43,36.73,V012,0,ncc|resp
2026-07-04_Mark-Liversedge_Wrist_01__swing_0008,542,3634308,103.250,0.4450,1.0,0.6520,0.0752,51.73,33.73,V012,0,ncc|margin|resp|r0
2026-07-04_Mark-Liversedge_Wrist_01__swing_0008,543,3641039,100.250,0.4225,76.0,0.6999,0.1487,52.77,36.94,V012,0,ncc|resp
2026-07-04_Mark-Liversedge_Wrist_01__swing_0008,544,3647692,95.000,0.3275,73.0,0.6940,0.0954,53.01,36.79,V012,0,ncc|margin|resp
2026-07-04_Mark-Liversedge_Wrist_01__swing_0008,545,3654380,93.250,0.3400,124.0,0.6956,0.1208,53.05,36.90,V012,0,ncc|resp
2026-07-04_Mark-Liversedge_Wrist_01__swing_0008,546,3661104,80.000,0.3800,249.0,0.6853,0.2762,57.47,39.39,V012,0,ncc|resp
2026-07-04_Mark-Liversedge_Wrist_01__swing_0008,547,3667933,77.250,0.3400,260.0,0.6380,0.0974,65.10,41.53,V012,0,ncc|margin
2026-07-04_Mark-Liversedge_Wrist_01__swing_0008,548,3674487,90.000,0.3575,125.0,0.6793,0.0480,48.28,32.79,V012,0,ncc|margin|resp
2026-07-04_Mark-Liversedge_Wrist_01__swing_0008,549,3681200,85.250,0.4025,101.0,0.6785,0.1467,43.01,29.18,V012,0,ncc|resp
2026-07-04_Mark-Liversedge_Wrist_01__swing_0008,550,3687937,93.500,0.3500,79.0,0.6700,0.1796,48.88,32.75,V012,0,ncc|resp
2026-07-04_Mark-Liversedge_Wrist_01__swing_0008,551,3694606,121.500,0.3225,122.0,0.6584,0.0239,47.77,31.45,V012,0,ncc|margin|resp
2026-07-04_Mark-Liversedge_Wrist_01__swing_0008,552,3701328,92.500,0.3550,50.0,0.6539,0.2435,49.69,32.49,V012,0,ncc|resp|r0
2026-07-04_Mark-Liversedge_Wrist_01__swing_0008,553,3708076,81.250,0.3875,76.0,0.6553,0.1357,52.61,34.47,V012,0,ncc|resp
2026-07-04_Mark-Liversedge_Wrist_01__swing_0008,554,3714720,111.250,0.2250,260.0,0.6691,0.0732,47.55,31.82,V012,0,ncc|margin|resp
2026-07-04_Mark-Liversedge_Wrist_01__swing_0008,555,3721386,109.500,0.2250,214.0,0.6621,0.0019,47.87,31.70,V012,0,ncc|margin|resp
2026-07-04_Mark-Liversedge_Wrist_01__swing_0008,556,3728092,116.750,0.2375,260.0,0.6369,0.0752,53.04,33.78,V012,0,ncc|margin|resp
2026-07-04_Mark-Liversedge_Wrist_01__swing_0008,557,3734792,117.000,0.2700,80.0,0.6681,0.3525,60.76,40.59,V012,0,ncc
2026-07-04_Mark-Liversedge_Wrist_01__swing_0008,558,3741497,109.750,0.2050,100.0,0.6653,0.1113,50.61,33.67,V012,0,ncc|margin|resp
2026-07-04_Mark-Liversedge_Wrist_01__swing_0008,559,3748220,108.250,0.2275,217.0,0.6758,0.1977,47.09,31.82,V012,0,ncc|resp
2026-07-04_Mark-Liversedge_Wrist_01__swing_0008,560,3754894,105.000,0.1950,53.0,0.6830,0.0507,50.85,34.73,V012,0,ncc|margin|resp|r0
2026-07-04_Mark-Liversedge_Wrist_01__swing_0008,561,3761674,118.750,0.2350,218.0,0.6828,0.0607,56.87,38.83,V012,0,ncc|margin|resp
2026-07-04_Mark-Liversedge_Wrist_01__swing_0008,562,3768263,114.750,0.2250,185.0,0.6815,0.2030,59.93,40.84,V012,0,ncc
2026-07-04_Mark-Liversedge_Wrist_01__swing_0008,563,3775050,79.250,0.3725,123.0,0.7277,0.1802,48.28,35.14,V012,0,resp
2026-07-04_Mark-Liversedge_Wrist_01__swing_0008,564,3781799,73.750,0.3100,65.0,0.7354,0.0142,44.65,32.83,V012,0,margin|resp
2026-07-04_Mark-Liversedge_Wrist_01__swing_0008,565,3788391,107.250,0.2250,117.0,0.6269,0.0724,60.15,37.71,V012,0,ncc|margin|resp
2026-07-04_Mark-Liversedge_Wrist_01__swing_0008,566,3795095,104.750,0.2250,100.0,0.6280,0.0757,61.71,38.76,V012,0,ncc|margin|resp
2026-07-04_Mark-Liversedge_Wrist_01__swing_0008,567,3801823,116.750,0.2300,167.0,0.6425,0.0289,54.00,34.70,V012,0,ncc|margin|resp
2026-07-04_Mark-Liversedge_Wrist_01__swing_0008,568,3808510,118.500,0.2350,178.0,0.6445,0.0684,51.26,33.04,V012,0,ncc|margin|resp
2026-07-04_Mark-Liversedge_Wrist_01__swing_0008,569,3815193,117.750,0.2325,164.0,0.6629,0.1139,50.37,33.39,V012,0,ncc|margin|resp
2026-07-04_Mark-Liversedge_Wrist_01__swing_0008,570,3821953,112.000,0.2200,70.0,0.6208,0.1406,56.30,34.95,V012,0,ncc|resp
2026-07-04_Mark-Liversedge_Wrist_01__swing_0008,571,3828704,120.000,0.2425,154.0,0.7011,0.0652,55.22,38.72,V012,0,margin|resp
2026-07-04_Mark-Liversedge_Wrist_01__swing_0008,572,3835201,119.000,0.2425,125.0,0.6787,0.1926,54.14,36.75,V012,0,ncc|resp
2026-07-04_Mark-Liversedge_Wrist_01__swing_0008,573,3842019,116.500,0.2350,98.0,0.6661,0.2740,51.44,34.26,V012,0,ncc|resp
2026-07-04_Mark-Liversedge_Wrist_01__swing_0008,574,3848746,116.250,0.2400,103.0,0.7053,0.4080,51.32,36.20,V012,0,resp
2026-07-04_Mark-Liversedge_Wrist_01__swing_0008,575,3855543,119.750,0.2500,100.0,0.6859,0.2204,50.54,34.67,V012,0,ncc|resp
2026-07-04_Mark-Liversedge_Wrist_01__swing_0008,576,3862067,115.250,0.2400,78.0,0.7012,0.4043,56.23,39.42,V012,0,resp
2026-07-04_Mark-Liversedge_Wrist_01__swing_0008,577,3868977,117.500,0.2450,70.0,0.7040,0.3405,55.74,39.24,V012,0,resp
2026-07-04_Mark-Liversedge_Wrist_01__swing_0008,578,3875378,108.750,0.2250,11.0,0.6967,-0.0272,52.84,36.82,V012,0,ncc|margin|resp|r0
2026-07-04_Mark-Liversedge_Wrist_01__swing_0008,579,3882114,120.500,0.2600,130.0,0.7232,-0.0563,49.30,35.65,V012,0,margin|resp
2026-07-04_Mark-Liversedge_Wrist_01__swing_0008,580,3888851,115.000,0.2450,74.0,0.7295,0.3253,48.81,35.61,V012,0,resp
2026-07-04_Mark-Liversedge_Wrist_01__swing_0008,581,3895557,114.500,0.2450,62.0,0.7628,0.5340,53.22,40.60,V012,0,
2026-07-04_Mark-Liversedge_Wrist_01__swing_0008,582,3902208,111.750,0.2350,0.0,0.7404,0.5795,57.50,42.58,V012,0,r0
2026-07-04_Mark-Liversedge_Wrist_01__swing_0008,583,3909043,112.750,0.2400,0.0,0.7324,0.2408,52.59,38.52,V012,0,resp|r0
2026-07-04_Mark-Liversedge_Wrist_01__swing_0008,584,3915610,112.000,0.2400,2.0,0.7316,0.3300,54.29,39.72,V012,0,resp|r0
2026-07-04_Mark-Liversedge_Wrist_01__swing_0008,585,3922320,111.500,0.2400,7.0,0.7349,0.2867,52.79,38.79,V012,0,resp|r0
2026-07-04_Mark-Liversedge_Wrist_01__swing_0008,586,3929062,111.250,0.2400,15.0,0.7416,0.3462,58.05,43.05,V012,0,r0
2026-07-04_Mark-Liversedge_Wrist_01__swing_0008,587,3935787,110.750,0.2400,15.0,0.7350,0.4877,56.94,41.85,V012,0,r0
2026-07-04_Mark-Liversedge_Wrist_01__swing_0008,588,3942384,111.750,0.2425,26.0,0.7459,0.3776,52.95,39.50,V012,0,resp|r0
2026-07-04_Mark-Liversedge_Wrist_01__swing_0008,589,3949209,111.750,0.2425,26.0,0.7301,0.4375,46.22,33.75,V012,0,resp|r0
2026-07-04_Mark-Liversedge_Wrist_01__swing_0008,590,3955905,112.750,0.2450,46.0,0.7295,0.4141,45.35,33.08,V012,0,resp|r0
2026-07-04_Mark-Liversedge_Wrist_01__swing_0008,591,3962549,115.250,0.2550,97.0,0.7085,0.2759,47.77,33.84,V012,0,resp
2026-07-04_Mark-Liversedge_Wrist_01__swing_0008,592,3969208,114.250,0.2525,106.0,0.6959,0.2419,46.43,32.31,V012,0,ncc|resp
2026-07-04_Mark-Liversedge_Wrist_01__swing_0008,593,3975892,118.250,0.2650,133.0,0.6681,0.1504,45.94,30.69,V012,0,ncc|resp
2026-07-04_Mark-Liversedge_Wrist_01__swing_0008,594,3982622,120.000,0.2650,155.0,0.6804,0.2068,36.89,25.10,V012,0,ncc|resp
2026-07-04_Mark-Liversedge_Wrist_01__swing_0008,595,3989426,117.750,0.2650,148.0,0.6759,0.2225,40.21,27.18,V012,0,ncc|resp
2026-07-04_Mark-Liversedge_Wrist_01__swing_0008,596,3996051,114.750,0.2550,148.0,0.6755,0.1567,45.23,30.55,V012,0,ncc|resp
2026-07-04_Mark-Liversedge_Wrist_01__swing_0008,597,4002707,117.000,0.2650,182.0,0.6813,0.1992,46.51,31.69,V012,0,ncc|resp
2026-07-04_Mark-Liversedge_Wrist_01__swing_0008,598,4009421,123.750,0.2950,236.0,0.6790,0.1713,48.13,32.68,V012,0,ncc|resp
2026-07-04_Mark-Liversedge_Wrist_01__swing_0008,599,4016188,123.750,0.2950,236.0,0.6851,0.1733,39.85,27.30,V012,0,ncc|resp
2026-07-04_Mark-Liversedge_Wrist_01__swing_0008,600,4022829,122.750,0.2900,252.0,0.6729,0.2437,40.70,27.38,V012,0,ncc|resp
2026-07-04_Mark-Liversedge_Wrist_01__swing_0008,601,4029520,116.000,0.2650,212.0,0.6779,0.2625,46.42,31.47,V012,0,ncc|resp
2026-07-04_Mark-Liversedge_Wrist_01__swing_0008,602,4036282,122.500,0.2950,260.0,0.6657,0.0882,52.04,34.64,V012,0,ncc|margin|resp
2026-07-04_Mark-Liversedge_Wrist_01__swing_0008,603,4042919,122.250,0.2900,258.0,0.6828,0.2383,50.82,34.70,V012,0,ncc|resp
2026-07-04_Mark-Liversedge_Wrist_01__swing_0008,604,4049615,123.750,0.2950,260.0,0.7367,0.2235,41.92,30.88,V012,0,resp
2026-07-04_Mark-Liversedge_Wrist_01__swing_0008,605,4056377,126.750,0.3025,258.0,0.7629,0.2337,37.59,28.68,V012,0,resp
2026-07-04_Mark-Liversedge_Wrist_01__swing_0008,606,4063025,126.750,0.3025,258.0,0.7359,0.2222,46.61,34.30,V012,0,resp
2026-07-04_Mark-Liversedge_Wrist_01__swing_0008,607,4069789,122.250,0.2850,255.0,0.7184,0.2632,49.23,35.36,V012,0,resp
2026-07-04_Mark-Liversedge_Wrist_01__swing_0008,608,4076411,125.000,0.2900,248.0,0.6943,0.0939,45.78,31.78,V012,0,ncc|margin|resp
2026-07-04_Mark-Liversedge_Wrist_01__swing_0008,609,4083106,123.250,0.2800,250.0,0.7021,0.1267,37.51,26.34,V012,0,resp
2026-07-04_Mark-Liversedge_Wrist_01__swing_0008,610,4089819,122.750,0.2775,247.0,0.6796,0.1462,37.45,25.46,V012,0,ncc|resp
2026-07-04_Mark-Liversedge_Wrist_01__swing_0008,611,4096569,114.250,0.2475,162.0,0.6669,0.1841,46.89,31.27,V012,0,ncc|resp
2026-07-04_Mark-Liversedge_Wrist_01__swing_0008,612,4103154,113.500,0.2450,168.0,0.6667,0.0313,46.15,30.77,V012,0,ncc|margin|resp
2026-07-04_Mark-Liversedge_Wrist_01__swing_0008,613,4109935,114.500,0.2475,166.0,0.6683,0.1952,47.18,31.53,V012,0,ncc|resp
2026-07-04_Mark-Liversedge_Wrist_01__swing_0008,614,4116613,111.250,0.2400,171.0,0.6575,0.1780,40.44,26.59,V012,0,ncc|resp
2026-07-04_Mark-Liversedge_Wrist_01__swing_0008,615,4123482,121.750,0.2975,36.0,0.6997,0.2463,38.67,27.06,V012,0,ncc|resp|r0
2026-07-04_Mark-Liversedge_Wrist_01__swing_0008,616,4130190,121.500,0.2650,212.0,0.6567,0.1844,46.52,30.55,V012,0,ncc|resp
2026-07-04_Mark-Liversedge_Wrist_01__swing_0008,617,4136692,122.000,0.2650,212.0,0.6402,0.2043,51.40,32.91,V012,0,ncc|resp
2026-07-04_Mark-Liversedge_Wrist_01__swing_0008,618,4143415,113.750,0.2450,164.0,0.6701,0.2672,47.64,31.92,V012,0,ncc|resp
2026-07-04_Mark-Liversedge_Wrist_01__swing_0008,619,4150309,122.000,0.2950,34.0,0.6977,0.2975,41.58,29.01,V012,0,ncc|resp|r0
2026-07-04_Mark-Liversedge_Wrist_01__swing_0008,620,4156866,116.000,0.2500,164.0,0.6865,0.2238,39.87,27.37,V012,0,ncc|resp
2026-07-04_Mark-Liversedge_Wrist_01__swing_0008,621,4163542,116.000,0.2500,164.0,0.6827,0.3249,45.34,30.96,V012,0,ncc|resp
2026-07-04_Mark-Liversedge_Wrist_01__swing_0008,622,4170162,85.500,0.4300,72.0,0.6171,0.0006,35.48,21.90,V012,0,ncc|margin|resp
2026-07-04_Mark-Liversedge_Wrist_01__swing_0008,623,4176966,86.500,0.4175,52.0,0.6242,0.1695,37.87,23.64,V012,0,ncc|resp|r0
2026-07-04_Mark-Liversedge_Wrist_01__swing_0008,624,4183624,85.250,0.4325,76.0,0.6282,0.1237,34.76,21.83,V012,0,ncc|resp
2026-07-04_Mark-Liversedge_Wrist_01__swing_0009,205,1375032,46.750,0.3975,112.0,0.7003,0.3334,58.81,41.19,V012,0,
2026-07-04_Mark-Liversedge_Wrist_01__swing_0009,206,1381684,146.500,0.2550,220.0,0.6454,-0.3536,47.21,30.47,V012,0,ncc|margin|resp
2026-07-04_Mark-Liversedge_Wrist_01__swing_0009,207,1388421,47.500,0.3975,110.0,0.7511,0.2562,49.46,37.15,V012,0,resp
2026-07-04_Mark-Liversedge_Wrist_01__swing_0009,208,1395164,47.750,0.3975,110.0,0.7179,0.1963,52.41,37.63,V012,0,resp
2026-07-04_Mark-Liversedge_Wrist_01__swing_0009,209,1401755,48.000,0.3975,110.0,0.6530,0.1627,60.41,39.45,V012,0,ncc|resp
2026-07-04_Mark-Liversedge_Wrist_01__swing_0009,210,1408522,48.500,0.3975,115.0,0.6358,0.0917,58.94,37.48,V012,0,ncc|margin|resp
2026-07-04_Mark-Liversedge_Wrist_01__swing_0009,211,1415177,155.750,0.2725,248.0,0.6214,0.0718,53.62,33.32,V012,0,ncc|margin|resp
2026-07-04_Mark-Liversedge_Wrist_01__swing_0009,212,1421842,223.750,0.3650,140.0,0.6905,0.0389,50.00,34.52,V012,0,ncc|margin|resp
2026-07-04_Mark-Liversedge_Wrist_01__swing_0009,213,1428690,154.000,0.2650,250.0,0.6241,0.0273,55.18,34.44,V012,0,ncc|margin|resp
2026-07-04_Mark-Liversedge_Wrist_01__swing_0009,214,1435456,153.500,0.2675,255.0,0.6617,0.0249,52.80,34.94,V012,0,ncc|margin|resp
2026-07-04_Mark-Liversedge_Wrist_01__swing_0009,215,1442020,50.750,0.3950,123.0,0.6085,-0.0351,61.19,37.24,V012,0,ncc|margin|resp
2026-07-04_Mark-Liversedge_Wrist_01__swing_0009,216,1448753,223.500,0.3625,143.0,0.6881,0.0095,50.78,34.94,V012,0,ncc|margin|resp
2026-07-04_Mark-Liversedge_Wrist_01__swing_0009,217,1455300,223.500,0.3650,146.0,0.6787,0.1610,50.89,34.54,V012,0,ncc|resp
2026-07-04_Mark-Liversedge_Wrist_01__swing_0009,218,1462111,150.000,0.2550,255.0,0.6483,-0.0280,51.66,33.49,V012,0,ncc|margin|resp
2026-07-04_Mark-Liversedge_Wrist_01__swing_0009,219,1468707,149.750,0.2525,254.0,0.6268,0.0239,54.30,34.03,V012,0,ncc|margin|resp
2026-07-04_Mark-Liversedge_Wrist_01__swing_0009,220,1475512,53.250,0.3950,121.0,0.6073,0.1147,62.13,37.74,V012,0,ncc|margin|resp
2026-07-04_Mark-Liversedge_Wrist_01__swing_0009,221,1482279,53.250,0.3950,124.0,0.6333,0.0547,64.75,41.01,V012,0,ncc|margin
2026-07-04_Mark-Liversedge_Wrist_01__swing_0009,222,1488993,223.750,0.3650,149.0,0.6975,0.3192,50.95,35.54,V012,0,ncc|resp
2026-07-04_Mark-Liversedge_Wrist_01__swing_0009,223,1495583,52.000,0.2750,257.0,0.6673,0.0120,48.45,32.33,V012,0,ncc|margin|resp
2026-07-04_Mark-Liversedge_Wrist_01__swing_0009,224,1502368,55.000,0.3925,127.0,0.6771,0.0825,58.88,39.87,V012,0,ncc|margin|resp
2026-07-04_Mark-Liversedge_Wrist_01__swing_0009,225,1508969,240.250,0.2775,5.0,0.6211,0.2364,59.71,37.08,V012,0,ncc|resp|r0
2026-07-04_Mark-Liversedge_Wrist_01__swing_0009,226,1515643,55.500,0.3925,133.0,0.6892,0.2862,67.57,46.57,V012,0,ncc
2026-07-04_Mark-Liversedge_Wrist_01__swing_0009,227,1522339,55.500,0.3925,128.0,0.7250,0.3296,64.31,46.62,V012,1,
2026-07-04_Mark-Liversedge_Wrist_01__swing_0009,228,1529035,56.250,0.3925,130.0,0.7242,0.4432,68.56,49.65,V012,1,
2026-07-04_Mark-Liversedge_Wrist_01__swing_0009,229,1535762,56.750,0.3925,133.0,0.7527,0.3437,64.08,48.24,V012,1,
2026-07-04_Mark-Liversedge_Wrist_01__swing_0009,230,1542477,197.500,0.2425,208.0,0.7031,0.1898,54.74,38.49,V012,0,resp
2026-07-04_Mark-Liversedge_Wrist_01__swing_0009,231,1549118,57.750,0.3900,128.0,0.7742,0.3283,68.58,53.09,V012,1,
2026-07-04_Mark-Liversedge_Wrist_01__swing_0009,232,1555890,197.250,0.2400,206.0,0.7317,-0.1069,52.23,38.21,V012,0,margin|resp
2026-07-04_Mark-Liversedge_Wrist_01__swing_0009,233,1562540,59.250,0.3900,131.0,0.7286,0.2750,66.91,48.75,V012,1,
2026-07-04_Mark-Liversedge_Wrist_01__swing_0009,234,1569202,243.500,0.3225,69.0,0.6127,-0.0246,60.56,37.11,V012,0,ncc|margin|resp
2026-07-04_Mark-Liversedge_Wrist_01__swing_0009,235,1575974,222.750,0.3675,168.0,0.6816,-0.4474,54.50,37.15,V012,0,ncc|margin|resp
2026-07-04_Mark-Liversedge_Wrist_01__swing_0009,236,1582639,222.750,0.3675,168.0,0.6706,0.1965,54.81,36.75,V012,0,ncc|resp
2026-07-04_Mark-Liversedge_Wrist_01__swing_0009,237,1589271,222.750,0.3650,168.0,0.6449,0.0892,53.93,34.78,V012,0,ncc|margin|resp
2026-07-04_Mark-Liversedge_Wrist_01__swing_0009,238,1596042,239.250,0.2800,26.0,0.6285,0.0487,56.43,35.47,V012,0,ncc|margin|resp|r0
2026-07-04_Mark-Liversedge_Wrist_01__swing_0009,239,1602751,58.000,0.3900,131.0,0.7343,0.0393,65.92,48.40,V012,0,margin
2026-07-04_Mark-Liversedge_Wrist_01__swing_0009,240,1609496,239.750,0.2800,26.0,0.6369,0.0059,60.03,38.24,V012,0,ncc|margin|resp|r0
2026-07-04_Mark-Liversedge_Wrist_01__swing_0009,241,1616188,222.500,0.3700,176.0,0.6251,-0.2141,55.40,34.64,V012,0,ncc|margin|resp
2026-07-04_Mark-Liversedge_Wrist_01__swing_0009,242,1622873,243.250,0.3225,72.0,0.6249,0.1701,61.06,38.16,V012,0,ncc|resp
2026-07-04_Mark-Liversedge_Wrist_01__swing_0009,243,1629561,244.000,0.3200,72.0,0.6375,0.1360,57.39,36.59,V012,0,ncc|resp
2026-07-04_Mark-Liversedge_Wrist_01__swing_0009,244,1636173,243.750,0.3200,72.0,0.6311,0.1326,58.93,37.19,V012,0,ncc|resp
2026-07-04_Mark-Liversedge_Wrist_01__swing_0009,245,1643000,244.000,0.3200,72.0,0.6210,0.1191,58.86,36.55,V012,0,ncc|margin|resp
2026-07-04_Mark-Liversedge_Wrist_01__swing_0009,246,1649695,239.250,0.2800,26.0,0.6816,-0.3215,56.10,38.24,V012,0,ncc|margin|resp|r0
2026-07-04_Mark-Liversedge_Wrist_01__swing_0009,247,1656286,57.750,0.3875,130.0,0.7190,0.2925,67.05,48.21,V012,0,
2026-07-04_Mark-Liversedge_Wrist_01__swing_0009,248,1663006,235.500,0.2850,5.0,0.6069,0.0698,65.13,39.53,V012,0,ncc|margin|resp|r0
2026-07-04_Mark-Liversedge_Wrist_01__swing_0009,249,1669710,243.500,0.3200,65.0,0.6514,0.1053,59.73,38.91,V012,0,ncc|margin|resp
2026-07-04_Mark-Liversedge_Wrist_01__swing_0009,250,1676482,235.750,0.2850,2.0,0.5916,-0.7246,65.89,38.98,V012,0,ncc|margin|resp|r0
2026-07-04_Mark-Liversedge_Wrist_01__swing_0009,251,1683096,237.000,0.3400,16.0,0.6298,0.1074,58.83,37.06,V012,0,ncc|margin|resp|r0
2026-07-04_Mark-Liversedge_Wrist_01__swing_0009,252,1689870,235.250,0.2850,2.0,0.5963,0.0538,64.59,38.52,V012,0,ncc|margin|resp|r0
2026-07-04_Mark-Liversedge_Wrist_01__swing_0009,253,1696574,243.500,0.3200,65.0,0.6563,0.0587,57.03,37.43,V012,0,ncc|margin|resp
2026-07-04_Mark-Liversedge_Wrist_01__swing_0009,254,1703303,235.250,0.2850,2.0,0.6007,0.1020,64.43,38.70,V012,0,ncc|margin|resp|r0
2026-07-04_Mark-Liversedge_Wrist_01__swing_0009,255,1709967,58.750,0.3875,127.0,0.7484,0.3243,66.75,49.95,V012,1,
2026-07-04_Mark-Liversedge_Wrist_01__swing_0009,256,1716783,58.750,0.3875,127.0,0.7600,0.2859,67.11,51.00,V012,1,
2026-07-04_Mark-Liversedge_Wrist_01__swing_0009,257,1723251,58.500,0.3900,131.0,0.7668,0.4234,67.58,51.82,V012,1,
2026-07-04_Mark-Liversedge_Wrist_01__swing_0009,258,1730071,58.500,0.3875,127.0,0.8007,0.3187,59.74,47.83,V012,1,
2026-07-04_Mark-Liversedge_Wrist_01__swing_0009,259,1736809,57.500,0.3900,128.0,0.7540,0.4071,68.15,51.38,V012,1,
2026-07-04_Mark-Liversedge_Wrist_01__swing_0009,260,1743467,57.500,0.3875,127.0,0.7624,0.4513,71.09,54.19,V012,1,
2026-07-04_Mark-Liversedge_Wrist_01__swing_0009,261,1750142,58.000,0.3875,124.0,0.7782,0.4324,69.25,53.89,V012,1,
2026-07-04_Mark-Liversedge_Wrist_01__swing_0009,262,1756757,52.500,0.3600,78.0,0.7218,0.0333,46.03,33.22,V012,0,margin|resp
2026-07-04_Mark-Liversedge_Wrist_01__swing_0009,263,1763495,57.750,0.3875,127.0,0.7760,0.4130,66.68,51.74,V012,1,
2026-07-04_Mark-Liversedge_Wrist_01__swing_0009,264,1770360,54.000,0.3675,94.0,0.6369,-0.1001,56.40,35.92,V012,0,ncc|margin|resp
2026-07-04_Mark-Liversedge_Wrist_01__swing_0009,265,1776993,52.250,0.3600,75.0,0.7045,0.0091,47.61,33.54,V012,0,margin|resp
2026-07-04_Mark-Liversedge_Wrist_01__swing_0009,266,1783645,221.250,0.3825,168.0,0.6592,-0.0133,54.03,35.62,V012,0,ncc|margin|resp
2026-07-04_Mark-Liversedge_Wrist_01__swing_0009,267,1790258,242.500,0.3200,40.0,0.6205,0.1488,60.12,37.30,V012,0,ncc|resp|r0
2026-07-04_Mark-Liversedge_Wrist_01__swing_0009,268,1797292,57.250,0.3875,130.0,0.7575,0.2961,66.19,50.14,V012,1,
2026-07-04_Mark-Liversedge_Wrist_01__swing_0009,269,1803704,56.500,0.3875,129.0,0.7676,0.3560,66.68,51.18,V012,1,
2026-07-04_Mark-Liversedge_Wrist_01__swing_0009,270,1810407,56.500,0.3900,133.0,0.7748,0.3864,68.32,52.93,V012,1,
2026-07-04_Mark-Liversedge_Wrist_01__swing_0009,271,1817091,242.000,0.3225,40.0,0.6304,-0.6296,60.67,38.25,V012,0,ncc|margin|resp|r0
2026-07-04_Mark-Liversedge_Wrist_01__swing_0009,272,1823788,56.250,0.3875,132.0,0.7682,0.4333,65.26,50.14,V012,1,
2026-07-04_Mark-Liversedge_Wrist_01__swing_0009,273,1830501,233.000,0.2950,112.0,0.6107,0.0287,57.99,35.42,V012,0,ncc|margin|resp
2026-07-04_Mark-Liversedge_Wrist_01__swing_0009,274,1837203,52.500,0.3625,77.0,0.7105,0.0929,46.67,33.16,V012,0,margin|resp
2026-07-04_Mark-Liversedge_Wrist_01__swing_0009,275,1843915,52.750,0.3650,82.0,0.7119,0.2604,51.47,36.64,V012,0,resp
2026-07-04_Mark-Liversedge_Wrist_01__swing_0009,276,1850569,52.500,0.3625,77.0,0.7160,0.1299,51.45,36.84,V012,0,resp
2026-07-04_Mark-Liversedge_Wrist_01__swing_0009,277,1857267,52.250,0.3625,74.0,0.7290,0.1588,50.32,36.68,V012,0,resp
2026-07-04_Mark-Liversedge_Wrist_01__swing_0009,278,1864108,55.750,0.3900,124.0,0.7550,0.4509,64.97,49.05,V012,1,
2026-07-04_Mark-Liversedge_Wrist_01__swing_0009,279,1870651,56.250,0.3875,117.0,0.7838,0.4929,67.94,53.25,V012,1,
2026-07-04_Mark-Liversedge_Wrist_01__swing_0009,280,1877411,55.750,0.3900,123.0,0.7579,0.4358,66.92,50.72,V012,1,
2026-07-04_Mark-Liversedge_Wrist_01__swing_0009,281,1884149,55.500,0.3875,119.0,0.7640,0.4355,70.53,53.88,V012,1,
2026-07-04_Mark-Liversedge_Wrist_01__swing_0009,282,1890781,59.000,0.3700,108.0,0.6569,0.0683,50.28,33.03,V012,0,ncc|margin|resp
2026-07-04_Mark-Liversedge_Wrist_01__swing_0009,283,1897507,55.750,0.3875,114.0,0.7561,0.4361,64.56,48.81,V012,1,
2026-07-04_Mark-Liversedge_Wrist_01__swing_0009,284,1904188,55.250,0.3875,109.0,0.7715,0.4791,69.82,53.87,V012,1,
2026-07-04_Mark-Liversedge_Wrist_01__swing_0009,285,1910913,55.500,0.3900,115.0,0.7522,0.4647,66.37,49.92,V012,1,
2026-07-04_Mark-Liversedge_Wrist_01__swing_0009,286,1917730,55.500,0.3875,111.0,0.7821,0.4571,67.79,53.02,V012,1,
2026-07-04_Mark-Liversedge_Wrist_01__swing_0009,287,1924312,54.750,0.3875,114.0,0.7488,0.4270,69.61,52.13,V012,1,
2026-07-04_Mark-Liversedge_Wrist_01__swing_0009,288,1931019,55.500,0.3875,117.0,0.8052,0.4079,59.61,48.00,V012,1,
2026-07-04_Mark-Liversedge_Wrist_01__swing_0009,289,1937606,232.500,0.3000,107.0,0.6115,0.0485,58.16,35.57,V012,0,ncc|margin|resp
2026-07-04_Mark-Liversedge_Wrist_01__swing_0009,290,1944387,54.750,0.3875,115.0,0.7553,0.4022,65.14,49.20,V012,1,
2026-07-04_Mark-Liversedge_Wrist_01__swing_0009,291,1951091,54.500,0.3875,111.0,0.7507,0.4090,69.83,52.42,V012,1,
2026-07-04_Mark-Liversedge_Wrist_01__swing_0009,292,1957739,54.500,0.3875,111.0,0.7530,0.4340,68.68,51.72,V012,1,
2026-07-04_Mark-Liversedge_Wrist_01__swing_0009,293,1964546,54.250,0.3900,118.0,0.7303,0.4518,66.75,48.75,V012,1,
2026-07-04_Mark-Liversedge_Wrist_01__swing_0009,294,1971130,54.250,0.3875,111.0,0.7556,0.3981,66.32,50.11,V012,1,
2026-07-04_Mark-Liversedge_Wrist_01__swing_0009,295,1977849,232.000,0.3000,90.0,0.6213,0.1521,57.70,35.85,V012,0,ncc|resp
2026-07-04_Mark-Liversedge_Wrist_01__swing_0009,296,1984560,54.250,0.3875,117.0,0.7710,0.4732,68.73,52.99,V012,1,
2026-07-04_Mark-Liversedge_Wrist_01__swing_0009,297,1991274,225.500,0.3850,8.0,0.6408,0.0818,44.06,28.23,V012,0,ncc|margin|resp|r0
2026-07-04_Mark-Liversedge_Wrist_01__swing_0009,298,1998026,152.250,0.2675,251.0,0.6239,0.0881,49.25,30.72,V012,0,ncc|margin|resp
2026-07-04_Mark-Liversedge_Wrist_01__swing_0009,299,2004687,221.750,0.3800,108.0,0.6501,-0.7026,48.98,31.84,V012,0,ncc|margin|resp
2026-07-04_Mark-Liversedge_Wrist_01__swing_0009,300,2011319,143.500,0.3225,204.0,0.6556,0.0837,49.88,32.70,V012,0,ncc|margin|resp
2026-07-04_Mark-Liversedge_Wrist_01__swing_0009,301,2018053,53.750,0.3875,122.0,0.7587,0.4000,69.57,52.79,V012,0,
2026-07-04_Mark-Liversedge_Wrist_01__swing_0009,302,2024774,153.750,0.2725,245.0,0.6637,-0.7811,47.39,31.46,V012,0,ncc|margin|resp
2026-07-04_Mark-Liversedge_Wrist_01__swing_0009,303,2031470,231.750,0.3000,70.0,0.6082,0.0587,58.83,35.78,V012,0,ncc|margin|resp
2026-07-04_Mark-Liversedge_Wrist_01__swing_0009,304,2038187,232.250,0.3000,70.0,0.6213,0.0733,58.55,36.37,V012,0,ncc|margin|resp
2026-07-04_Mark-Liversedge_Wrist_01__swing_0009,305,2044845,232.250,0.3000,67.0,0.6319,0.0430,56.91,35.96,V012,0,ncc|margin|resp
2026-07-04_Mark-Liversedge_Wrist_01__swing_0009,306,2051567,53.750,0.3875,120.0,0.7532,0.4369,69.39,52.26,V012,1,
2026-07-04_Mark-Liversedge_Wrist_01__swing_0009,307,2058265,53.750,0.3875,117.0,0.7531,0.4261,68.33,51.46,V012,1,
2026-07-04_Mark-Liversedge_Wrist_01__swing_0009,308,2065096,53.750,0.3875,119.0,0.7603,0.4476,69.29,52.68,V012,1,
2026-07-04_Mark-Liversedge_Wrist_01__swing_0009,309,2071664,50.500,0.3675,70.0,0.7859,0.2095,48.21,37.89,V012,0,resp
2026-07-04_Mark-Liversedge_Wrist_01__swing_0009,310,2078354,53.500,0.3875,114.0,0.7560,0.3938,64.70,48.91,V012,1,
2026-07-04_Mark-Liversedge_Wrist_01__swing_0009,311,2085084,54.000,0.3875,120.0,0.7407,0.3518,69.46,51.45,V012,1,
2026-07-04_Mark-Liversedge_Wrist_01__swing_0009,312,2091745,54.000,0.3875,122.0,0.7528,0.3416,69.25,52.13,V012,1,
2026-07-04_Mark-Liversedge_Wrist_01__swing_0009,313,2098474,54.250,0.3875,122.0,0.7732,0.4472,67.73,52.37,V012,1,
2026-07-04_Mark-Liversedge_Wrist_01__swing_0009,314,2105103,54.250,0.3875,120.0,0.7599,0.3424,62.56,47.54,V012,1,
2026-07-04_Mark-Liversedge_Wrist_01__swing_0009,315,2111799,143.750,0.3250,198.0,0.6574,-0.0393,48.66,31.99,V012,0,ncc|margin|resp
2026-07-04_Mark-Liversedge_Wrist_01__swing_0009,316,2118460,53.750,0.3875,122.0,0.7642,0.3871,69.84,53.38,V012,1,
2026-07-04_Mark-Liversedge_Wrist_01__swing_0009,317,2125280,54.000,0.3875,122.0,0.7492,0.3459,69.40,52.00,V012,1,
2026-07-04_Mark-Liversedge_Wrist_01__swing_0009,318,2132105,47.750,0.3425,35.0,0.6971,-0.1166,41.29,28.79,V012,0,ncc|margin|resp|r0
2026-07-04_Mark-Liversedge_Wrist_01__swing_0009,319,2138639,53.750,0.3875,119.0,0.7501,0.4174,64.95,48.72,V012,1,
2026-07-04_Mark-Liversedge_Wrist_01__swing_0009,320,2145327,50.250,0.3725,85.0,0.6823,0.0474,48.24,32.91,V012,0,ncc|margin|resp
2026-07-04_Mark-Liversedge_Wrist_01__swing_0009,321,2151991,53.750,0.3875,119.0,0.7476,0.4301,69.28,51.79,V012,1,
2026-07-04_Mark-Liversedge_Wrist_01__swing_0009,322,2158714,197.750,0.2750,219.0,0.6486,-0.0159,52.89,34.30,V012,0,ncc|margin|resp
2026-07-04_Mark-Liversedge_Wrist_01__swing_0009,323,2165519,53.750,0.3875,124.0,0.7469,0.4884,69.47,51.89,V012,1,
2026-07-04_Mark-Liversedge_Wrist_01__swing_0009,324,2172078,50.750,0.3675,84.0,0.8104,0.2695,49.40,40.04,V012,0,
2026-07-04_Mark-Liversedge_Wrist_01__swing_0009,325,2178833,54.000,0.3875,119.0,0.7471,0.3789,66.38,49.59,V012,0,
2026-07-04_Mark-Liversedge_Wrist_01__swing_0009,326,2185649,50.000,0.3725,98.0,0.7160,0.1250,43.18,30.92,V012,0,resp
2026-07-04_Mark-Liversedge_Wrist_01__swing_0009,327,2192233,198.250,0.2750,215.0,0.6465,-0.0755,52.81,34.14,V012,0,ncc|margin|resp
2026-07-04_Mark-Liversedge_Wrist_01__swing_0009,328,2198996,198.250,0.2750,215.0,0.6439,-0.0532,52.69,33.93,V012,0,ncc|margin|resp
2026-07-04_Mark-Liversedge_Wrist_01__swing_0009,329,2205670,50.750,0.3650,81.0,0.8054,0.2727,48.87,39.36,V012,0,resp
2026-07-04_Mark-Liversedge_Wrist_01__swing_0009,330,2212261,144.250,0.3250,201.0,0.6685,-0.0081,48.29,32.28,V012,0,ncc|margin|resp
2026-07-04_Mark-Liversedge_Wrist_01__swing_0009,331,2218979,48.500,0.3700,44.0,0.6916,0.0123,38.28,26.47,V012,0,ncc|margin|resp|r0
2026-07-04_Mark-Liversedge_Wrist_01__swing_0009,332,2225728,53.750,0.3875,119.0,0.7567,0.4249,69.49,52.59,V012,1,
2026-07-04_Mark-Liversedge_Wrist_01__swing_0009,333,2232524,53.750,0.3875,119.0,0.7525,0.4080,69.43,52.25,V012,1,
2026-07-04_Mark-Liversedge_Wrist_01__swing_0009,334,2239024,50.250,0.3725,93.0,0.6967,0.0288,46.44,32.35,V012,0,ncc|margin|resp
2026-07-04_Mark-Liversedge_Wrist_01__swing_0009,335,2245896,53.750,0.3875,117.0,0.7604,0.4437,69.83,53.09,V012,1,
2026-07-04_Mark-Liversedge_Wrist_01__swing_0009,336,2252607,238.000,0.3875,100.0,0.6354,-0.0912,44.54,28.30,V012,0,ncc|margin|resp
2026-07-04_Mark-Liversedge_Wrist_01__swing_0009,337,2259200,53.750,0.3875,122.0,0.7463,0.4148,69.52,51.88,V012,1,
2026-07-04_Mark-Liversedge_Wrist_01__swing_0009,338,2265870,53.750,0.3875,119.0,0.7589,0.4252,68.63,52.09,V012,1,
2026-07-04_Mark-Liversedge_Wrist_01__swing_0009,339,2272608,155.500,0.2800,245.0,0.6412,0.0239,46.98,30.12,V012,0,ncc|margin|resp
2026-07-04_Mark-Liversedge_Wrist_01__swing_0009,340,2279279,144.000,0.3275,203.0,0.6786,-0.0455,48.08,32.63,V012,0,ncc|margin|resp
2026-07-04_Mark-Liversedge_Wrist_01__swing_0009,341,2286123,49.250,0.3750,102.0,0.7327,0.1318,40.22,29.47,V012,0,resp
2026-07-04_Mark-Liversedge_Wrist_01__swing_0009,342,2292724,53.750,0.3875,119.0,0.7569,0.4906,69.30,52.45,V012,1,
2026-07-04_Mark-Liversedge_Wrist_01__swing_0009,343,2299375,47.500,0.3425,35.0,0.6929,0.0275,41.57,28.80,V012,0,ncc|margin|resp|r0
2026-07-04_Mark-Liversedge_Wrist_01__swing_0009,344,2306095,151.500,0.2825,259.0,0.6046,-0.0015,50.03,30.25,V012,0,ncc|margin|resp
2026-07-04_Mark-Liversedge_Wrist_01__swing_0009,345,2313002,53.750,0.3875,120.0,0.7429,0.4296,68.41,50.82,V012,1,
2026-07-04_Mark-Liversedge_Wrist_01__swing_0009,346,2319562,49.500,0.3725,97.0,0.7381,0.1450,40.36,29.79,V012,0,resp
2026-07-04_Mark-Liversedge_Wrist_01__swing_0009,347,2326216,53.750,0.3875,119.0,0.7579,0.5066,69.45,52.64,V012,1,
2026-07-04_Mark-Liversedge_Wrist_01__swing_0009,348,2332914,53.750,0.3875,119.0,0.7560,0.5073,69.08,52.23,V012,1,
2026-07-04_Mark-Liversedge_Wrist_01__swing_0009,349,2339579,47.500,0.3425,35.0,0.6926,-0.0949,42.37,29.35,V012,0,ncc|margin|resp|r0
2026-07-04_Mark-Liversedge_Wrist_01__swing_0009,350,2346351,53.750,0.3875,109.0,0.7527,0.4169,66.45,50.02,V012,1,
2026-07-04_Mark-Liversedge_Wrist_01__swing_0009,351,2353001,143.250,0.3250,198.0,0.6535,-0.2272,50.29,32.87,V012,0,ncc|margin|resp
2026-07-04_Mark-Liversedge_Wrist_01__swing_0009,352,2359776,54.000,0.3875,114.0,0.7522,0.3930,68.59,51.59,V012,1,
2026-07-04_Mark-Liversedge_Wrist_01__swing_0009,353,2366451,54.000,0.3875,117.0,0.7633,0.3476,69.51,53.06,V012,1,
2026-07-04_Mark-Liversedge_Wrist_01__swing_0009,354,2373067,143.500,0.3250,198.0,0.6620,-0.8351,49.46,32.74,V012,0,ncc|margin|resp
2026-07-04_Mark-Liversedge_Wrist_01__swing_0009,355,2379749,143.250,0.3250,198.0,0.6626,-0.2853,49.43,32.76,V012,0,ncc|margin|resp
2026-07-04_Mark-Liversedge_Wrist_01__swing_0009,356,2386560,142.500,0.3275,202.0,0.6506,-0.1244,49.55,32.24,V012,0,ncc|margin|resp
2026-07-04_Mark-Liversedge_Wrist_01__swing_0009,357,2393206,143.000,0.3250,198.0,0.6518,-0.7559,50.03,32.61,V012,0,ncc|margin|resp
2026-07-04_Mark-Liversedge_Wrist_01__swing_0009,358,2399820,53.750,0.3875,117.0,0.7625,0.4221,69.31,52.85,V012,1,
2026-07-04_Mark-Liversedge_Wrist_01__swing_0009,359,2406586,143.500,0.3250,198.0,0.6580,-0.8117,48.96,32.22,V012,0,ncc|margin|resp
2026-07-04_Mark-Liversedge_Wrist_01__swing_0009,360,2413314,53.750,0.3875,111.0,0.7466,0.4134,64.30,48.01,V012,1,
2026-07-04_Mark-Liversedge_Wrist_01__swing_0009,361,2419939,53.750,0.3875,114.0,0.7503,0.3601,64.61,48.48,V012,1,
2026-07-04_Mark-Liversedge_Wrist_01__swing_0009,362,2426691,54.250,0.3875,117.0,0.7701,0.3508,68.59,52.82,V012,1,
2026-07-04_Mark-Liversedge_Wrist_01__swing_0009,363,2433371,54.000,0.3875,119.0,0.7490,0.4652,69.28,51.89,V012,1,
2026-07-04_Mark-Liversedge_Wrist_01__swing_0009,364,2440110,54.000,0.3875,122.0,0.7566,0.4517,70.76,53.54,V012,1,
2026-07-04_Mark-Liversedge_Wrist_01__swing_0009,365,2446959,233.000,0.2925,54.0,0.6115,0.0523,56.13,34.32,V012,0,ncc|margin|resp|r0
2026-07-04_Mark-Liversedge_Wrist_01__swing_0009,366,2453488,232.500,0.3000,67.0,0.6151,-0.6867,56.75,34.91,V012,0,ncc|margin|resp
2026-07-04_Mark-Liversedge_Wrist_01__swing_0009,367,2460187,143.250,0.3250,198.0,0.6529,-0.7695,48.59,31.72,V012,0,ncc|margin|resp
2026-07-04_Mark-Liversedge_Wrist_01__swing_0009,368,2466964,233.000,0.2925,54.0,0.6184,-0.7670,58.26,36.03,V012,0,ncc|margin|resp|r0
2026-07-04_Mark-Liversedge_Wrist_01__swing_0009,369,2473546,232.250,0.3000,60.0,0.5974,-0.8344,57.56,34.38,V012,0,ncc|margin|resp
2026-07-04_Mark-Liversedge_Wrist_01__swing_0009,370,2480292,223.000,0.3700,92.0,0.6515,0.0966,50.80,33.09,V012,0,ncc|margin|resp
2026-07-04_Mark-Liversedge_Wrist_01__swing_0009,371,2486950,223.750,0.3675,89.0,0.6568,0.0555,52.91,34.75,V012,0,ncc|margin|resp
2026-07-04_Mark-Liversedge_Wrist_01__swing_0009,372,2493691,232.750,0.3000,74.0,0.5986,-0.8373,55.73,33.36,V012,0,ncc|margin|resp
2026-07-04_Mark-Liversedge_Wrist_01__swing_0009,373,2500320,223.750,0.3650,81.0,0.6642,0.1124,54.12,35.95,V012,0,ncc|margin|resp
2026-07-04_Mark-Liversedge_Wrist_01__swing_0009,374,2506988,54.500,0.3900,115.0,0.7436,0.4141,68.58,51.00,V012,0,
2026-07-04_Mark-Liversedge_Wrist_01__swing_0009,375,2513692,149.250,0.2750,260.0,0.7085,0.0995,52.87,37.46,V012,0,margin|resp
2026-07-04_Mark-Liversedge_Wrist_01__swing_0009,376,2520415,224.000,0.3625,81.0,0.6635,0.0159,53.73,35.65,V012,0,ncc|margin|resp
2026-07-04_Mark-Liversedge_Wrist_01__swing_0009,377,2527153,224.250,0.3625,70.0,0.6572,-0.5192,52.53,34.52,V012,0,ncc|margin|resp
2026-07-04_Mark-Liversedge_Wrist_01__swing_0009,378,2533931,54.250,0.3925,117.0,0.7336,0.4159,68.32,50.12,V012,1,
2026-07-04_Mark-Liversedge_Wrist_01__swing_0009,379,2540536,54.250,0.3950,119.0,0.7516,0.4605,67.84,50.99,V012,1,
2026-07-04_Mark-Liversedge_Wrist_01__swing_0009,380,2547366,55.000,0.3950,119.0,0.7917,0.4140,57.99,45.91,V012,1,
2026-07-04_Mark-Liversedge_Wrist_01__swing_0009,381,2553931,54.500,0.3975,124.0,0.7482,0.3841,63.94,47.84,V012,1,
2026-07-04_Mark-Liversedge_Wrist_01__swing_0009,382,2560636,54.250,0.4000,129.0,0.7383,0.3283,58.95,43.52,V012,1,
2026-07-04_Mark-Liversedge_Wrist_01__swing_0009,383,2567415,54.250,0.4025,130.0,0.7155,0.2987,62.95,45.04,V012,1,
2026-07-04_Mark-Liversedge_Wrist_01__swing_0009,384,2574132,54.500,0.4025,130.0,0.7649,0.3251,59.95,45.86,V012,1,
2026-07-04_Mark-Liversedge_Wrist_01__swing_0009,385,2580762,54.500,0.4050,134.0,0.8096,0.3427,53.64,43.43,V012,1,
2026-07-04_Mark-Liversedge_Wrist_01__swing_0009,386,2587540,148.750,0.2750,250.0,0.6833,-0.2656,50.00,34.16,V012,0,ncc|margin|resp
2026-07-04_Mark-Liversedge_Wrist_01__swing_0009,387,2594270,149.750,0.2775,249.0,0.6799,0.0879,50.59,34.40,V012,0,ncc|margin|resp
2026-07-04_Mark-Liversedge_Wrist_01__swing_0009,388,2600786,149.000,0.2775,249.0,0.6746,-0.4132,50.63,34.16,V012,0,ncc|margin|resp
2026-07-04_Mark-Liversedge_Wrist_01__swing_0009,389,2607555,55.250,0.4150,137.0,0.7843,0.2774,56.33,44.18,V012,0,
2026-07-04_Mark-Liversedge_Wrist_01__swing_0009,390,2614203,55.250,0.4175,143.0,0.7615,0.0907,53.62,40.83,V012,0,margin
2026-07-04_Mark-Liversedge_Wrist_01__swing_0009,391,2620828,149.500,0.2825,252.0,0.7023,-0.0947,50.31,35.33,V012,0,margin|resp
2026-07-04_Mark-Liversedge_Wrist_01__swing_0009,392,2627706,57.500,0.4225,148.0,0.7115,0.0267,51.89,36.92,V012,0,margin|resp
2026-07-04_Mark-Liversedge_Wrist_01__swing_0009,393,2634442,149.000,0.2875,254.0,0.6741,-0.0593,50.99,34.37,V012,0,ncc|margin|resp
2026-07-04_Mark-Liversedge_Wrist_01__swing_0009,394,2640994,203.750,0.3225,256.0,0.6873,0.0364,54.01,37.12,V012,0,ncc|margin|resp
2026-07-04_Mark-Liversedge_Wrist_01__swing_0009,395,2647667,148.250,0.2875,250.0,0.6849,0.0490,50.09,34.31,V012,0,ncc|margin|resp
2026-07-04_Mark-Liversedge_Wrist_01__swing_0009,396,2654484,203.250,0.3200,246.0,0.6728,0.0794,51.76,34.83,V012,0,ncc|margin|resp
2026-07-04_Mark-Liversedge_Wrist_01__swing_0009,397,2661157,148.250,0.2875,247.0,0.6868,0.0610,48.50,33.31,V012,0,ncc|margin|resp
2026-07-04_Mark-Liversedge_Wrist_01__swing_0009,398,2667888,147.500,0.2875,250.0,0.6628,-0.0196,48.04,31.84,V012,0,ncc|margin|resp
2026-07-04_Mark-Liversedge_Wrist_01__swing_0009,399,2674641,147.750,0.2875,247.0,0.6617,0.0772,48.53,32.11,V012,0,ncc|margin|resp
2026-07-04_Mark-Liversedge_Wrist_01__swing_0009,400,2681186,148.000,0.2875,240.0,0.6731,0.1171,48.25,32.47,V012,0,ncc|margin|resp
2026-07-04_Mark-Liversedge_Wrist_01__swing_0009,401,2688127,147.250,0.2875,247.0,0.6580,0.1804,47.71,31.39,V012,0,ncc|resp
2026-07-04_Mark-Liversedge_Wrist_01__swing_0009,402,2694589,150.750,0.2225,7.0,0.6012,-0.1569,45.18,27.16,V012,0,ncc|margin|resp|r0
2026-07-04_Mark-Liversedge_Wrist_01__swing_0009,403,2701320,135.000,0.3475,199.0,0.6202,0.0681,49.62,30.78,V012,0,ncc|margin|resp
2026-07-04_Mark-Liversedge_Wrist_01__swing_0009,404,2708019,129.750,0.3175,164.0,0.6415,0.0658,52.45,33.64,V012,0,ncc|margin|resp
2026-07-04_Mark-Liversedge_Wrist_01__swing_0009,405,2714642,129.500,0.3175,167.0,0.6334,0.1184,52.52,33.27,V012,0,ncc|margin|resp
2026-07-04_Mark-Liversedge_Wrist_01__swing_0009,406,2721368,133.500,0.3375,173.0,0.6617,0.0642,51.42,34.03,V012,0,ncc|margin|resp
2026-07-04_Mark-Liversedge_Wrist_01__swing_0009,407,2728092,134.500,0.3375,173.0,0.6585,0.1476,52.27,34.41,V012,0,ncc|resp
2026-07-04_Mark-Liversedge_Wrist_01__swing_0009,408,2734736,134.250,0.3425,182.0,0.6763,0.1792,52.68,35.63,V012,0,ncc|resp
2026-07-04_Mark-Liversedge_Wrist_01__swing_0009,409,2741495,134.250,0.3425,176.0,0.6722,0.2216,53.10,35.70,V012,0,ncc|resp
2026-07-04_Mark-Liversedge_Wrist_01__swing_0009,410,2748213,134.500,0.3450,177.0,0.6688,0.1627,53.17,35.56,V012,0,ncc|resp
2026-07-04_Mark-Liversedge_Wrist_01__swing_0009,411,2754910,133.750,0.3400,169.0,0.6264,0.0989,53.33,33.40,V012,0,ncc|margin|resp
2026-07-04_Mark-Liversedge_Wrist_01__swing_0009,412,2761576,146.500,0.3425,257.0,0.6986,0.2371,48.26,33.71,V012,0,ncc|resp
2026-07-04_Mark-Liversedge_Wrist_01__swing_0009,413,2768283,145.000,0.3400,253.0,0.7297,0.2422,51.14,37.31,V012,0,resp
2026-07-04_Mark-Liversedge_Wrist_01__swing_0009,414,2775049,119.750,0.2200,166.0,0.7023,0.0289,42.22,29.65,V012,0,margin|resp
2026-07-04_Mark-Liversedge_Wrist_01__swing_0009,415,2781661,145.250,0.3400,252.0,0.7030,0.1828,46.21,32.48,V012,0,resp
2026-07-04_Mark-Liversedge_Wrist_01__swing_0009,416,2788413,168.250,0.2350,81.0,0.6909,0.0170,49.38,34.12,V012,0,ncc|margin|resp
2026-07-04_Mark-Liversedge_Wrist_01__swing_0009,417,2795227,191.000,0.2400,80.0,0.6752,-0.0094,46.38,31.32,V012,0,ncc|margin|resp
2026-07-04_Mark-Liversedge_Wrist_01__swing_0009,418,2801910,117.000,0.2400,192.0,0.6579,-0.1154,39.05,25.69,V012,0,ncc|margin|resp
2026-07-04_Mark-Liversedge_Wrist_01__swing_0009,419,2808504,146.500,0.3150,9.0,0.6735,0.0336,42.39,28.55,V012,0,ncc|margin|resp|r0
2026-07-04_Mark-Liversedge_Wrist_01__swing_0009,420,2815104,119.750,0.3600,207.0,0.5596,-0.0645,57.65,32.26,V012,0,ncc|margin|resp
2026-07-04_Mark-Liversedge_Wrist_01__swing_0009,421,2821902,254.500,0.3550,34.0,0.6321,-0.0864,43.04,27.20,V012,0,ncc|margin|resp|r0
2026-07-04_Mark-Liversedge_Wrist_01__swing_0009,422,2828647,111.000,0.4175,252.0,0.6338,0.1336,53.60,33.97,V012,0,ncc|resp
2026-07-04_Mark-Liversedge_Wrist_01__swing_0009,423,2835382,219.000,0.3975,241.0,0.6576,-0.0773,46.38,30.49,V012,0,ncc|margin|resp
2026-07-04_Mark-Liversedge_Wrist_01__swing_0009,424,2841972,130.250,0.2850,96.0,0.6544,-0.0467,53.42,34.96,V012,0,ncc|margin|resp
2026-07-04_Mark-Liversedge_Wrist_01__swing_0009,425,2848694,130.250,0.2850,78.0,0.6476,0.1025,55.58,35.99,V012,0,ncc|margin|resp
2026-07-04_Mark-Liversedge_Wrist_01__swing_0009,426,2855438,127.750,0.2550,48.0,0.6508,0.0818,52.04,33.87,V012,0,ncc|margin|resp|r0
2026-07-04_Mark-Liversedge_Wrist_01__swing_0009,427,2862131,83.000,0.2050,237.0,0.6934,0.0674,50.49,35.01,V012,0,ncc|margin|resp
2026-07-04_Mark-Liversedge_Wrist_01__swing_0009,428,2868706,169.750,0.2550,160.0,0.7001,0.0928,62.20,43.55,V012,0,margin
2026-07-04_Mark-Liversedge_Wrist_01__swing_0009,429,2875511,168.000,0.2575,178.0,0.7027,0.0622,59.30,41.67,V012,0,margin
2026-07-04_Mark-Liversedge_Wrist_01__swing_0009,430,2882230,83.250,0.2200,164.0,0.7393,0.2636,56.65,41.88,V012,0,
2026-07-04_Mark-Liversedge_Wrist_01__swing_0009,431,2888843,84.250,0.2200,46.0,0.7438,0.3052,57.56,42.81,V012,0,r0
2026-07-04_Mark-Liversedge_Wrist_01__swing_0009,432,2895640,83.000,0.2250,10.0,0.7330,0.2651,57.53,42.17,V012,0,r0
2026-07-04_Mark-Liversedge_Wrist_01__swing_0009,433,2902195,84.500,0.2200,82.0,0.7280,0.2080,57.17,41.63,V012,0,
2026-07-04_Mark-Liversedge_Wrist_01__swing_0009,434,2908975,84.250,0.2250,10.0,0.7211,0.2560,58.34,42.07,V012,0,r0
2026-07-04_Mark-Liversedge_Wrist_01__swing_0009,435,2915583,87.750,0.2525,21.0,0.7104,0.0302,53.35,37.90,V012,0,margin|resp|r0
2026-07-04_Mark-Liversedge_Wrist_01__swing_0009,436,2922379,75.750,0.2525,23.0,0.6672,0.1097,61.67,41.15,V012,0,ncc|margin|r0
2026-07-04_Mark-Liversedge_Wrist_01__swing_0009,437,2929107,132.250,0.2200,230.0,0.7079,0.1836,59.39,42.04,V012,0,
2026-07-04_Mark-Liversedge_Wrist_01__swing_0009,438,2935862,87.750,0.2575,7.0,0.7049,0.1081,49.84,35.13,V012,0,margin|resp|r0
2026-07-04_Mark-Liversedge_Wrist_01__swing_0009,439,2942472,73.000,0.3050,72.0,0.7175,0.0759,51.22,36.75,V012,0,margin|resp
2026-07-04_Mark-Liversedge_Wrist_01__swing_0009,440,2949230,76.500,0.3650,214.0,0.6393,-0.0069,60.32,38.56,V012,0,ncc|margin|resp
2026-07-04_Mark-Liversedge_Wrist_01__swing_0009,441,2955807,71.250,0.3225,3.0,0.7020,0.0536,51.61,36.23,V012,0,margin|resp|r0
2026-07-04_Mark-Liversedge_Wrist_01__swing_0009,442,2962599,75.750,0.3675,85.0,0.6565,0.0861,58.55,38.44,V012,0,ncc|margin|resp
2026-07-04_Mark-Liversedge_Wrist_01__swing_0009,443,2969195,75.250,0.3750,76.0,0.6381,0.0142,58.20,37.14,V012,0,ncc|margin|resp
2026-07-04_Mark-Liversedge_Wrist_01__swing_0009,444,2975947,74.750,0.3875,48.0,0.6294,-0.1029,59.24,37.29,V012,0,ncc|margin|resp|r0
2026-07-04_Mark-Liversedge_Wrist_01__swing_0009,445,2982630,110.500,0.2900,198.0,0.6267,0.1076,64.64,40.51,V012,0,ncc|margin
2026-07-04_Mark-Liversedge_Wrist_01__swing_0009,446,2989293,109.500,0.3000,182.0,0.6488,0.3406,69.86,45.32,V012,0,ncc
2026-07-04_Mark-Liversedge_Wrist_01__swing_0009,447,2996033,109.250,0.3025,160.0,0.6622,0.2854,69.49,46.01,V012,0,ncc
2026-07-04_Mark-Liversedge_Wrist_01__swing_0009,448,3002814,107.750,0.3025,151.0,0.7026,0.2856,62.89,44.19,V012,0,
2026-07-04_Mark-Liversedge_Wrist_01__swing_0009,449,3009470,95.750,0.3900,249.0,0.5807,0.0318,59.57,34.59,V012,0,ncc|margin|resp
2026-07-04_Mark-Liversedge_Wrist_01__swing_0009,450,3016126,105.250,0.3525,258.0,0.6252,0.1401,62.26,38.93,V012,0,ncc|resp
2026-07-04_Mark-Liversedge_Wrist_01__swing_0009,451,3022899,101.500,0.3500,228.0,0.6735,0.3839,59.07,39.79,V012,0,ncc|resp
2026-07-04_Mark-Liversedge_Wrist_01__swing_0009,452,3029542,106.750,0.2825,11.0,0.6621,0.1956,56.91,37.68,V012,0,ncc|resp|r0
2026-07-04_Mark-Liversedge_Wrist_01__swing_0009,453,3036266,99.750,0.3200,27.0,0.5746,0.0288,57.60,33.10,V012,0,ncc|margin|resp|r0
2026-07-04_Mark-Liversedge_Wrist_01__swing_0009,454,3042959,100.000,0.3225,21.0,0.5847,0.0526,58.28,34.08,V012,0,ncc|margin|resp|r0
2026-07-04_Mark-Liversedge_Wrist_01__swing_0009,455,3049575,102.250,0.3450,71.0,0.5972,0.0610,59.11,35.30,V012,0,ncc|margin|resp
2026-07-04_Mark-Liversedge_Wrist_01__swing_0009,456,3056292,105.250,0.3950,63.0,0.6022,0.1111,55.56,33.46,V012,0,ncc|margin|resp
2026-07-04_Mark-Liversedge_Wrist_01__swing_0009,457,3063018,99.250,0.3600,6.0,0.5789,0.0706,53.77,31.13,V012,0,ncc|margin|resp|r0
2026-07-04_Mark-Liversedge_Wrist_01__swing_0009,458,3069752,100.250,0.4750,219.0,0.6369,0.2624,56.78,36.16,V012,0,ncc|resp
2026-07-04_Mark-Liversedge_Wrist_01__swing_0009,459,3076572,100.000,0.4775,212.0,0.6317,0.2145,57.36,36.23,V012,0,ncc|resp
2026-07-04_Mark-Liversedge_Wrist_01__swing_0009,460,3083022,108.750,0.3125,236.0,0.5918,0.1579,60.05,35.54,V012,0,ncc|resp
2026-07-04_Mark-Liversedge_Wrist_01__swing_0009,461,3089804,108.750,0.2150,104.0,0.6911,0.2789,58.56,40.47,V012,0,ncc
2026-07-04_Mark-Liversedge_Wrist_01__swing_0009,462,3096652,99.750,0.4800,205.0,0.6134,0.0404,55.12,33.81,V012,0,ncc|margin|resp
2026-07-04_Mark-Liversedge_Wrist_01__swing_0009,463,3103272,105.000,0.3300,245.0,0.6504,0.1153,50.19,32.64,V012,0,ncc|margin|resp
2026-07-04_Mark-Liversedge_Wrist_01__swing_0009,464,3109948,106.000,0.2150,72.0,0.6419,0.2069,54.63,35.07,V012,0,ncc|resp
2026-07-04_Mark-Liversedge_Wrist_01__swing_0009,465,3116561,111.250,0.2750,176.0,0.5852,0.2492,55.56,32.51,V012,0,ncc|resp
2026-07-04_Mark-Liversedge_Wrist_01__swing_0009,466,3123227,105.750,0.3425,247.0,0.6235,0.2340,49.73,31.01,V012,0,ncc|resp
2026-07-04_Mark-Liversedge_Wrist_01__swing_0009,467,3129996,106.500,0.2200,61.0,0.6327,0.2396,49.77,31.49,V012,0,ncc|resp
2026-07-04_Mark-Liversedge_Wrist_01__swing_0009,468,3136824,107.000,0.2200,56.0,0.6404,0.2994,49.78,31.88,V012,0,ncc|resp|r0
2026-07-04_Mark-Liversedge_Wrist_01__swing_0009,469,3143490,105.000,0.2200,52.0,0.6489,0.2998,49.74,32.27,V012,0,ncc|resp|r0
2026-07-04_Mark-Liversedge_Wrist_01__swing_0009,470,3150039,107.750,0.2200,47.0,0.6423,0.2269,51.95,33.37,V012,0,ncc|resp|r0
2026-07-04_Mark-Liversedge_Wrist_01__swing_0009,471,3156720,107.750,0.2250,54.0,0.6317,0.2815,51.74,32.69,V012,0,ncc|resp|r0
2026-07-04_Mark-Liversedge_Wrist_01__swing_0009,472,3163542,105.750,0.2200,42.0,0.6088,0.0164,45.99,28.00,V012,0,ncc|margin|resp|r0
2026-07-04_Mark-Liversedge_Wrist_01__swing_0009,473,3170229,52.000,0.3475,193.0,0.6644,0.0191,39.99,26.57,V012,0,ncc|margin|resp
2026-07-04_Mark-Liversedge_Wrist_01__swing_0009,474,3177014,107.250,0.2250,54.0,0.6021,0.1551,50.44,30.37,V012,0,ncc|resp|r0
2026-07-04_Mark-Liversedge_Wrist_01__swing_0009,475,3183627,104.000,0.2200,32.0,0.6053,0.2271,47.83,28.95,V012,0,ncc|resp|r0
2026-07-04_Mark-Liversedge_Wrist_01__swing_0009,476,3190325,112.250,0.2350,92.0,0.6029,0.1093,51.52,31.06,V012,0,ncc|margin|resp
2026-07-04_Mark-Liversedge_Wrist_01__swing_0009,477,3197104,93.000,0.3175,209.0,0.6292,0.0336,48.90,30.76,V012,0,ncc|margin|resp
2026-07-04_Mark-Liversedge_Wrist_01__swing_0009,478,3203696,93.500,0.3175,209.0,0.6400,0.0099,49.15,31.45,V012,0,ncc|margin|resp
2026-07-04_Mark-Liversedge_Wrist_01__swing_0009,479,3210450,93.750,0.3200,213.0,0.6530,0.0093,50.61,33.05,V012,0,ncc|margin|resp
2026-07-04_Mark-Liversedge_Wrist_01__swing_0009,480,3217139,109.250,0.2050,9.0,0.6647,0.1304,54.26,36.07,V012,0,ncc|resp|r0
2026-07-04_Mark-Liversedge_Wrist_01__swing_0009,481,3223870,109.750,0.2100,46.0,0.6417,0.0812,52.61,33.76,V012,0,ncc|margin|resp|r0
2026-07-04_Mark-Liversedge_Wrist_01__swing_0009,482,3230486,92.750,0.3250,216.0,0.6429,0.2136,51.34,33.00,V012,0,ncc|resp
2026-07-04_Mark-Liversedge_Wrist_01__swing_0009,483,3237169,108.500,0.2100,46.0,0.6591,0.0509,47.86,31.55,V012,0,ncc|margin|resp|r0
2026-07-04_Mark-Liversedge_Wrist_01__swing_0009,484,3244018,109.750,0.2100,41.0,0.6779,0.1279,52.28,35.44,V012,0,ncc|resp|r0
2026-07-04_Mark-Liversedge_Wrist_01__swing_0009,485,3250568,110.750,0.2150,62.0,0.7031,0.2328,54.64,38.42,V012,0,resp
2026-07-04_Mark-Liversedge_Wrist_01__swing_0009,486,3257337,111.250,0.2150,62.0,0.7119,0.2505,55.18,39.28,V012,0,resp
2026-07-04_Mark-Liversedge_Wrist_01__swing_0009,487,3263967,111.500,0.2200,64.0,0.6739,0.2941,49.42,33.31,V012,0,ncc|resp
2026-07-04_Mark-Liversedge_Wrist_01__swing_0009,488,3270658,111.250,0.2200,73.0,0.6764,0.4293,53.03,35.87,V012,0,ncc|resp
2026-07-04_Mark-Liversedge_Wrist_01__swing_0009,489,3277382,111.000,0.2200,64.0,0.6906,0.4691,51.39,35.49,V012,0,ncc|resp
2026-07-04_Mark-Liversedge_Wrist_01__swing_0009,490,3284187,109.500,0.2150,74.0,0.6963,0.5357,57.09,39.76,V012,0,ncc|resp
2026-07-04_Mark-Liversedge_Wrist_01__swing_0009,491,3290874,110.250,0.2150,53.0,0.7033,0.5508,55.09,38.74,V012,0,resp|r0
2026-07-04_Mark-Liversedge_Wrist_01__swing_0009,492,3297451,114.000,0.2200,82.0,0.6898,0.4615,50.70,34.97,V012,0,ncc|resp
2026-07-04_Mark-Liversedge_Wrist_01__swing_0009,493,3304204,114.000,0.2175,118.0,0.6558,0.2685,54.83,35.96,V012,0,ncc|resp
2026-07-04_Mark-Liversedge_Wrist_01__swing_0009,494,3310902,116.500,0.2600,196.0,0.6583,0.2619,47.42,31.22,V012,0,ncc|resp
2026-07-04_Mark-Liversedge_Wrist_01__swing_0009,495,3317719,111.250,0.2450,187.0,0.7092,0.2635,50.82,36.05,V012,0,resp
2026-07-04_Mark-Liversedge_Wrist_01__swing_0009,496,3324343,109.500,0.2350,176.0,0.6859,0.2467,48.21,33.07,V012,0,ncc|resp
2026-07-04_Mark-Liversedge_Wrist_01__swing_0009,497,3330929,105.000,0.3450,132.0,0.6878,0.1966,49.57,34.09,V012,0,ncc|resp
2026-07-04_Mark-Liversedge_Wrist_01__swing_0009,498,3337704,101.750,0.4375,191.0,0.7065,0.2967,48.80,34.48,V012,0,resp
2026-07-04_Mark-Liversedge_Wrist_01__swing_0009,499,3344389,101.000,0.2850,38.0,0.6995,0.4602,59.80,41.83,V012,0,ncc|r0
2026-07-04_Mark-Liversedge_Wrist_01__swing_0009,500,3351150,98.500,0.3475,142.0,0.5607,0.0541,68.79,38.57,V012,0,ncc|margin|resp
2026-07-04_Mark-Liversedge_Wrist_01__swing_0009,501,3357782,93.250,0.4800,34.0,0.6382,0.0574,53.28,34.00,V012,0,ncc|margin|resp|r0
2026-07-04_Mark-Liversedge_Wrist_01__swing_0009,502,3364603,107.000,0.4300,254.0,0.7004,0.1638,62.88,44.04,V012,0,
2026-07-04_Mark-Liversedge_Wrist_01__swing_0009,503,3371094,117.750,0.3750,243.0,0.6602,0.1503,52.66,34.77,V012,0,ncc|resp
2026-07-04_Mark-Liversedge_Wrist_01__swing_0009,504,3377897,130.000,0.2650,114.0,0.6762,0.0895,53.05,35.87,V012,0,ncc|margin|resp
2026-07-04_Mark-Liversedge_Wrist_01__swing_0009,505,3384609,133.000,0.2650,152.0,0.7011,0.0369,51.89,36.38,V012,0,margin|resp
2026-07-04_Mark-Liversedge_Wrist_01__swing_0009,506,3391227,151.500,0.3375,259.0,0.6719,0.0381,53.79,36.14,V012,0,ncc|margin|resp
2026-07-04_Mark-Liversedge_Wrist_01__swing_0009,507,3397999,142.250,0.2500,136.0,0.6687,-0.0422,56.27,37.63,V012,0,ncc|margin|resp
2026-07-04_Mark-Liversedge_Wrist_01__swing_0009,508,3404626,137.250,0.2200,18.0,0.7715,0.0882,53.05,40.93,V012,0,margin|r0
2026-07-04_Mark-Liversedge_Wrist_01__swing_0009,509,3411347,157.500,0.2875,242.0,0.7147,0.2657,51.35,36.70,V012,0,resp
2026-07-04_Mark-Liversedge_Wrist_01__swing_0009,510,3418148,227.250,0.2725,68.0,0.6627,0.0477,46.76,30.99,V012,0,ncc|margin|resp
2026-07-04_Mark-Liversedge_Wrist_01__swing_0009,511,3424728,228.000,0.2825,5.0,0.6705,0.1589,52.17,34.98,V012,0,ncc|resp|r0
2026-07-04_Mark-Liversedge_Wrist_01__swing_0009,512,3431523,171.250,0.2350,145.0,0.6495,0.1606,51.34,33.34,V012,0,ncc|resp
2026-07-04_Mark-Liversedge_Wrist_01__swing_0009,513,3438048,113.250,0.4250,50.0,0.6571,0.2244,58.13,38.20,V012,0,ncc|resp|r0
2026-07-04_Mark-Liversedge_Wrist_01__swing_0009,514,3444884,227.250,0.3825,172.0,0.6115,0.0053,56.16,34.34,V012,0,ncc|margin|resp
2026-07-04_Mark-Liversedge_Wrist_01__swing_0009,515,3451507,205.750,0.4275,255.0,0.6178,0.0049,46.19,28.54,V012,0,ncc|margin|resp
2026-07-04_Mark-Liversedge_Wrist_01__swing_0009,516,3458242,238.000,0.3400,113.0,0.6921,0.2148,57.35,39.69,V012,0,ncc|resp
2026-07-04_Mark-Liversedge_Wrist_01__swing_0009,517,3464976,217.250,0.3550,107.0,0.6639,0.2293,56.14,37.27,V012,0,ncc|resp
2026-07-04_Mark-Liversedge_Wrist_01__swing_0009,518,3471682,237.750,0.3450,75.0,0.7358,0.0899,53.35,39.25,V012,0,margin|resp
2026-07-04_Mark-Liversedge_Wrist_01__swing_0009,519,3478380,239.250,0.3375,19.0,0.6810,0.0205,49.39,33.63,V012,0,ncc|margin|resp|r0
2026-07-04_Mark-Liversedge_Wrist_01__swing_0009,520,3485042,57.750,0.4200,130.0,0.7552,0.1399,47.76,36.07,V012,0,resp
2026-07-04_Mark-Liversedge_Wrist_01__swing_0009,521,3491736,223.750,0.3925,21.0,0.6913,0.1136,51.83,35.83,V012,0,ncc|margin|resp|r0
2026-07-04_Mark-Liversedge_Wrist_01__swing_0009,522,3498412,205.500,0.4025,240.0,0.7035,0.0885,54.69,38.47,V012,0,margin|resp
2026-07-04_Mark-Liversedge_Wrist_01__swing_0009,523,3505201,119.750,0.4250,168.0,0.6352,-0.2224,50.57,32.12,V012,0,ncc|margin|resp
2026-07-04_Mark-Liversedge_Wrist_01__swing_0009,524,3511818,238.750,0.3175,2.0,0.7130,0.3844,60.06,42.83,V012,0,r0
2026-07-04_Mark-Liversedge_Wrist_01__swing_0009,525,3518556,236.750,0.3250,62.0,0.6663,0.0326,54.22,36.13,V012,0,ncc|margin|resp
2026-07-04_Mark-Liversedge_Wrist_01__swing_0009,526,3525223,246.250,0.3450,82.0,0.6468,0.0138,56.87,36.79,V012,0,ncc|margin|resp
2026-07-04_Mark-Liversedge_Wrist_01__swing_0009,527,3532010,228.250,0.3950,87.0,0.7107,0.0906,48.67,34.59,V012,0,margin|resp
2026-07-04_Mark-Liversedge_Wrist_01__swing_0009,528,3538668,223.250,0.2475,126.0,0.6848,0.0591,54.56,37.37,V012,0,ncc|margin|resp
2026-07-04_Mark-Liversedge_Wrist_01__swing_0009,529,3545351,93.750,0.2875,232.0,0.7839,0.0082,46.67,36.58,V012,0,margin|resp
2026-07-04_Mark-Liversedge_Wrist_01__swing_0009,530,3551981,92.250,0.2850,188.0,0.7923,0.0929,45.12,35.75,V012,0,margin|resp
2026-07-04_Mark-Liversedge_Wrist_01__swing_0009,531,3558705,91.500,0.2800,120.0,0.7626,0.1120,46.25,35.27,V012,0,margin|resp
2026-07-04_Mark-Liversedge_Wrist_01__swing_0009,532,3565415,90.000,0.2775,110.0,0.7271,0.0287,47.17,34.29,V012,0,margin|resp
2026-07-04_Mark-Liversedge_Wrist_01__swing_0009,533,3572081,225.500,0.2675,225.0,0.7290,0.0871,49.89,36.37,V012,0,margin|resp
2026-07-04_Mark-Liversedge_Wrist_01__swing_0009,534,3578804,151.250,0.3550,112.0,0.6644,0.1430,54.72,36.36,V012,0,ncc|resp
2026-07-04_Mark-Liversedge_Wrist_01__swing_0009,535,3585633,142.750,0.4025,47.0,0.6332,0.1002,42.87,27.14,V012,0,ncc|margin|resp|r0
2026-07-04_Mark-Liversedge_Wrist_01__swing_0009,536,3592195,39.750,0.2775,227.0,0.7095,0.0615,43.05,30.54,V012,0,margin|resp
2026-07-04_Mark-Liversedge_Wrist_01__swing_0009,537,3598853,137.750,0.3125,246.0,0.6779,0.0854,48.54,32.90,V012,0,ncc|margin|resp
2026-07-04_Mark-Liversedge_Wrist_01__swing_0009,538,3605740,51.500,0.3050,254.0,0.6664,0.2133,51.87,34.57,V012,0,ncc|resp
2026-07-04_Mark-Liversedge_Wrist_01__swing_0009,539,3612373,51.250,0.3075,248.0,0.6481,0.0119,54.61,35.39,V012,0,ncc|margin|resp
2026-07-04_Mark-Liversedge_Wrist_01__swing_0009,540,3618971,159.250,0.3900,8.0,0.6203,0.0141,50.47,31.31,V012,0,ncc|margin|resp|r0
2026-07-04_Mark-Liversedge_Wrist_01__swing_0009,541,3625756,151.750,0.3425,121.0,0.7258,0.0967,52.82,38.34,V012,0,margin|resp
2026-07-04_Mark-Liversedge_Wrist_01__swing_0009,542,3632392,80.500,0.3725,73.0,0.7161,0.0929,55.29,39.59,V012,0,margin|resp
2026-07-04_Mark-Liversedge_Wrist_01__swing_0009,543,3639285,79.000,0.3850,14.0,0.7004,0.1404,57.50,40.27,V012,0,r0
2026-07-04_Mark-Liversedge_Wrist_01__swing_0009,544,3645823,79.250,0.4600,20.0,0.7140,0.1377,53.79,38.41,V012,0,resp|r0
2026-07-04_Mark-Liversedge_Wrist_01__swing_0009,545,3652450,83.250,0.3625,146.0,0.6980,0.2127,54.77,38.23,V012,0,ncc|resp
2026-07-04_Mark-Liversedge_Wrist_01__swing_0009,546,3659215,85.000,0.4025,32.0,0.7030,0.0035,45.87,32.25,V012,0,margin|resp|r0
2026-07-04_Mark-Liversedge_Wrist_01__swing_0009,547,3665914,69.250,0.3225,143.0,0.6703,0.1874,58.51,39.22,V012,0,ncc|resp
2026-07-04_Mark-Liversedge_Wrist_01__swing_0009,548,3672561,68.750,0.3200,13.0,0.7011,0.2031,58.98,41.35,V012,0,r0
2026-07-04_Mark-Liversedge_Wrist_01__swing_0009,549,3679352,71.000,0.3025,51.0,0.6814,0.0712,52.01,35.44,V012,0,ncc|margin|resp|r0
2026-07-04_Mark-Liversedge_Wrist_01__swing_0009,550,3685981,107.250,0.2100,258.0,0.7014,0.1067,53.63,37.61,V012,0,margin|resp
2026-07-04_Mark-Liversedge_Wrist_01__swing_0009,551,3692688,108.500,0.2150,237.0,0.7146,0.2908,57.18,40.86,V012,0,
2026-07-04_Mark-Liversedge_Wrist_01__swing_0009,552,3699322,107.500,0.2250,247.0,0.6920,0.0134,48.09,33.27,V012,0,ncc|margin|resp
2026-07-04_Mark-Liversedge_Wrist_01__swing_0009,553,3706055,78.250,0.3700,259.0,0.7420,0.1722,51.84,38.47,V012,0,resp
2026-07-04_Mark-Liversedge_Wrist_01__swing_0009,554,3712768,73.500,0.3675,232.0,0.7680,0.2587,48.25,37.05,V012,0,resp
2026-07-04_Mark-Liversedge_Wrist_01__swing_0009,555,3719390,72.250,0.3600,214.0,0.7182,0.0085,42.03,30.19,V012,0,margin|resp
2026-07-04_Mark-Liversedge_Wrist_01__swing_0009,556,3726210,108.000,0.2075,86.0,0.6962,0.0435,51.82,36.08,V012,0,ncc|margin|resp
2026-07-04_Mark-Liversedge_Wrist_01__swing_0009,557,3732955,111.750,0.2350,188.0,0.6446,0.1126,62.87,40.52,V012,0,ncc|margin
2026-07-04_Mark-Liversedge_Wrist_01__swing_0009,558,3739552,110.250,0.2375,196.0,0.6402,0.0082,62.78,40.19,V012,0,ncc|margin
2026-07-04_Mark-Liversedge_Wrist_01__swing_0009,559,3746316,118.750,0.2400,202.0,0.6264,0.0742,56.32,35.28,V012,0,ncc|margin|resp
2026-07-04_Mark-Liversedge_Wrist_01__swing_0009,560,3753050,79.500,0.4800,132.0,0.6983,0.0150,47.42,33.11,V012,0,ncc|margin|resp
2026-07-04_Mark-Liversedge_Wrist_01__swing_0009,561,3759715,112.000,0.2225,110.0,0.6034,0.2930,64.87,39.14,V012,0,ncc|resp
2026-07-04_Mark-Liversedge_Wrist_01__swing_0009,562,3766424,119.750,0.2425,162.0,0.6670,0.0312,56.44,37.65,V012,0,ncc|margin|resp
2026-07-04_Mark-Liversedge_Wrist_01__swing_0009,563,3773062,119.750,0.2450,160.0,0.6950,0.1369,54.85,38.12,V012,0,ncc|resp
2026-07-04_Mark-Liversedge_Wrist_01__swing_0009,564,3779733,117.750,0.2400,131.0,0.6566,0.0589,48.86,32.09,V012,0,ncc|margin|resp
2026-07-04_Mark-Liversedge_Wrist_01__swing_0009,565,3786507,118.500,0.2425,125.0,0.6791,0.2040,51.87,35.23,V012,0,ncc|resp
2026-07-04_Mark-Liversedge_Wrist_01__swing_0009,566,3793190,115.000,0.2350,73.0,0.6649,0.3946,56.88,37.82,V012,0,ncc|resp
2026-07-04_Mark-Liversedge_Wrist_01__swing_0009,567,3799844,105.000,0.2150,0.0,0.7050,0.0550,54.43,38.37,V012,0,margin|resp|r0
2026-07-04_Mark-Liversedge_Wrist_01__swing_0009,568,3806533,114.000,0.2350,52.0,0.6801,0.2520,56.32,38.30,V012,0,ncc|resp|r0
2026-07-04_Mark-Liversedge_Wrist_01__swing_0009,569,3813249,117.250,0.2450,74.0,0.7010,0.2396,48.78,34.19,V012,0,resp
2026-07-04_Mark-Liversedge_Wrist_01__swing_0009,570,3819992,117.250,0.2450,70.0,0.7399,0.3934,48.93,36.21,V012,0,resp
2026-07-04_Mark-Liversedge_Wrist_01__swing_0009,571,3826702,116.250,0.2450,50.0,0.7354,0.5030,55.87,41.09,V012,0,r0
2026-07-04_Mark-Liversedge_Wrist_01__swing_0009,572,3833462,116.250,0.2475,53.0,0.7343,0.4069,56.43,41.43,V012,0,r0
2026-07-04_Mark-Liversedge_Wrist_01__swing_0009,573,3840067,115.000,0.2450,50.0,0.7370,0.4733,54.86,40.43,V012,0,r0
2026-07-04_Mark-Liversedge_Wrist_01__swing_0009,574,3846832,111.250,0.2400,27.0,0.7141,0.4012,48.23,34.44,V012,0,resp|r0
2026-07-04_Mark-Liversedge_Wrist_01__swing_0009,575,3853483,110.250,0.2375,7.0,0.6878,0.3957,48.64,33.46,V012,0,ncc|resp|r0
2026-07-04_Mark-Liversedge_Wrist_01__swing_0009,576,3860172,112.750,0.2450,13.0,0.7250,0.4551,55.16,40.00,V012,0,resp|r0
2026-07-04_Mark-Liversedge_Wrist_01__swing_0009,577,3866900,116.000,0.2550,50.0,0.7256,0.5143,53.31,38.68,V012,0,resp|r0
2026-07-04_Mark-Liversedge_Wrist_01__swing_0009,578,3873549,110.750,0.2450,9.0,0.7276,0.2780,53.00,38.56,V012,0,resp|r0
2026-07-04_Mark-Liversedge_Wrist_01__swing_0009,579,3880273,110.750,0.2450,13.0,0.7368,0.2570,46.54,34.29,V012,0,resp|r0
2026-07-04_Mark-Liversedge_Wrist_01__swing_0009,580,3887126,110.750,0.2450,13.0,0.7203,0.2634,44.56,32.10,V012,0,resp|r0
2026-07-04_Mark-Liversedge_Wrist_01__swing_0009,581,3893675,110.250,0.2450,24.0,0.6964,0.1480,48.79,33.98,V012,0,ncc|resp|r0
2026-07-04_Mark-Liversedge_Wrist_01__swing_0009,582,3900310,114.500,0.2550,50.0,0.6948,0.2658,47.59,33.06,V012,0,ncc|resp|r0
2026-07-04_Mark-Liversedge_Wrist_01__swing_0009,583,3907017,121.500,0.2750,110.0,0.6591,0.0573,47.30,31.18,V012,0,ncc|margin|resp
2026-07-04_Mark-Liversedge_Wrist_01__swing_0009,584,3913687,56.000,0.2800,22.0,0.6029,0.0407,41.57,25.06,V012,0,ncc|margin|resp|r0
2026-07-04_Mark-Liversedge_Wrist_01__swing_0009,585,3920482,124.000,0.2875,131.0,0.6850,0.0600,37.43,25.64,V012,0,ncc|margin|resp
2026-07-04_Mark-Liversedge_Wrist_01__swing_0009,586,3927165,113.500,0.2425,55.0,0.6551,0.1546,45.53,29.83,V012,0,ncc|resp|r0
2026-07-04_Mark-Liversedge_Wrist_01__swing_0009,587,3933810,120.250,0.2700,150.0,0.6794,0.2194,47.70,32.40,V012,0,ncc|resp
2026-07-04_Mark-Liversedge_Wrist_01__swing_0009,588,3940504,112.250,0.2400,78.0,0.6235,0.1475,48.49,30.23,V012,0,ncc|resp
2026-07-04_Mark-Liversedge_Wrist_01__swing_0009,589,3947239,117.000,0.2650,148.0,0.6653,0.2482,41.78,27.80,V012,0,ncc|resp
2026-07-04_Mark-Liversedge_Wrist_01__swing_0009,590,3953885,119.500,0.2700,176.0,0.6657,0.0995,41.93,27.92,V012,0,ncc|margin|resp
2026-07-04_Mark-Liversedge_Wrist_01__swing_0009,591,3960638,113.500,0.2375,95.0,0.6351,0.1535,46.25,29.37,V012,0,ncc|resp
2026-07-04_Mark-Liversedge_Wrist_01__swing_0009,592,3967296,110.750,0.2325,83.0,0.6532,0.1116,48.03,31.37,V012,0,ncc|margin|resp
2026-07-04_Mark-Liversedge_Wrist_01__swing_0009,593,3974043,120.750,0.2725,188.0,0.6441,0.1125,50.22,32.35,V012,0,ncc|margin|resp
2026-07-04_Mark-Liversedge_Wrist_01__swing_0009,594,3980749,122.250,0.2775,191.0,0.6353,0.0793,43.79,27.82,V012,0,ncc|margin|resp
2026-07-04_Mark-Liversedge_Wrist_01__swing_0009,595,3987350,44.000,0.4500,192.0,0.6276,0.0074,45.71,28.69,V012,0,ncc|margin|resp
2026-07-04_Mark-Liversedge_Wrist_01__swing_0009,596,3994290,111.500,0.2375,100.0,0.6350,0.0245,42.79,27.17,V012,0,ncc|margin|resp
2026-07-04_Mark-Liversedge_Wrist_01__swing_0009,597,4000766,122.000,0.2650,174.0,0.6584,0.1472,49.67,32.70,V012,0,ncc|resp
2026-07-04_Mark-Liversedge_Wrist_01__swing_0009,598,4007571,111.500,0.2250,6.0,0.6915,0.2624,45.67,31.58,V012,0,ncc|resp|r0
2026-07-04_Mark-Liversedge_Wrist_01__swing_0009,599,4014195,120.250,0.2925,257.0,0.6442,0.1517,46.06,29.67,V012,0,ncc|resp
2026-07-04_Mark-Liversedge_Wrist_01__swing_0009,600,4020945,35.750,0.4075,193.0,0.6753,-0.0707,45.90,31.00,V012,0,ncc|margin|resp
2026-07-04_Mark-Liversedge_Wrist_01__swing_0009,601,4027655,121.250,0.2925,257.0,0.6831,0.1908,45.11,30.81,V012,0,ncc|resp
2026-07-04_Mark-Liversedge_Wrist_01__swing_0009,602,4034422,120.750,0.2875,250.0,0.6668,0.0969,51.23,34.16,V012,0,ncc|margin|resp
2026-07-04_Mark-Liversedge_Wrist_01__swing_0009,603,4041018,111.750,0.2450,164.0,0.6650,0.1958,47.32,31.47,V012,0,ncc|resp
2026-07-04_Mark-Liversedge_Wrist_01__swing_0009,604,4047739,121.750,0.2850,248.0,0.6720,0.1800,40.72,27.36,V012,0,ncc|resp
2026-07-04_Mark-Liversedge_Wrist_01__swing_0009,605,4054328,114.750,0.2550,168.0,0.6496,0.1703,43.32,28.14,V012,0,ncc|resp
2026-07-04_Mark-Liversedge_Wrist_01__swing_0009,606,4061135,122.250,0.2825,239.0,0.6703,0.1395,39.93,26.77,V012,0,ncc|resp
2026-07-04_Mark-Liversedge_Wrist_01__swing_0009,607,4067834,121.750,0.2775,235.0,0.6701,0.2282,46.87,31.41,V012,0,ncc|resp
2026-07-04_Mark-Liversedge_Wrist_01__swing_0009,608,4074605,117.250,0.2650,212.0,0.6492,0.2282,47.82,31.05,V012,0,ncc|resp
2026-07-04_Mark-Liversedge_Wrist_01__swing_0009,609,4081235,122.000,0.2750,230.0,0.6593,0.1770,42.24,27.85,V012,0,ncc|resp
2026-07-04_Mark-Liversedge_Wrist_01__swing_0009,610,4087918,120.000,0.2950,260.0,0.6154,0.0858,44.71,27.51,V012,0,ncc|margin|resp
2026-07-04_Mark-Liversedge_Wrist_01__swing_0009,611,4094722,120.250,0.2650,201.0,0.6673,0.1896,43.00,28.69,V012,0,ncc|resp
2026-07-04_Mark-Liversedge_Wrist_01__swing_0009,612,4101323,120.000,0.2625,199.0,0.6755,0.3325,51.48,34.78,V012,0,ncc|resp
2026-07-04_Mark-Liversedge_Wrist_01__swing_0009,613,4108544,120.500,0.2650,201.0,0.6799,0.2104,52.14,35.45,V012,0,ncc|resp
2026-07-04_Mark-Liversedge_Wrist_01__swing_0009,614,4114797,120.250,0.2625,199.0,0.6852,0.3326,50.79,34.80,V012,0,ncc|resp
2026-07-04_Mark-Liversedge_Wrist_01__swing_0009,615,4121415,122.500,0.3000,259.0,0.6427,0.1687,43.62,28.04,V012,0,ncc|resp
2026-07-04_Mark-Liversedge_Wrist_01__swing_0009,616,4128126,123.250,0.2750,202.0,0.6776,0.1862,44.79,30.35,V012,0,ncc|resp
