session,swing,metric,phase,U,P,sigma,z
2026-07-04_Mark-Liversedge_Wrist_01,swing_0001,leadArmAngularSpeed,5,415.6403695226314,386.6768998095267,79.73896426563684,0.36322856685995836
2026-07-04_Mark-Liversedge_Wrist_01,swing_0001,xFactorStretch,7,-17.561927539316542,-18.817463666196645,15.7663851552087,0.07963373433543922
2026-07-04_Mark-Liversedge_Wrist_01,swing_0001,leadArmAngularSpeed,14,721.9814074022735,764.4796906694621,79.73896426563684,0.5329675856537691
2026-07-04_Mark-Liversedge_Wrist_01,swing_0001,xFactorStretch,0,-69.30590427053306,-68.702129650867,2.401721533795412,0.2513924329570095
2026-07-04_Mark-Liversedge_Wrist_01,swing_0001,pelvisRotation,5,2.004531020051291,1.3869794487523006,3.9029342391011395,0.15822751126885878
2026-07-04_Mark-Liversedge_Wrist_01,swing_0001,leadArmAngularSpeed,9,672.388454864183,667.0211969560872,79.73896426563684,0.0673103539471076
2026-07-04_Mark-Liversedge_Wrist_01,swing_0001,pelvisRotation,7,75.7252808985987,76.85050009510407,8.68235519336945,0.12959838332399465
2026-07-04_Mark-Liversedge_Wrist_01,swing_0001,thoraxRotation,7,130.8185622814882,130.317505783524,13.160380281684715,0.03807310178274296
2026-07-04_Mark-Liversedge_Wrist_01,swing_0001,pelvisRotation,0,0.6688012080585045,0.3559016381831604,2.028834779733757,0.1542262450352935
2026-07-04_Mark-Liversedge_Wrist_01,swing_0001,thoraxRotation,0,4.018105859731479,3.9382413419327578,1.2853387734131667,0.06213499464164167
2026-07-04_Mark-Liversedge_Wrist_01,swing_0001,pelvisRotation,2,26.218514626161728,28.2097186971509,3.573363868642517,0.5572351834814994
2026-07-04_Mark-Liversedge_Wrist_01,swing_0001,thoraxRotation,2,98.87372354836778,100.4941880517675,9.963336630620816,0.1626427534747208
2026-07-04_Mark-Liversedge_Wrist_01,swing_0001,xFactor,5,4.315243466598904,4.890989087894215,4.066857155901675,0.141570160746809
2026-07-04_Mark-Liversedge_Wrist_01,swing_0001,xFactor,7,55.0932813828895,53.467005688419945,15.7663851552087,0.10314829166356417
2026-07-04_Mark-Liversedge_Wrist_01,swing_0001,pelvisRotationSigned,5,2.004531020051291,1.3869794487523006,3.9029342391011395,0.15822751126885878
2026-07-04_Mark-Liversedge_Wrist_01,swing_0001,xFactor,0,3.3493046516729748,3.5823397037495974,2.401721533795412,0.09702833937969492
2026-07-04_Mark-Liversedge_Wrist_01,swing_0001,pelvisRotationSigned,7,75.7252808985987,76.85050009510407,8.68235519336945,0.12959838332399465
2026-07-04_Mark-Liversedge_Wrist_01,swing_0001,xFactor,2,72.65520892220604,72.28446935461659,10.584753476240737,0.03502581032441054
2026-07-04_Mark-Liversedge_Wrist_01,swing_0001,pelvisRotationSigned,0,0.6688012080585045,0.3559016381831604,2.028834779733757,0.1542262450352935
2026-07-04_Mark-Liversedge_Wrist_01,swing_0001,pelvisRotationSigned,2,-26.218514626161728,-28.2097186971509,3.573363868642517,0.5572351834814994
2026-07-04_Mark-Liversedge_Wrist_01,swing_0001,xFactorStretch,5,-68.33996545560714,-67.39348026672238,4.066857155901675,0.23273135804911657
2026-07-04_Mark-Liversedge_Wrist_01,swing_0001,thoraxRotation,5,6.319774486650195,6.277968536646515,1.1429923235790684,0.03657587994359559
2026-07-04_Mark-Liversedge_Wrist_01,swing_0002,leadArmAngularSpeed,5,508.97460554436225,499.7665387908328,69.55996161728027,0.13237596081769507
2026-07-04_Mark-Liversedge_Wrist_01,swing_0002,xFactorStretch,7,-26.10810271397044,-24.74369277510951,15.844298007784644,0.08611362511551894
2026-07-04_Mark-Liversedge_Wrist_01,swing_0002,leadArmAngularSpeed,14,875.0247622581063,711.6339712161316,69.55996161728027,2.348920086255262
2026-07-04_Mark-Liversedge_Wrist_01,swing_0002,xFactorStretch,0,-79.48510708890157,-81.09707954827851,2.6306764920221757,0.6127596700945298
2026-07-04_Mark-Liversedge_Wrist_01,swing_0002,pelvisRotation,5,0.4654099875615014,0.6520357377228811,3.550764260896994,0.05255931862799428
2026-07-04_Mark-Liversedge_Wrist_01,swing_0002,leadArmAngularSpeed,9,682.9022076911303,690.616941528481,69.55996161728027,0.11090767818126765
2026-07-04_Mark-Liversedge_Wrist_01,swing_0002,pelvisRotation,7,78.60628711113377,77.94055963779114,8.463785881462936,0.07865599185356034
2026-07-04_Mark-Liversedge_Wrist_01,swing_0002,thoraxRotation,7,133.20047006339195,135.2488658399234,13.394256527043117,0.15293090530226414
2026-07-04_Mark-Liversedge_Wrist_01,swing_0002,pelvisRotation,0,0.9423519240388939,1.0620805823646418,2.3958334355312205,0.04997369873469556
2026-07-04_Mark-Liversedge_Wrist_01,swing_0002,thoraxRotation,0,2.1595305013659405,2.017000011327911,1.0864809960918635,0.13118544231396603
2026-07-04_Mark-Liversedge_Wrist_01,swing_0002,pelvisRotation,2,21.448643828755547,17.51707203910388,3.639535622538871,1.0802399529501174
2026-07-04_Mark-Liversedge_Wrist_01,swing_0002,thoraxRotation,2,102.15092949498417,99.56907101634566,10.282600369571089,0.251090034217308
2026-07-04_Mark-Liversedge_Wrist_01,swing_0002,xFactor,5,0.10049934733349986,0.23359011971552635,3.688678295246862,0.03608088364700275
2026-07-04_Mark-Liversedge_Wrist_01,swing_0002,xFactor,7,54.59418295225818,57.30830620213227,15.844298007784644,0.17129968450104793
2026-07-04_Mark-Liversedge_Wrist_01,swing_0002,pelvisRotationSigned,5,0.4654099875615014,0.6520357377228813,3.550764260896994,0.05255931862799432
2026-07-04_Mark-Liversedge_Wrist_01,swing_0002,xFactor,0,1.2171785773270467,0.9549194289632692,2.6306764920221757,0.0996926642858246
2026-07-04_Mark-Liversedge_Wrist_01,swing_0002,pelvisRotationSigned,7,78.60628711113377,77.94055963779114,8.463785881462936,0.07865599185356034
2026-07-04_Mark-Liversedge_Wrist_01,swing_0002,xFactor,2,80.70228566622862,82.05199897724178,10.907707820987547,0.12373940823902294
2026-07-04_Mark-Liversedge_Wrist_01,swing_0002,pelvisRotationSigned,0,0.9423519240388939,1.0620805823646418,2.3958334355312205,0.04997369873469556
2026-07-04_Mark-Liversedge_Wrist_01,swing_0002,pelvisRotationSigned,2,-21.448643828755547,-17.51707203910388,3.639535622538871,1.0802399529501174
2026-07-04_Mark-Liversedge_Wrist_01,swing_0002,xFactorStretch,5,-80.60178631889512,-81.81840885752625,3.688678295246862,0.32982614401446647
2026-07-04_Mark-Liversedge_Wrist_01,swing_0002,thoraxRotation,5,0.5659093348950011,0.8856258574384075,0.9992100526725703,0.31996928142212544
2026-07-04_Mark-Liversedge_Wrist_01,swing_0003,leadArmAngularSpeed,5,527.6700357076901,522.8415568569934,64.17720377543225,0.07523666608461803
2026-07-04_Mark-Liversedge_Wrist_01,swing_0003,xFactorStretch,7,11.10223964468669,-31.44946130384993,18.0834479993361,2.353074532583544
2026-07-04_Mark-Liversedge_Wrist_01,swing_0003,leadArmAngularSpeed,14,692.0778653371269,704.9446875712542,64.17720377543225,0.20048898171304988
2026-07-04_Mark-Liversedge_Wrist_01,swing_0003,xFactorStretch,0,-65.35737272063261,-87.59770913650023,2.5144957563635573,8.844849453248393
2026-07-04_Mark-Liversedge_Wrist_01,swing_0003,pelvisRotation,5,2.3725080809830272,0.17681063238777495,3.8179633950362373,0.5750965164961758
2026-07-04_Mark-Liversedge_Wrist_01,swing_0003,leadArmAngularSpeed,9,662.7882990793958,664.2333636060589,64.17720377543225,0.022516788542543704
2026-07-04_Mark-Liversedge_Wrist_01,swing_0003,pelvisRotation,7,77.76537877609239,76.66656956328897,9.170582334439494,0.11981891364487444
2026-07-04_Mark-Liversedge_Wrist_01,swing_0003,thoraxRotation,7,155.08455415429205,134.14377369460192,15.58561872984063,1.3435963513977387
2026-07-04_Mark-Liversedge_Wrist_01,swing_0003,pelvisRotation,0,0.9576331959433337,0.7676811018136201,2.0243137984077726,0.09383530077160998
2026-07-04_Mark-Liversedge_Wrist_01,swing_0003,thoraxRotation,0,1.8171962088236895,2.096637400476267,1.491590612180914,0.18734442907494273
2026-07-04_Mark-Liversedge_Wrist_01,swing_0003,pelvisRotation,2,30.826834041744362,30.117469039069682,3.858143718905749,0.18386173620195542
2026-07-04_Mark-Liversedge_Wrist_01,swing_0003,thoraxRotation,2,97.04376977525733,119.04413447423255,9.765896267355782,2.2527747680994
2026-07-04_Mark-Liversedge_Wrist_01,swing_0003,xFactor,5,17.371361765845254,1.8955055170339419,4.450133245027556,3.477616376117179
2026-07-04_Mark-Liversedge_Wrist_01,swing_0003,xFactor,7,77.31917537819966,57.477204131312945,18.0834479993361,1.0972449085824325
2026-07-04_Mark-Liversedge_Wrist_01,swing_0003,pelvisRotationSigned,5,2.3725080809830272,0.17681063238777506,3.8179633950362373,0.5750965164961757
2026-07-04_Mark-Liversedge_Wrist_01,swing_0003,xFactor,0,0.8595630128803557,1.3289562986626469,2.5144957563635573,0.18667491666843128
2026-07-04_Mark-Liversedge_Wrist_01,swing_0003,pelvisRotationSigned,7,77.76537877609239,76.66656956328897,9.170582334439494,0.11981891364487444
2026-07-04_Mark-Liversedge_Wrist_01,swing_0003,xFactor,2,66.21693573351297,88.92666543516287,10.500381081679153,2.1627529062991218
2026-07-04_Mark-Liversedge_Wrist_01,swing_0003,pelvisRotationSigned,0,0.9576331959433337,0.7676811018136201,2.0243137984077726,0.09383530077160998
2026-07-04_Mark-Liversedge_Wrist_01,swing_0003,pelvisRotationSigned,2,-30.826834041744362,-30.117469039069682,3.858143718905749,0.18386173620195542
2026-07-04_Mark-Liversedge_Wrist_01,swing_0003,xFactorStretch,5,-48.84557396766772,-87.03115991812894,4.450133245027556,8.580773619110987
2026-07-04_Mark-Liversedge_Wrist_01,swing_0003,thoraxRotation,5,19.743869846828282,2.072316149421717,2.2862286440036677,7.729565344986648
2026-07-04_Mark-Liversedge_Wrist_01,swing_0004,leadArmAngularSpeed,5,496.0212938308441,494.2473350885096,68.66953576490185,0.02583327122536358
2026-07-04_Mark-Liversedge_Wrist_01,swing_0004,xFactorStretch,7,-9.536257942514034,-19.34660116872824,14.052613112296054,0.6981152293753925
2026-07-04_Mark-Liversedge_Wrist_01,swing_0004,leadArmAngularSpeed,14,653.1420102745253,662.5763784201142,68.66953576490185,0.1373879703787217
2026-07-04_Mark-Liversedge_Wrist_01,swing_0004,xFactorStretch,0,-61.1396871328109,-70.64341561811166,2.881240834713956,3.2984845871949724
2026-07-04_Mark-Liversedge_Wrist_01,swing_0004,pelvisRotation,5,1.421959721192961,2.881227334097693,3.9156647068604187,0.3726743023599621
2026-07-04_Mark-Liversedge_Wrist_01,swing_0004,leadArmAngularSpeed,9,679.1007771622757,680.3083183087141,68.66953576490185,0.017584815930204823
2026-07-04_Mark-Liversedge_Wrist_01,swing_0004,pelvisRotation,7,66.66247893530729,68.81040509974386,7.200746652252684,0.2982921449909102
2026-07-04_Mark-Liversedge_Wrist_01,swing_0004,thoraxRotation,7,120.13616883545627,121.67881479252635,12.067525965745702,0.12783448417256024
2026-07-04_Mark-Liversedge_Wrist_01,swing_0004,pelvisRotation,0,0.23313768810743096,0.4691825245066398,2.5703258974335013,0.09183459445158382
2026-07-04_Mark-Liversedge_Wrist_01,swing_0004,thoraxRotation,0,2.1033983979595487,2.0407777679057117,1.301911490311781,0.04809899176697538
2026-07-04_Mark-Liversedge_Wrist_01,swing_0004,pelvisRotation,2,50.48768892771178,41.43827815265164,6.335215339950512,1.4284298622011526
2026-07-04_Mark-Liversedge_Wrist_01,swing_0004,thoraxRotation,2,113.4976367703748,113.65328901416238,11.408252403808639,0.013643828894916556
2026-07-04_Mark-Liversedge_Wrist_01,swing_0004,xFactor,5,4.935704427298523,3.0173191251186697,4.1399774054184295,0.4633806212732123
2026-07-04_Mark-Liversedge_Wrist_01,swing_0004,xFactor,7,53.47368990014898,52.86840969278249,14.052613112296054,0.0430724309087304
2026-07-04_Mark-Liversedge_Wrist_01,swing_0004,pelvisRotationSigned,5,1.421959721192961,2.881227334097693,3.9156647068604187,0.3726743023599621
2026-07-04_Mark-Liversedge_Wrist_01,swing_0004,xFactor,0,1.8702607098521178,1.5715952433990719,2.881240834713956,0.10365862612199749
2026-07-04_Mark-Liversedge_Wrist_01,swing_0004,pelvisRotationSigned,7,66.66247893530729,68.81040509974386,7.200746652252684,0.2982921449909102
2026-07-04_Mark-Liversedge_Wrist_01,swing_0004,xFactor,2,63.00994784266302,72.21501086151073,13.049259607830242,0.7054088350977549
2026-07-04_Mark-Liversedge_Wrist_01,swing_0004,pelvisRotationSigned,0,0.23313768810743096,0.4691825245066398,2.5703258974335013,0.09183459445158382
2026-07-04_Mark-Liversedge_Wrist_01,swing_0004,pelvisRotationSigned,2,-50.48768892771178,-41.43827815265164,6.335215339950512,1.4284298622011526
2026-07-04_Mark-Liversedge_Wrist_01,swing_0004,xFactorStretch,5,-58.07424341536449,-69.19769173639206,4.1399774054184295,2.6868379297116753
2026-07-04_Mark-Liversedge_Wrist_01,swing_0004,thoraxRotation,5,6.357664148491484,5.898546459216363,1.3442406112087324,0.3415442781945748
2026-07-04_Mark-Liversedge_Wrist_01,swing_0005,leadArmAngularSpeed,5,494.46695275580896,497.5969347881593,72.27054330822087,0.043309236226459547
2026-07-04_Mark-Liversedge_Wrist_01,swing_0005,xFactorStretch,7,-14.51338942023692,20.19134261484087,15.239443166418184,2.277296595163893
2026-07-04_Mark-Liversedge_Wrist_01,swing_0005,leadArmAngularSpeed,14,618.2611359299207,614.8024897866403,72.27054330822087,0.04785692738644372
2026-07-04_Mark-Liversedge_Wrist_01,swing_0005,xFactorStretch,0,-61.41106178647132,-47.970041887101914,3.378474362211947,3.978428858216741
2026-07-04_Mark-Liversedge_Wrist_01,swing_0005,pelvisRotation,5,3.2868402828656813,4.904702518441372,3.960582758821289,0.40849095552220793
2026-07-04_Mark-Liversedge_Wrist_01,swing_0005,leadArmAngularSpeed,9,671.1511857087241,668.1583004004142,72.27054330822087,0.04141224309807433
2026-07-04_Mark-Liversedge_Wrist_01,swing_0005,pelvisRotation,7,77.7147918478209,75.71218764554273,8.479969841912649,0.23615699579262805
2026-07-04_Mark-Liversedge_Wrist_01,swing_0005,thoraxRotation,7,126.01565207410337,144.95126582551407,12.662177518213124,1.4954468711383915
2026-07-04_Mark-Liversedge_Wrist_01,swing_0005,pelvisRotation,0,0.16479312174754757,0.8924070115243421,3.1819752940371875,0.2286673599070034
2026-07-04_Mark-Liversedge_Wrist_01,swing_0005,thoraxRotation,0,1.5679809817956096,1.970100689552899,1.1353951929880524,0.3541671747781662
2026-07-04_Mark-Liversedge_Wrist_01,swing_0005,pelvisRotation,2,43.61553011751553,38.92606910405103,5.690779247818324,0.8240454969786962
2026-07-04_Mark-Liversedge_Wrist_01,swing_0005,thoraxRotation,2,106.42977976403492,87.9738046691815,10.698044447139383,1.7251727814412356
2026-07-04_Mark-Liversedge_Wrist_01,swing_0005,xFactor,5,-2.156859827470475,15.620391046360009,4.123231225966179,4.311485313236299
2026-07-04_Mark-Liversedge_Wrist_01,swing_0005,xFactor,7,48.30086022628247,69.23907817997134,15.239443166418184,1.3739490167087325
2026-07-04_Mark-Liversedge_Wrist_01,swing_0005,pelvisRotationSigned,5,3.2868402828656813,4.904702518441372,3.960582758821289,0.40849095552220793
2026-07-04_Mark-Liversedge_Wrist_01,swing_0005,xFactor,0,1.403187860048062,1.0776936780285569,3.378474362211947,0.09634354064075194
2026-07-04_Mark-Liversedge_Wrist_01,swing_0005,pelvisRotationSigned,7,77.7147918478209,75.71218764554273,8.479969841912649,0.23615699579262805
2026-07-04_Mark-Liversedge_Wrist_01,swing_0005,xFactor,2,62.814249646519386,49.04773556513047,12.117471825441537,1.1360879793823897
2026-07-04_Mark-Liversedge_Wrist_01,swing_0005,pelvisRotationSigned,0,-0.16479312174754757,0.8924070115243421,3.1819752940371875,0.33224649331910694
2026-07-04_Mark-Liversedge_Wrist_01,swing_0005,pelvisRotationSigned,2,-43.61553011751553,-38.92606910405103,5.690779247818324,0.8240454969786962
2026-07-04_Mark-Liversedge_Wrist_01,swing_0005,xFactorStretch,5,-64.97110947398986,-33.42734451877047,4.123231225966179,7.650253703108264
2026-07-04_Mark-Liversedge_Wrist_01,swing_0005,thoraxRotation,5,1.1299804553952066,20.52509356480138,1.1466559873432405,16.91450035885997
2026-07-04_Mark-Liversedge_Wrist_01,swing_0006,leadArmAngularSpeed,5,439.35636890843125,448.7882680718851,71.84658557139217,0.1312783215575585
2026-07-04_Mark-Liversedge_Wrist_01,swing_0006,xFactorStretch,7,-5.778674977479284,13.041866896512992,16.93727180882072,1.1111908745652161
2026-07-04_Mark-Liversedge_Wrist_01,swing_0006,leadArmAngularSpeed,14,813.3411269494737,826.7893569954572,71.84658557139217,0.18717980734965167
2026-07-04_Mark-Liversedge_Wrist_01,swing_0006,xFactorStretch,0,-45.763799340312744,-38.98991197022916,3.7371852590553916,1.8125639754331442
2026-07-04_Mark-Liversedge_Wrist_01,swing_0006,pelvisRotation,5,7.990306986136221,4.792578005560039,4.029990008737167,0.7934831038398078
2026-07-04_Mark-Liversedge_Wrist_01,swing_0006,leadArmAngularSpeed,9,685.5027929355298,685.9681673631145,71.84658557139217,0.0064773353372832064
2026-07-04_Mark-Liversedge_Wrist_01,swing_0006,pelvisRotation,7,93.65066825838223,90.05265126959243,9.995195350692331,0.35997465407622803
2026-07-04_Mark-Liversedge_Wrist_01,swing_0006,thoraxRotation,7,136.10272638015672,144.1477004135074,13.673596682196369,0.588358295211793
2026-07-04_Mark-Liversedge_Wrist_01,swing_0006,pelvisRotation,0,0.7844505333031094,0.6852236878504946,3.4482770394713973,0.02877577535586462
2026-07-04_Mark-Liversedge_Wrist_01,swing_0006,thoraxRotation,0,3.2513842922441505,2.7484939650233193,1.4408119653706697,0.34903258669944165
2026-07-04_Mark-Liversedge_Wrist_01,swing_0006,pelvisRotation,2,49.17099308244316,41.684943992836715,5.956901113369069,1.2567019238921915
2026-07-04_Mark-Liversedge_Wrist_01,swing_0006,thoraxRotation,2,97.40172618169694,82.7381262402387,9.872722610651167,1.485264047187799
2026-07-04_Mark-Liversedge_Wrist_01,swing_0006,xFactor,5,-6.7568180378848846,4.843229650409895,4.186204870049832,2.771017675529266
2026-07-04_Mark-Liversedge_Wrist_01,swing_0006,xFactor,7,42.4520581217745,54.09504914391498,16.93727180882072,0.6874183253100392
2026-07-04_Mark-Liversedge_Wrist_01,swing_0006,pelvisRotationSigned,5,7.990306986136221,4.792578005560039,4.029990008737167,0.7934831038398078
2026-07-04_Mark-Liversedge_Wrist_01,swing_0006,xFactor,0,2.466933758941041,2.063270277172825,3.7371852590553916,0.10801270308720153
2026-07-04_Mark-Liversedge_Wrist_01,swing_0006,pelvisRotationSigned,7,93.65066825838223,90.05265126959243,9.995195350692331,0.35997465407622803
2026-07-04_Mark-Liversedge_Wrist_01,swing_0006,xFactor,2,48.23073309925378,41.053182247401985,11.530625421950036,0.6224771501282491
2026-07-04_Mark-Liversedge_Wrist_01,swing_0006,pelvisRotationSigned,0,0.7844505333031094,0.6852236878504946,3.4482770394713973,0.02877577535586462
2026-07-04_Mark-Liversedge_Wrist_01,swing_0006,pelvisRotationSigned,2,-49.17099308244316,-41.684943992836715,5.956901113369069,1.2567019238921915
2026-07-04_Mark-Liversedge_Wrist_01,swing_0006,xFactorStretch,5,-54.98755113713867,-36.20995259699209,4.186204870049832,4.485589961086412
2026-07-04_Mark-Liversedge_Wrist_01,swing_0006,thoraxRotation,5,1.2334889482513365,9.635807655969934,1.132912946129373,7.4165616488233645
2026-07-04_Mark-Liversedge_Wrist_01,swing_0007,leadArmAngularSpeed,5,511.1598316287634,509.077585137224,77.8599639101182,0.026743481334555643
2026-07-04_Mark-Liversedge_Wrist_01,swing_0007,xFactorStretch,7,-13.436701745772908,-16.132124096008496,15.818485894584276,0.17039698794171013
2026-07-04_Mark-Liversedge_Wrist_01,swing_0007,leadArmAngularSpeed,14,662.7268624234746,652.8709808466537,77.8599639101182,0.12658471802271315
2026-07-04_Mark-Liversedge_Wrist_01,swing_0007,xFactorStretch,0,-58.23904536279738,-64.20644988939908,3.7548185376487764,1.5892657572577193
2026-07-04_Mark-Liversedge_Wrist_01,swing_0007,pelvisRotation,5,2.224207924358076,4.541545751543087,3.6465932920279847,0.6354801979839837
2026-07-04_Mark-Liversedge_Wrist_01,swing_0007,leadArmAngularSpeed,9,674.3747054887872,671.2900660601213,77.8599639101182,0.039617786520256305
2026-07-04_Mark-Liversedge_Wrist_01,swing_0007,pelvisRotation,7,81.08120374716812,79.17760220908966,9.267484565205919,0.20540649673433417
2026-07-04_Mark-Liversedge_Wrist_01,swing_0007,thoraxRotation,7,127.24609792700761,127.98258268986136,12.8194471733703,0.05745058682277976
2026-07-04_Mark-Liversedge_Wrist_01,swing_0007,pelvisRotation,0,1.1681198555013195,1.5576529640733314,3.5009780605373706,0.1112640815898806
2026-07-04_Mark-Liversedge_Wrist_01,swing_0007,thoraxRotation,0,2.530670418316346,2.288307651454449,1.3571348018184808,0.17858415135854244
2026-07-04_Mark-Liversedge_Wrist_01,swing_0007,pelvisRotation,2,44.21351872877102,41.26877350998104,5.5467609166958365,0.5308945640556192
2026-07-04_Mark-Liversedge_Wrist_01,swing_0007,thoraxRotation,2,103.81511465438342,106.20587808676125,10.495611935062811,0.2277869501244585
2026-07-04_Mark-Liversedge_Wrist_01,swing_0007,xFactor,5,-1.1837659238679104,-3.212818968458673,3.8405366936504213,0.5283253895075151
2026-07-04_Mark-Liversedge_Wrist_01,swing_0007,xFactor,7,46.16489417983949,48.804980480771704,15.818485894584276,0.1668987991977215
2026-07-04_Mark-Liversedge_Wrist_01,swing_0007,pelvisRotationSigned,5,2.224207924358076,4.541545751543087,3.6465932920279847,0.6354801979839837
2026-07-04_Mark-Liversedge_Wrist_01,swing_0007,xFactor,0,1.3625505628150267,0.7306546873811177,3.7548185376487764,0.168289324530073
2026-07-04_Mark-Liversedge_Wrist_01,swing_0007,pelvisRotationSigned,7,81.08120374716812,79.17760220908966,9.267484565205919,0.20540649673433417
2026-07-04_Mark-Liversedge_Wrist_01,swing_0007,xFactor,2,59.6015959256124,64.9371045767802,11.871159444570583,0.44945135107321454
2026-07-04_Mark-Liversedge_Wrist_01,swing_0007,pelvisRotationSigned,0,1.1681198555013195,1.5576529640733314,3.5009780605373706,0.1112640815898806
2026-07-04_Mark-Liversedge_Wrist_01,swing_0007,pelvisRotationSigned,2,-44.21351872877102,-41.26877350998104,5.5467609166958365,0.5308945640556192
2026-07-04_Mark-Liversedge_Wrist_01,swing_0007,xFactorStretch,5,-60.78536184948031,-68.14992354523888,3.8405366936504213,1.9175865987517928
2026-07-04_Mark-Liversedge_Wrist_01,swing_0007,thoraxRotation,5,1.0404420004901653,1.328726783084413,1.205022596390547,0.2392359972815105
2026-07-04_Mark-Liversedge_Wrist_01,swing_0008,leadArmAngularSpeed,5,590.2991763356998,587.8272529824926,66.69687500183092,0.03706205655271494
2026-07-04_Mark-Liversedge_Wrist_01,swing_0008,xFactorStretch,7,1.080388205314165,15.47436664914624,16.6801048970833,0.862942921081331
2026-07-04_Mark-Liversedge_Wrist_01,swing_0008,leadArmAngularSpeed,14,647.4153890687542,642.9795630696998,66.69687500183092,0.06650725388457261
2026-07-04_Mark-Liversedge_Wrist_01,swing_0008,xFactorStretch,0,-39.49042763557447,-39.572202598443745,3.6904982447275425,0.02215824461808202
2026-07-04_Mark-Liversedge_Wrist_01,swing_0008,pelvisRotation,5,0.21997165986873723,1.2934394863632022,3.6501096583573096,0.2940919388645345
2026-07-04_Mark-Liversedge_Wrist_01,swing_0008,leadArmAngularSpeed,9,743.4371777165568,722.3592226558129,66.69687500183092,0.3160261265638796
2026-07-04_Mark-Liversedge_Wrist_01,swing_0008,pelvisRotation,7,92.04003897519397,90.14130922447784,9.732844360744744,0.19508477484487796
2026-07-04_Mark-Liversedge_Wrist_01,swing_0008,thoraxRotation,7,134.74799417736295,145.00907001031862,13.546130075679237,0.7574913112179865
2026-07-04_Mark-Liversedge_Wrist_01,swing_0008,pelvisRotation,0,0.44875770565533535,0.17880846174919662,3.4432434870415958,0.0783996963682858
2026-07-04_Mark-Liversedge_Wrist_01,swing_0008,thoraxRotation,0,2.5858970669356913,0.0,1.3281007428966762,1.9470639413209554
2026-07-04_Mark-Liversedge_Wrist_01,swing_0008,pelvisRotation,2,50.126225719445685,49.751237976324425,6.661877982987732,0.05628859370868939
2026-07-04_Mark-Liversedge_Wrist_01,swing_0008,thoraxRotation,2,91.75379271630051,89.14463211301897,9.278118905758555,0.28121655152125036
2026-07-04_Mark-Liversedge_Wrist_01,swing_0008,xFactor,5,3.8275787730997233,5.97702126964614,3.7907646500502916,0.5670208242861767
2026-07-04_Mark-Liversedge_Wrist_01,swing_0008,xFactor,7,42.70795520216899,54.86776078584079,16.6801048970833,0.7290005463813404
2026-07-04_Mark-Liversedge_Wrist_01,swing_0008,pelvisRotationSigned,5,0.21997165986873723,1.2934394863632022,3.6501096583573096,0.2940919388645345
2026-07-04_Mark-Liversedge_Wrist_01,swing_0008,xFactor,0,2.137139361280356,-0.17880846174919673,3.6904982447275425,0.6275434018531912
2026-07-04_Mark-Liversedge_Wrist_01,swing_0008,pelvisRotationSigned,7,92.04003897519397,90.14130922447784,9.732844360744744,0.19508477484487796
2026-07-04_Mark-Liversedge_Wrist_01,swing_0008,xFactor,2,41.627566996854824,39.393394136694546,11.422088630789512,0.19560107896009635
2026-07-04_Mark-Liversedge_Wrist_01,swing_0008,pelvisRotationSigned,0,0.44875770565533535,0.17880846174919662,3.4432434870415958,0.0783996963682858
2026-07-04_Mark-Liversedge_Wrist_01,swing_0008,pelvisRotationSigned,2,-50.126225719445685,-49.751237976324425,6.661877982987732,0.05628859370868939
2026-07-04_Mark-Liversedge_Wrist_01,swing_0008,xFactorStretch,5,-37.7999882237551,-33.41637286704841,3.7907646500502916,1.1563934354638805
2026-07-04_Mark-Liversedge_Wrist_01,swing_0008,thoraxRotation,5,4.04755043296846,7.270460756009342,1.0230328020340278,3.1503489591271996
2026-07-04_Mark-Liversedge_Wrist_01,swing_0009,leadArmAngularSpeed,5,509.2855197979355,490.1834758033994,69.80799102036971,0.27363692487529356
2026-07-04_Mark-Liversedge_Wrist_01,swing_0009,xFactorStretch,7,-61.071822133616465,-73.63595621795012,21.374666695533833,0.5878049123899973
2026-07-04_Mark-Liversedge_Wrist_01,swing_0009,leadArmAngularSpeed,14,746.9268552686909,727.148877982313,69.80799102036971,0.2833196743995507
2026-07-04_Mark-Liversedge_Wrist_01,swing_0009,xFactorStretch,0,-57.116124711009796,-67.62203085002402,2.70040335658465,3.890495141548641
2026-07-04_Mark-Liversedge_Wrist_01,swing_0009,pelvisRotation,5,6.986326997419988,11.125935783072412,4.177375192473278,0.9909592973863347
2026-07-04_Mark-Liversedge_Wrist_01,swing_0009,leadArmAngularSpeed,9,703.1727307963758,709.5123097805783,69.80799102036971,0.09081451695626971
2026-07-04_Mark-Liversedge_Wrist_01,swing_0009,pelvisRotation,7,150.67950335924405,148.90779373638082,15.268938564443106,0.11603358120708017
2026-07-04_Mark-Liversedge_Wrist_01,swing_0009,thoraxRotation,7,148.59110094571398,144.4876156230424,14.957803697750057,0.2743374231665329
2026-07-04_Mark-Liversedge_Wrist_01,swing_0009,pelvisRotation,0,0.41981725298090045,0.6897239932194245,2.438214582591939,0.1106985177455547
2026-07-04_Mark-Liversedge_Wrist_01,swing_0009,thoraxRotation,0,2.287112262057493,2.2834712478070864,1.1607273312409163,0.0031368385601070353
2026-07-04_Mark-Liversedge_Wrist_01,swing_0009,pelvisRotation,2,41.78372618202698,35.83633046823401,6.114254195614333,0.9727099207061024
2026-07-04_Mark-Liversedge_Wrist_01,swing_0009,thoraxRotation,2,100.76714590211337,105.0521085728457,10.16107294023469,0.42170376061028025
2026-07-04_Mark-Liversedge_Wrist_01,swing_0009,xFactor,5,-3.273145467294033,-7.66661649733182,4.297228357466396,1.0223964529146257
2026-07-04_Mark-Liversedge_Wrist_01,swing_0009,xFactor,7,-2.0884024135300763,-4.420178113338437,21.374666695533833,0.10909062269942099
2026-07-04_Mark-Liversedge_Wrist_01,swing_0009,pelvisRotationSigned,5,6.986326997419988,11.125935783072412,4.177375192473278,0.9909592973863347
2026-07-04_Mark-Liversedge_Wrist_01,swing_0009,xFactor,0,1.8672950090765927,1.593747254587662,2.70040335658465,0.10129884997436149
2026-07-04_Mark-Liversedge_Wrist_01,swing_0009,pelvisRotationSigned,7,150.67950335924405,148.90779373638082,15.268938564443106,0.11603358120708017
2026-07-04_Mark-Liversedge_Wrist_01,swing_0009,xFactor,2,58.98341972008639,69.21577810461169,11.858815609720775,0.8628482574716605
2026-07-04_Mark-Liversedge_Wrist_01,swing_0009,pelvisRotationSigned,0,0.41981725298090045,0.6897239932194245,2.438214582591939,0.1106985177455547
2026-07-04_Mark-Liversedge_Wrist_01,swing_0009,pelvisRotationSigned,2,-41.78372618202698,-35.83633046823401,6.114254195614333,0.9727099207061024
2026-07-04_Mark-Liversedge_Wrist_01,swing_0009,xFactorStretch,5,-62.256565187380424,-76.8823946019435,4.297228357466396,3.4035494970033024
2026-07-04_Mark-Liversedge_Wrist_01,swing_0009,thoraxRotation,5,3.713181530125955,3.4593192857405928,1.0078234257657355,0.2518915892359617
2026-07-04_Mark-Liversedge_Wrist_01,swing_0010,leadArmAngularSpeed,5,545.6859292583644,550.5214327210948,75.94903985271658,0.06366773657846972
2026-07-04_Mark-Liversedge_Wrist_01,swing_0010,xFactorStretch,7,-38.45683091194958,-43.03843934755845,17.523562170207704,0.26145417188054326
2026-07-04_Mark-Liversedge_Wrist_01,swing_0010,leadArmAngularSpeed,14,727.1573371927313,722.0905634497124,75.94903985271658,0.06671280838894968
2026-07-04_Mark-Liversedge_Wrist_01,swing_0010,xFactorStretch,0,-70.85247503070718,-74.42254462731447,3.0395963876520335,1.1745209367632585
2026-07-04_Mark-Liversedge_Wrist_01,swing_0010,pelvisRotation,5,4.401954828691179,4.982941888440645,4.057912975290173,0.1431738588992094
2026-07-04_Mark-Liversedge_Wrist_01,swing_0010,leadArmAngularSpeed,9,710.1796587446947,716.2868197768901,75.94903985271658,0.08041130005117361
2026-07-04_Mark-Liversedge_Wrist_01,swing_0010,pelvisRotation,7,101.64819795722983,101.7989524086539,10.988998750695524,0.013718670357891894
2026-07-04_Mark-Liversedge_Wrist_01,swing_0010,thoraxRotation,7,135.87057673109982,134.89207659528688,13.649803573324665,0.07168602321319738
2026-07-04_Mark-Liversedge_Wrist_01,swing_0010,pelvisRotation,0,0.17038635380046444,0.3023223559375817,2.7779528793842565,0.04749396691219665
2026-07-04_Mark-Liversedge_Wrist_01,swing_0010,thoraxRotation,0,1.9971210089128486,2.011341262814538,1.2337438955261386,0.011526098692974707
2026-07-04_Mark-Liversedge_Wrist_01,swing_0010,pelvisRotation,2,45.23338504549368,42.66249399333924,5.878857448497391,0.43731134402851435
2026-07-04_Mark-Liversedge_Wrist_01,swing_0010,thoraxRotation,2,117.91259473131325,118.79405752753067,11.855524835670776,0.07435038165204497
2026-07-04_Mark-Liversedge_Wrist_01,swing_0010,xFactor,5,-0.7943548852051006,-1.689377349555301,4.20571297735815,0.21281111411278844
2026-07-04_Mark-Liversedge_Wrist_01,swing_0010,xFactor,7,34.22237877386999,33.09312418663298,17.523562170207704,0.06444206812909828
2026-07-04_Mark-Liversedge_Wrist_01,swing_0010,pelvisRotationSigned,5,4.401954828691179,4.982941888440645,4.057912975290173,0.1431738588992094
2026-07-04_Mark-Liversedge_Wrist_01,swing_0010,xFactor,0,1.8267346551123842,1.7090189068769561,3.0395963876520335,0.03872742733661385
2026-07-04_Mark-Liversedge_Wrist_01,swing_0010,pelvisRotationSigned,7,101.64819795722983,101.7989524086539,10.988998750695524,0.013718670357891894
2026-07-04_Mark-Liversedge_Wrist_01,swing_0010,xFactor,2,72.67920968581957,76.13156353419143,13.233081048227575,0.2608881360123054
2026-07-04_Mark-Liversedge_Wrist_01,swing_0010,pelvisRotationSigned,0,0.17038635380046446,0.3023223559375817,2.7779528793842565,0.047493966912196636
2026-07-04_Mark-Liversedge_Wrist_01,swing_0010,pelvisRotationSigned,2,-45.23338504549368,-42.66249399333924,5.878857448497391,0.43731134402851435
2026-07-04_Mark-Liversedge_Wrist_01,swing_0010,xFactorStretch,5,-73.47356457102467,-77.82094088374673,4.20571297735815,1.0336835480991142
2026-07-04_Mark-Liversedge_Wrist_01,swing_0010,thoraxRotation,5,3.607599943486078,3.293564538885344,1.1051533526576351,0.2841555009950001
2026-07-04_Mark-Liversedge_Wrist_01,swing_0011,leadArmAngularSpeed,5,559.1230160901063,565.641699348101,69.37223080545824,0.09396675272379863
2026-07-04_Mark-Liversedge_Wrist_01,swing_0011,xFactorStretch,7,-17.19547991038629,-26.94937121007311,15.901107032580406,0.6134095745473374
2026-07-04_Mark-Liversedge_Wrist_01,swing_0011,leadArmAngularSpeed,14,696.7407877221689,711.2991935760899,69.37223080545824,0.20985927200103216
2026-07-04_Mark-Liversedge_Wrist_01,swing_0011,xFactorStretch,0,-62.08398353829575,-71.32614266271871,2.809177165061137,3.289987986294137
2026-07-04_Mark-Liversedge_Wrist_01,swing_0011,pelvisRotation,5,5.052484387564371,6.653268954609738,3.4720009590252148,0.46105533550739486
2026-07-04_Mark-Liversedge_Wrist_01,swing_0011,leadArmAngularSpeed,9,660.8843809619932,638.3352063178344,69.37223080545824,0.32504612266821675
2026-07-04_Mark-Liversedge_Wrist_01,swing_0011,pelvisRotation,7,83.6491008182299,85.01913256667376,8.999134316750395,0.1522403933780361
2026-07-04_Mark-Liversedge_Wrist_01,swing_0011,thoraxRotation,7,130.39135256133355,131.0516811010023,13.109568505891545,0.05036996750670953
2026-07-04_Mark-Liversedge_Wrist_01,swing_0011,pelvisRotation,0,0.8059948380945167,0.9076026035345536,2.541761269169316,0.039975337838570414
2026-07-04_Mark-Liversedge_Wrist_01,swing_0011,thoraxRotation,0,2.659742953288709,2.563379685217475,1.1962131897164967,0.0805569349173219
2026-07-04_Mark-Liversedge_Wrist_01,swing_0011,pelvisRotation,2,48.03509892068852,46.08217723356832,6.524653673309451,0.2993142295213394
2026-07-04_Mark-Liversedge_Wrist_01,swing_0011,thoraxRotation,2,111.97283057417846,119.06409697796997,11.284499867471684,0.6284076819596189
2026-07-04_Mark-Liversedge_Wrist_01,swing_0011,xFactor,5,0.6084736295587447,-0.8160313795542722,3.667919544606104,0.3883686628862503
2026-07-04_Mark-Liversedge_Wrist_01,swing_0011,xFactor,7,46.74225174310365,46.03254853432853,15.901107032580406,0.04463231442446023
2026-07-04_Mark-Liversedge_Wrist_01,swing_0011,pelvisRotationSigned,5,5.052484387564371,6.653268954609738,3.4720009590252148,0.46105533550739486
2026-07-04_Mark-Liversedge_Wrist_01,swing_0011,xFactor,0,1.8537481151941924,1.6557770816829214,2.809177165061137,0.07047296125481729
2026-07-04_Mark-Liversedge_Wrist_01,swing_0011,pelvisRotationSigned,7,83.6491008182299,85.01913256667376,8.999134316750395,0.1522403933780361
2026-07-04_Mark-Liversedge_Wrist_01,swing_0011,xFactor,2,63.93773165348994,72.98191974440164,13.034993011720372,0.6938391208019554
2026-07-04_Mark-Liversedge_Wrist_01,swing_0011,pelvisRotationSigned,0,0.8059948380945167,0.9076026035345536,2.541761269169316,0.039975337838570414
2026-07-04_Mark-Liversedge_Wrist_01,swing_0011,pelvisRotationSigned,2,-48.03509892068852,-46.08217723356832,6.524653673309451,0.2993142295213394
2026-07-04_Mark-Liversedge_Wrist_01,swing_0011,xFactorStretch,5,-63.329258023931196,-73.79795112395591,3.667919544606104,2.8541228815718047
2026-07-04_Mark-Liversedge_Wrist_01,swing_0011,thoraxRotation,5,5.660958017123115,5.8372375750554655,1.1827269871916508,0.14904501194389808
2026-07-04_Mark-Liversedge_Wrist_01,swing_0012,leadArmAngularSpeed,5,554.2905743884472,549.2811565880686,69.37821543390469,0.07220447757338189
2026-07-04_Mark-Liversedge_Wrist_01,swing_0012,xFactorStretch,7,-26.0239955106004,-27.966920469833425,15.844435733920779,0.12262506484049081
2026-07-04_Mark-Liversedge_Wrist_01,swing_0012,leadArmAngularSpeed,14,679.7921404758654,678.0962976481699,69.37821543390469,0.024443448380581538
2026-07-04_Mark-Liversedge_Wrist_01,swing_0012,xFactorStretch,0,-74.70746349376608,-73.41638868607549,3.745499404407818,0.34470031050364486
2026-07-04_Mark-Liversedge_Wrist_01,swing_0012,pelvisRotation,5,1.7486876805267892,3.0360057749023723,3.917787509113089,0.3285829288549156
2026-07-04_Mark-Liversedge_Wrist_01,swing_0012,leadArmAngularSpeed,9,655.7521143471213,641.7943477762685,69.37821543390469,0.20118370706940503
2026-07-04_Mark-Liversedge_Wrist_01,swing_0012,pelvisRotation,7,79.39200845568041,80.27653174603039,8.996714773073906,0.09831625350591836
2026-07-04_Mark-Liversedge_Wrist_01,swing_0012,thoraxRotation,7,129.83526168789163,128.948933109029,13.042440991559035,0.06795726194477261
2026-07-04_Mark-Liversedge_Wrist_01,swing_0012,pelvisRotation,0,0.49045087106679863,0.15227711629600163,3.4911890243113435,0.09686492264265287
2026-07-04_Mark-Liversedge_Wrist_01,swing_0012,thoraxRotation,0,2.2502361201123287,3.375210263052568,1.356600525190569,0.8292596988212195
2026-07-04_Mark-Liversedge_Wrist_01,swing_0012,pelvisRotation,2,40.55672416029723,43.83296263205573,5.370995673688317,0.6099871738508919
2026-07-04_Mark-Liversedge_Wrist_01,swing_0012,thoraxRotation,2,117.02397290310884,120.47228446488779,11.748667903996674,0.29350659921248606
2026-07-04_Mark-Liversedge_Wrist_01,swing_0012,xFactor,5,2.8493915202486066,2.2415706963320794,4.076387961293011,0.14910769771867577
2026-07-04_Mark-Liversedge_Wrist_01,swing_0012,xFactor,7,50.44325323221122,48.67240136299863,15.844435733920779,0.11176490592349965
2026-07-04_Mark-Liversedge_Wrist_01,swing_0012,pelvisRotationSigned,5,1.7486876805267892,3.0360057749023723,3.917787509113089,0.3285829288549156
2026-07-04_Mark-Liversedge_Wrist_01,swing_0012,xFactor,0,1.75978524904553,3.2229331467565667,3.745499404407818,0.39064160469206316
2026-07-04_Mark-Liversedge_Wrist_01,swing_0012,pelvisRotationSigned,7,79.39200845568041,80.27653174603039,8.996714773073906,0.09831625350591836
2026-07-04_Mark-Liversedge_Wrist_01,swing_0012,xFactor,2,76.46724874281162,76.63932183283205,12.918157455503483,0.01332025024568231
2026-07-04_Mark-Liversedge_Wrist_01,swing_0012,pelvisRotationSigned,0,-0.49045087106679863,-0.15227711629600163,3.4911890243113435,0.09686492264265287
2026-07-04_Mark-Liversedge_Wrist_01,swing_0012,pelvisRotationSigned,2,-40.55672416029723,-43.83296263205573,5.370995673688317,0.6099871738508919
2026-07-04_Mark-Liversedge_Wrist_01,swing_0012,xFactorStretch,5,-73.61785722256302,-74.39775113649998,4.076387961293011,0.19131984525083837
2026-07-04_Mark-Liversedge_Wrist_01,swing_0012,thoraxRotation,5,4.598079200775396,5.277576471234452,1.1260017071088497,0.6034602489224912
2026-07-04_Mark-Liversedge_Wrist_01,swing_0013,leadArmAngularSpeed,5,550.1611004248347,547.0242682865922,75.00303619390644,0.041822735417440006
2026-07-04_Mark-Liversedge_Wrist_01,swing_0013,xFactorStretch,7,-23.195797190710763,29.675467979450808,16.710240813813144,3.164003784221753
2026-07-04_Mark-Liversedge_Wrist_01,swing_0013,leadArmAngularSpeed,14,676.5006445183959,677.3249267286142,75.00303619390644,0.01098998456658779
2026-07-04_Mark-Liversedge_Wrist_01,swing_0013,xFactorStretch,0,-66.7343733402348,-38.74874815843012,3.541594468453581,7.901984665687728
2026-07-04_Mark-Liversedge_Wrist_01,swing_0013,pelvisRotation,5,5.884836616931202,2.8206680507154434,3.479850299819218,0.8805460873920197
2026-07-04_Mark-Liversedge_Wrist_01,swing_0013,leadArmAngularSpeed,9,644.1626868409651,642.085853389535,75.00303619390644,0.027689991723278774
2026-07-04_Mark-Liversedge_Wrist_01,swing_0013,pelvisRotation,7,89.31503237966656,85.63636879529821,9.88757226138558,0.37204922372449467
2026-07-04_Mark-Liversedge_Wrist_01,swing_0013,thoraxRotation,7,134.0748121968182,156.1054859007279,13.47100823366629,1.6354138696798801
2026-07-04_Mark-Liversedge_Wrist_01,swing_0013,pelvisRotation,0,0.31487704078181294,0.32284309791233295,3.3275796202584362,0.002393949368490641
2026-07-04_Mark-Liversedge_Wrist_01,swing_0013,thoraxRotation,0,1.536080708409399,2.3677440654610984,1.212478968816253,0.6859198208309171
2026-07-04_Mark-Liversedge_Wrist_01,swing_0013,pelvisRotation,2,46.47894884774703,54.811110708891356,5.800059646319422,1.4365648578168877
2026-07-04_Mark-Liversedge_Wrist_01,swing_0013,thoraxRotation,2,114.43452585560942,95.60475983487024,11.508919224882783,1.6361020225103686
2026-07-04_Mark-Liversedge_Wrist_01,swing_0013,xFactor,5,-1.3967712535632284,13.235615070921465,3.6181014681079344,4.044216684762193
2026-07-04_Mark-Liversedge_Wrist_01,swing_0013,xFactor,7,44.759779817151625,70.46911710542969,16.710240813813144,1.5385378089240953
2026-07-04_Mark-Liversedge_Wrist_01,swing_0013,pelvisRotationSigned,5,5.884836616931202,2.8206680507154434,3.479850299819218,0.8805460873920197
2026-07-04_Mark-Liversedge_Wrist_01,swing_0013,xFactor,0,1.2212036676275861,2.0449009675487653,3.541594468453581,0.23257809646422964
2026-07-04_Mark-Liversedge_Wrist_01,swing_0013,pelvisRotationSigned,7,89.31503237966656,85.63636879529821,9.88757226138558,0.37204922372449467
2026-07-04_Mark-Liversedge_Wrist_01,swing_0013,xFactor,2,67.95557700786239,40.79364912597888,12.88782035977145,2.1075656801260063
2026-07-04_Mark-Liversedge_Wrist_01,swing_0013,pelvisRotationSigned,0,-0.31487704078181294,0.32284309791233295,3.3275796202584362,0.19164684589714412
2026-07-04_Mark-Liversedge_Wrist_01,swing_0013,pelvisRotationSigned,2,-46.47894884774703,-54.811110708891356,5.800059646319422,1.4365648578168877
2026-07-04_Mark-Liversedge_Wrist_01,swing_0013,xFactorStretch,5,-69.35234826142562,-27.558034055057416,3.6181014681079344,11.551448895164429
2026-07-04_Mark-Liversedge_Wrist_01,swing_0013,thoraxRotation,5,4.488065363367974,16.05628312163691,0.9906059379858821,11.677920871128277
2026-07-04_Mark-Liversedge_Wrist_01,swing_0014,leadArmAngularSpeed,5,550.8643196767099,561.3854865597119,69.6849639929271,0.1509818801667158
2026-07-04_Mark-Liversedge_Wrist_01,swing_0014,xFactorStretch,7,-12.835048620803178,-12.637086608049273,15.29710157101529,0.012941145212044636
2026-07-04_Mark-Liversedge_Wrist_01,swing_0014,leadArmAngularSpeed,14,709.5458793612562,711.3460453001343,69.6849639929271,0.02583291768739085
2026-07-04_Mark-Liversedge_Wrist_01,swing_0014,xFactorStretch,0,-58.736951882276415,-59.33326632658484,2.9897796211084247,0.1994509695959964
2026-07-04_Mark-Liversedge_Wrist_01,swing_0014,pelvisRotation,5,1.5812004068216863,4.882602598716275,3.719173308033036,0.8876709737521228
2026-07-04_Mark-Liversedge_Wrist_01,swing_0014,leadArmAngularSpeed,9,595.6273176100734,636.889095640141,69.6849639929271,0.5921188110860702
2026-07-04_Mark-Liversedge_Wrist_01,swing_0014,pelvisRotation,7,80.3847920583301,81.54043802819245,8.430528146454913,0.13707871556639123
2026-07-04_Mark-Liversedge_Wrist_01,swing_0014,thoraxRotation,7,127.1427332461801,129.0423460260597,12.764306156066217,0.14882225141370617
2026-07-04_Mark-Liversedge_Wrist_01,swing_0014,pelvisRotation,0,0.0,0.09108544937241311,2.7749867763752754,0.03282374177342572
2026-07-04_Mark-Liversedge_Wrist_01,swing_0014,thoraxRotation,0,0.8560379263767547,0.8968137287040978,1.1127580930901355,0.03664390542791605
2026-07-04_Mark-Liversedge_Wrist_01,swing_0014,pelvisRotation,2,53.145920537000734,51.73698358963287,6.362418986372947,0.221446740679218
2026-07-04_Mark-Liversedge_Wrist_01,swing_0014,thoraxRotation,2,112.7389103456539,111.8759781955494,11.327060016551648,0.07618324162170541
2026-07-04_Mark-Liversedge_Wrist_01,swing_0014,xFactor,5,0.7508137280680112,-1.8927613718531617,3.832148188310892,0.6898415640566317
2026-07-04_Mark-Liversedge_Wrist_01,swing_0014,xFactor,7,46.757941187849994,47.50190799786725,15.29710157101529,0.04863449500962405
2026-07-04_Mark-Liversedge_Wrist_01,swing_0014,pelvisRotationSigned,5,1.5812004068216863,4.882602598716275,3.719173308033036,0.8876709737521228
2026-07-04_Mark-Liversedge_Wrist_01,swing_0014,xFactor,0,0.8560379263767547,0.8057282793316847,2.9897796211084247,0.01682720916614527
2026-07-04_Mark-Liversedge_Wrist_01,swing_0014,pelvisRotationSigned,7,80.3847920583301,81.54043802819245,8.430528146454913,0.13707871556639123
2026-07-04_Mark-Liversedge_Wrist_01,swing_0014,xFactor,2,59.59298980865317,60.13899460591652,12.991638232983629,0.04202740158490052
2026-07-04_Mark-Liversedge_Wrist_01,swing_0014,pelvisRotationSigned,0,0.0,-0.09108544937241311,2.7749867763752754,0.03282374177342572
2026-07-04_Mark-Liversedge_Wrist_01,swing_0014,pelvisRotationSigned,2,-53.145920537000734,-51.73698358963287,6.362418986372947,0.221446740679218
2026-07-04_Mark-Liversedge_Wrist_01,swing_0014,xFactorStretch,5,-58.84217608058516,-62.031755977769684,3.832148188310892,0.8323216484460648
2026-07-04_Mark-Liversedge_Wrist_01,swing_0014,thoraxRotation,5,2.3320141348896977,2.989841226863113,0.9236393462759446,0.7122120713303656
2026-07-04_Mark-Liversedge_Wrist_01,swing_0015,leadArmAngularSpeed,5,553.5385258558872,558.6943711093859,68.05105569766376,0.07576436839429791
2026-07-04_Mark-Liversedge_Wrist_01,swing_0015,xFactorStretch,7,-22.38490088332256,15.588504642737625,16.66751029329499,2.278289010047058
2026-07-04_Mark-Liversedge_Wrist_01,swing_0015,leadArmAngularSpeed,14,627.8549804529783,619.8867869716145,68.05105569766376,0.11709140144371666
2026-07-04_Mark-Liversedge_Wrist_01,swing_0015,xFactorStretch,0,-63.75226271297609,-50.12107433732673,3.250108855516194,4.19407133164603
2026-07-04_Mark-Liversedge_Wrist_01,swing_0015,pelvisRotation,5,1.3700037510427507,2.9641845142383643,4.148391953834153,0.3842888475671136
2026-07-04_Mark-Liversedge_Wrist_01,swing_0015,leadArmAngularSpeed,9,664.7791402449193,672.3268028081623,68.05105569766376,0.1109117630265078
2026-07-04_Mark-Liversedge_Wrist_01,swing_0015,pelvisRotation,7,90.22034378327051,86.3347462094189,9.672729355453658,0.40170642959847136
2026-07-04_Mark-Liversedge_Wrist_01,swing_0015,thoraxRotation,7,135.00076667927874,153.44511965117493,13.573658541205443,1.3588343124961353
2026-07-04_Mark-Liversedge_Wrist_01,swing_0015,pelvisRotation,0,0.2922412870186878,1.5335710439965922,2.9913955390357887,0.4149667741291143
2026-07-04_Mark-Liversedge_Wrist_01,swing_0015,thoraxRotation,0,3.705302353373387,2.934365505688275,1.270732191195913,0.6066871155279124
2026-07-04_Mark-Liversedge_Wrist_01,swing_0015,pelvisRotation,2,44.90122231526867,44.093830725803734,6.572559079036466,0.12284280441695136
2026-07-04_Mark-Liversedge_Wrist_01,swing_0015,thoraxRotation,2,112.06654609459946,95.61569952482215,11.24779886269535,1.4625836370828504
2026-07-04_Mark-Liversedge_Wrist_01,swing_0015,xFactor,5,5.6923586444581,8.428462337140257,4.290803389742687,0.6376669924385039
2026-07-04_Mark-Liversedge_Wrist_01,swing_0015,xFactor,7,44.78042289600823,67.11037344175604,16.66751029329499,1.3397292188702417
2026-07-04_Mark-Liversedge_Wrist_01,swing_0015,pelvisRotationSigned,5,-1.3700037510427507,-2.9641845142383643,4.148391953834153,0.3842888475671136
2026-07-04_Mark-Liversedge_Wrist_01,swing_0015,xFactor,0,3.4130610663546994,1.4007944616916828,3.250108855516194,0.6191382178623742
2026-07-04_Mark-Liversedge_Wrist_01,swing_0015,pelvisRotationSigned,7,90.22034378327051,86.3347462094189,9.672729355453658,0.40170642959847136
2026-07-04_Mark-Liversedge_Wrist_01,swing_0015,xFactor,2,67.16532377933079,51.521868799018414,13.027337107140333,1.2008175463378574
2026-07-04_Mark-Liversedge_Wrist_01,swing_0015,pelvisRotationSigned,0,0.2922412870186878,1.5335710439965922,2.9913955390357887,0.4149667741291143
2026-07-04_Mark-Liversedge_Wrist_01,swing_0015,pelvisRotationSigned,2,-44.90122231526867,-44.093830725803734,6.572559079036466,0.12284280441695136
2026-07-04_Mark-Liversedge_Wrist_01,swing_0015,xFactorStretch,5,-61.472965134872695,-43.09340646187816,4.290803389742687,4.283477242730696
2026-07-04_Mark-Liversedge_Wrist_01,swing_0015,thoraxRotation,5,7.06236239550085,11.39264685137862,1.0962836890109215,3.9499670562321305
2026-10-05_Mark-Liversedge_Wrist_01,swing_0001,leadArmAngularSpeed,5,394.6230878821313,394.9107443773421,80.2026954883428,0.003586618797027924
2026-10-05_Mark-Liversedge_Wrist_01,swing_0001,xFactorStretch,7,-57.737877056886205,-52.38016791736695,18.781393282847876,0.2852668627312219
2026-10-05_Mark-Liversedge_Wrist_01,swing_0001,xFactorStretch,0,-59.74900010358198,-60.17569351675622,2.852867842145305,0.1495664842481368
2026-10-05_Mark-Liversedge_Wrist_01,swing_0001,pelvisRotation,5,7.18383848034169,7.200024767227068,3.5723515442895324,0.0045309893734428236
2026-10-05_Mark-Liversedge_Wrist_01,swing_0001,leadArmAngularSpeed,9,559.7207285418687,562.9060189282732,80.2026954883428,0.039715502914331464
2026-10-05_Mark-Liversedge_Wrist_01,swing_0001,pelvisRotation,7,129.51849088712925,129.32215015824477,13.212348234420435,0.0148603961537267
2026-10-05_Mark-Liversedge_Wrist_01,swing_0001,thoraxRotation,7,131.78263205888047,137.45486845156702,13.348205414115053,0.42494374462416146
2026-10-05_Mark-Liversedge_Wrist_01,swing_0001,pelvisRotation,0,1.321551655206676,1.2017628050243145,2.510838004381041,0.04770871317597853
2026-10-05_Mark-Liversedge_Wrist_01,swing_0001,thoraxRotation,0,1.5745697802621264,1.5389554989572978,1.3544546653552647,0.02629418482270662
2026-10-05_Mark-Liversedge_Wrist_01,swing_0001,pelvisRotation,2,45.48306678970998,45.01999933578395,5.809717112685537,0.07970568014661512
2026-10-05_Mark-Liversedge_Wrist_01,swing_0001,thoraxRotation,2,105.4850850183474,105.53288554647315,10.693976452097539,0.0044698553751137534
2026-10-05_Mark-Liversedge_Wrist_01,swing_0001,xFactor,5,0.4277064065738285,0.44483034370092867,3.8234540099577,0.004478656492925774
2026-10-05_Mark-Liversedge_Wrist_01,swing_0001,xFactor,7,2.26414117175122,8.132718293322256,18.781393282847876,0.31246761266271544
2026-10-05_Mark-Liversedge_Wrist_01,swing_0001,pelvisRotationSigned,5,7.18383848034169,7.200024767227068,3.5723515442895324,0.0045309893734428236
2026-10-05_Mark-Liversedge_Wrist_01,swing_0001,xFactor,0,0.2530181250554504,0.33719269393298323,2.852867842145305,0.029505246487070036
2026-10-05_Mark-Liversedge_Wrist_01,swing_0001,pelvisRotationSigned,7,129.51849088712925,129.32215015824477,13.212348234420435,0.0148603961537267
2026-10-05_Mark-Liversedge_Wrist_01,swing_0001,xFactor,2,60.002018228637425,60.5128862106892,12.170207282024734,0.041976933524076
2026-10-05_Mark-Liversedge_Wrist_01,swing_0001,pelvisRotationSigned,0,1.321551655206676,1.2017628050243145,2.510838004381041,0.04770871317597853
2026-10-05_Mark-Liversedge_Wrist_01,swing_0001,pelvisRotationSigned,2,-45.48306678970998,-45.01999933578395,5.809717112685537,0.07970568014661512
2026-10-05_Mark-Liversedge_Wrist_01,swing_0001,xFactorStretch,5,-59.5743118220636,-60.068055866988274,3.8234540099577,0.12913560451852735
2026-10-05_Mark-Liversedge_Wrist_01,swing_0001,thoraxRotation,5,7.611544886915518,7.644855110927996,1.3627564016631173,0.0244432709850609
2026-10-05_Mark-Liversedge_Wrist_01,swing_0004,leadArmAngularSpeed,5,401.04099115003993,403.78031964173783,98.21917078059475,0.027889957428139024
2026-10-05_Mark-Liversedge_Wrist_01,swing_0004,xFactorStretch,7,-49.23635069981166,-57.26447168266972,19.39037708561351,0.41402603711169933
2026-10-05_Mark-Liversedge_Wrist_01,swing_0004,xFactorStretch,0,-58.96787821519557,-62.931179671702765,3.544111665580597,1.1182778169767198
2026-10-05_Mark-Liversedge_Wrist_01,swing_0004,pelvisRotation,5,6.702244825672207,9.826156741753763,3.2513604420149247,0.960801477348852
2026-10-05_Mark-Liversedge_Wrist_01,swing_0004,leadArmAngularSpeed,9,645.3175085979262,666.8796436302011,98.21917078059475,0.219530819298415
2026-10-05_Mark-Liversedge_Wrist_01,swing_0004,pelvisRotation,7,128.0062098746677,132.28029676721295,13.14636600475576,0.32511546468423935
2026-10-05_Mark-Liversedge_Wrist_01,swing_0004,thoraxRotation,7,141.23232807001355,141.45572032278363,14.25341307867303,0.015672895434731913
2026-10-05_Mark-Liversedge_Wrist_01,swing_0004,pelvisRotation,0,0.7785938345318616,0.7671848957272113,3.2816223698291482,0.003476615380716189
2026-10-05_Mark-Liversedge_Wrist_01,swing_0004,thoraxRotation,0,4.273184514493812,4.275900462264856,1.3385373061448078,0.0020290415206031566
2026-10-05_Mark-Liversedge_Wrist_01,swing_0004,pelvisRotation,2,43.98528673798186,42.90907320958069,5.629170956402599,0.19118508511046153
2026-10-05_Mark-Liversedge_Wrist_01,swing_0004,thoraxRotation,2,106.44775563313938,109.3489684478211,10.735465377590092,0.2702456495959545
2026-10-05_Mark-Liversedge_Wrist_01,swing_0004,xFactor,5,2.403818339476845,-0.5522602374395493,3.5722914048076584,0.8275020825395283
2026-10-05_Mark-Liversedge_Wrist_01,swing_0004,xFactor,7,13.226118195345862,9.175423555570688,19.39037708561351,0.20890231385858632
2026-10-05_Mark-Liversedge_Wrist_01,swing_0004,pelvisRotationSigned,5,6.702244825672207,9.826156741753763,3.2513604420149247,0.960801477348852
2026-10-05_Mark-Liversedge_Wrist_01,swing_0004,xFactor,0,3.49459067996195,3.5087155665376444,3.544111665580597,0.0039854519012116115
2026-10-05_Mark-Liversedge_Wrist_01,swing_0004,pelvisRotationSigned,7,128.0062098746677,132.28029676721295,13.14636600475576,0.32511546468423935
2026-10-05_Mark-Liversedge_Wrist_01,swing_0004,xFactor,2,62.46246889515752,66.43989523824041,12.12178957620706,0.328122041558111
2026-10-05_Mark-Liversedge_Wrist_01,swing_0004,pelvisRotationSigned,0,0.7785938345318616,0.7671848957272113,3.2816223698291482,0.003476615380716189
2026-10-05_Mark-Liversedge_Wrist_01,swing_0004,pelvisRotationSigned,2,-43.98528673798186,-42.90907320958069,5.629170956402599,0.19118508511046153
2026-10-05_Mark-Liversedge_Wrist_01,swing_0004,xFactorStretch,5,-60.05865055568068,-66.99215547567997,3.5722914048076584,1.940912466062551
2026-10-05_Mark-Liversedge_Wrist_01,swing_0004,thoraxRotation,5,9.106063165149052,9.273896504314214,1.4798382198616127,0.11341330215194509
2026-10-05_Mark-Liversedge_Wrist_01,swing_0005,leadArmAngularSpeed,5,524.914027558002,450.3025204336256,58.492869052863846,1.275565865250088
2026-10-05_Mark-Liversedge_Wrist_01,swing_0005,xFactorStretch,7,1.5601754608450378,2.3112895054245044,15.24960976442067,0.04925464036016933
2026-10-05_Mark-Liversedge_Wrist_01,swing_0005,leadArmAngularSpeed,14,409.7214872044397,462.2658766344283,58.492869052863846,0.8983041912767312
2026-10-05_Mark-Liversedge_Wrist_01,swing_0005,xFactorStretch,0,-53.6913865474244,-51.311367699095506,3.8346163262897996,0.620666748850906
2026-10-05_Mark-Liversedge_Wrist_01,swing_0005,pelvisRotation,5,13.80246126144403,13.684788101400068,3.8860031273264375,0.03028128289874046
2026-10-05_Mark-Liversedge_Wrist_01,swing_0005,leadArmAngularSpeed,9,772.8588764906689,670.6462798330448,58.492869052863846,1.7474368809854044
2026-10-05_Mark-Liversedge_Wrist_01,swing_0005,pelvisRotation,7,72.45016005955127,73.44433454976604,7.754337061886301,0.12820883104260292
2026-10-05_Mark-Liversedge_Wrist_01,swing_0005,thoraxRotation,7,130.90212875990585,130.25283689446863,13.130912180719616,0.04944758265846822
2026-10-05_Mark-Liversedge_Wrist_01,swing_0005,pelvisRotation,0,0.5944837355521286,0.4010929159151383,3.6406958135230822,0.0531191919189335
2026-10-05_Mark-Liversedge_Wrist_01,swing_0005,thoraxRotation,0,3.794890427637272,3.5869380560977175,1.2040001508487375,0.17271789492132722
2026-10-05_Mark-Liversedge_Wrist_01,swing_0005,pelvisRotation,2,43.055124536445966,45.08876570224721,5.401343294099563,0.3765065568083398
2026-10-05_Mark-Liversedge_Wrist_01,swing_0005,thoraxRotation,2,99.94691777595551,99.5859785415253,10.102565152918075,0.03572748395747429
2026-10-05_Mark-Liversedge_Wrist_01,swing_0005,xFactor,5,-3.925359585993135,-4.008860159530645,4.158429500307766,0.020079833872698804
2026-10-05_Mark-Liversedge_Wrist_01,swing_0005,xFactor,7,58.451968700354584,56.80850234470259,15.24960976442067,0.10777104339328188
2026-10-05_Mark-Liversedge_Wrist_01,swing_0005,pelvisRotationSigned,5,13.80246126144403,13.684788101400068,3.8860031273264375,0.03028128289874046
2026-10-05_Mark-Liversedge_Wrist_01,swing_0005,xFactor,0,3.200406692085143,3.1858451401825794,3.8346163262897996,0.003797394749177629
2026-10-05_Mark-Liversedge_Wrist_01,swing_0005,pelvisRotationSigned,7,72.45016005955127,73.44433454976604,7.754337061886301,0.12820883104260292
2026-10-05_Mark-Liversedge_Wrist_01,swing_0005,xFactor,2,56.891793239509546,54.497212839278085,11.455842703601903,0.20902699715653103
2026-10-05_Mark-Liversedge_Wrist_01,swing_0005,pelvisRotationSigned,0,0.5944837355521286,0.4010929159151383,3.6406958135230822,0.0531191919189335
2026-10-05_Mark-Liversedge_Wrist_01,swing_0005,pelvisRotationSigned,2,-43.055124536445966,-45.08876570224721,5.401343294099563,0.3765065568083398
2026-10-05_Mark-Liversedge_Wrist_01,swing_0005,xFactorStretch,5,-60.81715282550268,-58.50607299880873,4.158429500307766,0.555757847168722
2026-10-05_Mark-Liversedge_Wrist_01,swing_0005,thoraxRotation,5,9.877101675450895,9.675927941869423,1.480376845076632,0.13589359645182647
2026-10-05_Mark-Liversedge_Wrist_01,swing_0006,leadArmAngularSpeed,5,432.7542229688072,435.41825626353966,51.486702038787726,0.05174216233010033
2026-10-05_Mark-Liversedge_Wrist_01,swing_0006,xFactorStretch,7,48.961708479487484,35.60359354747121,14.215351780938771,0.9396964027248371
2026-10-05_Mark-Liversedge_Wrist_01,swing_0006,leadArmAngularSpeed,14,484.4751908986292,516.493252757501,51.486702038787726,0.6218705139581637
2026-10-05_Mark-Liversedge_Wrist_01,swing_0006,xFactorStretch,0,-15.518744654093378,-33.803148789617886,3.4299744049146184,5.330769847531751
2026-10-05_Mark-Liversedge_Wrist_01,swing_0006,pelvisRotation,5,5.225979324143415,1.8327874842103322,3.710402267967988,0.9145078066673816
2026-10-05_Mark-Liversedge_Wrist_01,swing_0006,leadArmAngularSpeed,9,694.8764455787485,718.1686044127082,51.486702038787726,0.45239174217086997
2026-10-05_Mark-Liversedge_Wrist_01,swing_0006,pelvisRotation,7,60.114000581679626,55.86987457136336,6.375067670628383,0.6657381897089614
2026-10-05_Mark-Liversedge_Wrist_01,swing_0006,thoraxRotation,7,126.65718961824798,126.52184795554393,12.70569708637617,0.010652045439456597
2026-10-05_Mark-Liversedge_Wrist_01,swing_0006,pelvisRotation,0,1.9088393747673005,2.1951899031847084,3.127845562095455,0.09154880659311439
2026-10-05_Mark-Liversedge_Wrist_01,swing_0006,thoraxRotation,0,3.971575277754788,3.440420950276175,1.407588916569451,0.3773504616483712
2026-10-05_Mark-Liversedge_Wrist_01,swing_0006,pelvisRotation,2,45.10670516667498,47.67802172657647,5.851562812583159,0.4394239013160978
2026-10-05_Mark-Liversedge_Wrist_01,swing_0006,thoraxRotation,2,62.68818572375584,82.72640156328582,6.428506873454107,3.117087098759408
2026-10-05_Mark-Liversedge_Wrist_01,swing_0006,xFactor,5,1.5986104284956006,5.0170491728350095,3.926554678060174,0.8705949680110431
2026-10-05_Mark-Liversedge_Wrist_01,swing_0006,xFactor,7,66.54318903656835,70.65197338418056,14.215351780938771,0.28903852756719284
2026-10-05_Mark-Liversedge_Wrist_01,swing_0006,pelvisRotationSigned,5,5.225979324143415,1.8327874842103322,3.710402267967988,0.9145078066673816
2026-10-05_Mark-Liversedge_Wrist_01,swing_0006,xFactor,0,2.0627359029874874,1.2452310470914667,3.4299744049146184,0.23834138666593657
2026-10-05_Mark-Liversedge_Wrist_01,swing_0006,pelvisRotationSigned,7,60.114000581679626,55.86987457136336,6.375067670628383,0.6657381897089614
2026-10-05_Mark-Liversedge_Wrist_01,swing_0006,xFactor,2,17.581480557080866,35.04837983670935,8.692898709386464,2.009329668223096
2026-10-05_Mark-Liversedge_Wrist_01,swing_0006,pelvisRotationSigned,0,1.9088393747673005,2.1951899031847084,3.127845562095455,0.09154880659311439
2026-10-05_Mark-Liversedge_Wrist_01,swing_0006,pelvisRotationSigned,2,-45.10670516667498,-47.67802172657647,5.851562812583159,0.4394239013160978
2026-10-05_Mark-Liversedge_Wrist_01,swing_0006,xFactorStretch,5,-15.982870128585265,-30.031330663874343,3.926554678060174,3.5778084573189752
2026-10-05_Mark-Liversedge_Wrist_01,swing_0006,thoraxRotation,5,6.824589752639016,6.8498366570453415,1.2848138579787538,0.01965024291226428
2026-10-05_Mark-Liversedge_Wrist_01,swing_0007,leadArmAngularSpeed,5,491.50309177718214,489.3531416102757,79.12728393657478,0.0271707818080769
2026-10-05_Mark-Liversedge_Wrist_01,swing_0007,xFactorStretch,7,-3.3072767368880776,-5.120856330607438,15.481257787647596,0.11714678604256594
2026-10-05_Mark-Liversedge_Wrist_01,swing_0007,leadArmAngularSpeed,14,400.3167750293998,410.6152159838957,79.12728393657478,0.13015031531665758
2026-10-05_Mark-Liversedge_Wrist_01,swing_0007,xFactorStretch,0,-52.04444388561039,-54.03493515099624,2.8255844654582343,0.7044529334439996
2026-10-05_Mark-Liversedge_Wrist_01,swing_0007,pelvisRotation,5,9.747230904550914,9.046198059334317,3.9429938091494336,0.1777920228000106
2026-10-05_Mark-Liversedge_Wrist_01,swing_0007,leadArmAngularSpeed,9,630.4490789028421,629.4429350766153,79.12728393657478,0.012715510708458787
2026-10-05_Mark-Liversedge_Wrist_01,swing_0007,pelvisRotation,7,80.02622568372401,80.96853819252236,8.268168109013303,0.11396871669446557
2026-10-05_Mark-Liversedge_Wrist_01,swing_0007,thoraxRotation,7,130.43765348651874,131.66225919975122,13.088420027210876,0.09356405973268873
2026-10-05_Mark-Liversedge_Wrist_01,swing_0007,pelvisRotation,0,0.5491839971540359,0.4395958273192679,2.5685281916848544,0.042665745382721464
2026-10-05_Mark-Liversedge_Wrist_01,swing_0007,thoraxRotation,0,2.223444651226453,2.2192380141593246,1.177535774386081,0.003572407020348477
2026-10-05_Mark-Liversedge_Wrist_01,swing_0007,pelvisRotation,2,36.446661978836595,35.282203050738474,5.072007721071635,0.22958540131167016
2026-10-05_Mark-Liversedge_Wrist_01,swing_0007,thoraxRotation,2,90.1653665185194,91.09678038857477,9.116714548264712,0.10216551863331645
2026-10-05_Mark-Liversedge_Wrist_01,swing_0007,xFactor,5,0.44076377596309335,0.860779902709151,4.204321466364951,0.09990104945738194
2026-10-05_Mark-Liversedge_Wrist_01,swing_0007,xFactor,7,50.411427802794734,50.69372100722886,15.481257787647596,0.018234513519913467
2026-10-05_Mark-Liversedge_Wrist_01,swing_0007,pelvisRotationSigned,5,9.747230904550914,9.046198059334317,3.9429938091494336,0.1777920228000106
2026-10-05_Mark-Liversedge_Wrist_01,swing_0007,xFactor,0,1.674260654072417,1.7796421868400567,2.8255844654582343,0.03729548136178249
2026-10-05_Mark-Liversedge_Wrist_01,swing_0007,pelvisRotationSigned,7,80.02622568372401,80.96853819252236,8.268168109013303,0.11396871669446557
2026-10-05_Mark-Liversedge_Wrist_01,swing_0007,xFactor,2,53.71870453968281,55.8145773378363,10.432628934125459,0.20089594016881213
2026-10-05_Mark-Liversedge_Wrist_01,swing_0007,pelvisRotationSigned,0,0.5491839971540359,0.4395958273192679,2.5685281916848544,0.042665745382721464
2026-10-05_Mark-Liversedge_Wrist_01,swing_0007,pelvisRotationSigned,2,-36.446661978836595,-35.282203050738474,5.072007721071635,0.22958540131167016
2026-10-05_Mark-Liversedge_Wrist_01,swing_0007,xFactorStretch,5,-53.27794076371972,-54.95379743512714,4.204321466364951,0.39860336199657115
2026-10-05_Mark-Liversedge_Wrist_01,swing_0007,thoraxRotation,5,10.187994680514008,9.906977962043468,1.4591500311984293,0.19258932423812136
2026-10-05_Mark-Liversedge_Wrist_01,swing_0008,leadArmAngularSpeed,5,438.9066072005494,435.0761574257421,70.38245232505413,0.05442336332807414
2026-10-05_Mark-Liversedge_Wrist_01,swing_0008,xFactorStretch,7,47.52707991746879,44.500658522663365,14.071282074736953,0.21507787127933048
2026-10-05_Mark-Liversedge_Wrist_01,swing_0008,leadArmAngularSpeed,14,517.4175438740543,600.6159970411837,70.38245232505413,1.1820908538805366
2026-10-05_Mark-Liversedge_Wrist_01,swing_0008,xFactorStretch,0,-19.419114025441093,-23.5346921034817,3.069965433768983,1.3405942727465596
2026-10-05_Mark-Liversedge_Wrist_01,swing_0008,pelvisRotation,5,1.6359427014324912,2.321272051454047,3.8461681387374047,0.17818496885747984
2026-10-05_Mark-Liversedge_Wrist_01,swing_0008,leadArmAngularSpeed,9,667.1042362097387,715.077445102421,70.38245232505413,0.6816075215896572
2026-10-05_Mark-Liversedge_Wrist_01,swing_0008,pelvisRotation,7,58.594386100181275,59.38640514153665,6.208781949835146,0.12756431901693754
2026-10-05_Mark-Liversedge_Wrist_01,swing_0008,thoraxRotation,7,125.62764307315946,127.52769241552505,12.627430693779901,0.15046998779423348
2026-10-05_Mark-Liversedge_Wrist_01,swing_0008,pelvisRotation,0,1.9129778889867617,1.7946993208710182,2.8375082647861722,0.04168395545612856
2026-10-05_Mark-Liversedge_Wrist_01,swing_0008,thoraxRotation,0,2.0000409190550736,1.9006359687143641,1.1718509341236814,0.08482729965568979
2026-10-05_Mark-Liversedge_Wrist_01,swing_0008,pelvisRotation,2,45.5524404445331,41.046584626933175,5.771471979588375,0.7807117202570709
2026-10-05_Mark-Liversedge_Wrist_01,swing_0008,thoraxRotation,2,65.0586175000425,64.68721337825822,6.623159815058203,0.0560765755553517
2026-10-05_Mark-Liversedge_Wrist_01,swing_0008,xFactor,5,1.5509402794961606,1.0781484990692967,3.984779453024748,0.11864942238345949
2026-10-05_Mark-Liversedge_Wrist_01,swing_0008,xFactor,7,67.0332569729782,68.14128727398841,14.071282074736953,0.07874408992195052
2026-10-05_Mark-Liversedge_Wrist_01,swing_0008,pelvisRotationSigned,5,1.6359427014324912,2.321272051454047,3.8461681387374047,0.17818496885747984
2026-10-05_Mark-Liversedge_Wrist_01,swing_0008,xFactor,0,0.08706303006831195,0.10593664784334589,3.069965433768983,0.0061478274535042175
2026-10-05_Mark-Liversedge_Wrist_01,swing_0008,pelvisRotationSigned,7,58.594386100181275,59.38640514153665,6.208781949835146,0.12756431901693754
2026-10-05_Mark-Liversedge_Wrist_01,swing_0008,xFactor,2,19.506177055509404,23.640628751325046,8.784994863229892,0.47062653538030286
2026-10-05_Mark-Liversedge_Wrist_01,swing_0008,pelvisRotationSigned,0,1.9129778889867617,1.7946993208710182,2.8375082647861722,0.04168395545612856
2026-10-05_Mark-Liversedge_Wrist_01,swing_0008,pelvisRotationSigned,2,-45.5524404445331,-41.046584626933175,5.771471979588375,0.7807117202570709
2026-10-05_Mark-Liversedge_Wrist_01,swing_0008,xFactorStretch,5,-17.955236776013244,-22.56248025225575,3.984779453024748,1.1562104077667987
2026-10-05_Mark-Liversedge_Wrist_01,swing_0008,thoraxRotation,5,3.186882980928652,3.3994205505233435,1.041853126793531,0.20399955054011296
2026-10-05_Mark-Liversedge_Wrist_01,swing_0009,leadArmAngularSpeed,5,433.8583060364652,444.7084588520514,71.8359573069521,0.1510406935794559
2026-10-05_Mark-Liversedge_Wrist_01,swing_0009,xFactorStretch,7,-18.754008232787285,-27.65155151902674,15.428505974622812,0.5766950669672328
2026-10-05_Mark-Liversedge_Wrist_01,swing_0009,leadArmAngularSpeed,14,465.7173345097192,455.19407146222403,71.8359573069521,0.14649019017773637
2026-10-05_Mark-Liversedge_Wrist_01,swing_0009,xFactorStretch,0,-64.22760302511867,-67.73949785683841,3.5046929089076793,1.0020549369086689
2026-10-05_Mark-Liversedge_Wrist_01,swing_0009,pelvisRotation,5,4.312899728669478,13.831660489976157,3.6598961760062783,2.6008280846080343
2026-10-05_Mark-Liversedge_Wrist_01,swing_0009,leadArmAngularSpeed,9,651.9452677235845,625.1220102210839,71.8359573069521,0.37339597755878623
2026-10-05_Mark-Liversedge_Wrist_01,swing_0009,pelvisRotation,7,80.20443549515414,77.23197207229406,8.400996473979937,0.3538227199673964
2026-10-05_Mark-Liversedge_Wrist_01,swing_0009,thoraxRotation,7,128.97048835599483,124.23953873339481,12.940713073596388,0.3655864708300214
2026-10-05_Mark-Liversedge_Wrist_01,swing_0009,pelvisRotation,0,0.763245206018786,0.7804500748096491,3.1296549583104065,0.005497369205246657
2026-10-05_Mark-Liversedge_Wrist_01,swing_0009,thoraxRotation,0,4.055703274528085,7.700070398098734,1.5773814464709723,2.3103905093622603
2026-10-05_Mark-Liversedge_Wrist_01,swing_0009,pelvisRotation,2,39.32826871315875,46.83011960045262,5.008479308919258,1.4978300646933567
2026-10-05_Mark-Liversedge_Wrist_01,swing_0009,thoraxRotation,2,106.84832980678672,121.48923778058011,10.761415205420686,1.3605002403790298
2026-10-05_Mark-Liversedge_Wrist_01,swing_0009,xFactor,5,-3.9111910211399645,-13.515700679808672,3.788087891379069,2.5354505845882436
2026-10-05_Mark-Liversedge_Wrist_01,swing_0009,xFactor,7,48.76605286084069,47.00756666110075,15.428505974622812,0.11397644092255828
2026-10-05_Mark-Liversedge_Wrist_01,swing_0009,pelvisRotationSigned,5,4.312899728669478,13.831660489976157,3.6598961760062783,2.6008280846080343
2026-10-05_Mark-Liversedge_Wrist_01,swing_0009,xFactor,0,3.292458068509299,6.9196203232890845,3.5046929089076793,1.0349443871560995
2026-10-05_Mark-Liversedge_Wrist_01,swing_0009,pelvisRotationSigned,7,80.20443549515414,77.23197207229406,8.400996473979937,0.3538227199673964
2026-10-05_Mark-Liversedge_Wrist_01,swing_0009,xFactor,2,67.52006109362797,74.65911818012749,11.869832442428658,0.6014454813179161
2026-10-05_Mark-Liversedge_Wrist_01,swing_0009,pelvisRotationSigned,0,0.763245206018786,0.7804500748096491,3.1296549583104065,0.005497369205246657
2026-10-05_Mark-Liversedge_Wrist_01,swing_0009,pelvisRotationSigned,2,-39.32826871315875,-46.83011960045262,5.008479308919258,1.4978300646933567
2026-10-05_Mark-Liversedge_Wrist_01,swing_0009,xFactorStretch,5,-71.43125211476794,-88.17481885993617,3.788087891379069,4.420057618851251
2026-10-05_Mark-Liversedge_Wrist_01,swing_0009,thoraxRotation,5,0.40170870752951426,0.31595981016748453,0.9771232540817689,0.0877564800590182
2026-10-05_Mark-Liversedge_Wrist_01,swing_0010,leadArmAngularSpeed,5,462.0534349566388,478.7890090511108,82.57770844040243,0.202664549677475
2026-10-05_Mark-Liversedge_Wrist_01,swing_0010,xFactorStretch,7,29.08430965372959,35.4054229870638,15.660987502266863,0.40362163193216616
2026-10-05_Mark-Liversedge_Wrist_01,swing_0010,leadArmAngularSpeed,14,410.35185660372,448.0154148705632,82.57770844040243,0.4560983705914473
2026-10-05_Mark-Liversedge_Wrist_01,swing_0010,xFactorStretch,0,-21.775780025954006,-22.355822150031212,2.937276556521401,0.1974761698177125
2026-10-05_Mark-Liversedge_Wrist_01,swing_0010,pelvisRotation,5,8.182337538803116,6.926891408742265,3.847369499224755,0.3263128561771422
2026-10-05_Mark-Liversedge_Wrist_01,swing_0010,leadArmAngularSpeed,9,760.3183477904705,843.8160076982577,82.57770844040243,1.0111404334748373
2026-10-05_Mark-Liversedge_Wrist_01,swing_0010,pelvisRotation,7,78.4824756757955,74.76732170616104,8.46403733770877,0.4389340242017595
2026-10-05_Mark-Liversedge_Wrist_01,swing_0010,thoraxRotation,7,131.2805271458763,133.1485069649129,13.176744722883216,0.1417633761844535
2026-10-05_Mark-Liversedge_Wrist_01,swing_0010,pelvisRotation,0,0.9132259275477045,1.3235132073078337,2.560835025468901,0.16021620904103484
2026-10-05_Mark-Liversedge_Wrist_01,swing_0010,thoraxRotation,0,2.851187717944916,1.9434533289646905,1.4386512926424917,0.6309620639987842
2026-10-05_Mark-Liversedge_Wrist_01,swing_0010,pelvisRotation,2,46.27255555263517,47.123578870231384,5.707994677129711,0.14909322200422168
2026-10-05_Mark-Liversedge_Wrist_01,swing_0010,thoraxRotation,2,69.98629736898638,70.09934114191945,7.22610437508483,0.015643805716789267
2026-10-05_Mark-Liversedge_Wrist_01,swing_0010,xFactor,5,2.8015319775451637,2.5303484720277725,4.234784937145441,0.06403713755064715
2026-10-05_Mark-Liversedge_Wrist_01,swing_0010,xFactor,7,52.79805147008081,58.38118525875187,15.660987502266863,0.35649947283738825
2026-10-05_Mark-Liversedge_Wrist_01,swing_0010,pelvisRotationSigned,5,8.182337538803116,6.926891408742265,3.847369499224755,0.3263128561771422
2026-10-05_Mark-Liversedge_Wrist_01,swing_0010,xFactor,0,1.9379617903972113,0.6199401216568567,2.937276556521401,0.4487223601107822
2026-10-05_Mark-Liversedge_Wrist_01,swing_0010,pelvisRotationSigned,7,78.4824756757955,74.76732170616104,8.46403733770877,0.4389340242017595
2026-10-05_Mark-Liversedge_Wrist_01,swing_0010,xFactor,2,23.713741816351217,22.97576227168807,9.208571424154847,0.08014050287185329
2026-10-05_Mark-Liversedge_Wrist_01,swing_0010,pelvisRotationSigned,0,0.9132259275477045,1.3235132073078337,2.560835025468901,0.16021620904103484
2026-10-05_Mark-Liversedge_Wrist_01,swing_0010,pelvisRotationSigned,2,-46.27255555263517,-47.123578870231384,5.707994677129711,0.14909322200422168
2026-10-05_Mark-Liversedge_Wrist_01,swing_0010,xFactorStretch,5,-20.912209838806053,-20.445413799660297,4.234784937145441,0.11022898354323767
2026-10-05_Mark-Liversedge_Wrist_01,swing_0010,thoraxRotation,5,10.98386951634828,9.457239880770038,1.7695059763416934,0.8627434187786256
2026-10-05_Mark-Liversedge_Wrist_01,swing_0011,leadArmAngularSpeed,5,479.55570412316484,486.6868082556193,53.433759183918745,0.1334569051731744
2026-10-05_Mark-Liversedge_Wrist_01,swing_0011,xFactorStretch,7,6.97742065063148,11.41711917546916,15.984985979533928,0.27774178410428163
2026-10-05_Mark-Liversedge_Wrist_01,swing_0011,leadArmAngularSpeed,14,500.77019611395895,540.4839264011545,53.433759183918745,0.7432329466190287
2026-10-05_Mark-Liversedge_Wrist_01,swing_0011,xFactorStretch,0,-36.36310788722467,-34.765500623613896,3.283822271793988,0.4865084439353612
2026-10-05_Mark-Liversedge_Wrist_01,swing_0011,pelvisRotation,5,13.441079380643844,13.97302770805084,3.990256092461806,0.13331182637924568
2026-10-05_Mark-Liversedge_Wrist_01,swing_0011,leadArmAngularSpeed,9,693.6853425012737,616.8945824080237,53.433759183918745,1.4371206755065946
2026-10-05_Mark-Liversedge_Wrist_01,swing_0011,pelvisRotation,7,85.6894024282942,83.73526830157694,9.029294209215456,0.21642158084990082
2026-10-05_Mark-Liversedge_Wrist_01,swing_0011,thoraxRotation,7,131.44430813744842,131.72021515861675,13.190588419374038,0.020916960820571928
2026-10-05_Mark-Liversedge_Wrist_01,swing_0011,pelvisRotation,0,0.4965287331698431,0.38957797763058566,2.8054860750482553,0.0381220054843501
2026-10-05_Mark-Liversedge_Wrist_01,swing_0011,thoraxRotation,0,2.91090590446791,2.1919050355873453,1.7066741327624806,0.4212877286168072
2026-10-05_Mark-Liversedge_Wrist_01,swing_0011,pelvisRotation,2,38.8555382224718,40.563428865355995,5.026126573899804,0.3398025532729534
2026-10-05_Mark-Liversedge_Wrist_01,swing_0011,thoraxRotation,2,77.63302328099454,77.13125654692665,7.946005333595741,0.06314704219319031
2026-10-05_Mark-Liversedge_Wrist_01,swing_0011,xFactor,5,-3.8562414602267054,-3.2919562187955957,4.365563526028432,0.1292582820217182
2026-10-05_Mark-Liversedge_Wrist_01,swing_0011,xFactor,7,45.754905709154215,47.984946857039816,15.984985979533928,0.13950848319421683
2026-10-05_Mark-Liversedge_Wrist_01,swing_0011,pelvisRotationSigned,5,13.441079380643844,13.97302770805084,3.990256092461806,0.13331182637924568
2026-10-05_Mark-Liversedge_Wrist_01,swing_0011,xFactor,0,2.414377171298067,1.8023270579567596,3.283822271793988,0.1863834466921188
2026-10-05_Mark-Liversedge_Wrist_01,swing_0011,pelvisRotationSigned,7,85.6894024282942,83.73526830157694,9.029294209215456,0.21642158084990082
2026-10-05_Mark-Liversedge_Wrist_01,swing_0011,xFactor,2,38.777485058522736,36.567827681570655,9.402177891233165,0.23501548285024706
2026-10-05_Mark-Liversedge_Wrist_01,swing_0011,pelvisRotationSigned,0,0.4965287331698431,0.38957797763058566,2.8054860750482553,0.0381220054843501
2026-10-05_Mark-Liversedge_Wrist_01,swing_0011,pelvisRotationSigned,2,-38.8555382224718,-40.563428865355995,5.026126573899804,0.3398025532729534
2026-10-05_Mark-Liversedge_Wrist_01,swing_0011,xFactorStretch,5,-42.63372651874944,-39.85978390036625,4.365563526028432,0.6354145580162431
2026-10-05_Mark-Liversedge_Wrist_01,swing_0011,thoraxRotation,5,9.584837920417138,10.681071489255244,1.7708758331292573,0.6190346879944635
2026-10-05_Mark-Liversedge_Wrist_01,swing_0012,leadArmAngularSpeed,5,486.2423488911896,477.1418102434459,88.9587446897984,0.10230066397044518
2026-10-05_Mark-Liversedge_Wrist_01,swing_0012,xFactorStretch,7,35.464302312517056,32.446723038111934,16.394657038592328,0.18405870078903563
2026-10-05_Mark-Liversedge_Wrist_01,swing_0012,leadArmAngularSpeed,14,585.446421065618,858.9299442748267,88.9587446897984,3.0742736328266917
2026-10-05_Mark-Liversedge_Wrist_01,swing_0012,xFactorStretch,0,-18.59998838924111,-19.50940450614573,3.5882401408834137,0.25344349352290774
2026-10-05_Mark-Liversedge_Wrist_01,swing_0012,pelvisRotation,5,12.318813303313531,15.359188250962921,3.2578507119835907,0.9332456323016142
2026-10-05_Mark-Liversedge_Wrist_01,swing_0012,leadArmAngularSpeed,9,567.2431659441274,405.57188321583595,88.9587446897984,1.81737369712268
2026-10-05_Mark-Liversedge_Wrist_01,swing_0012,pelvisRotation,7,84.448625688942,84.32349637846848,8.846970175861163,0.014143747292710333
2026-10-05_Mark-Liversedge_Wrist_01,swing_0012,thoraxRotation,7,137.61808739137462,136.0038255401118,13.802749657966274,0.11695219367621809
2026-10-05_Mark-Liversedge_Wrist_01,swing_0012,pelvisRotation,0,1.7749826883416455,0.9264908172494866,3.246422851929055,0.2613620929226693
2026-10-05_Mark-Liversedge_Wrist_01,swing_0012,thoraxRotation,0,0.8801536890160953,0.6506924346351364,1.528465235168873,0.15012526886527894
2026-10-05_Mark-Liversedge_Wrist_01,swing_0012,pelvisRotation,2,44.85738316185883,42.555390296989245,5.6429685082741665,0.40794005167567715
2026-10-05_Mark-Liversedge_Wrist_01,swing_0012,thoraxRotation,2,62.562542551774385,61.788996420520625,6.4430049303892645,0.12005983847773098
2026-10-05_Mark-Liversedge_Wrist_01,swing_0012,xFactor,5,0.30075605743264333,-4.486968223799854,3.8000183465018043,1.259921359495527
2026-10-05_Mark-Liversedge_Wrist_01,swing_0012,xFactor,7,53.16946170243261,51.680329161643314,16.394657038592328,0.09083035633401446
2026-10-05_Mark-Liversedge_Wrist_01,swing_0012,pelvisRotationSigned,5,12.318813303313531,15.359188250962921,3.2578507119835907,0.9332456323016142
2026-10-05_Mark-Liversedge_Wrist_01,swing_0012,xFactor,0,-0.8948289993255503,-0.2757983826143502,3.5882401408834137,0.17251649622279647
2026-10-05_Mark-Liversedge_Wrist_01,swing_0012,pelvisRotationSigned,7,84.448625688942,84.32349637846848,8.846970175861163,0.014143747292710333
2026-10-05_Mark-Liversedge_Wrist_01,swing_0012,xFactor,2,17.705159389915558,19.23360612353138,8.564777061803438,0.17845727011766332
2026-10-05_Mark-Liversedge_Wrist_01,swing_0012,pelvisRotationSigned,0,1.7749826883416455,0.9264908172494866,3.246422851929055,0.2613620929226693
2026-10-05_Mark-Liversedge_Wrist_01,swing_0012,pelvisRotationSigned,2,-44.85738316185883,-42.555390296989245,5.6429685082741665,0.40794005167567715
2026-10-05_Mark-Liversedge_Wrist_01,swing_0012,xFactorStretch,5,-17.404403332482914,-23.720574347331237,3.8000183465018043,1.662142242198073
2026-10-05_Mark-Liversedge_Wrist_01,swing_0012,thoraxRotation,5,12.619569360746175,10.872220027163067,1.9561564794714963,0.8932564198827269
2026-10-05_Mark-Liversedge_Wrist_01,swing_0013,leadArmAngularSpeed,5,442.7150590802231,447.0154076847266,105.7036516127358,0.040683065711472094
2026-10-05_Mark-Liversedge_Wrist_01,swing_0013,xFactorStretch,7,-30.51285125928152,-27.873258164095986,18.81098383937425,0.1403219054210478
2026-10-05_Mark-Liversedge_Wrist_01,swing_0013,xFactorStretch,0,-36.02340044280906,-35.067044536176226,3.3319006969041562,0.2870301349381262
2026-10-05_Mark-Liversedge_Wrist_01,swing_0013,pelvisRotation,5,14.027793601724248,13.82487832634863,3.5773312333296783,0.05672252920978483
2026-10-05_Mark-Liversedge_Wrist_01,swing_0013,leadArmAngularSpeed,9,667.2272240057622,675.3028014068815,105.7036516127358,0.0763982821587433
2026-10-05_Mark-Liversedge_Wrist_01,swing_0013,pelvisRotation,7,126.59765883281493,125.16367260004283,13.063345572676868,0.10977174451936779
2026-10-05_Mark-Liversedge_Wrist_01,swing_0013,thoraxRotation,7,132.85405952446266,133.1782478623977,13.535217599064406,0.02395146849781449
2026-10-05_Mark-Liversedge_Wrist_01,swing_0013,pelvisRotation,0,0.8560208977067859,0.8203746470514366,3.0413998068427652,0.011720343565206312
2026-10-05_Mark-Liversedge_Wrist_01,swing_0013,thoraxRotation,0,1.6018724058269709,1.6411635373260813,1.360679781935189,0.02887610444481635
2026-10-05_Mark-Liversedge_Wrist_01,swing_0013,pelvisRotation,2,50.42965530898255,51.09377785584144,5.8518692328490785,0.11348895890066779
2026-10-05_Mark-Liversedge_Wrist_01,swing_0013,thoraxRotation,2,87.19890725991179,86.9816112822923,8.84903516157201,0.024555894925485156
2026-10-05_Mark-Liversedge_Wrist_01,swing_0013,xFactor,5,-4.3837947162646,-3.325464448915495,3.9351473604955247,0.2689429824086274
2026-10-05_Mark-Liversedge_Wrist_01,swing_0013,xFactor,7,6.256400691647727,8.014575262354882,18.81098383937425,0.0934653171636365
2026-10-05_Mark-Liversedge_Wrist_01,swing_0013,pelvisRotationSigned,5,14.027793601724248,13.82487832634863,3.5773312333296783,0.05672252920978483
2026-10-05_Mark-Liversedge_Wrist_01,swing_0013,xFactor,0,0.745851508120185,0.8207888902746447,3.3319006969041562,0.022490881022981277
2026-10-05_Mark-Liversedge_Wrist_01,swing_0013,pelvisRotationSigned,7,126.59765883281493,125.16367260004283,13.063345572676868,0.10977174451936779
2026-10-05_Mark-Liversedge_Wrist_01,swing_0013,xFactor,2,36.769251950929245,35.88783342645087,10.608948902181753,0.08308254970453403
2026-10-05_Mark-Liversedge_Wrist_01,swing_0013,pelvisRotationSigned,0,0.8560208977067859,0.8203746470514366,3.0413998068427652,0.011720343565206312
2026-10-05_Mark-Liversedge_Wrist_01,swing_0013,pelvisRotationSigned,2,-50.42965530898255,-51.09377785584144,5.8518692328490785,0.11348895890066779
2026-10-05_Mark-Liversedge_Wrist_01,swing_0013,xFactorStretch,5,-41.15304666719385,-39.213297875366365,3.9351473604955247,0.49292913686038553
2026-10-05_Mark-Liversedge_Wrist_01,swing_0013,thoraxRotation,5,9.643998885459649,10.499413877433135,1.6395383483953219,0.5217413748270744
2026-10-05_Mark-Liversedge_Wrist_01,swing_0014,leadArmAngularSpeed,5,497.1905978212297,494.8745189195634,96.66764256476283,0.0239591950337945
2026-10-05_Mark-Liversedge_Wrist_01,swing_0014,xFactorStretch,7,-34.33977017034434,-28.25250963088819,18.925536707103568,0.3216426901738187
2026-10-05_Mark-Liversedge_Wrist_01,swing_0014,xFactorStretch,0,-41.3417678978565,-39.54354637189236,3.4952853161776325,0.5144705977624263
2026-10-05_Mark-Liversedge_Wrist_01,swing_0014,pelvisRotation,5,10.716124173851345,10.762176072340568,3.5759542305554413,0.012878212504993325
2026-10-05_Mark-Liversedge_Wrist_01,swing_0014,leadArmAngularSpeed,9,608.6052693381464,639.1179610397811,96.66764256476283,0.31564534824765816
2026-10-05_Mark-Liversedge_Wrist_01,swing_0014,pelvisRotation,7,122.67585438919592,121.32031063304798,13.282155201312543,0.10205751518503436
2026-10-05_Mark-Liversedge_Wrist_01,swing_0014,thoraxRotation,7,132.6895908508537,135.32188639900147,13.481850498361519,0.1952473474222011
2026-10-05_Mark-Liversedge_Wrist_01,swing_0014,pelvisRotation,0,0.8872318357923048,1.1182689442862814,3.1678846832111445,0.07293103493268087
2026-10-05_Mark-Liversedge_Wrist_01,swing_0014,thoraxRotation,0,3.898970569937929,3.8288079692355987,1.4769990099398163,0.047503485263127775
2026-10-05_Mark-Liversedge_Wrist_01,swing_0014,pelvisRotation,2,42.617963693821906,44.80679807002485,5.698145851974279,0.3841309845455358
2026-10-05_Mark-Liversedge_Wrist_01,swing_0014,thoraxRotation,2,86.97147032582403,87.06088346686653,8.79606943975574,0.010165124508723969
2026-10-05_Mark-Liversedge_Wrist_01,swing_0014,xFactor,5,-4.606717442210877,-3.107521398273235,3.83589048145034,0.39083390185081623
2026-10-05_Mark-Liversedge_Wrist_01,swing_0014,xFactor,7,10.013736461657786,14.00157576595349,18.925536707103568,0.21071208526408114
2026-10-05_Mark-Liversedge_Wrist_01,swing_0014,pelvisRotationSigned,5,10.716124173851345,10.762176072340568,3.5759542305554413,0.012878212504993325
2026-10-05_Mark-Liversedge_Wrist_01,swing_0014,xFactor,0,3.0117387341456245,2.710539024949317,3.4952853161776325,0.08617313951517207
2026-10-05_Mark-Liversedge_Wrist_01,swing_0014,pelvisRotationSigned,7,122.67585438919592,121.32031063304798,13.282155201312543,0.10205751518503436
2026-10-05_Mark-Liversedge_Wrist_01,swing_0014,xFactor,2,44.35350663200212,42.25408539684168,10.480443871295554,0.2003179694431128
2026-10-05_Mark-Liversedge_Wrist_01,swing_0014,pelvisRotationSigned,0,0.8872318357923048,1.1182689442862814,3.1678846832111445,0.07293103493268087
2026-10-05_Mark-Liversedge_Wrist_01,swing_0014,pelvisRotationSigned,2,-42.617963693821906,-44.80679807002485,5.698145851974279,0.3841309845455358
2026-10-05_Mark-Liversedge_Wrist_01,swing_0014,xFactorStretch,5,-48.960224074213,-45.361606795114916,3.83589048145034,0.9381439059588214
2026-10-05_Mark-Liversedge_Wrist_01,swing_0014,thoraxRotation,5,6.109406731640467,7.6546546740673325,1.3880227399628455,1.1132727857673488
2026-10-05_Mark-Liversedge_Wrist_01,swing_0015,leadArmAngularSpeed,5,481.8408173434245,472.4722249733687,68.23329378464024,0.13730236150734793
2026-10-05_Mark-Liversedge_Wrist_01,swing_0015,xFactorStretch,7,-4.336901164455142,1.4242064792639368,13.762077234959609,0.4186219525846156
2026-10-05_Mark-Liversedge_Wrist_01,swing_0015,leadArmAngularSpeed,14,561.4859886186609,669.2567729284958,68.23329378464024,1.57944572703736
2026-10-05_Mark-Liversedge_Wrist_01,swing_0015,xFactorStretch,0,-50.29333945395665,-48.64451581587883,3.8095383156412796,0.43281455689999
2026-10-05_Mark-Liversedge_Wrist_01,swing_0015,pelvisRotation,5,16.55848964381479,13.664924408906964,4.340295203907933,0.6666747534367032
2026-10-05_Mark-Liversedge_Wrist_01,swing_0015,leadArmAngularSpeed,9,647.8108184845856,659.5292343785513,68.23329378464024,0.1717404399522567
2026-10-05_Mark-Liversedge_Wrist_01,swing_0015,pelvisRotation,7,65.71038783762127,63.45250298803707,7.069876997690865,0.31936692113903287
2026-10-05_Mark-Liversedge_Wrist_01,swing_0015,thoraxRotation,7,116.84239216953942,118.30897336289391,11.807269331158459,0.12421002284451096
2026-10-05_Mark-Liversedge_Wrist_01,swing_0015,pelvisRotation,0,1.7974380384784898,1.9682938144067739,3.295355028079817,0.05184745633548342
2026-10-05_Mark-Liversedge_Wrist_01,swing_0015,thoraxRotation,0,6.973004080895138,6.756041894120846,1.9113391685538357,0.11351317983947894
2026-10-05_Mark-Liversedge_Wrist_01,swing_0015,pelvisRotation,2,38.21332378667928,38.58974595764881,5.127330087802484,0.0734148503262946
2026-10-05_Mark-Liversedge_Wrist_01,swing_0015,thoraxRotation,2,93.68222928305258,92.02200985324171,9.443775217093085,0.17580039673179582
2026-10-05_Mark-Liversedge_Wrist_01,swing_0015,xFactor,5,-9.777869282340507,-7.1765749588309315,4.586764563459223,0.567130553033606
2026-10-05_Mark-Liversedge_Wrist_01,swing_0015,xFactor,7,51.132004331918154,54.85647037485684,13.762077234959609,0.27063254909494905
2026-10-05_Mark-Liversedge_Wrist_01,swing_0015,pelvisRotationSigned,5,16.55848964381479,13.664924408906964,4.340295203907933,0.6666747534367032
2026-10-05_Mark-Liversedge_Wrist_01,swing_0015,xFactor,0,5.175566042416648,4.787748079714072,3.8095383156412796,0.10180182756274288
2026-10-05_Mark-Liversedge_Wrist_01,swing_0015,pelvisRotationSigned,7,65.71038783762127,63.45250298803707,7.069876997690865,0.31936692113903287
2026-10-05_Mark-Liversedge_Wrist_01,swing_0015,xFactor,2,55.468905496373296,53.432263895592904,10.74590173881495,0.18952728680031566
2026-10-05_Mark-Liversedge_Wrist_01,swing_0015,pelvisRotationSigned,0,1.7974380384784898,1.9682938144067739,3.295355028079817,0.05184745633548342
2026-10-05_Mark-Liversedge_Wrist_01,swing_0015,pelvisRotationSigned,2,-38.21332378667928,-38.58974595764881,5.127330087802484,0.0734148503262946
2026-10-05_Mark-Liversedge_Wrist_01,swing_0015,xFactorStretch,5,-65.2467747787138,-60.60883885442384,4.586764563459223,1.011156308574981
2026-10-05_Mark-Liversedge_Wrist_01,swing_0015,thoraxRotation,5,6.780620361474283,6.488349450076033,1.483322858833863,0.19703796085770817
2026-10-05_Mark-Liversedge_Wrist_01,swing_0016,leadArmAngularSpeed,5,435.37846148747656,442.19362486053376,91.7268502135129,0.07429845631015917
2026-10-05_Mark-Liversedge_Wrist_01,swing_0016,xFactorStretch,7,-20.93455575894997,-17.640496238876544,20.325060074226933,0.16206887005713883
2026-10-05_Mark-Liversedge_Wrist_01,swing_0016,xFactorStretch,0,-44.1818483855512,-41.14636839043308,3.1926805806591667,0.950762194472773
2026-10-05_Mark-Liversedge_Wrist_01,swing_0016,pelvisRotation,5,18.613193047654217,17.391968695524927,4.011581637826993,0.3044246540102341
2026-10-05_Mark-Liversedge_Wrist_01,swing_0016,leadArmAngularSpeed,9,694.8177456992723,670.5459094719781,91.7268502135129,0.26460993886519135
2026-10-05_Mark-Liversedge_Wrist_01,swing_0016,pelvisRotation,7,128.46656268114998,127.79352958285428,13.203861772236554,0.05097244350973705
2026-10-05_Mark-Liversedge_Wrist_01,swing_0016,thoraxRotation,7,153.696669028893,152.94942166415134,15.452058158077321,0.04835908311353694
2026-10-05_Mark-Liversedge_Wrist_01,swing_0016,pelvisRotation,0,1.3154343983760315,1.7425078965002083,2.9365232345975776,0.14543508224027493
2026-10-05_Mark-Liversedge_Wrist_01,swing_0016,thoraxRotation,0,3.298248119517832,3.3925278262407397,1.253012602804431,0.0752424249460024
2026-10-05_Mark-Liversedge_Wrist_01,swing_0016,pelvisRotation,2,34.46666219374664,36.59793362371635,4.899581845564289,0.43499047411550024
2026-10-05_Mark-Liversedge_Wrist_01,swing_0016,thoraxRotation,2,80.63132430043964,79.39432194388996,8.158070008052498,0.151629289198142
2026-10-05_Mark-Liversedge_Wrist_01,swing_0016,xFactor,5,-5.632204913504177,-4.687057561565432,4.408904868870828,0.21437236230973802
2026-10-05_Mark-Liversedge_Wrist_01,swing_0016,xFactor,7,25.230106347743032,25.15589208129707,20.325060074226933,0.0036513676306457986
2026-10-05_Mark-Liversedge_Wrist_01,swing_0016,pelvisRotationSigned,5,18.613193047654217,17.391968695524927,4.011581637826993,0.3044246540102341
2026-10-05_Mark-Liversedge_Wrist_01,swing_0016,xFactor,0,1.9828137211418007,1.6500199297405314,3.1926805806591667,0.10423648185079638
2026-10-05_Mark-Liversedge_Wrist_01,swing_0016,pelvisRotationSigned,7,128.46656268114998,127.79352958285428,13.203861772236554,0.05097244350973705
2026-10-05_Mark-Liversedge_Wrist_01,swing_0016,xFactor,2,46.164662106693,42.79638832017361,9.516302250226653,0.35394775175821735
2026-10-05_Mark-Liversedge_Wrist_01,swing_0016,pelvisRotationSigned,0,1.3154343983760315,1.7425078965002083,2.9365232345975776,0.14543508224027493
2026-10-05_Mark-Liversedge_Wrist_01,swing_0016,pelvisRotationSigned,2,-34.46666219374664,-36.59793362371635,4.899581845564289,0.43499047411550024
2026-10-05_Mark-Liversedge_Wrist_01,swing_0016,xFactorStretch,5,-51.796867020197176,-47.483445881739044,4.408904868870828,0.9783429823839336
2026-10-05_Mark-Liversedge_Wrist_01,swing_0016,thoraxRotation,5,12.98098813415004,12.704911133959495,1.8291131473482451,0.15093489464595866
2026-10-05_Mark-Liversedge_Wrist_01,swing_0017,leadArmAngularSpeed,5,466.3144886231883,473.0130041103896,74.97037551578238,0.08934883200353123
2026-10-05_Mark-Liversedge_Wrist_01,swing_0017,xFactorStretch,7,-17.39864368440498,-15.765813127579897,14.861262368817636,0.10987159208299424
2026-10-05_Mark-Liversedge_Wrist_01,swing_0017,leadArmAngularSpeed,14,524.4234226785334,531.7988702045836,74.97037551578238,0.09837815904360282
2026-10-05_Mark-Liversedge_Wrist_01,swing_0017,xFactorStretch,0,-61.203907374933245,-64.1311659959231,3.19772981441659,0.9154177466128162
2026-10-05_Mark-Liversedge_Wrist_01,swing_0017,pelvisRotation,5,9.436863797176704,9.12458540697078,3.76141602188143,0.0830214973268829
2026-10-05_Mark-Liversedge_Wrist_01,swing_0017,leadArmAngularSpeed,9,651.4211580450358,662.2786688985295,74.97037551578238,0.1448240158702164
2026-10-05_Mark-Liversedge_Wrist_01,swing_0017,pelvisRotation,7,78.5562492935644,77.6913733504061,8.386024125967367,0.10313301394879337
2026-10-05_Mark-Liversedge_Wrist_01,swing_0017,thoraxRotation,7,122.09599194976191,125.43466526419569,12.269136830010838,0.2721196576981062
2026-10-05_Mark-Liversedge_Wrist_01,swing_0017,pelvisRotation,0,1.0783572826044214,1.3715657462151198,2.879976650772341,0.10180931971516745
2026-10-05_Mark-Liversedge_Wrist_01,swing_0017,thoraxRotation,0,0.8128362482736591,0.7495047916615122,1.389679983670661,0.04557269109170371
2026-10-05_Mark-Liversedge_Wrist_01,swing_0017,pelvisRotation,2,42.68877007012997,40.23961543780144,5.318770152764029,0.46047386181103656
2026-10-05_Mark-Liversedge_Wrist_01,swing_0017,thoraxRotation,2,103.62715641073245,103.74872047917093,10.428757809954158,0.01165662015110198
2026-10-05_Mark-Liversedge_Wrist_01,swing_0017,xFactor,5,-7.501620893631655,-7.9864422536067075,3.938197286676332,0.12310743334654542
2026-10-05_Mark-Liversedge_Wrist_01,swing_0017,xFactor,7,43.539742656197504,47.74329191378959,14.861262368817636,0.28285277207756626
2026-10-05_Mark-Liversedge_Wrist_01,swing_0017,pelvisRotationSigned,5,9.436863797176704,9.12458540697078,3.76141602188143,0.0830214973268829
2026-10-05_Mark-Liversedge_Wrist_01,swing_0017,xFactor,0,-0.26552103433076235,-0.6220609545536077,3.19772981441659,0.11149782530576126
2026-10-05_Mark-Liversedge_Wrist_01,swing_0017,pelvisRotationSigned,7,78.5562492935644,77.6913733504061,8.386024125967367,0.10313301394879337
2026-10-05_Mark-Liversedge_Wrist_01,swing_0017,xFactor,2,60.938386340602484,63.50910504136949,11.706763233132092,0.21959261066213762
2026-10-05_Mark-Liversedge_Wrist_01,swing_0017,pelvisRotationSigned,0,1.0783572826044214,1.3715657462151198,2.879976650772341,0.10180931971516745
2026-10-05_Mark-Liversedge_Wrist_01,swing_0017,pelvisRotationSigned,2,-42.68877007012997,-40.23961543780144,5.318770152764029,0.46047386181103656
2026-10-05_Mark-Liversedge_Wrist_01,swing_0017,xFactorStretch,5,-68.44000723423414,-71.49554729497619,3.938197286676332,0.7758727758712134
2026-10-05_Mark-Liversedge_Wrist_01,swing_0017,thoraxRotation,5,1.9352429035450491,1.1381431533640733,1.166682209994865,0.6832192548684565
2026-10-05_Mark-Liversedge_Wrist_01,swing_0018,leadArmAngularSpeed,5,478.8524106402658,477.7475113089368,73.24703397000567,0.015084560717932603
2026-10-05_Mark-Liversedge_Wrist_01,swing_0018,xFactorStretch,7,-2.9560330230895673,0.17860224267503355,16.041713234898292,0.1954052674963227
2026-10-05_Mark-Liversedge_Wrist_01,swing_0018,leadArmAngularSpeed,14,427.88800886933296,659.7971924835862,73.24703397000567,3.166123883039673
2026-10-05_Mark-Liversedge_Wrist_01,swing_0018,xFactorStretch,0,-54.5491470421826,-51.147303873444564,3.4812721189189433,0.9771839294753046
2026-10-05_Mark-Liversedge_Wrist_01,swing_0018,pelvisRotation,5,7.214687426779161,4.97887714317311,3.3521524394948345,0.6669775089175197
2026-10-05_Mark-Liversedge_Wrist_01,swing_0018,leadArmAngularSpeed,9,634.0704899618082,682.1800372308734,73.24703397000567,0.6568122238064383
2026-10-05_Mark-Liversedge_Wrist_01,swing_0018,pelvisRotation,7,80.64809685208492,80.92044238866309,8.8972183792384,0.030610189046689947
2026-10-05_Mark-Liversedge_Wrist_01,swing_0018,thoraxRotation,7,132.89673835366474,132.69239074490497,13.348260883832525,0.015308931293610096
2026-10-05_Mark-Liversedge_Wrist_01,swing_0018,pelvisRotation,0,0.8343824121430419,1.0237334044882274,3.2086297011351927,0.059013039827623084
2026-10-05_Mark-Liversedge_Wrist_01,swing_0018,thoraxRotation,0,1.489909894629836,1.4697756446105092,1.3505373030595906,0.01490832572614862
2026-10-05_Mark-Liversedge_Wrist_01,swing_0018,pelvisRotation,2,40.01202389627429,41.42094757349724,5.316101371155124,0.2650294979075619
2026-10-05_Mark-Liversedge_Wrist_01,swing_0018,thoraxRotation,2,95.21669842094369,93.01429368706408,9.60765142866827,0.22923445445864624
2026-10-05_Mark-Liversedge_Wrist_01,swing_0018,xFactor,5,1.0511121553872265,3.9595955047153115,3.63130583433179,0.8009469546272149
2026-10-05_Mark-Liversedge_Wrist_01,swing_0018,xFactor,7,52.248641501579826,51.77194835624188,16.041713234898292,0.029715850068988556
2026-10-05_Mark-Liversedge_Wrist_01,swing_0018,pelvisRotationSigned,5,7.214687426779161,4.97887714317311,3.3521524394948345,0.6669775089175197
2026-10-05_Mark-Liversedge_Wrist_01,swing_0018,xFactor,0,0.655527482486794,0.4460422401222819,3.4812721189189433,0.06017491170140548
2026-10-05_Mark-Liversedge_Wrist_01,swing_0018,pelvisRotationSigned,7,80.64809685208492,80.92044238866309,8.8972183792384,0.030610189046689947
2026-10-05_Mark-Liversedge_Wrist_01,swing_0018,xFactor,2,55.20467452466939,51.593346113566845,10.980341513959793,0.32889035432197683
2026-10-05_Mark-Liversedge_Wrist_01,swing_0018,pelvisRotationSigned,0,0.8343824121430419,1.0237334044882274,3.2086297011351927,0.059013039827623084
2026-10-05_Mark-Liversedge_Wrist_01,swing_0018,pelvisRotationSigned,2,-40.01202389627429,-41.42094757349724,5.316101371155124,0.2650294979075619
2026-10-05_Mark-Liversedge_Wrist_01,swing_0018,xFactorStretch,5,-54.15356236928217,-47.633750608851535,3.63130583433179,1.7954455113060916
2026-10-05_Mark-Liversedge_Wrist_01,swing_0018,thoraxRotation,5,8.265799582166387,8.938472647888421,1.3962292379265409,0.48177838384259986
2026-10-05_Mark-Liversedge_Wrist_01,swing_0019,leadArmAngularSpeed,5,488.8811261636762,470.47681184004045,99.83525314674537,0.18434684886894295
2026-10-05_Mark-Liversedge_Wrist_01,swing_0019,xFactorStretch,7,-31.942903814684556,-45.895551437735676,20.729733288895165,0.6730741504776377
2026-10-05_Mark-Liversedge_Wrist_01,swing_0019,xFactorStretch,0,-47.97559708963124,-54.28136679821096,2.730911241517374,2.309035025640763
2026-10-05_Mark-Liversedge_Wrist_01,swing_0019,pelvisRotation,5,11.854482473712311,13.848541555229696,3.87801139798675,0.5141962920873803
2026-10-05_Mark-Liversedge_Wrist_01,swing_0019,leadArmAngularSpeed,9,644.2246643301448,671.8339336953221,99.83525314674537,0.2765482982709034
2026-10-05_Mark-Liversedge_Wrist_01,swing_0019,pelvisRotation,7,135.55931042012188,129.87112503760073,13.899558007893136,0.40923498281679127
2026-10-05_Mark-Liversedge_Wrist_01,swing_0019,thoraxRotation,7,152.9987168237662,138.83020568184844,15.379340994136978,0.9212690678566245
2026-10-05_Mark-Liversedge_Wrist_01,swing_0019,pelvisRotation,0,1.6218946864614416,2.3723485961040893,2.396158448314961,0.31319043620441117
2026-10-05_Mark-Liversedge_Wrist_01,swing_0019,thoraxRotation,0,3.028607815159069,2.945613879876511,1.3100766769982597,0.06335044103885563
2026-10-05_Mark-Liversedge_Wrist_01,swing_0019,pelvisRotation,2,43.04985850005252,38.56977953568516,5.679369511432554,0.7888338582916606
2026-10-05_Mark-Liversedge_Wrist_01,swing_0019,thoraxRotation,2,92.43216871838139,93.42441161766854,9.321333638687305,0.10644859821012516
2026-10-05_Mark-Liversedge_Wrist_01,swing_0019,xFactor,5,-4.363429778473408,-5.576577592846194,4.085293014604955,0.29695490875092007
2026-10-05_Mark-Liversedge_Wrist_01,swing_0019,xFactor,7,17.439406403644313,8.959080644247706,20.729733288895165,0.4090899598761111
2026-10-05_Mark-Liversedge_Wrist_01,swing_0019,pelvisRotationSigned,5,11.854482473712311,13.848541555229696,3.87801139798675,0.5141962920873803
2026-10-05_Mark-Liversedge_Wrist_01,swing_0019,xFactor,0,1.4067131286976275,0.5732652837724217,2.730911241517374,0.3051903819701287
2026-10-05_Mark-Liversedge_Wrist_01,swing_0019,pelvisRotationSigned,7,135.55931042012188,129.87112503760073,13.899558007893136,0.40923498281679127
2026-10-05_Mark-Liversedge_Wrist_01,swing_0019,xFactor,2,49.38231021832887,54.85463208198338,10.915241584642695,0.5013468388417395
2026-10-05_Mark-Liversedge_Wrist_01,swing_0019,pelvisRotationSigned,0,1.6218946864614416,2.3723485961040893,2.396158448314961,0.31319043620441117
2026-10-05_Mark-Liversedge_Wrist_01,swing_0019,pelvisRotationSigned,2,-43.04985850005252,-38.56977953568516,5.679369511432554,0.7888338582916606
2026-10-05_Mark-Liversedge_Wrist_01,swing_0019,xFactorStretch,5,-53.74573999680228,-60.431209674829574,4.085293014604955,1.6364725012689885
2026-10-05_Mark-Liversedge_Wrist_01,swing_0019,thoraxRotation,5,7.491052695238903,8.271963962383502,1.2847749266952906,0.6078195105762737
2026-10-05_Mark-Liversedge_Wrist_01,swing_0020,leadArmAngularSpeed,5,502.4269407796155,515.3474101317224,71.64789654872143,0.18033284959483556
2026-10-05_Mark-Liversedge_Wrist_01,swing_0020,xFactorStretch,7,-28.808526016901638,-23.804138170928027,19.018328725149722,0.2631349956295497
2026-10-05_Mark-Liversedge_Wrist_01,swing_0020,leadArmAngularSpeed,14,483.0159311209085,786.2070888729793,71.64789654872143,4.2316826083777235
2026-10-05_Mark-Liversedge_Wrist_01,swing_0020,xFactorStretch,0,-52.116509199305575,-48.40257167889742,3.3907687722261546,1.0953084005105524
2026-10-05_Mark-Liversedge_Wrist_01,swing_0020,pelvisRotation,5,8.674150199784346,7.926324581135516,4.273554081293948,0.17498915526123485
2026-10-05_Mark-Liversedge_Wrist_01,swing_0020,leadArmAngularSpeed,9,722.5906573313489,720.9816801419345,71.64789654872143,0.022456726113659092
2026-10-05_Mark-Liversedge_Wrist_01,swing_0020,pelvisRotation,7,119.47986515015734,119.633764721389,12.348779702460574,0.012462735180302593
2026-10-05_Mark-Liversedge_Wrist_01,swing_0020,thoraxRotation,7,143.7959178737407,144.9602324118209,14.463902217519063,0.08049795418762873
2026-10-05_Mark-Liversedge_Wrist_01,swing_0020,pelvisRotation,0,0.058724735098361715,0.11491555768534083,3.135777473555348,0.01791926342377538
2026-10-05_Mark-Liversedge_Wrist_01,swing_0020,thoraxRotation,0,1.0667942762777929,0.8429497401478523,1.2900436050951538,0.17351703093278756
2026-10-05_Mark-Liversedge_Wrist_01,swing_0020,pelvisRotation,2,48.065574880380964,49.83298690926354,5.997491422555865,0.29469188104805694
2026-10-05_Mark-Liversedge_Wrist_01,swing_0020,thoraxRotation,2,101.19015362086597,98.96359277062346,10.186823586568595,0.21857263270743632
2026-10-05_Mark-Liversedge_Wrist_01,swing_0020,xFactor,5,5.304390232180701,6.292839181254132,4.690214531885834,0.21074706548145836
2026-10-05_Mark-Liversedge_Wrist_01,swing_0020,xFactor,7,24.31605272358337,25.326467690431897,19.018328725149722,0.05312848365652459
2026-10-05_Mark-Liversedge_Wrist_01,swing_0020,pelvisRotationSigned,5,8.674150199784346,7.926324581135516,4.273554081293948,0.17498915526123485
2026-10-05_Mark-Liversedge_Wrist_01,swing_0020,xFactor,0,1.0080695411794312,0.7280341824625115,3.3907687722261546,0.08258757158868929
2026-10-05_Mark-Liversedge_Wrist_01,swing_0020,pelvisRotationSigned,7,119.47986515015734,119.633764721389,12.348779702460574,0.012462735180302593
2026-10-05_Mark-Liversedge_Wrist_01,swing_0020,xFactor,2,53.124578740485006,49.130605861359925,11.821221516725817,0.337864650744766
2026-10-05_Mark-Liversedge_Wrist_01,swing_0020,pelvisRotationSigned,0,0.058724735098361715,0.11491555768534083,3.135777473555348,0.01791926342377538
2026-10-05_Mark-Liversedge_Wrist_01,swing_0020,pelvisRotationSigned,2,-48.065574880380964,-49.83298690926354,5.997491422555865,0.29469188104805694
2026-10-05_Mark-Liversedge_Wrist_01,swing_0020,xFactorStretch,5,-47.820188508304305,-42.837766680105794,4.690214531885834,1.062301477752487
2026-10-05_Mark-Liversedge_Wrist_01,swing_0020,thoraxRotation,5,13.978540431965047,14.219163762389648,1.9325754498515417,0.12450915199356653
2026-10-05_Mark-Liversedge_Wrist_01,swing_0021,leadArmAngularSpeed,5,525.0983757981734,494.344294258143,68.95253523125697,0.44601814040463583
2026-10-05_Mark-Liversedge_Wrist_01,swing_0021,xFactorStretch,7,-17.73623621888676,-8.642421091876855,14.783803104073598,0.6151201462162433
2026-10-05_Mark-Liversedge_Wrist_01,swing_0021,leadArmAngularSpeed,14,370.82910611807057,618.2047058723502,68.95253523125697,3.587621527252293
2026-10-05_Mark-Liversedge_Wrist_01,swing_0021,xFactorStretch,0,-67.16909290105598,-61.992304942749946,3.2696475766384805,1.583286221822193
2026-10-05_Mark-Liversedge_Wrist_01,swing_0021,pelvisRotation,5,17.34411125746034,10.661965733939056,4.009314305984579,1.6666554461811722
2026-10-05_Mark-Liversedge_Wrist_01,swing_0021,leadArmAngularSpeed,9,757.1156953807154,792.2061000876728,68.95253523125697,0.5089066644071782
2026-10-05_Mark-Liversedge_Wrist_01,swing_0021,pelvisRotation,7,74.334632320127,72.13592963017963,7.753043544386929,0.2835922018700889
2026-10-05_Mark-Liversedge_Wrist_01,swing_0021,pelvisAngularSpeed,14,271.746427949308,179.71509509349517,336.63340373009436,0.27338740551606583
2026-10-05_Mark-Liversedge_Wrist_01,swing_0021,thoraxRotation,7,125.4431476453527,126.65230393105932,12.587738081913539,0.09605826541974055
2026-10-05_Mark-Liversedge_Wrist_01,swing_0021,pelvisRotation,0,1.0367155184108712,1.6318046389912555,2.88486898054931,0.20627942710489158
2026-10-05_Mark-Liversedge_Wrist_01,swing_0021,thoraxRotation,0,2.712374161467354,2.7982950889978535,1.538871742700564,0.05583371579733914
2026-10-05_Mark-Liversedge_Wrist_01,swing_0021,pelvisRotation,2,39.375745775502246,42.309132667284615,5.367832432621555,0.5464751235443753
2026-10-05_Mark-Liversedge_Wrist_01,swing_0021,pelvisAngularSpeed,9,402.5243184250116,303.6875275114743,336.63340373009436,0.29360363475034873
2026-10-05_Mark-Liversedge_Wrist_01,swing_0021,thoraxRotation,2,108.22049731961471,105.46792806004116,10.91250452476627,0.25223991919788036
2026-10-05_Mark-Liversedge_Wrist_01,swing_0021,xFactor,5,-4.115761350464664,2.787906954762917,4.414511631657921,1.5638577675770737
2026-10-05_Mark-Liversedge_Wrist_01,swing_0021,xFactor,7,51.108515325225696,54.51637430087969,14.783803104073598,0.23051301154808918
2026-10-05_Mark-Liversedge_Wrist_01,swing_0021,pelvisRotationSigned,5,17.34411125746034,10.661965733939056,4.009314305984579,1.6666554461811722
2026-10-05_Mark-Liversedge_Wrist_01,swing_0021,xFactor,0,1.675658643056483,1.166490450006598,3.2696475766384805,0.15572571083436462
2026-10-05_Mark-Liversedge_Wrist_01,swing_0021,pelvisRotationSigned,7,74.334632320127,72.13592963017963,7.753043544386929,0.2835922018700889
2026-10-05_Mark-Liversedge_Wrist_01,swing_0021,xFactor,2,68.84475154411246,63.158795392756545,12.161265560283937,0.4675464180245363
2026-10-05_Mark-Liversedge_Wrist_01,swing_0021,pelvisRotationSigned,0,1.0367155184108712,1.6318046389912555,2.88486898054931,0.20627942710489158
2026-10-05_Mark-Liversedge_Wrist_01,swing_0021,pelvisRotationSigned,2,-39.375745775502246,-42.309132667284615,5.367832432621555,0.5464751235443753
2026-10-05_Mark-Liversedge_Wrist_01,swing_0021,xFactorStretch,5,-72.96051289457712,-60.37088843799363,4.414511631657921,2.85187253020224
2026-10-05_Mark-Liversedge_Wrist_01,swing_0021,thoraxRotation,5,13.228349906995676,13.449872688701973,1.8475150180365165,0.1199031020282174
2026-10-05_Mark-Liversedge_Wrist_01,swing_0021,pelvisAngularSpeed,5,229.14781768751644,131.5647588711082,336.63340373009436,0.2898793100599377
2026-10-05_Mark-Liversedge_Wrist_01,swing_0022,leadArmAngularSpeed,5,461.76166615119485,457.7114571282565,89.63528996474379,0.045185428914565104
2026-10-05_Mark-Liversedge_Wrist_01,swing_0022,xFactorStretch,7,-20.826526340774862,-21.465124147037763,17.502162066328996,0.03648679539377868
2026-10-05_Mark-Liversedge_Wrist_01,swing_0022,leadArmAngularSpeed,14,605.8239872348905,588.3591217550138,89.63528996474379,0.19484363230984325
2026-10-05_Mark-Liversedge_Wrist_01,swing_0022,xFactorStretch,0,-53.059090739715614,-54.519933808879536,2.9407746547918863,0.4967545088106395
2026-10-05_Mark-Liversedge_Wrist_01,swing_0022,pelvisRotation,5,15.62481708554062,14.21105044456451,3.6431597389626895,0.3880605689221438
2026-10-05_Mark-Liversedge_Wrist_01,swing_0022,leadArmAngularSpeed,9,733.4148994708535,734.447881777749,89.63528996474379,0.011524281421991514
2026-10-05_Mark-Liversedge_Wrist_01,swing_0022,pelvisRotation,7,101.32876558393512,100.81504157120345,10.719783389039494,0.047922984456657186
2026-10-05_Mark-Liversedge_Wrist_01,swing_0022,thoraxRotation,7,137.75670453382102,137.78960420411363,13.835169716635882,0.0023779737413013417
2026-10-05_Mark-Liversedge_Wrist_01,swing_0022,pelvisRotation,0,1.1856654664147934,1.5127271168620284,2.671123582632159,0.1224434738152191
2026-10-05_Mark-Liversedge_Wrist_01,swing_0022,thoraxRotation,0,5.381040017359937,5.432480087930432,1.2301440470825669,0.04181629841845837
2026-10-05_Mark-Liversedge_Wrist_01,swing_0022,pelvisRotation,2,35.43940853113783,36.93803317954585,4.982757735991223,0.30076209356582256
2026-10-05_Mark-Liversedge_Wrist_01,swing_0022,thoraxRotation,2,92.69387382179859,95.37771995949379,9.355261661190921,0.28688092700055445
2026-10-05_Mark-Liversedge_Wrist_01,swing_0022,xFactor,5,-3.3737007989405967,-1.3587748945927363,3.999072591081206,0.5038482944374602
2026-10-05_Mark-Liversedge_Wrist_01,swing_0022,xFactor,7,36.4279389498859,36.97456263291018,17.502162066328996,0.031231780448193004
2026-10-05_Mark-Liversedge_Wrist_01,swing_0022,pelvisRotationSigned,5,15.62481708554062,14.21105044456451,3.6431597389626895,0.3880605689221438
2026-10-05_Mark-Liversedge_Wrist_01,swing_0022,xFactor,0,4.195374550945144,3.9197529710684034,2.9407746547918863,0.09372414150388066
2026-10-05_Mark-Liversedge_Wrist_01,swing_0022,pelvisRotationSigned,7,101.32876558393512,100.81504157120345,10.719783389039494,0.047922984456657186
2026-10-05_Mark-Liversedge_Wrist_01,swing_0022,xFactor,2,57.25446529066076,58.43968677994794,10.599471468187888,0.11181892350428756
2026-10-05_Mark-Liversedge_Wrist_01,swing_0022,pelvisRotationSigned,0,1.1856654664147934,1.5127271168620284,2.671123582632159,0.1224434738152191
2026-10-05_Mark-Liversedge_Wrist_01,swing_0022,pelvisRotationSigned,2,-35.43940853113783,-36.93803317954585,4.982757735991223,0.30076209356582256
2026-10-05_Mark-Liversedge_Wrist_01,swing_0022,xFactorStretch,5,-60.62816608960136,-59.798461674540675,3.999072591081206,0.20747420712269687
2026-10-05_Mark-Liversedge_Wrist_01,swing_0022,thoraxRotation,5,12.251116286600023,12.852275549971774,1.6492327625712084,0.3645084411460048
2026-10-05_Mark-Liversedge_Wrist_01,swing_0023,leadArmAngularSpeed,5,474.8305504223908,502.54537138548505,88.2877331133642,0.31391474201186675
2026-10-05_Mark-Liversedge_Wrist_01,swing_0023,xFactorStretch,7,39.19075224969426,30.459728194397186,16.410581533962684,0.5320362375475663
2026-10-05_Mark-Liversedge_Wrist_01,swing_0023,leadArmAngularSpeed,14,509.52154996751153,509.02606676175475,88.2877331133642,0.005612140988154813
2026-10-05_Mark-Liversedge_Wrist_01,swing_0023,xFactorStretch,0,-16.460182212162614,-23.091487179514072,2.88776646364529,2.2963439221399566
2026-10-05_Mark-Liversedge_Wrist_01,swing_0023,pelvisRotation,5,9.976410333461864,10.870578639218904,3.643063343218377,0.2454440731648405
2026-10-05_Mark-Liversedge_Wrist_01,swing_0023,leadArmAngularSpeed,9,823.049523864649,888.4991686160464,88.2877331133642,0.7413220664229537
2026-10-05_Mark-Liversedge_Wrist_01,swing_0023,pelvisRotation,7,80.95890982868207,83.20632625064724,8.922784582853456,0.25187388545543693
2026-10-05_Mark-Liversedge_Wrist_01,swing_0023,thoraxRotation,7,137.18909964494927,137.56753967834587,13.772839270492842,0.02747727073294006
2026-10-05_Mark-Liversedge_Wrist_01,swing_0023,pelvisRotation,0,1.1200581484502339,1.3200928398378569,2.5549163345207093,0.07829402813894827
2026-10-05_Mark-Liversedge_Wrist_01,swing_0023,thoraxRotation,0,1.6993135028605568,2.1300908936252276,1.3459560439158802,0.3200530899295799
2026-10-05_Mark-Liversedge_Wrist_01,swing_0023,pelvisRotation,2,49.72415344783128,43.52555606007195,6.081803551965124,1.0192038159069552
2026-10-05_Mark-Liversedge_Wrist_01,swing_0023,thoraxRotation,2,66.76359101440421,67.42704129337339,6.882571273703503,0.09639570047084708
2026-10-05_Mark-Liversedge_Wrist_01,swing_0023,xFactor,5,-2.437382294024016,-2.6977137474687964,3.896092627663238,0.06681859963912598
2026-10-05_Mark-Liversedge_Wrist_01,swing_0023,xFactor,7,56.2301898162672,54.36121342769863,16.410581533962684,0.11388849229386602
2026-10-05_Mark-Liversedge_Wrist_01,swing_0023,pelvisRotationSigned,5,9.976410333461864,10.870578639218904,3.643063343218377,0.2454440731648405
2026-10-05_Mark-Liversedge_Wrist_01,swing_0023,xFactor,0,0.5792553544103229,0.8099980537873708,2.88776646364529,0.07990351792013552
2026-10-05_Mark-Liversedge_Wrist_01,swing_0023,pelvisRotationSigned,7,80.95890982868207,83.20632625064724,8.922784582853456,0.25187388545543693
2026-10-05_Mark-Liversedge_Wrist_01,swing_0023,xFactor,2,17.039437566572936,23.901485233301443,9.184667755684158,0.7471198577087081
2026-10-05_Mark-Liversedge_Wrist_01,swing_0023,pelvisRotationSigned,0,1.1200581484502339,1.3200928398378569,2.5549163345207093,0.07829402813894827
2026-10-05_Mark-Liversedge_Wrist_01,swing_0023,pelvisRotationSigned,2,-49.72415344783128,-43.52555606007195,6.081803551965124,1.0192038159069552
2026-10-05_Mark-Liversedge_Wrist_01,swing_0023,xFactorStretch,5,-19.47681986059695,-26.59919898077024,3.896092627663238,1.8280825947521382
2026-10-05_Mark-Liversedge_Wrist_01,swing_0023,thoraxRotation,5,7.539028039437848,8.172864891750107,1.3811687951262068,0.4589133888261221
2026-10-05_Mark-Liversedge_Wrist_01,swing_0024,leadArmAngularSpeed,5,445.92371894307433,449.5057112235691,102.34626221398551,0.034998760120868375
2026-10-05_Mark-Liversedge_Wrist_01,swing_0024,xFactorStretch,7,-48.50677392405841,-48.40349804070999,18.906903041414715,0.005462337386625165
2026-10-05_Mark-Liversedge_Wrist_01,swing_0024,xFactorStretch,0,-50.819501554431596,-52.79037463250987,3.0830100932821343,0.6392690969039622
2026-10-05_Mark-Liversedge_Wrist_01,swing_0024,pelvisRotation,5,10.98061032783809,11.582546691408501,3.185977439386049,0.1889330276257094
2026-10-05_Mark-Liversedge_Wrist_01,swing_0024,leadArmAngularSpeed,9,762.2352489999516,704.6919049221638,102.34626221398551,0.562241774472196
2026-10-05_Mark-Liversedge_Wrist_01,swing_0024,pelvisRotation,7,129.5429967293277,128.78310880743362,13.187013023849023,0.05762396082568628
2026-10-05_Mark-Liversedge_Wrist_01,swing_0024,thoraxRotation,7,133.26747278588655,133.9903849337873,13.548936125256967,0.0533556392337813
2026-10-05_Mark-Liversedge_Wrist_01,swing_0024,pelvisRotation,0,0.9910569276524528,1.4130892526256462,2.80916192897749,0.1502342462425473
2026-10-05_Mark-Liversedge_Wrist_01,swing_0024,thoraxRotation,0,2.4028053538381084,2.2334887871794615,1.2702600096291234,0.13329284191831098
2026-10-05_Mark-Liversedge_Wrist_01,swing_0024,pelvisRotation,2,44.907658231944524,43.10384819448447,5.431074989823104,0.3321276249803366
2026-10-05_Mark-Liversedge_Wrist_01,swing_0024,thoraxRotation,2,97.13890821256177,96.71462236154815,9.792204386375325,0.04332894150003286
2026-10-05_Mark-Liversedge_Wrist_01,swing_0024,xFactor,5,-7.370583937451383,-8.275572089120711,3.380447091781727,0.2677125620068017
2026-10-05_Mark-Liversedge_Wrist_01,swing_0024,xFactor,7,3.724476056558842,5.20727612635369,18.906903041414715,0.07842638567230402
2026-10-05_Mark-Liversedge_Wrist_01,swing_0024,pelvisRotationSigned,5,10.98061032783809,11.582546691408501,3.185977439386049,0.1889330276257094
2026-10-05_Mark-Liversedge_Wrist_01,swing_0024,xFactor,0,1.4117484261856557,0.8203995345538153,3.0830100932821343,0.19180893793386763
2026-10-05_Mark-Liversedge_Wrist_01,swing_0024,pelvisRotationSigned,7,129.5429967293277,128.78310880743362,13.187013023849023,0.05762396082568628
2026-10-05_Mark-Liversedge_Wrist_01,swing_0024,xFactor,2,52.23124998061725,53.61077416706368,11.197492678704021,0.12319938275736345
2026-10-05_Mark-Liversedge_Wrist_01,swing_0024,pelvisRotationSigned,0,0.9910569276524528,1.4130892526256462,2.80916192897749,0.1502342462425473
2026-10-05_Mark-Liversedge_Wrist_01,swing_0024,pelvisRotationSigned,2,-44.907658231944524,-43.10384819448447,5.431074989823104,0.3321276249803366
2026-10-05_Mark-Liversedge_Wrist_01,swing_0024,xFactorStretch,5,-59.601833918068635,-61.886346256184396,3.380447091781727,0.6758018321510444
2026-10-05_Mark-Liversedge_Wrist_01,swing_0024,thoraxRotation,5,3.6100263903867065,3.30697460228779,1.1300311040226494,0.2681800412573796
2026-10-05_Mark-Liversedge_Wrist_01,swing_0025,leadArmAngularSpeed,5,457.5131368801694,486.1693090974336,74.74473719801128,0.3833871559592113
2026-10-05_Mark-Liversedge_Wrist_01,swing_0025,xFactorStretch,7,5.915344907499943,12.78650527700627,15.705873180132704,0.4374898670516497
2026-10-05_Mark-Liversedge_Wrist_01,swing_0025,leadArmAngularSpeed,14,524.8543350379787,566.0322014973375,74.74473719801128,0.5509132549395657
2026-10-05_Mark-Liversedge_Wrist_01,swing_0025,xFactorStretch,0,-47.983438071646034,-43.72396368301972,2.985042575912785,1.4269392413352187
2026-10-05_Mark-Liversedge_Wrist_01,swing_0025,pelvisRotation,5,7.598876678988395,9.04333771568578,3.6015838570365393,0.40106272518833386
2026-10-05_Mark-Liversedge_Wrist_01,swing_0025,leadArmAngularSpeed,9,603.3014019583263,570.6524016297919,74.74473719801128,0.4368066776667063
2026-10-05_Mark-Liversedge_Wrist_01,swing_0025,pelvisRotation,7,76.48982766244474,73.90220051899458,8.397141622343945,0.3081557105771265
2026-10-05_Mark-Liversedge_Wrist_01,swing_0025,thoraxRotation,7,132.23711732332313,131.42987920844436,13.272620876251635,0.060819797567121206
2026-10-05_Mark-Liversedge_Wrist_01,swing_0025,pelvisRotation,0,0.18200433176447245,0.8141105375986417,2.665663038924305,0.23712907318145052
2026-10-05_Mark-Liversedge_Wrist_01,swing_0025,thoraxRotation,0,2.030511013496886,1.8313202670224416,1.3433985793221885,0.1482737510225343
2026-10-05_Mark-Liversedge_Wrist_01,swing_0025,pelvisRotation,2,48.17014612768227,40.26278770013239,6.043535222059134,1.308399494171511
2026-10-05_Mark-Liversedge_Wrist_01,swing_0025,thoraxRotation,2,98.00209088106072,85.00396111257591,9.886935372350786,1.3146773270951695
2026-10-05_Mark-Liversedge_Wrist_01,swing_0025,xFactor,5,-3.4899633547813265,-4.590994431033001,3.779748467109942,0.2912974463333907
2026-10-05_Mark-Liversedge_Wrist_01,swing_0025,xFactor,7,55.747289660878394,57.527678689449786,15.705873180132704,0.11335816914805553
2026-10-05_Mark-Liversedge_Wrist_01,swing_0025,pelvisRotationSigned,5,7.598876678988395,9.04333771568578,3.6015838570365393,0.40106272518833386
2026-10-05_Mark-Liversedge_Wrist_01,swing_0025,xFactor,0,1.8485066817324136,1.0172097294237998,2.985042575912785,0.2784874691626181
2026-10-05_Mark-Liversedge_Wrist_01,swing_0025,pelvisRotationSigned,7,76.48982766244474,73.90220051899458,8.397141622343945,0.3081557105771265
2026-10-05_Mark-Liversedge_Wrist_01,swing_0025,xFactor,2,49.83194475337845,44.741173412443516,11.587743914900368,0.4393237698659227
2026-10-05_Mark-Liversedge_Wrist_01,swing_0025,pelvisRotationSigned,0,0.18200433176447245,0.8141105375986417,2.665663038924305,0.23712907318145052
2026-10-05_Mark-Liversedge_Wrist_01,swing_0025,pelvisRotationSigned,2,-48.17014612768227,-40.26278770013239,6.043535222059134,1.308399494171511
2026-10-05_Mark-Liversedge_Wrist_01,swing_0025,xFactorStretch,5,-53.321908108159775,-49.33216784347652,3.779748467109942,1.0555570825414944
2026-10-05_Mark-Liversedge_Wrist_01,swing_0025,thoraxRotation,5,4.108913324207069,4.4523432846527795,1.146774692497947,0.29947465940117596
2026-10-05_Mark-Liversedge_Wrist_01,swing_0026,leadArmAngularSpeed,5,466.4501325383436,469.99903885775944,82.11485051679682,0.04321881239605857
2026-10-05_Mark-Liversedge_Wrist_01,swing_0026,xFactorStretch,7,11.789999821747408,7.110721645793028,16.253907530274592,0.28788635392681655
2026-10-05_Mark-Liversedge_Wrist_01,swing_0026,leadArmAngularSpeed,14,458.8002632560136,488.0883650507289,82.11485051679682,0.3566724119984162
2026-10-05_Mark-Liversedge_Wrist_01,swing_0026,xFactorStretch,0,-27.88760963143489,-33.40959517454092,3.2275596903104113,1.710885645177626
2026-10-05_Mark-Liversedge_Wrist_01,swing_0026,pelvisRotation,5,9.175253057102683,9.063271584146147,3.7693366913614983,0.029708535513204088
2026-10-05_Mark-Liversedge_Wrist_01,swing_0026,leadArmAngularSpeed,9,854.0839612844874,822.2522106287558,82.11485051679682,0.38764913356592245
2026-10-05_Mark-Liversedge_Wrist_01,swing_0026,pelvisRotation,7,86.90888895930233,85.99881530689082,9.67558799941538,0.09405874376487512
2026-10-05_Mark-Liversedge_Wrist_01,swing_0026,thoraxRotation,7,130.01167061632728,129.34670158194498,13.060340993568513,0.050915135731123363
2026-10-05_Mark-Liversedge_Wrist_01,swing_0026,pelvisRotation,0,0.37712985693147716,0.3222066114734953,2.801516524697995,0.019604826519416172
2026-10-05_Mark-Liversedge_Wrist_01,swing_0026,thoraxRotation,0,3.8023020607741262,3.1497760661937164,1.6026998210397065,0.4071417404646005
2026-10-05_Mark-Liversedge_Wrist_01,swing_0026,pelvisRotation,2,45.46236950036835,44.192454478129356,5.454487919882825,0.23282020986972338
2026-10-05_Mark-Liversedge_Wrist_01,swing_0026,thoraxRotation,2,76.77515133564589,80.4296191073905,7.806612462754561,0.4681246557556321
2026-10-05_Mark-Liversedge_Wrist_01,swing_0026,xFactor,5,-6.144461682543071,-6.4709448281830015,3.919383292701867,0.08329962171545267
2026-10-05_Mark-Liversedge_Wrist_01,swing_0026,xFactor,7,43.10278165702495,43.347886275054165,16.253907530274592,0.015079734985121815
2026-10-05_Mark-Liversedge_Wrist_01,swing_0026,pelvisRotationSigned,5,9.175253057102683,9.063271584146147,3.7693366913614983,0.029708535513204088
2026-10-05_Mark-Liversedge_Wrist_01,swing_0026,xFactor,0,3.4251722038426493,2.827569454720221,3.2275596903104113,0.1851562190829548
2026-10-05_Mark-Liversedge_Wrist_01,swing_0026,pelvisRotationSigned,7,86.90888895930233,85.99881530689082,9.67558799941538,0.09405874376487512
2026-10-05_Mark-Liversedge_Wrist_01,swing_0026,xFactor,2,31.31278183527754,36.23716462926114,9.523373174027284,0.5170838844595179
2026-10-05_Mark-Liversedge_Wrist_01,swing_0026,pelvisRotationSigned,0,0.37712985693147716,0.3222066114734953,2.801516524697995,0.019604826519416172
2026-10-05_Mark-Liversedge_Wrist_01,swing_0026,pelvisRotationSigned,2,-45.46236950036835,-44.192454478129356,5.454487919882825,0.23282020986972338
2026-10-05_Mark-Liversedge_Wrist_01,swing_0026,xFactorStretch,5,-37.457243517820615,-42.70810945744414,3.919383292701867,1.3397173859981897
2026-10-05_Mark-Liversedge_Wrist_01,swing_0026,thoraxRotation,5,3.0307913745596124,2.5923267559631453,1.0740885914422893,0.408220161809647
2026-10-05_Mark-Liversedge_Wrist_01,swing_0027,leadArmAngularSpeed,5,472.0492415826877,487.927782801823,79.59001489284942,0.19950418705804082
2026-10-05_Mark-Liversedge_Wrist_01,swing_0027,xFactorStretch,7,2.257410431993229,-3.4559063976013036,15.177241411437805,0.3764397412357748
2026-10-05_Mark-Liversedge_Wrist_01,swing_0027,leadArmAngularSpeed,14,504.25445540289735,518.0382315627204,79.59001489284942,0.17318474155809485
2026-10-05_Mark-Liversedge_Wrist_01,swing_0027,xFactorStretch,0,-45.288800961039705,-52.15002551817379,2.9619041278976415,2.316491101960205
2026-10-05_Mark-Liversedge_Wrist_01,swing_0027,pelvisRotation,5,12.449423228771979,12.162377857354967,3.437281407345745,0.08350941846180325
2026-10-05_Mark-Liversedge_Wrist_01,swing_0027,leadArmAngularSpeed,9,643.4093256792764,687.3742426854222,79.59001489284942,0.5523923706426613
2026-10-05_Mark-Liversedge_Wrist_01,swing_0027,pelvisRotation,7,76.70728564833972,75.28622942020692,8.042249706684538,0.1766988442241041
2026-10-05_Mark-Liversedge_Wrist_01,swing_0027,thoraxRotation,7,128.11777334323355,127.78063665930371,12.871319921297703,0.02619286024986404
2026-10-05_Mark-Liversedge_Wrist_01,swing_0027,pelvisRotation,0,0.6220783378060614,0.3646243376003501,2.547161388007962,0.10107486766162713
2026-10-05_Mark-Liversedge_Wrist_01,swing_0027,thoraxRotation,0,4.486354639666961,4.164912456124648,1.5115703510913538,0.21265446448472014
2026-10-05_Mark-Liversedge_Wrist_01,swing_0027,pelvisRotation,2,41.33148487275742,43.03830405856292,5.356604610988334,0.3186382624366556
2026-10-05_Mark-Liversedge_Wrist_01,swing_0027,thoraxRotation,2,90.48456213565802,98.98861769526101,9.131295957532064,0.9313087210351902
2026-10-05_Mark-Liversedge_Wrist_01,swing_0027,xFactor,5,-4.9819244701402,-4.429861833434675,3.703727391508624,0.14905595859220502
2026-10-05_Mark-Liversedge_Wrist_01,swing_0027,xFactor,7,51.41048769489383,52.49440723909679,15.177241411437805,0.07141742789872853
2026-10-05_Mark-Liversedge_Wrist_01,swing_0027,pelvisRotationSigned,5,12.449423228771979,12.162377857354967,3.437281407345745,0.08350941846180325
2026-10-05_Mark-Liversedge_Wrist_01,swing_0027,xFactor,0,3.864276301860899,3.8002881185242985,2.9619041278976415,0.021603732117426607
2026-10-05_Mark-Liversedge_Wrist_01,swing_0027,pelvisRotationSigned,7,76.70728564833972,75.28622942020692,8.042249706684538,0.1766988442241041
2026-10-05_Mark-Liversedge_Wrist_01,swing_0027,xFactor,2,49.1530772629006,55.95031363669809,10.586490392122542,0.6420670233503772
2026-10-05_Mark-Liversedge_Wrist_01,swing_0027,pelvisRotationSigned,0,0.6220783378060614,0.3646243376003501,2.547161388007962,0.10107486766162713
2026-10-05_Mark-Liversedge_Wrist_01,swing_0027,pelvisRotationSigned,2,-41.33148487275742,-43.03830405856292,5.356604610988334,0.3186382624366556
2026-10-05_Mark-Liversedge_Wrist_01,swing_0027,xFactorStretch,5,-54.1350017330408,-60.38017547013277,3.703727391508624,1.6861861246618766
2026-10-05_Mark-Liversedge_Wrist_01,swing_0027,thoraxRotation,5,7.467498758631779,7.732516023920292,1.3793814256131371,0.1921276163122993
2026-10-05_Mark-Liversedge_Wrist_01,swing_0028,leadArmAngularSpeed,5,506.25196139486644,511.8508615510864,86.24416522295647,0.06491917617552202
2026-10-05_Mark-Liversedge_Wrist_01,swing_0028,xFactorStretch,7,49.41670689817752,50.10406169684445,14.224650952115468,0.04832138243537719
2026-10-05_Mark-Liversedge_Wrist_01,swing_0028,leadArmAngularSpeed,14,543.1694196747426,527.0921271422711,86.24416522295647,0.18641600264677394
2026-10-05_Mark-Liversedge_Wrist_01,swing_0028,xFactorStretch,0,-8.704750692082321,-11.69388461546649,3.3298818227446336,0.8976696719285958
2026-10-05_Mark-Liversedge_Wrist_01,swing_0028,pelvisRotation,5,12.254227205846108,13.06900906748094,3.6267796165691926,0.22465711947658576
2026-10-05_Mark-Liversedge_Wrist_01,swing_0028,leadArmAngularSpeed,9,680.9042901649038,757.1479254465527,86.24416522295647,0.8840439823905247
2026-10-05_Mark-Liversedge_Wrist_01,swing_0028,pelvisRotation,7,63.08260116397248,61.735015927987654,7.135406217794564,0.1888589373684375
2026-10-05_Mark-Liversedge_Wrist_01,swing_0028,thoraxRotation,7,122.57896374176408,125.10032255015143,12.305554551363306,0.20489599211991721
2026-10-05_Mark-Liversedge_Wrist_01,swing_0028,pelvisRotation,0,0.0,0.5094006303124928,3.0075248764968094,0.16937536719757643
2026-10-05_Mark-Liversedge_Wrist_01,swing_0028,thoraxRotation,0,1.3749049875317645,2.0767609401653337,1.4293030017102653,0.49104770072808035
2026-10-05_Mark-Liversedge_Wrist_01,swing_0028,pelvisRotation,2,52.43114744435972,47.65152184231736,6.115935424094453,0.781503608297181
2026-10-05_Mark-Liversedge_Wrist_01,swing_0028,thoraxRotation,2,62.51080312397381,60.91276676763669,6.4325347086124065,0.24843027340335
2026-10-05_Mark-Liversedge_Wrist_01,swing_0028,xFactor,5,-10.2346393986037,-9.093592109626137,3.8162367520665335,0.29899803474186304
2026-10-05_Mark-Liversedge_Wrist_01,swing_0028,xFactor,7,59.49636257779161,63.36530662216378,14.224650952115468,0.2719886805937257
2026-10-05_Mark-Liversedge_Wrist_01,swing_0028,pelvisRotationSigned,5,12.254227205846108,13.06900906748094,3.6267796165691926,0.22465711947658576
2026-10-05_Mark-Liversedge_Wrist_01,swing_0028,xFactor,0,1.3749049875317645,1.567360309852841,3.3298818227446336,0.05779644220600192
2026-10-05_Mark-Liversedge_Wrist_01,swing_0028,pelvisRotationSigned,7,63.08260116397248,61.735015927987654,7.135406217794564,0.1888589373684375
2026-10-05_Mark-Liversedge_Wrist_01,swing_0028,xFactor,2,10.079655679614085,13.261244925319332,8.875932001158903,0.35845128661303816
2026-10-05_Mark-Liversedge_Wrist_01,swing_0028,pelvisRotationSigned,0,0.0,0.5094006303124928,3.0075248764968094,0.16937536719757643
2026-10-05_Mark-Liversedge_Wrist_01,swing_0028,pelvisRotationSigned,2,-52.43114744435972,-47.65152184231736,6.115935424094453,0.781503608297181
2026-10-05_Mark-Liversedge_Wrist_01,swing_0028,xFactorStretch,5,-20.314295078217786,-22.35483703494547,3.8162367520665335,0.5347000433405258
2026-10-05_Mark-Liversedge_Wrist_01,swing_0028,thoraxRotation,5,2.019587807242408,3.9754169578548026,1.1874900254998124,1.6470278559090967
2026-10-05_Mark-Liversedge_Wrist_01,swing_0029,leadArmAngularSpeed,5,504.0156275207938,492.47380263671647,75.99786306621544,0.15187038711892717
2026-10-05_Mark-Liversedge_Wrist_01,swing_0029,xFactorStretch,7,34.563003636780024,37.792861223882426,17.08891659550923,0.18900306342130377
2026-10-05_Mark-Liversedge_Wrist_01,swing_0029,leadArmAngularSpeed,14,499.2288897566346,541.3901102049932,75.99786306621544,0.5547684993672043
2026-10-05_Mark-Liversedge_Wrist_01,swing_0029,xFactorStretch,0,-6.075685060126989,-5.391137453642204,3.558391572715047,0.19237556983153367
2026-10-05_Mark-Liversedge_Wrist_01,swing_0029,pelvisRotation,5,12.611616849481534,11.009125753956495,4.147434592004094,0.38638128220623597
2026-10-05_Mark-Liversedge_Wrist_01,swing_0029,leadArmAngularSpeed,9,643.5380860309759,511.84651399323684,75.99786306621544,1.7328325656077832
2026-10-05_Mark-Liversedge_Wrist_01,swing_0029,pelvisRotation,7,93.15887256264885,93.33997491118855,10.249570872621714,0.017669261551568952
2026-10-05_Mark-Liversedge_Wrist_01,swing_0029,thoraxRotation,7,136.16434541424852,138.66592966013283,13.673966773960483,0.18294502884474728
2026-10-05_Mark-Liversedge_Wrist_01,swing_0029,pelvisRotation,0,1.3201847403080034,1.7235209029321414,3.3049106770888144,0.12204147162592105
2026-10-05_Mark-Liversedge_Wrist_01,swing_0029,thoraxRotation,0,3.686968895000653,3.8654769743517954,1.3189829419798489,0.13533767092028826
2026-10-05_Mark-Liversedge_Wrist_01,swing_0029,pelvisRotation,2,51.418105932143376,48.67922473346325,6.185097547140503,0.442819402249584
2026-10-05_Mark-Liversedge_Wrist_01,swing_0029,thoraxRotation,2,59.860575146963015,56.21231825852511,6.173601329873069,0.5909446842290537
2026-10-05_Mark-Liversedge_Wrist_01,swing_0029,xFactor,5,0.9943784797623465,3.011511065145303,4.581437267142763,0.4402837947491861
2026-10-05_Mark-Liversedge_Wrist_01,swing_0029,xFactor,7,43.00547285159966,45.325954748944284,17.08891659550923,0.13578870751551428
2026-10-05_Mark-Liversedge_Wrist_01,swing_0029,pelvisRotationSigned,5,12.611616849481534,11.009125753956495,4.147434592004094,0.38638128220623597
2026-10-05_Mark-Liversedge_Wrist_01,swing_0029,xFactor,0,2.36678415469265,2.1419560714196537,3.558391572715047,0.06318250217230945
2026-10-05_Mark-Liversedge_Wrist_01,swing_0029,pelvisRotationSigned,7,93.15887256264885,93.33997491118855,10.249570872621714,0.017669261551568952
2026-10-05_Mark-Liversedge_Wrist_01,swing_0029,xFactor,2,8.442469214819639,7.533093525061858,8.738923563451852,0.10406037804941956
2026-10-05_Mark-Liversedge_Wrist_01,swing_0029,pelvisRotationSigned,0,1.3201847403080034,1.7235209029321414,3.3049106770888144,0.12204147162592105
2026-10-05_Mark-Liversedge_Wrist_01,swing_0029,pelvisRotationSigned,2,-51.418105932143376,-48.67922473346325,6.185097547140503,0.442819402249584
2026-10-05_Mark-Liversedge_Wrist_01,swing_0029,xFactorStretch,5,-7.448090735057292,-4.521582459916555,4.581437267142763,0.6387751494774627
2026-10-05_Mark-Liversedge_Wrist_01,swing_0029,thoraxRotation,5,13.60599532924388,14.020636819101798,1.946369373426428,0.21303329959820222
2026-10-05_Mark-Liversedge_Wrist_01,swing_0030,leadArmAngularSpeed,5,533.6786800288811,502.7989685347104,111.53207389746827,0.2768684416516678
2026-10-05_Mark-Liversedge_Wrist_01,swing_0030,xFactorStretch,7,1.7450352441684416,3.257228323736342,19.134376786753233,0.07903017152953708
2026-10-05_Mark-Liversedge_Wrist_01,swing_0030,xFactorStretch,0,-9.185039663767645,-13.424418602120383,3.4134115876908435,1.2419770746781396
2026-10-05_Mark-Liversedge_Wrist_01,swing_0030,pelvisRotation,5,7.236589304654398,5.832478969432681,3.663151774529177,0.38330662272441246
2026-10-05_Mark-Liversedge_Wrist_01,swing_0030,leadArmAngularSpeed,9,740.3964180767518,659.0850485173421,111.53207389746827,0.7290402367498294
2026-10-05_Mark-Liversedge_Wrist_01,swing_0030,pelvisRotation,7,127.39198564491487,124.42054253577118,13.069716533430112,0.22735329427713646
2026-10-05_Mark-Liversedge_Wrist_01,swing_0030,thoraxRotation,7,138.82870915864459,141.724986412978,13.975223960753711,0.20724370947234716
2026-10-05_Mark-Liversedge_Wrist_01,swing_0030,pelvisRotation,0,0.5457538043270812,0.17538479992602202,3.0911087843314635,0.11981752511539692
2026-10-05_Mark-Liversedge_Wrist_01,swing_0030,thoraxRotation,0,1.0524024101207123,0.7981817512761338,1.447903708956844,0.17557842919522199
2026-10-05_Mark-Liversedge_Wrist_01,swing_0030,pelvisRotation,2,55.35829626823429,57.71803823686868,6.324434322193993,0.37311510380516943
2026-10-05_Mark-Liversedge_Wrist_01,swing_0030,thoraxRotation,2,65.04998453779557,71.76525379033917,6.700600714888344,1.0021891377026346
2026-10-05_Mark-Liversedge_Wrist_01,swing_0030,xFactor,5,-4.903509411545973,-2.153665855320573,3.8707762684699154,0.7104113917987798
2026-10-05_Mark-Liversedge_Wrist_01,swing_0030,xFactor,7,11.436723513729717,17.304443877206836,19.134376786753233,0.30665855642287515
2026-10-05_Mark-Liversedge_Wrist_01,swing_0030,pelvisRotationSigned,5,7.236589304654398,5.832478969432681,3.663151774529177,0.38330662272441246
2026-10-05_Mark-Liversedge_Wrist_01,swing_0030,xFactor,0,0.5066486057936311,0.6227969513501117,3.4134115876908435,0.034027055505209194
2026-10-05_Mark-Liversedge_Wrist_01,swing_0030,pelvisRotationSigned,7,127.39198564491487,124.42054253577118,13.069716533430112,0.22735329427713646
2026-10-05_Mark-Liversedge_Wrist_01,swing_0030,xFactor,2,9.691688269561276,14.047215553470494,9.2139307266827,0.47271109509169745
2026-10-05_Mark-Liversedge_Wrist_01,swing_0030,pelvisRotationSigned,0,0.5457538043270812,0.17538479992602202,3.0911087843314635,0.11981752511539692
2026-10-05_Mark-Liversedge_Wrist_01,swing_0030,pelvisRotationSigned,2,-55.35829626823429,-57.71803823686868,6.324434322193993,0.37311510380516943
2026-10-05_Mark-Liversedge_Wrist_01,swing_0030,xFactorStretch,5,-14.595197681107248,-16.200881408791066,3.8707762684699154,0.41482214840552667
2026-10-05_Mark-Liversedge_Wrist_01,swing_0030,thoraxRotation,5,2.333079893108425,3.6788131141121077,1.2506910079286675,1.0759917617321157
2026-10-05_Mark-Liversedge_Wrist_01,swing_0031,leadArmAngularSpeed,5,466.21043528125534,478.8507992656264,70.31946209781884,0.17975626671870015
2026-10-05_Mark-Liversedge_Wrist_01,swing_0031,xFactorStretch,7,11.77342009971973,14.493770105864087,15.30418354859186,0.17775205044470715
2026-10-05_Mark-Liversedge_Wrist_01,swing_0031,leadArmAngularSpeed,14,492.56751222770356,584.5871837726694,70.31946209781884,1.308594645063704
2026-10-05_Mark-Liversedge_Wrist_01,swing_0031,xFactorStretch,0,-44.61145536313695,-40.583553814796,2.8771650222353107,1.3999549963983697
2026-10-05_Mark-Liversedge_Wrist_01,swing_0031,pelvisRotation,5,5.318548755132619,5.278964378033862,4.057875290112868,0.009754951611057557
2026-10-05_Mark-Liversedge_Wrist_01,swing_0031,leadArmAngularSpeed,9,658.3860252840071,672.0952011977873,70.31946209781884,0.19495564250349162
2026-10-05_Mark-Liversedge_Wrist_01,swing_0031,pelvisRotation,7,73.12209800870518,73.70498608163386,7.957724285872297,0.07324808600915081
2026-10-05_Mark-Liversedge_Wrist_01,swing_0031,thoraxRotation,7,130.197336338699,129.84450435961597,13.072591873038336,0.026990208407769688
2026-10-05_Mark-Liversedge_Wrist_01,swing_0031,pelvisRotation,0,0.957848036931691,0.7118169764050581,2.6079175308013616,0.0943400462709541
2026-10-05_Mark-Liversedge_Wrist_01,swing_0031,thoraxRotation,0,1.648210904068821,1.7740113337270782,1.2152550011060415,0.10351772224246122
2026-10-05_Mark-Liversedge_Wrist_01,swing_0031,pelvisRotation,2,44.04941230380457,51.12856388611955,5.742351556675609,1.232796618675377
2026-10-05_Mark-Liversedge_Wrist_01,swing_0031,thoraxRotation,2,89.35123053407865,92.77431205823757,9.021924062161494,0.37941812639673306
2026-10-05_Mark-Liversedge_Wrist_01,swing_0031,xFactor,5,0.7888984510684738,1.973671850969228,4.273060846272371,0.27726574521734176
2026-10-05_Mark-Liversedge_Wrist_01,swing_0031,xFactor,7,57.07523832999381,56.139518277982106,15.30418354859186,0.06114145514791601
2026-10-05_Mark-Liversedge_Wrist_01,swing_0031,pelvisRotationSigned,5,5.318548755132619,5.278964378033862,4.057875290112868,0.009754951611057557
2026-10-05_Mark-Liversedge_Wrist_01,swing_0031,xFactor,0,0.6903628671371301,1.06219435732202,2.8771650222353107,0.1292353713851313
2026-10-05_Mark-Liversedge_Wrist_01,swing_0031,pelvisRotationSigned,7,73.12209800870518,73.70498608163386,7.957724285872297,0.07324808600915081
2026-10-05_Mark-Liversedge_Wrist_01,swing_0031,xFactor,2,45.30181823027408,41.64574817211802,10.69437773710389,0.34186842358030917
2026-10-05_Mark-Liversedge_Wrist_01,swing_0031,pelvisRotationSigned,0,0.957848036931691,0.7118169764050581,2.6079175308013616,0.0943400462709541
2026-10-05_Mark-Liversedge_Wrist_01,swing_0031,pelvisRotationSigned,2,-44.04941230380457,-51.12856388611955,5.742351556675609,1.232796618675377
2026-10-05_Mark-Liversedge_Wrist_01,swing_0031,xFactorStretch,5,-44.5129197792056,-39.67207632114879,4.273060846272371,1.1328749185211688
2026-10-05_Mark-Liversedge_Wrist_01,swing_0031,thoraxRotation,5,6.107447206201093,7.25263622900309,1.3389163998687006,0.8553103262565898
2026-10-07_Mark-Liversedge_Wrist_01,swing_0001,leadArmAngularSpeed,5,487.6072484493955,412.8720550441362,72.49961757056228,1.0308356914092853
2026-10-07_Mark-Liversedge_Wrist_01,swing_0001,xFactorStretch,7,-69.7909516234094,-56.27139523069437,18.774135651733253,0.7201160492023444
2026-10-07_Mark-Liversedge_Wrist_01,swing_0001,leadArmAngularSpeed,14,541.3885109805337,552.3929608827682,72.49961757056228,0.1517863165488296
2026-10-07_Mark-Liversedge_Wrist_01,swing_0001,xFactorStretch,0,-74.75577164625275,-72.36269627821409,2.7093030211901548,0.883280810349307
2026-10-07_Mark-Liversedge_Wrist_01,swing_0001,pelvisRotation,5,7.534220847219753,8.188499710715242,2.8474885448813265,0.229774010740667
2026-10-07_Mark-Liversedge_Wrist_01,swing_0001,leadArmAngularSpeed,9,579.5659764887715,510.99263700427167,72.49961757056228,0.9458441545261799
2026-10-07_Mark-Liversedge_Wrist_01,swing_0001,pelvisRotation,7,127.0754043169797,128.72956370781776,13.007600553201847,0.12716867988622896
2026-10-07_Mark-Liversedge_Wrist_01,swing_0001,thoraxRotation,7,134.02225883353924,146.91507091371324,13.537743435226737,0.9523604980299334
2026-10-07_Mark-Liversedge_Wrist_01,swing_0001,pelvisRotation,0,0.924393975005969,0.9188259053077198,2.382456943981624,0.0023371124134330366
2026-10-07_Mark-Liversedge_Wrist_01,swing_0001,thoraxRotation,0,2.9064284687221553,3.013032063683478,1.290047197083828,0.0826354223336183
2026-10-07_Mark-Liversedge_Wrist_01,swing_0001,pelvisRotation,2,41.92137216179115,45.16572089990664,5.977106489301574,0.5427958735422486
2026-10-07_Mark-Liversedge_Wrist_01,swing_0001,thoraxRotation,2,118.6591783017601,119.62262333649649,11.932011553220319,0.08074456100206943
2026-10-07_Mark-Liversedge_Wrist_01,swing_0001,xFactor,5,-4.421432544112825,-6.681875993369923,3.0781293288762237,0.7343562299516343
2026-10-07_Mark-Liversedge_Wrist_01,swing_0001,xFactor,7,6.94685451655954,18.185507205895476,18.774135651733253,0.5986242401683279
2026-10-07_Mark-Liversedge_Wrist_01,swing_0001,pelvisRotationSigned,5,7.534220847219753,8.188499710715242,2.8474885448813265,0.229774010740667
2026-10-07_Mark-Liversedge_Wrist_01,swing_0001,xFactor,0,1.9820344937161862,2.094206158375758,2.7093030211901548,0.04140240636881458
2026-10-07_Mark-Liversedge_Wrist_01,swing_0001,pelvisRotationSigned,7,127.0754043169797,128.72956370781776,13.007600553201847,0.12716867988622896
2026-10-07_Mark-Liversedge_Wrist_01,swing_0001,xFactor,2,76.73780613996894,74.45690243658984,13.345362553735066,0.1709135809682984
2026-10-07_Mark-Liversedge_Wrist_01,swing_0001,pelvisRotationSigned,0,0.924393975005969,0.9188259053077198,2.382456943981624,0.0023371124134330366
2026-10-07_Mark-Liversedge_Wrist_01,swing_0001,pelvisRotationSigned,2,-41.92137216179115,-45.16572089990664,5.977106489301574,0.5427958735422486
2026-10-07_Mark-Liversedge_Wrist_01,swing_0001,xFactorStretch,5,-81.15923868408177,-81.13877842995977,3.0781293288762237,0.006646976762821569
2026-10-07_Mark-Liversedge_Wrist_01,swing_0001,thoraxRotation,5,3.1127883031069286,1.5066237173453187,1.1690548114000545,1.373900154294797
2026-10-07_Mark-Liversedge_Wrist_01,swing_0002,leadArmAngularSpeed,5,422.365500309497,401.04666103507026,66.93525730667473,0.31849939975207736
2026-10-07_Mark-Liversedge_Wrist_01,swing_0002,xFactorStretch,7,-39.49234987535115,-51.42675946645948,19.184990312380396,0.6220701390402502
2026-10-07_Mark-Liversedge_Wrist_01,swing_0002,xFactorStretch,0,-55.18879044115497,-62.35326416868102,3.275144748999187,2.187528880888504
2026-10-07_Mark-Liversedge_Wrist_01,swing_0002,pelvisRotation,5,5.880614822298446,6.794951540075278,3.053941499640751,0.299395622962781
2026-10-07_Mark-Liversedge_Wrist_01,swing_0002,leadArmAngularSpeed,9,598.251728902672,594.2824296520962,66.93525730667473,0.05930057506748327
2026-10-07_Mark-Liversedge_Wrist_01,swing_0002,pelvisRotation,7,124.13907824471153,126.00621008192944,12.990212769113747,0.14373373788436386
2026-10-07_Mark-Liversedge_Wrist_01,swing_0002,thoraxRotation,7,140.08171063533212,137.12820448549758,14.118010677828654,0.2092012973522405
2026-10-07_Mark-Liversedge_Wrist_01,swing_0002,pelvisRotation,0,0.22911184740063625,0.3324998391725729,2.9388558437550136,0.03517967442725483
2026-10-07_Mark-Liversedge_Wrist_01,swing_0002,thoraxRotation,0,0.4753036722174053,0.5279895405191669,1.445579280608282,0.03644619773437263
2026-10-07_Mark-Liversedge_Wrist_01,swing_0002,pelvisRotation,2,50.903232395915595,41.28227600629925,6.285965676715404,1.5305454856768435
2026-10-07_Mark-Liversedge_Wrist_01,swing_0002,thoraxRotation,2,106.33821466188733,103.83102987632687,10.734021899005835,0.23357366038098726
2026-10-07_Mark-Liversedge_Wrist_01,swing_0002,xFactor,5,-1.1033811954624566,-2.075834316801936,3.3604786152673904,0.2893793511797433
2026-10-07_Mark-Liversedge_Wrist_01,swing_0002,xFactor,7,15.942632390620588,11.121994403568138,19.184990312380396,0.2512713276660667
2026-10-07_Mark-Liversedge_Wrist_01,swing_0002,pelvisRotationSigned,5,5.880614822298446,6.794951540075278,3.053941499640751,0.299395622962781
2026-10-07_Mark-Liversedge_Wrist_01,swing_0002,xFactor,0,0.24619182481676904,0.195489701346594,3.275144748999187,0.015480880191835343
2026-10-07_Mark-Liversedge_Wrist_01,swing_0002,pelvisRotationSigned,7,124.13907824471153,126.00621008192944,12.990212769113747,0.14373373788436386
2026-10-07_Mark-Liversedge_Wrist_01,swing_0002,xFactor,2,55.43498226597174,62.54875387002762,12.439155542768207,0.5718854129283426
2026-10-07_Mark-Liversedge_Wrist_01,swing_0002,pelvisRotationSigned,0,0.22911184740063625,0.3324998391725729,2.9388558437550136,0.03517967442725483
2026-10-07_Mark-Liversedge_Wrist_01,swing_0002,pelvisRotationSigned,2,-50.903232395915595,-41.28227600629925,6.285965676715404,1.5305454856768435
2026-10-07_Mark-Liversedge_Wrist_01,swing_0002,xFactorStretch,5,-56.538363461434194,-64.62458818682956,3.3604786152673904,2.4062717401794704
2026-10-07_Mark-Liversedge_Wrist_01,swing_0002,thoraxRotation,5,4.777233626835989,4.719117223273342,1.4022331619389972,0.04144560629438006
2026-10-07_Mark-Liversedge_Wrist_01,swing_0003,leadArmAngularSpeed,5,443.47359973639135,418.9089880599668,123.69767639938964,0.1985858780169111
2026-10-07_Mark-Liversedge_Wrist_01,swing_0003,xFactorStretch,7,-55.12408086720299,-68.15632333177268,19.86806863593954,0.6559390700410378
2026-10-07_Mark-Liversedge_Wrist_01,swing_0003,xFactorStretch,0,-67.9821056252597,-76.11129875568109,2.6498203441654202,3.067828031557261
2026-10-07_Mark-Liversedge_Wrist_01,swing_0003,pelvisRotation,5,6.112779066942074,7.122299261108193,2.915308234251134,0.3462824898943964
2026-10-07_Mark-Liversedge_Wrist_01,swing_0003,leadArmAngularSpeed,9,702.605798154169,678.3706990899595,123.69767639938964,0.19592202351449337
2026-10-07_Mark-Liversedge_Wrist_01,swing_0003,pelvisRotation,7,131.16296339673258,134.5632206877902,13.385808993786961,0.2540195585217036
2026-10-07_Mark-Liversedge_Wrist_01,swing_0003,thoraxRotation,7,145.75315833532196,144.54994361794925,14.681970879424075,0.08195185287139738
2026-10-07_Mark-Liversedge_Wrist_01,swing_0003,pelvisRotation,0,2.065656565331557,1.7587732223594994,2.3405723683174178,0.1311146568788508
2026-10-07_Mark-Liversedge_Wrist_01,swing_0003,thoraxRotation,0,3.7978267458642163,3.790520728610157,1.24228372162801,0.005881118078634088
2026-10-07_Mark-Liversedge_Wrist_01,swing_0003,pelvisRotation,2,47.73845436689408,39.13388636700174,6.915798058158807,1.244190175527354
2026-10-07_Mark-Liversedge_Wrist_01,swing_0003,thoraxRotation,2,117.45273017268644,117.27693262893348,11.799443635753235,0.014898799399344853
2026-10-07_Mark-Liversedge_Wrist_01,swing_0003,xFactor,5,-3.4675258781323164,-5.7975912164304475,3.1290634560531636,0.7446526320169784
2026-10-07_Mark-Liversedge_Wrist_01,swing_0003,xFactor,7,14.590194938589377,9.986722930159061,19.86806863593954,0.23170203872272976
2026-10-07_Mark-Liversedge_Wrist_01,swing_0003,pelvisRotationSigned,5,6.112779066942074,7.122299261108193,2.915308234251134,0.3462824898943964
2026-10-07_Mark-Liversedge_Wrist_01,swing_0003,xFactor,0,1.7321701805326595,2.0317475062506576,2.6498203441654202,0.11305571201369582
2026-10-07_Mark-Liversedge_Wrist_01,swing_0003,pelvisRotationSigned,7,131.16296339673258,134.5632206877902,13.385808993786961,0.2540195585217036
2026-10-07_Mark-Liversedge_Wrist_01,swing_0003,xFactor,2,69.71427580579237,78.14304626193174,13.676810040888578,0.6162818984061696
2026-10-07_Mark-Liversedge_Wrist_01,swing_0003,pelvisRotationSigned,0,2.065656565331557,1.7587732223594994,2.3405723683174178,0.1311146568788508
2026-10-07_Mark-Liversedge_Wrist_01,swing_0003,pelvisRotationSigned,2,-47.73845436689408,-39.13388636700174,6.915798058158807,1.244190175527354
2026-10-07_Mark-Liversedge_Wrist_01,swing_0003,xFactorStretch,5,-73.18180168392469,-83.94063747836219,3.1290634560531636,3.438356538799035
2026-10-07_Mark-Liversedge_Wrist_01,swing_0003,thoraxRotation,5,2.6452531888097575,1.3247080446777448,1.1366688221794865,1.1617677184106763
2026-10-07_Mark-Liversedge_Wrist_01,swing_0004,leadArmAngularSpeed,5,496.6028656623389,495.4504931897312,121.40265162808267,0.009492152413095364
2026-10-07_Mark-Liversedge_Wrist_01,swing_0004,xFactorStretch,7,-61.55583743251204,-68.97364406128457,18.105651370819338,0.4096956512002502
2026-10-07_Mark-Liversedge_Wrist_01,swing_0004,xFactorStretch,0,-62.35919015848286,-69.10084779321272,2.798621979991869,2.4089204197379486
2026-10-07_Mark-Liversedge_Wrist_01,swing_0004,pelvisRotation,5,7.610802528861056,9.239435929603479,3.4851313024649717,0.4673090507638893
2026-10-07_Mark-Liversedge_Wrist_01,swing_0004,leadArmAngularSpeed,9,679.4264153705752,769.1326444549994,121.40265162808267,0.7389149073880154
2026-10-07_Mark-Liversedge_Wrist_01,swing_0004,pelvisRotation,7,125.17190614576121,126.46203297447225,12.7848847853161,0.10091032108422247
2026-10-07_Mark-Liversedge_Wrist_01,swing_0004,thoraxRotation,7,127.08163387439033,127.78771541399577,12.820348380127784,0.05507506650130497
2026-10-07_Mark-Liversedge_Wrist_01,swing_0004,pelvisRotation,0,0.9093509840801005,0.8789685715444162,2.5334395032826826,0.011992554981603685
2026-10-07_Mark-Liversedge_Wrist_01,swing_0004,thoraxRotation,0,2.015725986738407,2.0774472791397836,1.1891043983185,0.051905696832553805
2026-10-07_Mark-Liversedge_Wrist_01,swing_0004,pelvisRotation,2,50.43367673359926,43.389951688762075,6.833905804708537,1.0307026824958703
2026-10-07_Mark-Liversedge_Wrist_01,swing_0004,thoraxRotation,2,113.89924189474043,113.68927818957016,11.507189294372337,0.018246306704361878
2026-10-07_Mark-Liversedge_Wrist_01,swing_0004,xFactor,5,-4.292375523463567,-6.601972514033443,3.715940398651303,0.6215376843525644
2026-10-07_Mark-Liversedge_Wrist_01,swing_0004,xFactor,7,1.9097277286291217,1.3256824395235185,18.105651370819338,0.032257623718907016
2026-10-07_Mark-Liversedge_Wrist_01,swing_0004,pelvisRotationSigned,5,7.610802528861056,9.239435929603479,3.4851313024649717,0.4673090507638893
2026-10-07_Mark-Liversedge_Wrist_01,swing_0004,xFactor,0,1.1063750026583068,1.1984787075953673,2.798621979991869,0.03291037717688766
2026-10-07_Mark-Liversedge_Wrist_01,swing_0004,pelvisRotationSigned,7,125.17190614576121,126.46203297447225,12.7848847853161,0.10091032108422247
2026-10-07_Mark-Liversedge_Wrist_01,swing_0004,xFactor,2,63.465565161141164,70.29932650080809,13.383485121751598,0.5106114945023036
2026-10-07_Mark-Liversedge_Wrist_01,swing_0004,pelvisRotationSigned,0,0.9093509840801005,0.8789685715444162,2.5334395032826826,0.011992554981603685
2026-10-07_Mark-Liversedge_Wrist_01,swing_0004,pelvisRotationSigned,2,-50.43367673359926,-43.389951688762075,6.833905804708537,1.0307026824958703
2026-10-07_Mark-Liversedge_Wrist_01,swing_0004,xFactorStretch,5,-67.75794068460473,-76.90129901484154,3.715940398651303,2.460577229267558
2026-10-07_Mark-Liversedge_Wrist_01,swing_0004,thoraxRotation,5,3.318427005397489,2.6374634155700356,1.2892140438684385,0.5282005676762114
2026-10-07_Mark-Liversedge_Wrist_01,swing_0005,leadArmAngularSpeed,5,371.3024207372571,363.5941450911889,72.07702882377913,0.1069449694564144
2026-10-07_Mark-Liversedge_Wrist_01,swing_0005,xFactorStretch,7,-41.32993458240425,-42.42822840530269,15.668575083623146,0.0700953224550956
2026-10-07_Mark-Liversedge_Wrist_01,swing_0005,xFactorStretch,0,-66.91072510452457,-67.10584678576546,2.861009658344602,0.06820028750052881
2026-10-07_Mark-Liversedge_Wrist_01,swing_0005,pelvisRotation,5,7.481081700626267,6.270711660177409,3.045890078344402,0.39737810929367356
2026-10-07_Mark-Liversedge_Wrist_01,swing_0005,leadArmAngularSpeed,9,622.7114963129721,550.1328961780879,72.07702882377913,1.0069588233489954
2026-10-07_Mark-Liversedge_Wrist_01,swing_0005,pelvisRotation,7,94.29870828134985,93.90364188016022,9.816605677573707,0.04024470516241303
2026-10-07_Mark-Liversedge_Wrist_01,swing_0005,thoraxRotation,7,121.45223462425673,120.9778382821982,12.212227402163938,0.0388460128063506
2026-10-07_Mark-Liversedge_Wrist_01,swing_0005,pelvisRotation,0,1.469013272013683,0.7219916104154802,2.442681256721167,0.3058203601238324
2026-10-07_Mark-Liversedge_Wrist_01,swing_0005,thoraxRotation,0,3.041749092800249,3.118569631990693,1.4895249387654432,0.05157385230093214
2026-10-07_Mark-Liversedge_Wrist_01,swing_0005,pelvisRotation,2,42.337684088206615,41.17746179489844,6.074925164335205,0.1909854462273264
2026-10-07_Mark-Liversedge_Wrist_01,swing_0005,thoraxRotation,2,110.82114501351775,110.67988660223912,11.137212283017968,0.012683462224565716
2026-10-07_Mark-Liversedge_Wrist_01,swing_0005,xFactor,5,-4.94358691484768,-5.234123448148371,3.2370308213819166,0.08975402130297248
2026-10-07_Mark-Liversedge_Wrist_01,swing_0005,xFactor,7,27.153526342906886,27.074196402037984,15.668575083623146,0.005062996503863219
2026-10-07_Mark-Liversedge_Wrist_01,swing_0005,pelvisRotationSigned,5,7.481081700626267,6.270711660177409,3.045890078344402,0.39737810929367356
2026-10-07_Mark-Liversedge_Wrist_01,swing_0005,xFactor,0,1.572735820786566,2.3965780215752126,2.861009658344602,0.28795505753913697
2026-10-07_Mark-Liversedge_Wrist_01,swing_0005,pelvisRotationSigned,7,94.29870828134985,93.90364188016022,9.816605677573707,0.04024470516241303
2026-10-07_Mark-Liversedge_Wrist_01,swing_0005,xFactor,2,68.48346092531114,69.50242480734067,12.686300216740868,0.08032001959759014
2026-10-07_Mark-Liversedge_Wrist_01,swing_0005,pelvisRotationSigned,0,1.469013272013683,0.7219916104154802,2.442681256721167,0.3058203601238324
2026-10-07_Mark-Liversedge_Wrist_01,swing_0005,pelvisRotationSigned,2,-42.337684088206615,-41.17746179489844,6.074925164335205,0.1909854462273264
2026-10-07_Mark-Liversedge_Wrist_01,swing_0005,xFactorStretch,5,-73.42704784015882,-74.73654825548904,3.2370308213819166,0.4045375183580065
2026-10-07_Mark-Liversedge_Wrist_01,swing_0005,thoraxRotation,5,2.5374947857785872,1.0365882120290377,1.0958659449127965,1.3696078254069517
2026-10-07_Mark-Liversedge_Wrist_01,swing_0006,leadArmAngularSpeed,5,482.5093668905124,498.29807426072733,96.96205324218354,0.16283388028901613
2026-10-07_Mark-Liversedge_Wrist_01,swing_0006,xFactorStretch,7,-46.0575518290928,-45.89165242071484,19.776816477511524,0.008388580061235171
2026-10-07_Mark-Liversedge_Wrist_01,swing_0006,xFactorStretch,0,-59.88197263910277,-60.45734919865214,3.3608714984354955,0.1711986191132895
2026-10-07_Mark-Liversedge_Wrist_01,swing_0006,pelvisRotation,5,10.84239018530718,10.179627620199312,3.220362875802636,0.20580369066100404
2026-10-07_Mark-Liversedge_Wrist_01,swing_0006,leadArmAngularSpeed,9,636.1542415408103,657.034358113839,96.96205324218354,0.21534317678768708
2026-10-07_Mark-Liversedge_Wrist_01,swing_0006,pelvisRotation,7,130.6431265611197,130.63822290480843,13.339727732447933,0.0003675979307530214
2026-10-07_Mark-Liversedge_Wrist_01,swing_0006,thoraxRotation,7,145.1182892420798,145.56746716217071,14.600484033391865,0.03076459102750406
2026-10-07_Mark-Liversedge_Wrist_01,swing_0006,pelvisRotation,0,1.3784431894256863,1.6675736051300887,2.996649263995687,0.09648457000899738
2026-10-07_Mark-Liversedge_Wrist_01,swing_0006,thoraxRotation,0,2.0291850603758435,2.031121084555078,1.521693273163209,0.0012722828006000407
2026-10-07_Mark-Liversedge_Wrist_01,swing_0006,pelvisRotation,2,45.95013012322899,46.088581463314604,6.325999319685915,0.02188608203841706
2026-10-07_Mark-Liversedge_Wrist_01,swing_0006,thoraxRotation,2,106.48284463328191,106.90947814139173,10.72532016824487,0.039778160597291716
2026-10-07_Mark-Liversedge_Wrist_01,swing_0006,xFactor,5,-4.785847869815294,-3.705943878376445,3.5773455851036764,0.3018729853597725
2026-10-07_Mark-Liversedge_Wrist_01,swing_0006,xFactor,7,14.475162680960125,14.929244257362285,19.776816477511524,0.022960296816148456
2026-10-07_Mark-Liversedge_Wrist_01,swing_0006,pelvisRotationSigned,5,10.84239018530718,10.179627620199312,3.220362875802636,0.20580369066100404
2026-10-07_Mark-Liversedge_Wrist_01,swing_0006,xFactor,0,0.6507418709501571,0.3635474794249891,3.3608714984354955,0.08545235712191276
2026-10-07_Mark-Liversedge_Wrist_01,swing_0006,pelvisRotationSigned,7,130.6431265611197,130.63822290480843,13.339727732447933,0.0003675979307530214
2026-10-07_Mark-Liversedge_Wrist_01,swing_0006,xFactor,2,60.53271451005293,60.820896678077126,12.451938005950192,0.023143559491421432
2026-10-07_Mark-Liversedge_Wrist_01,swing_0006,pelvisRotationSigned,0,1.3784431894256863,1.6675736051300887,2.996649263995687,0.09648457000899738
2026-10-07_Mark-Liversedge_Wrist_01,swing_0006,pelvisRotationSigned,2,-45.95013012322899,-46.088581463314604,6.325999319685915,0.02188608203841706
2026-10-07_Mark-Liversedge_Wrist_01,swing_0006,xFactorStretch,5,-65.31856237986823,-64.52684055645358,3.5773455851036764,0.22131544313510942
2026-10-07_Mark-Liversedge_Wrist_01,swing_0006,thoraxRotation,5,6.056542315491885,6.473683741822867,1.557775459882759,0.2677802013663618
2026-10-07_Mark-Liversedge_Wrist_01,swing_0007,leadArmAngularSpeed,5,401.50856647280466,392.3551434275405,80.30357636863299,0.11398524772104096
2026-10-07_Mark-Liversedge_Wrist_01,swing_0007,xFactorStretch,7,-52.707525764551946,-51.65893405097884,19.137394155814896,0.05479281583665811
2026-10-07_Mark-Liversedge_Wrist_01,swing_0007,leadArmAngularSpeed,14,521.8884272450097,787.4440200792064,80.30357636863299,3.306896216118268
2026-10-07_Mark-Liversedge_Wrist_01,swing_0007,xFactorStretch,0,-67.52620018988124,-65.14304601328647,3.0341249070485596,0.7854502532372609
2026-10-07_Mark-Liversedge_Wrist_01,swing_0007,pelvisRotation,5,6.9403934232074835,7.454065568904352,2.4396800096482703,0.2105489833361076
2026-10-07_Mark-Liversedge_Wrist_01,swing_0007,leadArmAngularSpeed,9,598.561217431121,591.9293906358346,80.30357636863299,0.08258445134302707
2026-10-07_Mark-Liversedge_Wrist_01,swing_0007,pelvisRotation,7,125.6161279557002,126.17311055771435,12.842498551629008,0.043370267847412644
2026-10-07_Mark-Liversedge_Wrist_01,swing_0007,thoraxRotation,7,140.95358507471155,140.2896335543635,14.188378555226983,0.04679544725732351
2026-10-07_Mark-Liversedge_Wrist_01,swing_0007,pelvisRotation,0,1.2774005819202598,1.1596073881973878,2.728068626823993,0.043178237000586886
2026-10-07_Mark-Liversedge_Wrist_01,swing_0007,thoraxRotation,0,1.7961832756023262,1.7920184225389086,1.3279892766551558,0.0031362098599980047
2026-10-07_Mark-Liversedge_Wrist_01,swing_0007,pelvisRotation,2,44.11429316399783,45.90612377743698,6.1023758637069445,0.29362835942240517
2026-10-07_Mark-Liversedge_Wrist_01,swing_0007,thoraxRotation,2,112.15927604756114,111.68158082506496,11.263368074145708,0.04241140122133601
2026-10-07_Mark-Liversedge_Wrist_01,swing_0007,xFactor,5,-2.7093292621652374,-3.4846933719510043,2.7808960493916595,0.2788180845362354
2026-10-07_Mark-Liversedge_Wrist_01,swing_0007,xFactor,7,15.337457119011361,14.116522996649138,19.137394155814896,0.06379834748772431
2026-10-07_Mark-Liversedge_Wrist_01,swing_0007,pelvisRotationSigned,5,6.9403934232074835,7.454065568904352,2.4396800096482703,0.2105489833361076
2026-10-07_Mark-Liversedge_Wrist_01,swing_0007,xFactor,0,0.5187826936820663,0.6324110343415208,3.0341249070485596,0.037450119603014725
2026-10-07_Mark-Liversedge_Wrist_01,swing_0007,pelvisRotationSigned,7,125.6161279557002,126.17311055771435,12.842498551629008,0.043370267847412644
2026-10-07_Mark-Liversedge_Wrist_01,swing_0007,xFactor,2,68.0449828835633,65.77545704762798,12.810247911560412,0.1771648645368703
2026-10-07_Mark-Liversedge_Wrist_01,swing_0007,pelvisRotationSigned,0,1.2774005819202598,1.1596073881973878,2.728068626823993,0.043178237000586886
2026-10-07_Mark-Liversedge_Wrist_01,swing_0007,pelvisRotationSigned,2,-44.11429316399783,-45.90612377743698,6.1023758637069445,0.29362835942240517
2026-10-07_Mark-Liversedge_Wrist_01,swing_0007,xFactorStretch,5,-70.75431214572855,-69.26015041957899,2.7808960493916595,0.5372950659110092
2026-10-07_Mark-Liversedge_Wrist_01,swing_0007,thoraxRotation,5,4.231064161042246,3.9693721969533478,1.334670104574443,0.19607239511245245
2026-10-07_Mark-Liversedge_Wrist_01,swing_0008,leadArmAngularSpeed,5,469.3265183532333,466.1241204308589,78.06228549690873,0.041023624942434354
2026-10-07_Mark-Liversedge_Wrist_01,swing_0008,xFactorStretch,7,-5.619281152676898,-5.985620761421373,14.586081493728555,0.025115697379175274
2026-10-07_Mark-Liversedge_Wrist_01,swing_0008,leadArmAngularSpeed,14,679.0745554020932,674.2946660320775,78.06228549690873,0.06123173744643885
2026-10-07_Mark-Liversedge_Wrist_01,swing_0008,xFactorStretch,0,-42.667819966557,-42.653762370851716,3.025017453839534,0.004647112262919016
2026-10-07_Mark-Liversedge_Wrist_01,swing_0008,pelvisRotation,5,9.665690133480465,9.469837013590142,2.6062524757089567,0.07514740867039246
2026-10-07_Mark-Liversedge_Wrist_01,swing_0008,leadArmAngularSpeed,9,500.8698762533492,495.6211627306758,78.06228549690873,0.06723750770634657
2026-10-07_Mark-Liversedge_Wrist_01,swing_0008,pelvisRotation,7,78.18825221644325,78.69812443944284,8.535988574037146,0.05973206484254265
2026-10-07_Mark-Liversedge_Wrist_01,swing_0008,thoraxRotation,7,117.23123962359962,117.34478127128394,11.827538729828701,0.009599769679719254
2026-10-07_Mark-Liversedge_Wrist_01,swing_0008,pelvisRotation,0,1.7874746921463835,1.8075326757588164,2.7207934767583444,0.007372108094117699
2026-10-07_Mark-Liversedge_Wrist_01,swing_0008,thoraxRotation,0,3.7819232854226614,3.78604789816957,1.3221245980856184,0.0031196853555867975
2026-10-07_Mark-Liversedge_Wrist_01,swing_0008,pelvisRotation,2,37.38902120434981,37.345389374144375,5.775082033577602,0.0075551879526125345
2026-10-07_Mark-Liversedge_Wrist_01,swing_0008,thoraxRotation,2,82.05128976418308,81.97766696740685,8.35570951688544,0.00881107662101653
2026-10-07_Mark-Liversedge_Wrist_01,swing_0008,xFactor,5,-9.17428407869207,-8.941454902334995,2.8793048203004603,0.0808629828684756
2026-10-07_Mark-Liversedge_Wrist_01,swing_0008,xFactor,7,39.042987407156375,38.6466568318411,14.586081493728555,0.02717183333204891
2026-10-07_Mark-Liversedge_Wrist_01,swing_0008,pelvisRotationSigned,5,9.665690133480465,9.469837013590142,2.6062524757089567,0.07514740867039246
2026-10-07_Mark-Liversedge_Wrist_01,swing_0008,xFactor,0,1.9944485932762779,1.9785152224107538,3.025017453839534,0.005267199647162515
2026-10-07_Mark-Liversedge_Wrist_01,swing_0008,pelvisRotationSigned,7,78.18825221644325,78.69812443944284,8.535988574037146,0.05973206484254265
2026-10-07_Mark-Liversedge_Wrist_01,swing_0008,xFactor,2,44.66226855983327,44.63227759326247,10.157236534861278,0.0029526698987333987
2026-10-07_Mark-Liversedge_Wrist_01,swing_0008,pelvisRotationSigned,0,1.7874746921463835,1.8075326757588164,2.7207934767583444,0.007372108094117699
2026-10-07_Mark-Liversedge_Wrist_01,swing_0008,pelvisRotationSigned,2,-37.38902120434981,-37.345389374144375,5.775082033577602,0.0075551879526125345
2026-10-07_Mark-Liversedge_Wrist_01,swing_0008,xFactorStretch,5,-53.83655263852534,-53.57373249559747,2.8793048203004603,0.0912790271717206
2026-10-07_Mark-Liversedge_Wrist_01,swing_0008,thoraxRotation,5,0.49140605478839516,0.5283821112551483,1.223864486398065,0.03021254140282866
2026-10-07_Mark-Liversedge_Wrist_01,swing_0009,leadArmAngularSpeed,5,525.7890997162293,554.191453036891,80.50372906712536,0.3528079214439777
2026-10-07_Mark-Liversedge_Wrist_01,swing_0009,xFactorStretch,7,-54.14110514938423,-54.959647121287176,18.724218803076145,0.043715680772138256
2026-10-07_Mark-Liversedge_Wrist_01,swing_0009,leadArmAngularSpeed,14,463.34590546975153,466.5895978853853,80.50372906712536,0.04029244922218572
2026-10-07_Mark-Liversedge_Wrist_01,swing_0009,xFactorStretch,0,-59.89371565521484,-61.82623059800553,3.5771058530698383,0.5402453889174745
2026-10-07_Mark-Liversedge_Wrist_01,swing_0009,pelvisRotation,5,11.382783579963501,11.869677206017345,3.7182049527818335,0.13094857121567938
2026-10-07_Mark-Liversedge_Wrist_01,swing_0009,leadArmAngularSpeed,9,660.395883716005,641.5788609457962,80.50372906712536,0.23374100787950797
2026-10-07_Mark-Liversedge_Wrist_01,swing_0009,pelvisRotation,7,126.02950794481947,127.13245730703493,12.87047234988835,0.0856961059572163
2026-10-07_Mark-Liversedge_Wrist_01,swing_0009,thoraxRotation,7,135.06236340130044,137.0572604269848,13.599533494801564,0.14668863652175407
2026-10-07_Mark-Liversedge_Wrist_01,swing_0009,pelvisRotation,0,2.4966528806735466,2.503260734237676,3.209673247780613,0.0020587309218153367
2026-10-07_Mark-Liversedge_Wrist_01,swing_0009,thoraxRotation,0,5.776897831323909,5.5614803774692065,1.5791402491697653,0.136414390025179
2026-10-07_Mark-Liversedge_Wrist_01,swing_0009,pelvisRotation,2,40.298176171622174,37.86449308225496,5.818161566377531,0.4182907369625453
2026-10-07_Mark-Liversedge_Wrist_01,swing_0009,thoraxRotation,2,103.47213677748738,102.74894332349201,10.463793685947584,0.06911388696114883
2026-10-07_Mark-Liversedge_Wrist_01,swing_0009,xFactor,5,-4.655995939411028,-5.279798781105011,4.020932583906873,0.15513884619469934
2026-10-07_Mark-Liversedge_Wrist_01,swing_0009,xFactor,7,9.032855456480974,9.924803119949885,18.724218803076145,0.04763604147385719
2026-10-07_Mark-Liversedge_Wrist_01,swing_0009,pelvisRotationSigned,5,11.382783579963501,11.869677206017345,3.7182049527818335,0.13094857121567938
2026-10-07_Mark-Liversedge_Wrist_01,swing_0009,xFactor,0,3.2802449506503626,3.0582196432315305,3.5771058530698383,0.062068419705358195
2026-10-07_Mark-Liversedge_Wrist_01,swing_0009,pelvisRotationSigned,7,126.02950794481947,127.13245730703493,12.87047234988835,0.0856961059572163
2026-10-07_Mark-Liversedge_Wrist_01,swing_0009,xFactor,2,63.173960605865204,64.88445024123706,11.972551203254433,0.14286759825315296
2026-10-07_Mark-Liversedge_Wrist_01,swing_0009,pelvisRotationSigned,0,2.4966528806735466,2.503260734237676,3.209673247780613,0.0020587309218153367
2026-10-07_Mark-Liversedge_Wrist_01,swing_0009,pelvisRotationSigned,2,-40.298176171622174,-37.86449308225496,5.818161566377531,0.4182907369625453
2026-10-07_Mark-Liversedge_Wrist_01,swing_0009,xFactorStretch,5,-67.82995654527623,-70.16424902234208,4.020932583906873,0.5805350943729992
2026-10-07_Mark-Liversedge_Wrist_01,swing_0009,thoraxRotation,5,6.726787640552473,6.589878424912333,1.5306373748973485,0.08944588567185709
2026-10-07_Mark-Liversedge_Wrist_01,swing_0010,leadArmAngularSpeed,5,419.8880361416455,382.51709808794936,54.55898557018393,0.684963946142706
2026-10-07_Mark-Liversedge_Wrist_01,swing_0010,xFactorStretch,7,-30.236600740167532,-35.20888862695347,14.463766204550645,0.3437754604482984
2026-10-07_Mark-Liversedge_Wrist_01,swing_0010,leadArmAngularSpeed,14,593.9910229755853,524.1163409905714,54.55898557018393,1.2807181301992518
2026-10-07_Mark-Liversedge_Wrist_01,swing_0010,xFactorStretch,0,-61.62168687152412,-67.94677402829112,2.729484599501777,2.3173192323274288
2026-10-07_Mark-Liversedge_Wrist_01,swing_0010,pelvisRotation,5,7.549409022646687,7.033773689110583,2.265035258971389,0.22765002509067672
2026-10-07_Mark-Liversedge_Wrist_01,swing_0010,leadArmAngularSpeed,9,755.7240349478034,612.9628812579817,54.55898557018393,2.6166387112563823
2026-10-07_Mark-Liversedge_Wrist_01,swing_0010,pelvisRotation,7,81.06685465681831,81.12781384705883,8.568535752784728,0.007114306574575802
2026-10-07_Mark-Liversedge_Wrist_01,swing_0010,thoraxRotation,7,115.60892670557958,116.70635244394548,11.652498782370724,0.09417943385896033
2026-10-07_Mark-Liversedge_Wrist_01,swing_0010,pelvisRotation,0,0.4386318163976807,0.8043115806659031,2.2523251959832518,0.16235655709058705
2026-10-07_Mark-Liversedge_Wrist_01,swing_0010,thoraxRotation,0,3.5956177338023627,3.6449647762148913,1.541790319873744,0.032006325228822054
2026-10-07_Mark-Liversedge_Wrist_01,swing_0010,pelvisRotation,2,44.97190128588295,38.59795909355297,7.18725396346647,0.8868397060587203
2026-10-07_Mark-Liversedge_Wrist_01,swing_0010,thoraxRotation,2,109.75057407481175,109.38538631739308,11.144269666796005,0.032769106306421526
2026-10-07_Mark-Liversedge_Wrist_01,swing_0010,xFactor,5,-2.6813743906081946,-3.8406447080114123,2.6547679469222523,0.4366748207681175
2026-10-07_Mark-Liversedge_Wrist_01,swing_0010,xFactor,7,34.54207204876127,35.578538596886645,14.463766204550645,0.0716595203121631
2026-10-07_Mark-Liversedge_Wrist_01,swing_0010,pelvisRotationSigned,5,7.549409022646687,7.033773689110583,2.265035258971389,0.22765002509067672
2026-10-07_Mark-Liversedge_Wrist_01,swing_0010,xFactor,0,3.156985917404682,2.840653195548988,2.729484599501777,0.11589467180486578
2026-10-07_Mark-Liversedge_Wrist_01,swing_0010,pelvisRotationSigned,7,81.06685465681831,81.12781384705883,8.568535752784728,0.007114306574575802
2026-10-07_Mark-Liversedge_Wrist_01,swing_0010,xFactor,2,64.7786727889288,70.78742722384011,13.260896121365027,0.4531182794826683
2026-10-07_Mark-Liversedge_Wrist_01,swing_0010,pelvisRotationSigned,0,0.4386318163976807,0.8043115806659031,2.2523251959832518,0.16235655709058705
2026-10-07_Mark-Liversedge_Wrist_01,swing_0010,pelvisRotationSigned,2,-44.97190128588295,-38.59795909355297,7.18725396346647,0.8868397060587203
2026-10-07_Mark-Liversedge_Wrist_01,swing_0010,xFactorStretch,5,-67.460047179537,-74.62807193185152,2.6547679469222523,2.7000569901503506
2026-10-07_Mark-Liversedge_Wrist_01,swing_0010,thoraxRotation,5,4.868034632038492,3.1931289810991705,1.3847050688223115,1.2095757346824947
2026-10-07_Mark-Liversedge_Wrist_01,swing_0011,xFactorStretch,7,14.295800952948355,12.148613330906834,11.269301199398924,0.19053422958967914
2026-10-07_Mark-Liversedge_Wrist_01,swing_0011,xFactorStretch,0,-41.55020732793986,-40.28730823611406,3.397562145273868,0.37170742957050534
2026-10-07_Mark-Liversedge_Wrist_01,swing_0011,pelvisRotation,5,0.28895231784566433,1.5136509694809916,6.591351713535543,0.18580386920036007
2026-10-07_Mark-Liversedge_Wrist_01,swing_0011,pelvisRotation,7,41.40330272353512,44.75908703196579,5.487562246666628,0.6115255112539476
2026-10-07_Mark-Liversedge_Wrist_01,swing_0011,thoraxRotation,7,97.3475210098363,97.28060096932644,9.842957386463336,0.006798773771172591
2026-10-07_Mark-Liversedge_Wrist_01,swing_0011,pelvisRotation,0,0.7002792069975886,0.5133893564932703,3.0842069508050844,0.06059575556547318
2026-10-07_Mark-Liversedge_Wrist_01,swing_0011,thoraxRotation,0,0.7984892124105516,0.5989817268330317,1.4251652590501815,0.13998901833355382
2026-10-07_Mark-Liversedge_Wrist_01,swing_0011,pelvisRotation,2,43.96279880199458,45.354585759706644,5.484529842131729,0.25376595583826816
2026-10-07_Mark-Liversedge_Wrist_01,swing_0011,thoraxRotation,2,85.6112161353474,85.72748636616046,8.68467419911653,0.013387978425821146
2026-10-07_Mark-Liversedge_Wrist_01,swing_0011,xFactor,5,9.348886143547746,8.408104405765926,9.116187724313626,0.10319903080458492
2026-10-07_Mark-Liversedge_Wrist_01,swing_0011,xFactor,7,55.94421828630118,52.52151393736065,11.269301199398924,0.30371930684780046
2026-10-07_Mark-Liversedge_Wrist_01,swing_0011,pelvisRotationSigned,5,0.28895231784566455,1.5136509694809916,6.591351713535543,0.18580386920036004
2026-10-07_Mark-Liversedge_Wrist_01,swing_0011,xFactor,0,0.09821000541296299,0.08559237033976141,3.397562145273868,0.0037137319447572608
2026-10-07_Mark-Liversedge_Wrist_01,swing_0011,pelvisRotationSigned,7,-41.40330272353512,-44.75908703196579,5.487562246666628,0.6115255112539476
2026-10-07_Mark-Liversedge_Wrist_01,swing_0011,xFactor,2,41.648417333352825,40.37290060645382,10.271496168233421,0.12418022710691237
2026-10-07_Mark-Liversedge_Wrist_01,swing_0011,pelvisRotationSigned,0,0.7002792069975886,0.5133893564932703,3.0842069508050844,0.06059575556547318
2026-10-07_Mark-Liversedge_Wrist_01,swing_0011,pelvisRotationSigned,2,-43.96279880199458,-45.354585759706644,5.484529842131729,0.25376595583826816
2026-10-07_Mark-Liversedge_Wrist_01,swing_0011,xFactorStretch,5,-32.29953118980508,-31.964796200687893,9.116187724313626,0.036718746831465685
2026-10-07_Mark-Liversedge_Wrist_01,swing_0011,thoraxRotation,5,9.637838461393411,9.921755375246917,6.297536122436973,0.0450838087044808
2026-10-07_Mark-Liversedge_Wrist_01,swing_0012,leadArmAngularSpeed,5,447.8657473449747,432.26190036678935,82.51636197609716,0.18910003548999618
2026-10-07_Mark-Liversedge_Wrist_01,swing_0012,xFactorStretch,7,-40.20091442040902,-44.18434790247541,21.09538630281379,0.18882960590937659
2026-10-07_Mark-Liversedge_Wrist_01,swing_0012,xFactorStretch,0,-52.067082142572396,-55.8251926220776,2.569139798321936,1.4627894059949014
2026-10-07_Mark-Liversedge_Wrist_01,swing_0012,pelvisRotation,5,21.72239364599808,18.26274048725658,4.237241224206868,0.8164871848637981
2026-10-07_Mark-Liversedge_Wrist_01,swing_0012,leadArmAngularSpeed,9,515.7589562850901,513.3691260272448,82.51636197609716,0.028961895563665522
2026-10-07_Mark-Liversedge_Wrist_01,swing_0012,pelvisRotation,7,141.05255045160413,140.32432141574574,14.37792577611468,0.050649102464290136
2026-10-07_Mark-Liversedge_Wrist_01,swing_0012,thoraxRotation,7,153.51125751504617,152.55286446484052,15.436663293648685,0.06208550591370143
2026-10-07_Mark-Liversedge_Wrist_01,swing_0012,pelvisRotation,0,0.5156082909398203,0.504652738903555,2.388565083279228,0.004586666745217835
2026-10-07_Mark-Liversedge_Wrist_01,swing_0012,thoraxRotation,0,1.1081476322184802,1.0923510683961408,0.9461691953667554,0.016695284416035464
2026-10-07_Mark-Liversedge_Wrist_01,swing_0012,pelvisRotation,2,41.969663114283435,37.09713820506549,6.003600427484705,0.8116004667651339
2026-10-07_Mark-Liversedge_Wrist_01,swing_0012,thoraxRotation,2,94.62928459813449,93.51002915663568,9.557503267876138,0.1171075133461637
2026-10-07_Mark-Liversedge_Wrist_01,swing_0012,xFactor,5,-11.775933064674625,-9.386136207247095,4.518486610027212,0.5288932033402968
2026-10-07_Mark-Liversedge_Wrist_01,swing_0012,xFactor,7,12.458707063442034,12.228543049094782,21.09538630281379,0.010910632829537343
2026-10-07_Mark-Liversedge_Wrist_01,swing_0012,pelvisRotationSigned,5,21.72239364599808,18.26274048725658,4.237241224206868,0.8164871848637981
2026-10-07_Mark-Liversedge_Wrist_01,swing_0012,xFactor,0,0.5925393412786599,0.5876983294925858,2.569139798321936,0.0018842928630182232
2026-10-07_Mark-Liversedge_Wrist_01,swing_0012,pelvisRotationSigned,7,141.05255045160413,140.32432141574574,14.37792577611468,0.050649102464290136
2026-10-07_Mark-Liversedge_Wrist_01,swing_0012,xFactor,2,52.659621483851055,56.41289095157019,11.286677403397228,0.33253980188974147
2026-10-07_Mark-Liversedge_Wrist_01,swing_0012,pelvisRotationSigned,0,0.5156082909398203,0.504652738903555,2.388565083279228,0.004586666745217835
2026-10-07_Mark-Liversedge_Wrist_01,swing_0012,pelvisRotationSigned,2,-41.969663114283435,-37.09713820506549,6.003600427484705,0.8116004667651339
2026-10-07_Mark-Liversedge_Wrist_01,swing_0012,xFactorStretch,5,-64.43555454852569,-65.79902715881728,4.518486610027212,0.3017542659672468
2026-10-07_Mark-Liversedge_Wrist_01,swing_0012,thoraxRotation,5,9.946460581323453,8.876604280009484,1.5692380485054176,0.6817680098522513
2026-10-07_Mark-Liversedge_Wrist_01,swing_0013,leadArmAngularSpeed,5,327.2048124474419,344.58392775822034,85.81611839100243,0.20251574688561763
2026-10-07_Mark-Liversedge_Wrist_01,swing_0013,xFactorStretch,7,-51.44036583170931,-63.823217061014915,17.76945242036388,0.6968617229372133
2026-10-07_Mark-Liversedge_Wrist_01,swing_0013,xFactorStretch,0,-60.622394585838464,-71.60454590585586,2.8951800492332618,3.7932533152561017
2026-10-07_Mark-Liversedge_Wrist_01,swing_0013,pelvisRotation,5,5.726213655316258,10.149164679467933,2.793781846911541,1.5831411565083875
2026-10-07_Mark-Liversedge_Wrist_01,swing_0013,leadArmAngularSpeed,9,609.7797118165659,596.011815475503,85.81611839100243,0.1604348530229768
2026-10-07_Mark-Liversedge_Wrist_01,swing_0013,pelvisRotation,7,117.65275619648253,121.76536952906714,12.141749793955533,0.33871669259993953
2026-10-07_Mark-Liversedge_Wrist_01,swing_0013,thoraxRotation,7,128.17112299570965,129.06825066244463,12.974257252750789,0.0691467456871002
2026-10-07_Mark-Liversedge_Wrist_01,swing_0013,pelvisRotation,0,1.043971143367638,2.7898471201530204,2.607336272729499,0.6696013840047207
2026-10-07_Mark-Liversedge_Wrist_01,swing_0013,thoraxRotation,0,2.380309188465605,2.311399408689566,1.2585170155335024,0.05475474620168498
2026-10-07_Mark-Liversedge_Wrist_01,swing_0013,pelvisRotation,2,50.022729172563054,42.80586400073559,6.202678431106238,1.1635078703476085
2026-10-07_Mark-Liversedge_Wrist_01,swing_0013,thoraxRotation,2,111.98146180349949,113.93196219512798,11.247350300815583,0.1734186576803834
2026-10-07_Mark-Liversedge_Wrist_01,swing_0013,xFactor,5,-2.121568248396753,-6.811187897547819,3.236296634114818,1.4490697792397378
2026-10-07_Mark-Liversedge_Wrist_01,swing_0013,xFactor,7,10.518366799227124,7.302881133377483,17.76945242036388,0.18095581055523574
2026-10-07_Mark-Liversedge_Wrist_01,swing_0013,pelvisRotationSigned,5,5.726213655316258,10.149164679467933,2.793781846911541,1.5831411565083875
2026-10-07_Mark-Liversedge_Wrist_01,swing_0013,xFactor,0,1.336338045097967,-0.47844771146345444,2.8951800492332618,0.626830015992282
2026-10-07_Mark-Liversedge_Wrist_01,swing_0013,pelvisRotationSigned,7,117.65275619648253,121.76536952906714,12.141749793955533,0.33871669259993953
2026-10-07_Mark-Liversedge_Wrist_01,swing_0013,xFactor,2,61.95873263093643,71.1260981943924,12.844302569971129,0.7137301160195709
2026-10-07_Mark-Liversedge_Wrist_01,swing_0013,pelvisRotationSigned,0,1.043971143367638,2.7898471201530204,2.607336272729499,0.6696013840047207
2026-10-07_Mark-Liversedge_Wrist_01,swing_0013,pelvisRotationSigned,2,-50.022729172563054,-42.80586400073559,6.202678431106238,1.1635078703476085
2026-10-07_Mark-Liversedge_Wrist_01,swing_0013,xFactorStretch,5,-64.08030087933318,-77.93728609194022,3.236296634114818,4.2817413788761565
2026-10-07_Mark-Liversedge_Wrist_01,swing_0013,thoraxRotation,5,3.604645406919505,3.3379767819201147,1.6335234604530289,0.16324750238079488
2026-10-07_Mark-Liversedge_Wrist_01,swing_0014,leadArmAngularSpeed,5,383.4482056750546,384.63418941238996,83.5398129257756,0.014196629077791574
2026-10-07_Mark-Liversedge_Wrist_01,swing_0014,xFactorStretch,7,-17.98263390611433,-16.509992785772894,13.930170313770525,0.10571594511559358
2026-10-07_Mark-Liversedge_Wrist_01,swing_0014,leadArmAngularSpeed,14,446.18847230743233,478.9493380540536,83.5398129257756,0.3921587156979753
2026-10-07_Mark-Liversedge_Wrist_01,swing_0014,xFactorStretch,0,-63.23804704658553,-63.23857662678437,3.064041347735254,0.00017283715810013204
2026-10-07_Mark-Liversedge_Wrist_01,swing_0014,pelvisRotation,5,9.27828424299185,9.127894458579764,2.50797574853308,0.05996460870885587
2026-10-07_Mark-Liversedge_Wrist_01,swing_0014,leadArmAngularSpeed,9,541.5494938425182,537.0727191512688,83.5398129257756,0.053588517073016
2026-10-07_Mark-Liversedge_Wrist_01,swing_0014,pelvisRotation,7,68.100887479682,68.44669539871352,7.67503694834308,0.045056189482731955
2026-10-07_Mark-Liversedge_Wrist_01,swing_0014,thoraxRotation,7,115.26847081067714,117.11017928452674,11.625121625695886,0.1584248778764366
2026-10-07_Mark-Liversedge_Wrist_01,swing_0014,pelvisRotation,0,0.8506221140542476,0.839249755040355,2.787951624765757,0.004079109161317695
2026-10-07_Mark-Liversedge_Wrist_01,swing_0014,thoraxRotation,0,2.762792304578189,2.774149799842099,1.2710920968195996,0.008935226088123562
2026-10-07_Mark-Liversedge_Wrist_01,swing_0014,pelvisRotation,2,46.1696559389755,45.74187171159257,5.76701536141536,0.07417775063424507
2026-10-07_Mark-Liversedge_Wrist_01,swing_0014,thoraxRotation,2,111.31987317608498,110.91534838317868,11.194350717781816,0.03613651234490341
2026-10-07_Mark-Liversedge_Wrist_01,swing_0014,xFactor,5,-7.908715065973762,-7.726530286076693,2.782838292397846,0.06546725348532152
2026-10-07_Mark-Liversedge_Wrist_01,swing_0014,xFactor,7,47.16758333099514,48.66348388581322,13.930170313770525,0.10738566156217928
2026-10-07_Mark-Liversedge_Wrist_01,swing_0014,pelvisRotationSigned,5,9.27828424299185,9.127894458579764,2.50797574853308,0.05996460870885587
2026-10-07_Mark-Liversedge_Wrist_01,swing_0014,xFactor,0,1.9121701905239414,1.9349000448017442,3.064041347735254,0.0074182596441145264
2026-10-07_Mark-Liversedge_Wrist_01,swing_0014,pelvisRotationSigned,7,68.100887479682,68.44669539871352,7.67503694834308,0.045056189482731955
2026-10-07_Mark-Liversedge_Wrist_01,swing_0014,xFactor,2,65.15021723710947,65.17347667158612,12.592535652977244,0.0018470810897520367
2026-10-07_Mark-Liversedge_Wrist_01,swing_0014,pelvisRotationSigned,0,0.8506221140542476,0.839249755040355,2.787951624765757,0.004079109161317695
2026-10-07_Mark-Liversedge_Wrist_01,swing_0014,pelvisRotationSigned,2,-46.1696559389755,-45.74187171159257,5.76701536141536,0.07417775063424507
2026-10-07_Mark-Liversedge_Wrist_01,swing_0014,xFactorStretch,5,-73.05893230308324,-72.90000695766281,2.782838292397846,0.05710908386397453
2026-10-07_Mark-Liversedge_Wrist_01,swing_0014,thoraxRotation,5,1.369569177018088,1.401364172503071,1.2059214760529378,0.026365726223775494
2026-10-07_Mark-Liversedge_Wrist_01,swing_0015,leadArmAngularSpeed,5,349.27411358839225,356.61538400601376,69.75404419069326,0.10524508654368445
2026-10-07_Mark-Liversedge_Wrist_01,swing_0015,xFactorStretch,7,-24.02251327776269,-19.5028069135805,15.329800846328723,0.29483138166563977
2026-10-07_Mark-Liversedge_Wrist_01,swing_0015,xFactorStretch,0,-60.928131049107634,-58.27027852183706,2.831269193404816,0.9387494956190684
2026-10-07_Mark-Liversedge_Wrist_01,swing_0015,pelvisRotation,5,16.411744781052754,12.4555031074718,3.2634715489345725,1.2122801177392062
2026-10-07_Mark-Liversedge_Wrist_01,swing_0015,leadArmAngularSpeed,9,518.2758101542663,525.4043385950276,69.75404419069326,0.10219519919552468
2026-10-07_Mark-Liversedge_Wrist_01,swing_0015,pelvisRotation,7,84.05181290629437,80.85426082896909,9.099671576882626,0.35139203105401573
2026-10-07_Mark-Liversedge_Wrist_01,swing_0015,thoraxRotation,7,122.7107199974863,121.35882548111496,12.336886608094252,0.10958149809728744
2026-10-07_Mark-Liversedge_Wrist_01,swing_0015,pelvisRotation,0,0.16154466210824425,0.40813590015555257,2.5337681489679884,0.09732194247833831
2026-10-07_Mark-Liversedge_Wrist_01,swing_0015,thoraxRotation,0,1.9148339819552254,2.1452289440448666,1.2633701804295097,0.18236536342128448
2026-10-07_Mark-Liversedge_Wrist_01,swing_0015,pelvisRotation,2,35.352688927020786,38.456092636325096,5.230073197855279,0.5933767256980146
2026-10-07_Mark-Liversedge_Wrist_01,swing_0015,pelvisAngularSpeed,9,79.04988952910455,59.708506641519506,299.5845868183622,0.06456067414213035
2026-10-07_Mark-Liversedge_Wrist_01,swing_0015,thoraxRotation,2,98.0341092959754,98.46346420205147,9.904826247440965,0.043348050268625385
2026-10-07_Mark-Liversedge_Wrist_01,swing_0015,xFactor,5,-13.909161174208435,-11.746864834163336,3.5023105174886835,0.6173913847009672
2026-10-07_Mark-Liversedge_Wrist_01,swing_0015,xFactor,7,38.65890709119192,40.50456465214587,15.329800846328723,0.12039670831052984
2026-10-07_Mark-Liversedge_Wrist_01,swing_0015,pelvisRotationSigned,5,16.411744781052754,12.4555031074718,3.2634715489345725,1.2122801177392062
2026-10-07_Mark-Liversedge_Wrist_01,swing_0015,xFactor,0,1.753289319846981,1.7370930438893142,2.831269193404816,0.00572050018959503
2026-10-07_Mark-Liversedge_Wrist_01,swing_0015,pelvisRotationSigned,7,84.05181290629437,80.85426082896909,9.099671576882626,0.35139203105401573
2026-10-07_Mark-Liversedge_Wrist_01,swing_0015,xFactor,2,62.68142036895461,60.00737156572637,11.200859281631907,0.23873604122617312
2026-10-07_Mark-Liversedge_Wrist_01,swing_0015,pelvisRotationSigned,0,0.16154466210824425,0.40813590015555257,2.5337681489679884,0.09732194247833831
2026-10-07_Mark-Liversedge_Wrist_01,swing_0015,pelvisRotationSigned,2,-35.352688927020786,-38.456092636325096,5.230073197855279,0.5933767256980146
2026-10-07_Mark-Liversedge_Wrist_01,swing_0015,xFactorStretch,5,-76.59058154316304,-71.7542363998897,3.5023105174886835,1.3809012990490672
2026-10-07_Mark-Liversedge_Wrist_01,swing_0015,thoraxRotation,5,2.502583606844319,0.7086382733084635,1.2711933016683317,1.4112293788690176
2026-10-07_Mark-Liversedge_Wrist_01,swing_0015,pelvisAngularSpeed,5,354.4018247862149,301.53710121496994,299.5845868183622,0.1764600913974816
2026-10-07_Mark-Liversedge_Wrist_01,swing_0016,leadArmAngularSpeed,5,297.07982983286,325.84322882932696,78.62294643065052,0.36583974910985745
2026-10-07_Mark-Liversedge_Wrist_01,swing_0016,xFactorStretch,7,-6.131499769008208,-0.4926598498443582,16.331310058914614,0.3452778680229533
2026-10-07_Mark-Liversedge_Wrist_01,swing_0016,leadArmAngularSpeed,14,461.580098883976,451.41448571377646,78.62294643065052,0.12929575437834986
2026-10-07_Mark-Liversedge_Wrist_01,swing_0016,xFactorStretch,0,-40.3021226568592,-35.12648309635769,2.7043897104824532,1.9137920620095072
2026-10-07_Mark-Liversedge_Wrist_01,swing_0016,pelvisRotation,5,14.545872124102011,12.088560297172014,2.9216161764287665,0.8410796211888752
2026-10-07_Mark-Liversedge_Wrist_01,swing_0016,leadArmAngularSpeed,9,628.9697013387467,633.4938102717704,78.62294643065052,0.05754183909927776
2026-10-07_Mark-Liversedge_Wrist_01,swing_0016,pelvisRotation,7,93.87359836988827,92.82089288521391,9.939639993007438,0.10590982021632005
2026-10-07_Mark-Liversedge_Wrist_01,swing_0016,thoraxRotation,7,128.46212470815502,127.85969677869147,12.958211491167011,0.04649005226332283
2026-10-07_Mark-Liversedge_Wrist_01,swing_0016,pelvisRotation,0,0.5597313170512227,0.5683254402009129,2.3047805222482216,0.0037288249647766847
2026-10-07_Mark-Liversedge_Wrist_01,swing_0016,thoraxRotation,0,0.9776347674669779,0.9733060871651461,1.4148181686805488,0.0030595311805111025
2026-10-07_Mark-Liversedge_Wrist_01,swing_0016,pelvisRotation,2,36.86004174858757,38.92752653523134,4.665157916396361,0.4431757346042452
2026-10-07_Mark-Liversedge_Wrist_01,swing_0016,thoraxRotation,2,77.58006785586252,74.45899027855326,7.9030144865238166,0.39492241633003605
2026-10-07_Mark-Liversedge_Wrist_01,swing_0016,xFactor,5,-13.310678447498034,-9.679791889405346,3.179234874571071,1.1420630124355167
2026-10-07_Mark-Liversedge_Wrist_01,swing_0016,xFactor,7,34.588526338266746,35.038803893477564,16.331310058914614,0.02757142896598359
2026-10-07_Mark-Liversedge_Wrist_01,swing_0016,pelvisRotationSigned,5,14.545872124102011,12.088560297172014,2.9216161764287665,0.8410796211888752
2026-10-07_Mark-Liversedge_Wrist_01,swing_0016,xFactor,0,0.41790345041575516,0.4049806469642332,2.7043897104824532,0.004778454599731704
2026-10-07_Mark-Liversedge_Wrist_01,swing_0016,pelvisRotationSigned,7,93.87359836988827,92.82089288521391,9.939639993007438,0.10590982021632005
2026-10-07_Mark-Liversedge_Wrist_01,swing_0016,xFactor,2,40.720026107274954,35.53146374332192,9.17721833450207,0.5653741879983886
2026-10-07_Mark-Liversedge_Wrist_01,swing_0016,pelvisRotationSigned,0,0.5597313170512227,0.5683254402009129,2.3047805222482216,0.0037288249647766847
2026-10-07_Mark-Liversedge_Wrist_01,swing_0016,pelvisRotationSigned,2,-36.86004174858757,-38.92752653523134,4.665157916396361,0.4431757346042452
2026-10-07_Mark-Liversedge_Wrist_01,swing_0016,xFactorStretch,5,-54.03070455477299,-45.211255632727266,3.179234874571071,2.7740790693344435
2026-10-07_Mark-Liversedge_Wrist_01,swing_0016,thoraxRotation,5,1.2351936766039766,2.4087684077666682,1.2536719289027276,0.9361099216681507
2026-10-07_Mark-Liversedge_Wrist_01,swing_0017,leadArmAngularSpeed,5,637.1255603429745,659.8254370137943,87.71829046098199,0.2587815671227304
2026-10-07_Mark-Liversedge_Wrist_01,swing_0017,xFactorStretch,7,-70.42398469100422,-74.83141902782414,18.921148200534233,0.23293693861007206
2026-10-07_Mark-Liversedge_Wrist_01,swing_0017,leadArmAngularSpeed,14,449.8411223356945,480.5911975761837,87.71829046098199,0.3505548851771929
2026-10-07_Mark-Liversedge_Wrist_01,swing_0017,xFactorStretch,0,-59.556438766273395,-61.44628170432887,2.6886321938964053,0.7029012530407459
2026-10-07_Mark-Liversedge_Wrist_01,swing_0017,pelvisRotation,5,12.343250837276411,14.282302892878715,3.1565943128251854,0.6142861145393217
2026-10-07_Mark-Liversedge_Wrist_01,swing_0017,leadArmAngularSpeed,9,620.9117814170678,592.8749811634892,87.71829046098199,0.31962319496011654
2026-10-07_Mark-Liversedge_Wrist_01,swing_0017,pelvisRotation,7,133.74784587893743,136.55238483963117,13.708198508055816,0.20458844092793235
2026-10-07_Mark-Liversedge_Wrist_01,swing_0017,thoraxRotation,7,127.28846960525733,126.80955795611901,13.042052863346177,0.036720572608954435
2026-10-07_Mark-Liversedge_Wrist_01,swing_0017,pelvisRotation,0,0.0,0.7205681774920373,2.3674438061798004,0.3043654829783581
2026-10-07_Mark-Liversedge_Wrist_01,swing_0017,thoraxRotation,0,4.4081696510507316,4.36287861747514,1.2743441052702746,0.035540662359783974
2026-10-07_Mark-Liversedge_Wrist_01,swing_0017,pelvisRotation,2,45.65046796110495,39.63628838997247,5.679176827235757,1.0589879051291629
2026-10-07_Mark-Liversedge_Wrist_01,swing_0017,thoraxRotation,2,109.61507637842908,104.72488053428444,11.08490711111896,0.44115803543715976
2026-10-07_Mark-Liversedge_Wrist_01,swing_0017,xFactor,5,-10.499146422214807,-12.285526104103695,3.3133631136621275,0.5391439515104864
2026-10-07_Mark-Liversedge_Wrist_01,swing_0017,xFactor,7,-6.459376273680093,-9.742826883512166,18.921148200534233,0.17353336991141827
2026-10-07_Mark-Liversedge_Wrist_01,swing_0017,pelvisRotationSigned,5,12.343250837276411,14.282302892878715,3.1565943128251854,0.6142861145393217
2026-10-07_Mark-Liversedge_Wrist_01,swing_0017,xFactor,0,4.4081696510507316,3.6423104399831026,2.6886321938964053,0.2848508668482968
2026-10-07_Mark-Liversedge_Wrist_01,swing_0017,pelvisRotationSigned,7,133.74784587893743,136.55238483963117,13.708198508055816,0.20458844092793235
2026-10-07_Mark-Liversedge_Wrist_01,swing_0017,xFactor,2,63.96460841732413,65.08859214431197,12.455047775787426,0.0902432288676456
2026-10-07_Mark-Liversedge_Wrist_01,swing_0017,pelvisRotationSigned,0,0.0,0.7205681774920373,2.3674438061798004,0.3043654829783581
2026-10-07_Mark-Liversedge_Wrist_01,swing_0017,pelvisRotationSigned,2,-45.65046796110495,-39.63628838997247,5.679176827235757,1.0589879051291629
2026-10-07_Mark-Liversedge_Wrist_01,swing_0017,xFactorStretch,5,-74.46375483953894,-77.37411824841567,3.3133631136621275,0.8783714036280272
2026-10-07_Mark-Liversedge_Wrist_01,swing_0017,thoraxRotation,5,1.8441044150616035,1.9967767887750194,1.0071183978145202,0.15159327249380009
2026-10-07_Mark-Liversedge_Wrist_01,swing_0018,leadArmAngularSpeed,5,482.40169055817285,481.6263211394189,83.75258289092557,0.00925785679665229
2026-10-07_Mark-Liversedge_Wrist_01,swing_0018,xFactorStretch,7,-34.63149059538034,-41.90010170395746,16.12679118347718,0.4507165142700072
2026-10-07_Mark-Liversedge_Wrist_01,swing_0018,leadArmAngularSpeed,14,514.5410375088836,709.3566554996661,83.75258289092557,2.326084895130922
2026-10-07_Mark-Liversedge_Wrist_01,swing_0018,xFactorStretch,0,-65.33441501701559,-72.97223507416096,2.8476920579140708,2.6821088452731314
2026-10-07_Mark-Liversedge_Wrist_01,swing_0018,pelvisRotation,5,10.741334896571573,10.924383899474691,2.7826338015633922,0.06578264189857613
2026-10-07_Mark-Liversedge_Wrist_01,swing_0018,leadArmAngularSpeed,9,653.0262039044602,659.8988120252635,83.75258289092557,0.08205846176414389
2026-10-07_Mark-Liversedge_Wrist_01,swing_0018,pelvisRotation,7,92.22195570135234,92.032302094085,10.061468753043851,0.018849495230005116
2026-10-07_Mark-Liversedge_Wrist_01,swing_0018,thoraxRotation,7,125.23898270956947,125.44578534168079,12.603183740904498,0.016408761179933232
2026-10-07_Mark-Liversedge_Wrist_01,swing_0018,pelvisRotation,0,0.9387649468514501,0.9254960518360394,2.3490643760002348,0.005648587220927356
2026-10-07_Mark-Liversedge_Wrist_01,swing_0018,thoraxRotation,0,3.2528675334333332,3.26684592922833,1.609734951510187,0.008683662973138929
2026-10-07_Mark-Liversedge_Wrist_01,swing_0018,pelvisRotation,2,41.25611016397077,36.304872994890665,5.870822398963609,0.8433634732255154
2026-10-07_Mark-Liversedge_Wrist_01,swing_0018,thoraxRotation,2,108.90462776756824,111.61845794644393,11.050715852415506,0.24557958191301094
2026-10-07_Mark-Liversedge_Wrist_01,swing_0018,xFactor,5,-6.9570915720917625,-7.602664687331566,3.1079180194575144,0.20771883659675414
2026-10-07_Mark-Liversedge_Wrist_01,swing_0018,xFactor,7,33.01702700821713,33.41348324759579,16.12679118347718,0.024583702663978007
2026-10-07_Mark-Liversedge_Wrist_01,swing_0018,pelvisRotationSigned,5,10.741334896571573,10.924383899474691,2.7826338015633922,0.06578264189857613
2026-10-07_Mark-Liversedge_Wrist_01,swing_0018,xFactor,0,2.314102586581883,2.3413498773922905,2.8476920579140708,0.009568201285909376
2026-10-07_Mark-Liversedge_Wrist_01,swing_0018,pelvisRotationSigned,7,92.22195570135234,92.032302094085,10.061468753043851,0.018849495230005116
2026-10-07_Mark-Liversedge_Wrist_01,swing_0018,xFactor,2,67.64851760359747,75.31358495155325,12.51338789021583,0.6125493283836483
2026-10-07_Mark-Liversedge_Wrist_01,swing_0018,pelvisRotationSigned,0,0.9387649468514501,0.9254960518360394,2.3490643760002348,0.005648587220927356
2026-10-07_Mark-Liversedge_Wrist_01,swing_0018,pelvisRotationSigned,2,-41.25611016397077,-36.304872994890665,5.870822398963609,0.8433634732255154
2026-10-07_Mark-Liversedge_Wrist_01,swing_0018,xFactorStretch,5,-74.60560917568924,-82.91624963888482,3.1079180194575144,2.674021776367898
2026-10-07_Mark-Liversedge_Wrist_01,swing_0018,thoraxRotation,5,3.78424332447981,3.321719212143125,1.3842339188394366,0.3341372480776027
2026-10-07_Mark-Liversedge_Wrist_01,swing_0019,leadArmAngularSpeed,5,521.4590642308178,509.54444230100165,94.19128057147132,0.12649389473769276
2026-10-07_Mark-Liversedge_Wrist_01,swing_0019,xFactorStretch,7,-4.64814053340114,-5.69395470827223,17.82276960157767,0.05867854425826807
2026-10-07_Mark-Liversedge_Wrist_01,swing_0019,xFactorStretch,0,-34.52268837610805,-35.73994075903115,2.7838756544840644,0.43725098890909087
2026-10-07_Mark-Liversedge_Wrist_01,swing_0019,pelvisRotation,5,5.382855052747375,7.4050881433100075,2.692777207966825,0.7509841826422451
2026-10-07_Mark-Liversedge_Wrist_01,swing_0019,leadArmAngularSpeed,9,579.5188685808419,591.502568167961,94.19128057147132,0.12722727108509888
2026-10-07_Mark-Liversedge_Wrist_01,swing_0019,pelvisRotation,7,107.00228980045964,107.58535502390428,11.279344847014729,0.051693181771897606
2026-10-07_Mark-Liversedge_Wrist_01,swing_0019,thoraxRotation,7,136.73435144987607,137.35461848132243,13.799546952456202,0.04494836197038759
2026-10-07_Mark-Liversedge_Wrist_01,swing_0019,pelvisRotation,0,1.7838819043926002,1.9296881017367027,2.496213687906572,0.058410943762743965
2026-10-07_Mark-Liversedge_Wrist_01,swing_0019,thoraxRotation,0,1.6413957111021251,1.652965508395934,1.2324288555275509,0.009387801366316088
2026-10-07_Mark-Liversedge_Wrist_01,swing_0019,pelvisRotation,2,46.49792735474785,39.0069512693712,6.1224541933478625,1.2235250520152048
2026-10-07_Mark-Liversedge_Wrist_01,swing_0019,pelvisAngularSpeed,9,598.5566382727944,139.4406329231502,351.707535952494,1.3053914358310996
2026-10-07_Mark-Liversedge_Wrist_01,swing_0019,thoraxRotation,2,80.87812953756543,74.47016943506158,8.299591368973948,0.7720813974599385
2026-10-07_Mark-Liversedge_Wrist_01,swing_0019,xFactor,5,-5.352387133305973,-7.1527914129250085,2.898982960746801,0.6210468650547837
2026-10-07_Mark-Liversedge_Wrist_01,swing_0019,xFactor,7,29.732061649416437,29.76926345741815,17.82276960157767,0.0020873191335211033
2026-10-07_Mark-Liversedge_Wrist_01,swing_0019,pelvisRotationSigned,5,5.382855052747375,7.4050881433100075,2.692777207966825,0.7509841826422451
2026-10-07_Mark-Liversedge_Wrist_01,swing_0019,xFactor,0,-0.14248619329047507,-0.27672259334076865,2.7838756544840644,0.048219251400138996
2026-10-07_Mark-Liversedge_Wrist_01,swing_0019,pelvisRotationSigned,7,107.00228980045964,107.58535502390428,11.279344847014729,0.051693181771897606
2026-10-07_Mark-Liversedge_Wrist_01,swing_0019,xFactor,2,34.38020218281758,35.46321816569038,10.31346994185709,0.10500985497396899
2026-10-07_Mark-Liversedge_Wrist_01,swing_0019,pelvisRotationSigned,0,1.7838819043926002,1.9296881017367027,2.496213687906572,0.058410943762743965
2026-10-07_Mark-Liversedge_Wrist_01,swing_0019,pelvisRotationSigned,2,-46.49792735474785,-39.0069512693712,6.1224541933478625,1.2235250520152048
2026-10-07_Mark-Liversedge_Wrist_01,swing_0019,xFactorStretch,5,-39.73258931612355,-42.61600957861539,2.898982960746801,0.9946316696352873
2026-10-07_Mark-Liversedge_Wrist_01,swing_0019,thoraxRotation,5,0.030467919441401037,0.252296730384999,1.0738031080950907,0.2065823885880892
2026-10-07_Mark-Liversedge_Wrist_01,swing_0019,pelvisAngularSpeed,5,8.794989434494479,270.96135160590086,351.707535952494,0.7454101359000105
2026-10-07_Mark-Liversedge_Wrist_01,swing_0020,leadArmAngularSpeed,5,443.95385773482815,461.7261813860668,71.68318308059577,0.24792877335339086
2026-10-07_Mark-Liversedge_Wrist_01,swing_0020,xFactorStretch,7,-28.25667785109026,-30.73398239371795,16.081354378016663,0.15404825267790798
2026-10-07_Mark-Liversedge_Wrist_01,swing_0020,leadArmAngularSpeed,14,499.0085699361687,511.28703127045145,71.68318308059577,0.17128789217517928
2026-10-07_Mark-Liversedge_Wrist_01,swing_0020,xFactorStretch,0,-62.793496205922246,-67.60135568183838,2.908865104307264,1.6528299881616937
2026-10-07_Mark-Liversedge_Wrist_01,swing_0020,pelvisRotation,5,10.77240009243182,12.373153782228995,2.944306090757734,0.5436777428888897
2026-10-07_Mark-Liversedge_Wrist_01,swing_0020,leadArmAngularSpeed,9,723.5258567577857,745.0481321086505,71.68318308059577,0.3002416246871541
2026-10-07_Mark-Liversedge_Wrist_01,swing_0020,pelvisRotation,7,91.56453112568238,90.71023016576852,9.799899672391422,0.0871744597876466
2026-10-07_Mark-Liversedge_Wrist_01,swing_0020,thoraxRotation,7,126.6589018676393,127.0917375480772,12.750369604149448,0.033946912432800624
2026-10-07_Mark-Liversedge_Wrist_01,swing_0020,pelvisRotation,0,2.3239758948160847,2.9880436724828328,2.5538888063575045,0.260022196743122
2026-10-07_Mark-Liversedge_Wrist_01,swing_0020,thoraxRotation,0,2.881528281941018,2.5021777666710823,1.392533001339053,0.27241761229726985
2026-10-07_Mark-Liversedge_Wrist_01,swing_0020,pelvisRotation,2,36.79886524428842,34.429661807489936,5.099864058944978,0.4645620764426041
2026-10-07_Mark-Liversedge_Wrist_01,swing_0020,thoraxRotation,2,100.1499138373356,101.54515158351657,10.124670274601304,0.13780574659118075
2026-10-07_Mark-Liversedge_Wrist_01,swing_0020,xFactor,5,-3.3257210299343605,-5.283780308488652,3.240450374282325,0.6042552893555575
2026-10-07_Mark-Liversedge_Wrist_01,swing_0020,xFactor,7,35.09437074195692,36.38150738230868,16.081354378016663,0.0800390694773375
2026-10-07_Mark-Liversedge_Wrist_01,swing_0020,pelvisRotationSigned,5,10.77240009243182,12.373153782228995,2.944306090757734,0.5436777428888897
2026-10-07_Mark-Liversedge_Wrist_01,swing_0020,xFactor,0,0.5575523871249333,-0.4858659058117505,2.908865104307264,0.3587028808560616
2026-10-07_Mark-Liversedge_Wrist_01,swing_0020,pelvisRotationSigned,7,91.56453112568238,90.71023016576852,9.799899672391422,0.0871744597876466
2026-10-07_Mark-Liversedge_Wrist_01,swing_0020,xFactor,2,63.35104859304718,67.11548977602664,11.336558630780065,0.3320620750602887
2026-10-07_Mark-Liversedge_Wrist_01,swing_0020,pelvisRotationSigned,0,2.3239758948160847,2.9880436724828328,2.5538888063575045,0.260022196743122
2026-10-07_Mark-Liversedge_Wrist_01,swing_0020,pelvisRotationSigned,2,-36.79886524428842,-34.429661807489936,5.099864058944978,0.4645620764426041
2026-10-07_Mark-Liversedge_Wrist_01,swing_0020,xFactorStretch,5,-66.67676962298154,-72.39927008451528,3.240450374282325,1.7659583701543724
2026-10-07_Mark-Liversedge_Wrist_01,swing_0020,thoraxRotation,5,7.446679062497459,7.089373473740343,1.3533588851865466,0.26401392318628425
2026-10-07_Mark-Liversedge_Wrist_01,swing_0021,leadArmAngularSpeed,5,506.8685768805988,507.7737661157594,99.37951912545374,0.009108408282976948
2026-10-07_Mark-Liversedge_Wrist_01,swing_0021,xFactorStretch,7,-33.060503273337,-30.188472728218088,20.28840560467085,0.14156018965126094
2026-10-07_Mark-Liversedge_Wrist_01,swing_0021,xFactorStretch,0,-50.352094983726694,-49.15555744641949,2.4151907778727413,0.4954215411343573
2026-10-07_Mark-Liversedge_Wrist_01,swing_0021,pelvisRotation,5,16.751617316395556,14.426572183416075,3.4405103908528014,0.6757849472453332
2026-10-07_Mark-Liversedge_Wrist_01,swing_0021,leadArmAngularSpeed,9,672.200453537911,672.2635886768367,99.37951912545374,0.0006352932624472175
2026-10-07_Mark-Liversedge_Wrist_01,swing_0021,pelvisRotation,7,131.3751607919864,130.09560868517212,13.474956928848531,0.09495778825644126
2026-10-07_Mark-Liversedge_Wrist_01,swing_0021,thoraxRotation,7,150.6701765317771,150.879843078636,15.167232369332137,0.013823652315292536
2026-10-07_Mark-Liversedge_Wrist_01,swing_0021,pelvisRotation,0,0.9482904550213724,1.1548682952673197,1.9886951280358875,0.10387607297553525
2026-10-07_Mark-Liversedge_Wrist_01,swing_0021,thoraxRotation,0,2.9517144844223737,2.9720179705297776,1.3704883002958697,0.0148147825143933
2026-10-07_Mark-Liversedge_Wrist_01,swing_0021,pelvisRotation,2,38.34736958504495,38.997650914300095,5.461787866573236,0.11906015853067813
2026-10-07_Mark-Liversedge_Wrist_01,swing_0021,thoraxRotation,2,90.70288859817265,89.97035803598204,9.127064223326169,0.08025916595595603
2026-10-07_Mark-Liversedge_Wrist_01,swing_0021,xFactor,5,-11.600544604599023,-9.43313537075678,3.6789482724216063,0.589138273590235
2026-10-07_Mark-Liversedge_Wrist_01,swing_0021,xFactor,7,19.2950157397907,20.784234393463862,20.28840560467085,0.07340244880210356
2026-10-07_Mark-Liversedge_Wrist_01,swing_0021,pelvisRotationSigned,5,16.751617316395556,14.426572183416075,3.4405103908528014,0.6757849472453332
2026-10-07_Mark-Liversedge_Wrist_01,swing_0021,xFactor,0,2.0034240294010015,1.8171496752624579,2.4151907778727413,0.07712614500069055
2026-10-07_Mark-Liversedge_Wrist_01,swing_0021,pelvisRotationSigned,7,131.3751607919864,130.09560868517212,13.474956928848531,0.09495778825644126
2026-10-07_Mark-Liversedge_Wrist_01,swing_0021,xFactor,2,52.3555190131277,50.97270712168195,10.636466896303826,0.13000669347509322
2026-10-07_Mark-Liversedge_Wrist_01,swing_0021,pelvisRotationSigned,0,0.9482904550213724,1.1548682952673197,1.9886951280358875,0.10387607297553525
2026-10-07_Mark-Liversedge_Wrist_01,swing_0021,pelvisRotationSigned,2,-38.34736958504495,-38.997650914300095,5.461787866573236,0.11906015853067813
2026-10-07_Mark-Liversedge_Wrist_01,swing_0021,xFactorStretch,5,-63.95606361772672,-60.40584249243873,3.6789482724216063,0.9650097969306637
2026-10-07_Mark-Liversedge_Wrist_01,swing_0021,thoraxRotation,5,5.151072711796535,4.993436812659296,1.3029000888739803,0.12098847830571093
2026-10-07_Mark-Liversedge_Wrist_01,swing_0022,leadArmAngularSpeed,5,334.1193774444863,331.10284496466943,100.62941516300593,0.02997664723511016
2026-10-07_Mark-Liversedge_Wrist_01,swing_0022,xFactorStretch,7,-59.97801064119753,-57.443383651409775,20.880657821943448,0.12138635724034126
2026-10-07_Mark-Liversedge_Wrist_01,swing_0022,xFactorStretch,0,-73.47150152275745,-72.03959822850435,2.5222054718096287,0.5677187327746711
2026-10-07_Mark-Liversedge_Wrist_01,swing_0022,pelvisRotation,5,14.59785319615518,12.082506148563198,2.9792386454247803,0.8442918970102657
2026-10-07_Mark-Liversedge_Wrist_01,swing_0022,leadArmAngularSpeed,9,737.1397089265314,767.8664000629124,100.62941516300593,0.30534502348650155
2026-10-07_Mark-Liversedge_Wrist_01,swing_0022,pelvisRotation,7,138.57833261075953,137.05023807219635,14.066089916380852,0.10863676740638621
2026-10-07_Mark-Liversedge_Wrist_01,swing_0022,thoraxRotation,7,153.46509218049252,152.99467763121478,15.432011714011141,0.030483034745925716
2026-10-07_Mark-Liversedge_Wrist_01,swing_0022,pelvisRotation,0,0.8387650158901283,0.7765351304774377,2.1437776401003874,0.029028143707001502
2026-10-07_Mark-Liversedge_Wrist_01,swing_0022,thoraxRotation,0,2.232033704063194,2.1247601124012987,1.3288106982682097,0.08072902468478087
2026-10-07_Mark-Liversedge_Wrist_01,swing_0022,pelvisRotation,2,32.499896418956155,34.64245976607546,5.259333876226098,0.40738302559652867
2026-10-07_Mark-Liversedge_Wrist_01,swing_0022,thoraxRotation,2,107.36466662988667,108.03028297650367,10.846745520999455,0.06136553543441737
2026-10-07_Mark-Liversedge_Wrist_01,swing_0022,xFactor,5,-9.64621820972452,-7.452340282177855,3.2352162731666465,0.6781240394167793
2026-10-07_Mark-Liversedge_Wrist_01,swing_0022,xFactor,7,14.886759569732988,15.944439559018434,20.880657821943448,0.050653576065689494
2026-10-07_Mark-Liversedge_Wrist_01,swing_0022,pelvisRotationSigned,5,14.59785319615518,12.082506148563198,2.9792386454247803,0.8442918970102657
2026-10-07_Mark-Liversedge_Wrist_01,swing_0022,xFactor,0,1.3932686881730656,1.348224981923861,2.5222054718096287,0.017858856763516066
2026-10-07_Mark-Liversedge_Wrist_01,swing_0022,pelvisRotationSigned,7,138.57833261075953,137.05023807219635,14.066089916380852,0.10863676740638621
2026-10-07_Mark-Liversedge_Wrist_01,swing_0022,xFactor,2,74.86477021093052,73.38782321042821,12.054562672239138,0.12252182353355863
2026-10-07_Mark-Liversedge_Wrist_01,swing_0022,pelvisRotationSigned,0,0.8387650158901283,0.7765351304774377,2.1437776401003874,0.029028143707001502
2026-10-07_Mark-Liversedge_Wrist_01,swing_0022,pelvisRotationSigned,2,-32.499896418956155,-34.64245976607546,5.259333876226098,0.40738302559652867
2026-10-07_Mark-Liversedge_Wrist_01,swing_0022,xFactorStretch,5,-84.51098842065504,-80.84016349260607,3.2352162731666465,1.1346459148636607
2026-10-07_Mark-Liversedge_Wrist_01,swing_0022,thoraxRotation,5,4.951634986430659,4.630165866385343,1.261253910903671,0.2548805734247343
2026-10-07_Mark-Liversedge_Wrist_01,swing_0023,leadArmAngularSpeed,5,592.8635662970303,576.2839132684774,84.08626643767879,0.19717432740150326
2026-10-07_Mark-Liversedge_Wrist_01,swing_0023,xFactorStretch,7,-19.687216693443347,-28.751418573156485,18.842594660443854,0.4810484990552582
2026-10-07_Mark-Liversedge_Wrist_01,swing_0023,leadArmAngularSpeed,14,781.7853353719921,782.35342654045,84.08626643767879,0.006756051761186065
2026-10-07_Mark-Liversedge_Wrist_01,swing_0023,xFactorStretch,0,-44.51356402702357,-53.84989213476619,2.63172786780074,3.547603922872439
2026-10-07_Mark-Liversedge_Wrist_01,swing_0023,pelvisRotation,5,7.876444598365466,8.375561933201325,3.048949253005492,0.1637014241361532
2026-10-07_Mark-Liversedge_Wrist_01,swing_0023,leadArmAngularSpeed,9,626.3529698979968,586.9497273439152,84.08626643767879,0.46860497229099324
2026-10-07_Mark-Liversedge_Wrist_01,swing_0023,pelvisRotation,7,117.18657339381663,117.14077044855107,12.108141498419677,0.0037828221012730814
2026-10-07_Mark-Liversedge_Wrist_01,swing_0023,thoraxRotation,7,143.45581214260287,143.8424532435353,14.437322570062449,0.026780665116825052
2026-10-07_Mark-Liversedge_Wrist_01,swing_0023,pelvisRotation,0,1.375494185941827,1.4419723072612998,2.3111526080961866,0.028764055253899534
2026-10-07_Mark-Liversedge_Wrist_01,swing_0023,thoraxRotation,0,2.81838560114784,3.0451815406358165,1.2587951351388447,0.18016906258774257
2026-10-07_Mark-Liversedge_Wrist_01,swing_0023,pelvisRotation,2,51.11680860164057,35.404502266575165,6.564842526444388,2.3934018633003546
2026-10-07_Mark-Liversedge_Wrist_01,swing_0023,thoraxRotation,2,97.07326404387015,90.85760363471587,9.853280602341988,0.6308214147151058
2026-10-07_Mark-Liversedge_Wrist_01,swing_0023,xFactor,5,-2.4809783073320357,-2.66570146804428,3.3144254793632486,0.05573308612982679
2026-10-07_Mark-Liversedge_Wrist_01,swing_0023,xFactor,7,26.269238748786236,26.701682794984222,18.842594660443854,0.022950344896279774
2026-10-07_Mark-Liversedge_Wrist_01,swing_0023,pelvisRotationSigned,5,7.876444598365466,8.375561933201325,3.048949253005492,0.1637014241361532
2026-10-07_Mark-Liversedge_Wrist_01,swing_0023,xFactor,0,1.442891415206013,1.6032092333745167,2.63172786780074,0.06091732360704783
2026-10-07_Mark-Liversedge_Wrist_01,swing_0023,pelvisRotationSigned,7,117.18657339381663,117.14077044855107,12.108141498419677,0.0037828221012730814
2026-10-07_Mark-Liversedge_Wrist_01,swing_0023,xFactor,2,45.95645544222958,55.45310136814071,11.839944933381304,0.8020853119963819
2026-10-07_Mark-Liversedge_Wrist_01,swing_0023,pelvisRotationSigned,0,1.375494185941827,1.4419723072612998,2.3111526080961866,0.028764055253899534
2026-10-07_Mark-Liversedge_Wrist_01,swing_0023,pelvisRotationSigned,2,-51.11680860164057,-35.404502266575165,6.564842526444388,2.3934018633003546
2026-10-07_Mark-Liversedge_Wrist_01,swing_0023,xFactorStretch,5,-48.43743374956162,-58.11880283618499,3.3144254793632486,2.9209795624921724
2026-10-07_Mark-Liversedge_Wrist_01,swing_0023,thoraxRotation,5,5.39546629103343,5.709860465157045,1.2997402474531414,0.24189000436023642
2026-10-07_Mark-Liversedge_Wrist_01,swing_0024,leadArmAngularSpeed,5,505.322872140952,500.8455877377915,91.68181157367417,0.048835034193915196
2026-10-07_Mark-Liversedge_Wrist_01,swing_0024,xFactorStretch,7,-74.04283005910077,-73.88833699435342,20.182319711055328,0.007654871539009216
2026-10-07_Mark-Liversedge_Wrist_01,swing_0024,xFactorStretch,0,-71.08675883265138,-72.20546474532668,2.5543562350020848,0.43796002192089806
2026-10-07_Mark-Liversedge_Wrist_01,swing_0024,pelvisRotation,5,17.741830632591437,17.729578762489158,3.284464585638782,0.003730248807020189
2026-10-07_Mark-Liversedge_Wrist_01,swing_0024,leadArmAngularSpeed,9,719.967703096342,759.468523886529,91.68181157367417,0.4308468616858074
2026-10-07_Mark-Liversedge_Wrist_01,swing_0024,pelvisRotation,7,141.27371374794575,140.06577459015847,14.471080526346437,0.08347263050523929
2026-10-07_Mark-Liversedge_Wrist_01,swing_0024,thoraxRotation,7,139.20376120928447,139.28190614234097,14.068185999596725,0.005554727031526794
2026-10-07_Mark-Liversedge_Wrist_01,swing_0024,pelvisRotation,0,0.4770000786591282,0.5119961084803472,2.312021520161119,0.015136550207707485
2026-10-07_Mark-Liversedge_Wrist_01,swing_0024,thoraxRotation,0,1.3631187664472226,1.4109999096895989,1.085952239099811,0.04409138958271942
2026-10-07_Mark-Liversedge_Wrist_01,swing_0024,pelvisRotation,2,32.87097026880517,32.76796486469431,5.549467202727214,0.01856131414926578
2026-10-07_Mark-Liversedge_Wrist_01,swing_0024,thoraxRotation,2,104.84384778924465,105.87243341123023,10.541079452047175,0.09757877517807947
2026-10-07_Mark-Liversedge_Wrist_01,swing_0024,xFactor,5,-12.219046790252573,-12.438750082315334,3.5272319985290634,0.06228773501555382
2026-10-07_Mark-Liversedge_Wrist_01,swing_0024,xFactor,7,-2.0699525386612834,-0.7838684478174969,20.182319711055328,0.06372330382514477
2026-10-07_Mark-Liversedge_Wrist_01,swing_0024,pelvisRotationSigned,5,17.741830632591437,17.729578762489158,3.284464585638782,0.003730248807020189
2026-10-07_Mark-Liversedge_Wrist_01,swing_0024,xFactor,0,0.8861186877880944,0.8990038012092517,2.5543562350020848,0.0050443682226440755
2026-10-07_Mark-Liversedge_Wrist_01,swing_0024,pelvisRotationSigned,7,141.27371374794575,140.06577459015847,14.471080526346437,0.08347263050523929
2026-10-07_Mark-Liversedge_Wrist_01,swing_0024,xFactor,2,71.97287752043948,73.10446854653593,11.912637921489772,0.09499080166409773
2026-10-07_Mark-Liversedge_Wrist_01,swing_0024,pelvisRotationSigned,0,0.4770000786591282,0.5119961084803472,2.312021520161119,0.015136550207707485
2026-10-07_Mark-Liversedge_Wrist_01,swing_0024,pelvisRotationSigned,2,-32.87097026880517,-32.76796486469431,5.549467202727214,0.01856131414926578
2026-10-07_Mark-Liversedge_Wrist_01,swing_0024,xFactorStretch,5,-84.19192431069206,-85.54321862885126,3.5272319985290634,0.3831033282536351
2026-10-07_Mark-Liversedge_Wrist_01,swing_0024,thoraxRotation,5,5.522783842338865,5.290828680173825,1.2859463274693825,0.18037701668428494
2026-10-07_Mark-Liversedge_Wrist_01,swing_0025,leadArmAngularSpeed,5,359.5584641703853,336.8090430803092,78.66238670199917,0.28920329071960316
2026-10-07_Mark-Liversedge_Wrist_01,swing_0025,xFactorStretch,7,-19.462993641742393,-32.495302324530584,15.730127905754202,0.8284934973746063
2026-10-07_Mark-Liversedge_Wrist_01,swing_0025,leadArmAngularSpeed,14,417.11548044606093,432.6816308451611,78.66238670199917,0.1978855594360524
2026-10-07_Mark-Liversedge_Wrist_01,swing_0025,xFactorStretch,0,-50.910146352764436,-64.28530526450363,2.8898057375108976,4.628393783749542
2026-10-07_Mark-Liversedge_Wrist_01,swing_0025,pelvisRotation,5,16.306095858094576,16.398949702735813,3.099463776880706,0.029958035107183836
2026-10-07_Mark-Liversedge_Wrist_01,swing_0025,leadArmAngularSpeed,9,620.5018516698444,640.0401763057754,78.66238670199917,0.24838204706334452
2026-10-07_Mark-Liversedge_Wrist_01,swing_0025,pelvisRotation,7,89.99345912268709,90.0184542911119,9.823422619575478,0.002544446003473384
2026-10-07_Mark-Liversedge_Wrist_01,swing_0025,thoraxRotation,7,122.19762674219653,122.54354000471456,12.285653908872735,0.02815586903910788
2026-10-07_Mark-Liversedge_Wrist_01,swing_0025,pelvisRotation,0,0.5563941994522601,0.627346145666581,2.6122595484849755,0.027161139579514857
2026-10-07_Mark-Liversedge_Wrist_01,swing_0025,thoraxRotation,0,1.3134091079396686,1.3624289192962018,1.2357496720209857,0.03966807555478821
2026-10-07_Mark-Liversedge_Wrist_01,swing_0025,pelvisRotation,2,42.30989448843746,42.2778928747348,5.541356333121911,0.0057750506877483196
2026-10-07_Mark-Liversedge_Wrist_01,swing_0025,thoraxRotation,2,93.9770557496893,107.29828091286805,9.4575901851,1.408522139621331
2026-10-07_Mark-Liversedge_Wrist_01,swing_0025,xFactor,5,-5.840174215944465,-6.233052725918201,3.5412411049979284,0.11094373365858848
2026-10-07_Mark-Liversedge_Wrist_01,swing_0025,xFactor,7,32.20416761950945,32.525085713602664,15.730127905754202,0.02040149298314487
2026-10-07_Mark-Liversedge_Wrist_01,swing_0025,pelvisRotationSigned,5,16.306095858094576,16.398949702735813,3.099463776880706,0.029958035107183836
2026-10-07_Mark-Liversedge_Wrist_01,swing_0025,xFactor,0,0.7570149084874085,0.7350827736296208,2.8898057375108976,0.007589484155664619
2026-10-07_Mark-Liversedge_Wrist_01,swing_0025,pelvisRotationSigned,7,89.99345912268709,90.0184542911119,9.823422619575478,0.002544446003473384
2026-10-07_Mark-Liversedge_Wrist_01,swing_0025,xFactor,2,51.66716126125184,65.02038803813325,10.961416063626551,1.218202712074003
2026-10-07_Mark-Liversedge_Wrist_01,swing_0025,pelvisRotationSigned,0,0.5563941994522601,0.627346145666581,2.6122595484849755,0.027161139579514857
2026-10-07_Mark-Liversedge_Wrist_01,swing_0025,pelvisRotationSigned,2,-42.30989448843746,-42.2778928747348,5.541356333121911,0.0057750506877483196
2026-10-07_Mark-Liversedge_Wrist_01,swing_0025,xFactorStretch,5,-57.50733547719631,-71.25344076405145,3.5412411049979284,3.881719679423856
2026-10-07_Mark-Liversedge_Wrist_01,swing_0025,thoraxRotation,5,10.46592164215011,10.165896976817612,1.7128084713508795,0.17516533246468105
2026-10-07_Mark-Liversedge_Wrist_01,swing_0026,leadArmAngularSpeed,5,509.62288022833496,473.96439414462816,70.20000925340445,0.5079555752619433
2026-10-07_Mark-Liversedge_Wrist_01,swing_0026,xFactorStretch,7,-52.04411518066796,-55.57596154924106,18.255290205250265,0.193469746515305
2026-10-07_Mark-Liversedge_Wrist_01,swing_0026,leadArmAngularSpeed,14,487.4544445554943,531.4872633523257,70.20000925340445,0.6272480483283693
2026-10-07_Mark-Liversedge_Wrist_01,swing_0026,xFactorStretch,0,-73.20625041044863,-75.67830402460757,2.496853674297869,0.9900674755616566
2026-10-07_Mark-Liversedge_Wrist_01,swing_0026,pelvisRotation,5,13.569165054376036,13.558118867740719,2.9975697780448987,0.003685047372782746
2026-10-07_Mark-Liversedge_Wrist_01,swing_0026,leadArmAngularSpeed,9,711.2612257352354,782.3747676147989,70.20000925340445,1.013013283557577
2026-10-07_Mark-Liversedge_Wrist_01,swing_0026,pelvisRotation,7,116.10773252556406,115.86974778908912,11.96376566497154,0.019892126203351918
2026-10-07_Mark-Liversedge_Wrist_01,swing_0026,thoraxRotation,7,136.86562876449597,135.49778706670537,13.788543490577764,0.0992013187415548
2026-10-07_Mark-Liversedge_Wrist_01,swing_0026,pelvisRotation,0,1.2829106554321463,1.2841455383093376,2.1690262732262324,0.0005693259193926382
2026-10-07_Mark-Liversedge_Wrist_01,swing_0026,thoraxRotation,0,0.8786716645833719,0.8098423405590749,1.2367713195692602,0.055652425743724955
2026-10-07_Mark-Liversedge_Wrist_01,swing_0026,pelvisRotation,2,38.83099426405913,37.151749367909794,5.220606971101764,0.32165702291795867
2026-10-07_Mark-Liversedge_Wrist_01,swing_0026,thoraxRotation,2,111.633005683659,112.3557501947671,11.219130845591687,0.06442072216245616
2026-10-07_Mark-Liversedge_Wrist_01,swing_0026,xFactor,5,-6.7340131500598455,-6.785702351107322,3.3627002241321793,0.01537133779470802
2026-10-07_Mark-Liversedge_Wrist_01,swing_0026,xFactor,7,20.757896238931906,19.628039277616253,18.255290205250265,0.06189202957675816
2026-10-07_Mark-Liversedge_Wrist_01,swing_0026,pelvisRotationSigned,5,13.569165054376036,13.558118867740719,2.9975697780448987,0.003685047372782746
2026-10-07_Mark-Liversedge_Wrist_01,swing_0026,xFactor,0,-0.40423899084877446,-0.47430319775026275,2.496853674297869,0.028060998376763426
2026-10-07_Mark-Liversedge_Wrist_01,swing_0026,pelvisRotationSigned,7,116.10773252556406,115.86974778908912,11.96376566497154,0.019892126203351918
2026-10-07_Mark-Liversedge_Wrist_01,swing_0026,xFactor,2,72.80201141959986,75.20400082685731,12.374313479026753,0.19411092270521368
2026-10-07_Mark-Liversedge_Wrist_01,swing_0026,pelvisRotationSigned,0,1.2829106554321463,1.2841455383093376,2.1690262732262324,0.0005693259193926382
2026-10-07_Mark-Liversedge_Wrist_01,swing_0026,pelvisRotationSigned,2,-38.83099426405913,-37.151749367909794,5.220606971101764,0.32165702291795867
2026-10-07_Mark-Liversedge_Wrist_01,swing_0026,xFactorStretch,5,-79.53602456965972,-81.98970317796463,3.3627002241321793,0.7296750958340746
2026-10-07_Mark-Liversedge_Wrist_01,swing_0026,thoraxRotation,5,6.835151904316191,6.772416516633397,1.5239187062079351,0.04116714850157716
2026-10-07_Mark-Liversedge_Wrist_01,swing_0027,leadArmAngularSpeed,5,402.0661975795429,395.8590650338142,110.31702392728343,0.05626631615642754
2026-10-07_Mark-Liversedge_Wrist_01,swing_0027,xFactorStretch,7,-64.0935989018211,-61.6296924309876,20.242254572422308,0.12172095069836122
2026-10-07_Mark-Liversedge_Wrist_01,swing_0027,xFactorStretch,0,-75.79114731829247,-73.90329313415472,2.905783580328046,0.6496885029285709
2026-10-07_Mark-Liversedge_Wrist_01,swing_0027,pelvisRotation,5,12.097315737362754,11.870417285226871,2.7795059773435025,0.08163265486219236
2026-10-07_Mark-Liversedge_Wrist_01,swing_0027,leadArmAngularSpeed,9,639.8531323592132,622.8540892944079,110.31702392728343,0.15409265460252417
2026-10-07_Mark-Liversedge_Wrist_01,swing_0027,pelvisRotation,7,134.8347721819715,133.28778898924287,13.711568427154598,0.11282321208892114
2026-10-07_Mark-Liversedge_Wrist_01,swing_0027,thoraxRotation,7,147.96291464736186,147.34342048992892,14.890995985568226,0.04160192897999091
2026-10-07_Mark-Liversedge_Wrist_01,swing_0027,pelvisRotation,0,0.6866122047924511,0.6589342022588442,2.5138154601677782,0.011010355760863831
2026-10-07_Mark-Liversedge_Wrist_01,swing_0027,thoraxRotation,0,2.1172062537114384,2.4409649997777683,1.4575013028898263,0.22213273183660612
2026-10-07_Mark-Liversedge_Wrist_01,swing_0027,pelvisRotation,2,34.19679411668311,34.29560273984233,5.368468935211859,0.01840536368034747
2026-10-07_Mark-Liversedge_Wrist_01,swing_0027,thoraxRotation,2,111.41853548389457,109.98092667151599,11.220253627311951,0.12812623137851425
2026-10-07_Mark-Liversedge_Wrist_01,swing_0027,xFactor,5,-4.498321550316952,-4.21652375067595,3.14336792939161,0.08964836632902298
2026-10-07_Mark-Liversedge_Wrist_01,swing_0027,xFactor,7,13.128142465390368,14.055631500686047,20.242254572422308,0.045819453163051985
2026-10-07_Mark-Liversedge_Wrist_01,swing_0027,pelvisRotationSigned,5,12.097315737362754,11.870417285226871,2.7795059773435025,0.08163265486219236
2026-10-07_Mark-Liversedge_Wrist_01,swing_0027,xFactor,0,1.4305940489189872,1.782030797518924,2.905783580328046,0.12094388273756493
2026-10-07_Mark-Liversedge_Wrist_01,swing_0027,pelvisRotationSigned,7,134.8347721819715,133.28778898924287,13.711568427154598,0.11282321208892114
2026-10-07_Mark-Liversedge_Wrist_01,swing_0027,xFactor,2,77.22174136721146,75.68532393167365,12.438430374027977,0.12352181017517494
2026-10-07_Mark-Liversedge_Wrist_01,swing_0027,pelvisRotationSigned,0,0.6866122047924511,0.6589342022588442,2.5138154601677782,0.011010355760863831
2026-10-07_Mark-Liversedge_Wrist_01,swing_0027,pelvisRotationSigned,2,-34.19679411668311,-34.29560273984233,5.368468935211859,0.01840536368034747
2026-10-07_Mark-Liversedge_Wrist_01,swing_0027,xFactorStretch,5,-81.72006291752842,-79.9018476823496,3.14336792939161,0.5784290213620448
2026-10-07_Mark-Liversedge_Wrist_01,swing_0027,thoraxRotation,5,7.598994187045802,7.653893534550921,1.4680287672383805,0.03739664285216564
2026-10-07_Mark-Liversedge_Wrist_01,swing_0028,leadArmAngularSpeed,5,501.0411509588005,529.0587762111365,85.35033279334635,0.32826615123075703
2026-10-07_Mark-Liversedge_Wrist_01,swing_0028,xFactorStretch,7,-55.69893329522209,-50.528234038944746,19.266517363730447,0.26837747365859055
2026-10-07_Mark-Liversedge_Wrist_01,swing_0028,leadArmAngularSpeed,14,373.85268953673386,387.3379688771051,85.35033279334635,0.1579991418782434
2026-10-07_Mark-Liversedge_Wrist_01,swing_0028,xFactorStretch,0,-59.10448550083474,-52.9307059444706,2.863845225266119,2.1557657871648592
2026-10-07_Mark-Liversedge_Wrist_01,swing_0028,pelvisRotation,5,8.093114063275078,9.58434307103765,3.2877326999722882,0.4535736764047579
2026-10-07_Mark-Liversedge_Wrist_01,swing_0028,leadArmAngularSpeed,9,573.8289856125265,581.6742939351511,85.35033279334635,0.09191889551995094
2026-10-07_Mark-Liversedge_Wrist_01,swing_0028,pelvisRotation,7,131.08947510070774,131.90951831602516,13.409933466894262,0.06115192274010095
2026-10-07_Mark-Liversedge_Wrist_01,swing_0028,pelvisAngularSpeed,14,321.1376390171718,328.1983456406749,362.0655688546394,0.019501182191499163
2026-10-07_Mark-Liversedge_Wrist_01,swing_0028,thoraxRotation,7,137.17670166743736,137.31222207815776,13.833740482616987,0.009796367865270677
2026-10-07_Mark-Liversedge_Wrist_01,swing_0028,pelvisRotation,0,1.8542451847417334,1.7164043293685227,2.498566753690086,0.05516796986497803
2026-10-07_Mark-Liversedge_Wrist_01,swing_0028,thoraxRotation,0,4.535919545858696,4.716636185975268,1.3995619499093752,0.12912371626584612
2026-10-07_Mark-Liversedge_Wrist_01,swing_0028,pelvisRotation,2,35.80686226633557,35.60966023639445,5.6353192198872355,0.03499394129177126
2026-10-07_Mark-Liversedge_Wrist_01,swing_0028,pelvisAngularSpeed,9,107.74910489961805,141.81800988507433,362.0655688546394,0.09409595365068842
2026-10-07_Mark-Liversedge_Wrist_01,swing_0028,thoraxRotation,2,97.59302212828727,91.5405980374718,9.840829672760448,0.6150318918300833
2026-10-07_Mark-Liversedge_Wrist_01,swing_0028,xFactor,5,-1.8839495645889146,-3.18430499021214,3.4770125047384695,0.3739864104173057
2026-10-07_Mark-Liversedge_Wrist_01,swing_0028,xFactor,7,6.087226566729612,5.402703762132603,19.266517363730447,0.03552914061602202
2026-10-07_Mark-Liversedge_Wrist_01,swing_0028,pelvisRotationSigned,5,8.093114063275078,9.58434307103765,3.2877326999722882,0.4535736764047579
2026-10-07_Mark-Liversedge_Wrist_01,swing_0028,xFactor,0,2.6816743611169622,3.000231856606746,2.863845225266119,0.11123418705708235
2026-10-07_Mark-Liversedge_Wrist_01,swing_0028,pelvisRotationSigned,7,131.08947510070774,131.90951831602516,13.409933466894262,0.06115192274010095
2026-10-07_Mark-Liversedge_Wrist_01,swing_0028,xFactor,2,61.7861598619517,55.93093780107735,11.340138947927974,0.5163271885609654
2026-10-07_Mark-Liversedge_Wrist_01,swing_0028,pelvisRotationSigned,0,1.8542451847417334,1.7164043293685227,2.498566753690086,0.05516796986497803
2026-10-07_Mark-Liversedge_Wrist_01,swing_0028,pelvisRotationSigned,2,-35.80686226633557,-35.60966023639445,5.6353192198872355,0.03499394129177126
2026-10-07_Mark-Liversedge_Wrist_01,swing_0028,xFactorStretch,5,-63.67010942654062,-59.11524279128949,3.4770125047384695,1.3099943209993528
2026-10-07_Mark-Liversedge_Wrist_01,swing_0028,thoraxRotation,5,6.209164498686163,6.400038080825509,1.1315607149599238,0.16868169742540634
2026-10-07_Mark-Liversedge_Wrist_01,swing_0028,pelvisAngularSpeed,5,231.61812247947543,217.3871650393248,362.0655688546394,0.03930491785001522
2026-10-07_Mark-Liversedge_Wrist_01,swing_0029,leadArmAngularSpeed,5,496.0520648921088,502.7091451010199,102.19111199649798,0.06514343643837876
2026-10-07_Mark-Liversedge_Wrist_01,swing_0029,xFactorStretch,7,-53.186958622814046,-54.37296563823418,18.59245410737533,0.06378969707660383
2026-10-07_Mark-Liversedge_Wrist_01,swing_0029,xFactorStretch,0,-65.39329732292923,-66.8416585739041,2.962392555706674,0.48891604462912425
2026-10-07_Mark-Liversedge_Wrist_01,swing_0029,pelvisRotation,5,5.916957185177381,5.264175319286697,2.9764594940776723,0.21931488306477487
2026-10-07_Mark-Liversedge_Wrist_01,swing_0029,leadArmAngularSpeed,9,630.2308107352816,630.4701622223556,102.19111199649798,0.002342194760364622
2026-10-07_Mark-Liversedge_Wrist_01,swing_0029,pelvisRotation,7,122.70918975271152,122.76572687393474,12.523354208997892,0.004514535026294615
2026-10-07_Mark-Liversedge_Wrist_01,swing_0029,thoraxRotation,7,136.40485864362284,136.623702334459,13.742086780792523,0.015925069774850135
2026-10-07_Mark-Liversedge_Wrist_01,swing_0029,pelvisRotation,0,1.0176872578547198,1.0397393695800952,2.6187450277820576,0.008420870108172525
2026-10-07_Mark-Liversedge_Wrist_01,swing_0029,thoraxRotation,0,2.507017448650858,2.429021894434441,1.384898600466139,0.056318602813350334
2026-10-07_Mark-Liversedge_Wrist_01,swing_0029,pelvisRotation,2,43.98135169536827,43.44674827788021,5.849717224584189,0.09138961713248592
2026-10-07_Mark-Liversedge_Wrist_01,swing_0029,thoraxRotation,2,110.86397920909364,111.67768937663867,11.166626315684653,0.07286983055948486
2026-10-07_Mark-Liversedge_Wrist_01,swing_0029,xFactor,5,-5.747261569913016,-5.068480763232679,3.2278679844147065,0.21028766044885736
2026-10-07_Mark-Liversedge_Wrist_01,swing_0029,xFactor,7,13.695668890911321,13.857975460524273,18.59245410737533,0.008729701236619812
2026-10-07_Mark-Liversedge_Wrist_01,swing_0029,pelvisRotationSigned,5,5.916957185177381,5.264175319286697,2.9764594940776723,0.21931488306477487
2026-10-07_Mark-Liversedge_Wrist_01,swing_0029,xFactor,0,1.4893301907961383,1.3892825248543457,2.962392555706674,0.03377258889915297
2026-10-07_Mark-Liversedge_Wrist_01,swing_0029,pelvisRotationSigned,7,122.70918975271152,122.76572687393474,12.523354208997892,0.004514535026294615
2026-10-07_Mark-Liversedge_Wrist_01,swing_0029,xFactor,2,66.88262751372537,68.23094109875845,12.606059450983798,0.10695757784387237
2026-10-07_Mark-Liversedge_Wrist_01,swing_0029,pelvisRotationSigned,0,1.0176872578547198,1.0397393695800952,2.6187450277820576,0.008420870108172525
2026-10-07_Mark-Liversedge_Wrist_01,swing_0029,pelvisRotationSigned,2,-43.98135169536827,-43.44674827788021,5.849717224584189,0.09138961713248592
2026-10-07_Mark-Liversedge_Wrist_01,swing_0029,xFactorStretch,5,-72.62988908363839,-73.29942186199114,3.2278679844147065,0.20742260265459683
2026-10-07_Mark-Liversedge_Wrist_01,swing_0029,thoraxRotation,5,0.16969561526436472,0.19569455605401842,1.248927782109256,0.02081700892724582
2026-10-07_Mark-Liversedge_Wrist_01,swing_0030,leadArmAngularSpeed,5,489.50666399615613,486.5193031829341,102.789648309163,0.02906285664327676
2026-10-07_Mark-Liversedge_Wrist_01,swing_0030,xFactorStretch,7,-51.630035437579295,-52.12547494342857,20.731990394452243,0.023897343980144477
2026-10-07_Mark-Liversedge_Wrist_01,swing_0030,xFactorStretch,0,-63.45810452221956,-63.98627420189938,2.406270382925568,0.2194972283362712
2026-10-07_Mark-Liversedge_Wrist_01,swing_0030,pelvisRotation,5,13.64140294717393,13.631954235030227,3.0520925411021795,0.003095814434345715
2026-10-07_Mark-Liversedge_Wrist_01,swing_0030,leadArmAngularSpeed,9,571.206458468281,576.0450750293246,102.789648309163,0.04707299461216569
2026-10-07_Mark-Liversedge_Wrist_01,swing_0030,pelvisRotation,7,138.07633069203797,137.4997283309482,14.026768255108898,0.04110728505689615
2026-10-07_Mark-Liversedge_Wrist_01,swing_0030,thoraxRotation,7,151.8214114039487,151.31975174907456,15.266473005679124,0.03286021956004696
2026-10-07_Mark-Liversedge_Wrist_01,swing_0030,pelvisRotation,0,0.6399340461583259,0.593337723371976,2.111948958005829,0.022063186048941127
2026-10-07_Mark-Liversedge_Wrist_01,swing_0030,thoraxRotation,0,2.5569456734287916,2.552561883027542,1.1531733410562581,0.003801501686844599
2026-10-07_Mark-Liversedge_Wrist_01,swing_0030,pelvisRotation,2,38.78860466972106,38.37381419177752,5.5755899899445565,0.07439400649825498
2026-10-07_Mark-Liversedge_Wrist_01,swing_0030,thoraxRotation,2,104.1637208192111,104.31931255333247,10.484475192506109,0.014840202419724708
2026-10-07_Mark-Liversedge_Wrist_01,swing_0030,xFactor,5,-5.6608242084895375,-5.249817384707471,3.384131054761943,0.12145121365903437
2026-10-07_Mark-Liversedge_Wrist_01,swing_0030,xFactor,7,13.745080711910731,13.820023418126368,20.731990394452243,0.003614834118179573
2026-10-07_Mark-Liversedge_Wrist_01,swing_0030,pelvisRotationSigned,5,13.64140294717393,13.631954235030227,3.0520925411021795,0.003095814434345715
2026-10-07_Mark-Liversedge_Wrist_01,swing_0030,xFactor,0,1.9170116272704658,1.959224159655566,2.406270382925568,0.017542722000250744
2026-10-07_Mark-Liversedge_Wrist_01,swing_0030,pelvisRotationSigned,7,138.07633069203797,137.4997283309482,14.026768255108898,0.04110728505689615
2026-10-07_Mark-Liversedge_Wrist_01,swing_0030,xFactor,2,65.37511614949003,65.94549836155494,11.874823105977029,0.04803290179352815
2026-10-07_Mark-Liversedge_Wrist_01,swing_0030,pelvisRotationSigned,0,0.6399340461583259,0.593337723371976,2.111948958005829,0.022063186048941127
2026-10-07_Mark-Liversedge_Wrist_01,swing_0030,pelvisRotationSigned,2,-38.78860466972106,-38.37381419177752,5.5755899899445565,0.07439400649825498
2026-10-07_Mark-Liversedge_Wrist_01,swing_0030,xFactorStretch,5,-71.03594035797957,-71.19531574626241,3.384131054761943,0.047094922065319
2026-10-07_Mark-Liversedge_Wrist_01,swing_0030,thoraxRotation,5,7.980578738684392,8.382136850322755,1.4618734953314598,0.2746873193342323
2026-10-07_Mark-Liversedge_Wrist_01,swing_0031,leadArmAngularSpeed,5,616.0463439176832,601.9552556892152,115.00009021629673,0.12253110586230812
2026-10-07_Mark-Liversedge_Wrist_01,swing_0031,xFactorStretch,7,-43.232280307442856,-45.534590989940774,19.93974905979341,0.11546337296392092
2026-10-07_Mark-Liversedge_Wrist_01,swing_0031,xFactorStretch,0,-50.360760029604954,-53.96218274805303,2.616650549708106,1.3763483698080452
2026-10-07_Mark-Liversedge_Wrist_01,swing_0031,pelvisRotation,5,15.887732770969679,13.494893165944864,3.2962528461957,0.7259272017880726
2026-10-07_Mark-Liversedge_Wrist_01,swing_0031,leadArmAngularSpeed,9,541.1701961263317,541.4669776437416,115.00009021629673,0.00258070682250558
2026-10-07_Mark-Liversedge_Wrist_01,swing_0031,pelvisRotation,7,133.56524923568878,132.75247855083654,13.671348792479538,0.059450658248097345
2026-10-07_Mark-Liversedge_Wrist_01,swing_0031,thoraxRotation,7,143.72170725286034,144.0581154351073,14.515089209574304,0.023176446068624342
2026-10-07_Mark-Liversedge_Wrist_01,swing_0031,pelvisRotation,0,3.5316514496858007,3.350045624709381,2.135962290589998,0.08502295465443657
2026-10-07_Mark-Liversedge_Wrist_01,swing_0031,thoraxRotation,0,6.559629744695259,6.228090750867892,1.5114645852501016,0.21934949522651734
2026-10-07_Mark-Liversedge_Wrist_01,swing_0031,pelvisRotation,2,41.02017820811981,37.57299009270543,5.951082019149142,0.5792540086529071
2026-10-07_Mark-Liversedge_Wrist_01,swing_0031,thoraxRotation,2,94.40891653273422,94.41321796691697,9.571804289197118,0.00044938593109396826
2026-10-07_Mark-Liversedge_Wrist_01,swing_0031,xFactor,5,-12.031633666657044,-9.62309846229769,3.529353332232371,0.6824296061159502
2026-10-07_Mark-Liversedge_Wrist_01,swing_0031,xFactor,7,10.156458017171559,11.305636884270768,19.93974905979341,0.057632564163829836
2026-10-07_Mark-Liversedge_Wrist_01,swing_0031,pelvisRotationSigned,5,15.887732770969679,13.494893165944864,3.2962528461957,0.7259272017880726
2026-10-07_Mark-Liversedge_Wrist_01,swing_0031,xFactor,0,3.0279782950094587,2.8780451261585114,2.616650549708106,0.057299653126273484
2026-10-07_Mark-Liversedge_Wrist_01,swing_0031,pelvisRotationSigned,7,133.56524923568878,132.75247855083654,13.671348792479538,0.059450658248097345
2026-10-07_Mark-Liversedge_Wrist_01,swing_0031,xFactor,2,53.388738324614415,56.84022787421154,11.270972209589223,0.3062282015619413
2026-10-07_Mark-Liversedge_Wrist_01,swing_0031,pelvisRotationSigned,0,3.5316514496858007,3.350045624709381,2.135962290589998,0.08502295465443657
2026-10-07_Mark-Liversedge_Wrist_01,swing_0031,pelvisRotationSigned,2,-41.02017820811981,-37.57299009270543,5.951082019149142,0.5792540086529071
2026-10-07_Mark-Liversedge_Wrist_01,swing_0031,xFactorStretch,5,-65.42037199127145,-66.46332633650923,3.529353332232371,0.29550862355231783
2026-10-07_Mark-Liversedge_Wrist_01,swing_0031,thoraxRotation,5,3.8560991043126354,3.8717947036471734,1.2613691440995716,0.012443303697382195
2026-10-07_Mark-Liversedge_Wrist_01,swing_0032,leadArmAngularSpeed,5,400.3647994517119,392.46456254293,76.23015361666268,0.10363663896716888
2026-10-07_Mark-Liversedge_Wrist_01,swing_0032,xFactorStretch,7,-46.01041816815969,-53.163359353035275,17.445112799951964,0.4100255049594912
2026-10-07_Mark-Liversedge_Wrist_01,swing_0032,leadArmAngularSpeed,14,387.0701134616205,387.3223956139858,76.23015361666268,0.0033094797845212754
2026-10-07_Mark-Liversedge_Wrist_01,swing_0032,xFactorStretch,0,-57.452496435733636,-64.69630826221072,2.840849321081584,2.549875409695851
2026-10-07_Mark-Liversedge_Wrist_01,swing_0032,pelvisRotation,5,5.503691848520391,6.03012949651187,3.0090776366269347,0.17494983897510763
2026-10-07_Mark-Liversedge_Wrist_01,swing_0032,leadArmAngularSpeed,9,716.5219187325417,712.434271398472,76.23015361666268,0.053622446500963754
2026-10-07_Mark-Liversedge_Wrist_01,swing_0032,pelvisRotation,7,114.24303315546341,114.0605564219399,11.802638767443444,0.015460672576614575
2026-10-07_Mark-Liversedge_Wrist_01,swing_0032,thoraxRotation,7,127.56203217238657,127.23010808275853,12.846387769652953,0.02583793168785835
2026-10-07_Mark-Liversedge_Wrist_01,swing_0032,pelvisRotation,0,2.3761393788613683,2.717685454905846,2.5901460316537133,0.1318636369805037
2026-10-07_Mark-Liversedge_Wrist_01,swing_0032,thoraxRotation,0,4.2530601282105795,4.354288206549031,1.1668626310745491,0.08675235254147397
2026-10-07_Mark-Liversedge_Wrist_01,swing_0032,pelvisRotation,2,43.651260856051636,38.203157028183334,6.312921357226565,0.8630083474161635
2026-10-07_Mark-Liversedge_Wrist_01,swing_0032,thoraxRotation,2,102.98067804113448,104.53606804203724,10.352153176171083,0.15024797010181495
2026-10-07_Mark-Liversedge_Wrist_01,swing_0032,xFactor,5,-4.7044477820400665,-5.042375351069518,3.1441214218876303,0.10747917261623144
2026-10-07_Mark-Liversedge_Wrist_01,swing_0032,xFactor,7,13.318999016923158,13.169551660818627,17.445112799951964,0.008566717671492648
2026-10-07_Mark-Liversedge_Wrist_01,swing_0032,pelvisRotationSigned,5,5.503691848520391,6.03012949651187,3.0090776366269347,0.17494983897510763
2026-10-07_Mark-Liversedge_Wrist_01,swing_0032,xFactor,0,1.8769207493492113,1.636602751643185,2.840849321081584,0.0845937149579377
2026-10-07_Mark-Liversedge_Wrist_01,swing_0032,pelvisRotationSigned,7,114.24303315546341,114.0605564219399,11.802638767443444,0.015460672576614575
2026-10-07_Mark-Liversedge_Wrist_01,swing_0032,xFactor,2,59.329417185082846,66.3329110138539,12.125182532458483,0.5775990431503252
2026-10-07_Mark-Liversedge_Wrist_01,swing_0032,pelvisRotationSigned,0,2.3761393788613683,2.717685454905846,2.5901460316537133,0.1318636369805037
2026-10-07_Mark-Liversedge_Wrist_01,swing_0032,pelvisRotationSigned,2,-43.651260856051636,-38.203157028183334,6.312921357226565,0.8630083474161635
2026-10-07_Mark-Liversedge_Wrist_01,swing_0032,xFactorStretch,5,-64.03386496712291,-71.37528636492343,3.1441214218876303,2.3349675196045583
2026-10-07_Mark-Liversedge_Wrist_01,swing_0032,thoraxRotation,5,0.7992440664803242,0.9877541454423522,0.9115652978938774,0.2067982177443244
2026-10-07_Mark-Liversedge_Wrist_01,swing_0033,leadArmAngularSpeed,5,431.7030384638602,432.6252249392969,81.31321865217252,0.011341163106351571
2026-10-07_Mark-Liversedge_Wrist_01,swing_0033,xFactorStretch,7,-45.63026664902093,-46.338090390430565,18.35702843256205,0.038558732095990124
2026-10-07_Mark-Liversedge_Wrist_01,swing_0033,leadArmAngularSpeed,14,421.6421563760981,418.71349894451544,81.31321865217252,0.036016990596699626
2026-10-07_Mark-Liversedge_Wrist_01,swing_0033,xFactorStretch,0,-56.38564049304711,-56.76953667828573,2.7562764456187354,0.1392807263033593
2026-10-07_Mark-Liversedge_Wrist_01,swing_0033,pelvisRotation,5,8.00229616375524,7.584521769882853,2.5536610238271225,0.16359821839089528
2026-10-07_Mark-Liversedge_Wrist_01,swing_0033,leadArmAngularSpeed,9,608.1371421350709,615.6288126158105,81.31321865217252,0.09213348831739315
2026-10-07_Mark-Liversedge_Wrist_01,swing_0033,pelvisRotation,7,122.74296031221185,123.03256084956766,12.542311474259522,0.023089885620378222
2026-10-07_Mark-Liversedge_Wrist_01,swing_0033,pelvisAngularSpeed,14,402.24136235107716,129.57796160555174,371.47954043245176,0.733993049598664
2026-10-07_Mark-Liversedge_Wrist_01,swing_0033,thoraxRotation,7,133.09835057326046,133.05217119349032,13.4041380087102,0.0034451584831586717
2026-10-07_Mark-Liversedge_Wrist_01,swing_0033,pelvisRotation,0,2.5915249514288754,2.614832323645573,2.439081195453515,0.009555800052963687
2026-10-07_Mark-Liversedge_Wrist_01,swing_0033,thoraxRotation,0,2.191541368451309,2.20299637971307,1.2837222311145435,0.008923278715688899
2026-10-07_Mark-Liversedge_Wrist_01,swing_0033,pelvisRotation,2,42.310107027859196,41.80113341097636,6.029439172711367,0.08441475273295683
2026-10-07_Mark-Liversedge_Wrist_01,swing_0033,pelvisAngularSpeed,9,339.9322920416191,218.74849739171904,371.47954043245176,0.3262192973234164
2026-10-07_Mark-Liversedge_Wrist_01,swing_0033,thoraxRotation,2,98.29576393792874,98.15883414532959,9.959072841458914,0.01374925103761853
2026-10-07_Mark-Liversedge_Wrist_01,swing_0033,xFactor,5,-6.30729543877134,-6.2844824957502885,2.821796937586812,0.008084544538687127
2026-10-07_Mark-Liversedge_Wrist_01,swing_0033,xFactor,7,10.355390261048612,10.019610343922665,18.35702843256205,0.018291627011392236
2026-10-07_Mark-Liversedge_Wrist_01,swing_0033,pelvisRotationSigned,5,8.00229616375524,7.584521769882853,2.5536610238271225,0.16359821839089528
2026-10-07_Mark-Liversedge_Wrist_01,swing_0033,xFactor,0,-0.3999835829775664,-0.4118359439325028,2.7562764456187354,0.004300135051321281
2026-10-07_Mark-Liversedge_Wrist_01,swing_0033,pelvisRotationSigned,7,122.74296031221185,123.03256084956766,12.542311474259522,0.023089885620378222
2026-10-07_Mark-Liversedge_Wrist_01,swing_0033,xFactor,2,55.985656910069544,56.35770073435323,11.642047440158919,0.03195690673792751
2026-10-07_Mark-Liversedge_Wrist_01,swing_0033,pelvisRotationSigned,0,2.5915249514288754,2.614832323645573,2.439081195453515,0.009555800052963687
2026-10-07_Mark-Liversedge_Wrist_01,swing_0033,pelvisRotationSigned,2,-42.310107027859196,-41.80113341097636,6.029439172711367,0.08441475273295683
2026-10-07_Mark-Liversedge_Wrist_01,swing_0033,xFactorStretch,5,-62.292952348840885,-62.64218323010352,2.821796937586812,0.1237618754952989
2026-10-07_Mark-Liversedge_Wrist_01,swing_0033,thoraxRotation,5,1.6950007249838999,1.3000392741325646,1.2005637560581792,0.3289799886580913
2026-10-07_Mark-Liversedge_Wrist_01,swing_0033,pelvisAngularSpeed,5,251.7157387936772,97.71825202975289,371.47954043245176,0.41455173166374304
2026-10-07_Mark-Liversedge_Wrist_01,swing_0034,leadArmAngularSpeed,5,402.7082430017666,398.67459648372466,113.9806024174472,0.035388885762061256
2026-10-07_Mark-Liversedge_Wrist_01,swing_0034,xFactorStretch,7,-64.95326747998685,-62.45162380521295,19.420252948889857,0.12881622506965887
2026-10-07_Mark-Liversedge_Wrist_01,swing_0034,xFactorStretch,0,-75.71190506692162,-73.93933601540556,3.120824288418887,0.5679810484986004
2026-10-07_Mark-Liversedge_Wrist_01,swing_0034,pelvisRotation,5,9.396944908350797,8.326625672782177,3.1779945388425337,0.3367907724468413
2026-10-07_Mark-Liversedge_Wrist_01,swing_0034,leadArmAngularSpeed,9,602.2031728931707,601.6557957114196,113.9806024174472,0.004802371369703716
2026-10-07_Mark-Liversedge_Wrist_01,swing_0034,pelvisRotation,7,129.65323997007033,129.6202084631146,13.187954338499402,0.002504672529786867
2026-10-07_Mark-Liversedge_Wrist_01,swing_0034,thoraxRotation,7,141.64408848719216,142.1135923372444,14.25566852043495,0.032934537540573336
2026-10-07_Mark-Liversedge_Wrist_01,swing_0034,pelvisRotation,0,0.8484836672896386,0.8487754768850297,2.8260022647523,0.00010325879742940642
2026-10-07_Mark-Liversedge_Wrist_01,swing_0034,thoraxRotation,0,2.080694597476707,1.8544471408222016,1.3241055240425976,0.1708681464931543
2026-10-07_Mark-Liversedge_Wrist_01,swing_0034,pelvisRotation,2,41.558533429014474,42.84016754619613,5.972220531504893,0.214599261768839
2026-10-07_Mark-Liversedge_Wrist_01,swing_0034,thoraxRotation,2,118.50264942612316,117.78517522553886,11.920354190973145,0.06018900018320001
2026-10-07_Mark-Liversedge_Wrist_01,swing_0034,xFactor,5,-9.012032352872968,-8.170013380925697,3.386009191707373,0.24867592622295512
2026-10-07_Mark-Liversedge_Wrist_01,swing_0034,xFactor,7,11.990848517121833,12.49338387412979,19.420252948889857,0.025876869798273375
2026-10-07_Mark-Liversedge_Wrist_01,swing_0034,pelvisRotationSigned,5,9.396944908350797,8.326625672782177,3.1779945388425337,0.3367907724468413
2026-10-07_Mark-Liversedge_Wrist_01,swing_0034,xFactor,0,1.2322109301870685,1.005671663937172,3.120824288418887,0.07258956138305016
2026-10-07_Mark-Liversedge_Wrist_01,swing_0034,pelvisRotationSigned,7,129.65323997007033,129.6202084631146,13.187954338499402,0.002504672529786867
2026-10-07_Mark-Liversedge_Wrist_01,swing_0034,xFactor,2,76.94411599710868,74.94500767934274,13.332751483290297,0.14993966701257366
2026-10-07_Mark-Liversedge_Wrist_01,swing_0034,pelvisRotationSigned,0,0.8484836672896386,0.8487754768850297,2.8260022647523,0.00010325879742940642
2026-10-07_Mark-Liversedge_Wrist_01,swing_0034,pelvisRotationSigned,2,-41.558533429014474,-42.84016754619613,5.972220531504893,0.214599261768839
2026-10-07_Mark-Liversedge_Wrist_01,swing_0034,xFactorStretch,5,-85.95614834998165,-83.11502106026843,3.386009191707373,0.839078433889482
2026-10-07_Mark-Liversedge_Wrist_01,swing_0034,thoraxRotation,5,0.384912555477829,0.1566122918564794,1.1685071490640746,0.1953777208844709
2026-10-07_Mark-Liversedge_Wrist_01,swing_0035,leadArmAngularSpeed,5,472.8736873262461,477.40481384346253,118.24370003106316,0.038320236224222294
2026-10-07_Mark-Liversedge_Wrist_01,swing_0035,xFactorStretch,7,-51.40617153326781,-59.62431638700588,18.706231598188985,0.43932658540022
2026-10-07_Mark-Liversedge_Wrist_01,swing_0035,xFactorStretch,0,-67.59296636671006,-77.387970268738,3.39304871707346,2.886785519093942
2026-10-07_Mark-Liversedge_Wrist_01,swing_0035,pelvisRotation,5,9.540431282004432,4.6181917048816175,4.029718475674835,1.2214847282348957
2026-10-07_Mark-Liversedge_Wrist_01,swing_0035,leadArmAngularSpeed,9,636.6351841593274,620.5057577984484,118.24370003106316,0.13640833597596977
2026-10-07_Mark-Liversedge_Wrist_01,swing_0035,pelvisRotation,7,120.48214111887201,116.85936332848739,12.570439793582487,0.2881981736417952
2026-10-07_Mark-Liversedge_Wrist_01,swing_0035,thoraxRotation,7,137.01289486239347,134.87831386774923,13.853055403087145,0.15408737874307127
2026-10-07_Mark-Liversedge_Wrist_01,swing_0035,pelvisRotation,0,0.9725561122942876,1.1543569762645955,2.9551541077515733,0.06151992665743952
2026-10-07_Mark-Liversedge_Wrist_01,swing_0035,thoraxRotation,0,1.3165150223735027,1.4096536337943126,1.6672863568903982,0.055862396423923086
2026-10-07_Mark-Liversedge_Wrist_01,swing_0035,pelvisRotation,2,51.09067920752648,42.54172811630305,6.8335073174430505,1.2510341606573798
2026-10-07_Mark-Liversedge_Wrist_01,swing_0035,thoraxRotation,2,119.02760448431575,120.18499504257076,11.954578665444222,0.09681567127083765
2026-10-07_Mark-Liversedge_Wrist_01,swing_0035,xFactor,5,-3.461337111545623,1.3038483718590737,4.298342925966606,1.1086098911787283
2026-10-07_Mark-Liversedge_Wrist_01,swing_0035,xFactor,7,16.53075374352146,18.018950539261837,18.706231598188985,0.07955620499665236
2026-10-07_Mark-Liversedge_Wrist_01,swing_0035,pelvisRotationSigned,5,9.540431282004432,4.6181917048816175,4.029718475674835,1.2214847282348957
2026-10-07_Mark-Liversedge_Wrist_01,swing_0035,xFactor,0,0.3439589100792151,0.2552966575297171,3.39304871707346,0.026130556895148302
2026-10-07_Mark-Liversedge_Wrist_01,swing_0035,pelvisRotationSigned,7,120.48214111887201,116.85936332848739,12.570439793582487,0.2881981736417952
2026-10-07_Mark-Liversedge_Wrist_01,swing_0035,xFactor,2,67.93692527678927,77.64326692626771,13.769850156259578,0.7048981317393699
2026-10-07_Mark-Liversedge_Wrist_01,swing_0035,pelvisRotationSigned,0,0.9725561122942876,1.1543569762645955,2.9551541077515733,0.06151992665743952
2026-10-07_Mark-Liversedge_Wrist_01,swing_0035,pelvisRotationSigned,2,-51.09067920752648,-42.54172811630305,6.8335073174430505,1.2510341606573798
2026-10-07_Mark-Liversedge_Wrist_01,swing_0035,xFactorStretch,5,-71.39826238833489,-76.33941855440864,4.298342925966606,1.1495490823274859
2026-10-07_Mark-Liversedge_Wrist_01,swing_0035,thoraxRotation,5,6.079094170458809,5.922040076740691,1.4957008109953165,0.10500368293148567
2026-10-07_Mark-Liversedge_Wrist_01,swing_0036,leadArmAngularSpeed,5,509.75629353024704,513.191959417386,69.04989793544019,0.04975627755961651
2026-10-07_Mark-Liversedge_Wrist_01,swing_0036,xFactorStretch,7,-51.664328874314684,-45.61276927343566,17.416623366543504,0.34745883134292144
2026-10-07_Mark-Liversedge_Wrist_01,swing_0036,xFactorStretch,0,-60.218165075195046,-58.678937050855964,2.9160418348374226,0.5278484025675502
2026-10-07_Mark-Liversedge_Wrist_01,swing_0036,pelvisRotation,5,9.250494525939274,4.952240576510496,3.0051028512710234,1.4303184157609814
2026-10-07_Mark-Liversedge_Wrist_01,swing_0036,leadArmAngularSpeed,9,549.907754520303,508.0060818033249,69.04989793544019,0.6068317835336275
2026-10-07_Mark-Liversedge_Wrist_01,swing_0036,pelvisRotation,7,115.91348691857239,113.66273921771769,11.964527213451683,0.18811839872153022
2026-10-07_Mark-Liversedge_Wrist_01,swing_0036,thoraxRotation,7,125.68178730178214,127.83129654412612,12.656573708970498,0.16983342346598046
2026-10-07_Mark-Liversedge_Wrist_01,swing_0036,pelvisRotation,0,0.6487643420434747,0.857521766617534,2.486279751910942,0.08396377133892895
2026-10-07_Mark-Liversedge_Wrist_01,swing_0036,thoraxRotation,0,1.8632285243728617,1.9599113156056618,1.5237168299128503,0.06345194155158733
2026-10-07_Mark-Liversedge_Wrist_01,swing_0036,pelvisRotation,2,36.36187066153962,39.9709845614004,5.535205479204357,0.6520288927701312
2026-10-07_Mark-Liversedge_Wrist_01,swing_0036,pelvisAngularSpeed,9,308.2792682111536,238.27935656569485,329.2490570704592,0.21260474447001612
2026-10-07_Mark-Liversedge_Wrist_01,swing_0036,thoraxRotation,2,97.79449991906405,99.75231116124449,9.872486999444357,0.19830983239487984
2026-10-07_Mark-Liversedge_Wrist_01,swing_0036,xFactor,5,-8.294495463753961,-4.649481589826333,3.217722283205797,1.1327931850899584
2026-10-07_Mark-Liversedge_Wrist_01,swing_0036,xFactor,7,9.768300383209748,14.168557326408433,17.416623366543504,0.25264695978046847
2026-10-07_Mark-Liversedge_Wrist_01,swing_0036,pelvisRotationSigned,5,9.250494525939274,4.952240576510496,3.0051028512710234,1.4303184157609814
2026-10-07_Mark-Liversedge_Wrist_01,swing_0036,xFactor,0,1.2144641823293871,1.102389548988128,2.9160418348374226,0.038433822177145714
2026-10-07_Mark-Liversedge_Wrist_01,swing_0036,pelvisRotationSigned,7,115.91348691857239,113.66273921771769,11.964527213451683,0.18811839872153022
2026-10-07_Mark-Liversedge_Wrist_01,swing_0036,xFactor,2,61.43262925752443,59.78132659984409,11.31832581485494,0.14589637060218374
2026-10-07_Mark-Liversedge_Wrist_01,swing_0036,pelvisRotationSigned,0,0.6487643420434747,0.857521766617534,2.486279751910942,0.08396377133892895
2026-10-07_Mark-Liversedge_Wrist_01,swing_0036,pelvisRotationSigned,2,-36.36187066153962,-39.9709845614004,5.535205479204357,0.6520288927701312
2026-10-07_Mark-Liversedge_Wrist_01,swing_0036,xFactorStretch,5,-69.72712472127839,-64.43080818967043,3.217722283205797,1.6459831102425873
2026-10-07_Mark-Liversedge_Wrist_01,swing_0036,thoraxRotation,5,0.9559990621853123,0.3027589866841627,1.1502580341479431,0.5679074226028241
2026-10-07_Mark-Liversedge_Wrist_01,swing_0036,pelvisAngularSpeed,5,372.17208739017894,289.99030024966584,329.2490570704592,0.24960371298170866
2026-10-07_Mark-Liversedge_Wrist_01,swing_0037,leadArmAngularSpeed,5,573.291443441967,519.5968113861979,90.4490594781474,0.5936450015684432
2026-10-07_Mark-Liversedge_Wrist_01,swing_0037,xFactorStretch,7,-41.905795727248545,-43.201305046377115,15.912568276556529,0.08141421903824297
2026-10-07_Mark-Liversedge_Wrist_01,swing_0037,leadArmAngularSpeed,14,502.1308056409588,561.3833764539135,90.4490594781474,0.6550932774184364
2026-10-07_Mark-Liversedge_Wrist_01,swing_0037,xFactorStretch,0,-78.92418812324851,-81.9290047022403,2.658943593476199,1.1300790984676035
2026-10-07_Mark-Liversedge_Wrist_01,swing_0037,pelvisRotation,5,10.072501993214583,9.100642450626928,2.96804378310392,0.32744110721011804
2026-10-07_Mark-Liversedge_Wrist_01,swing_0037,leadArmAngularSpeed,9,574.8654838791327,561.1744704188117,90.4490594781474,0.1513671180144094
2026-10-07_Mark-Liversedge_Wrist_01,swing_0037,pelvisRotation,7,88.88219620468477,88.03276140551759,9.601503635630241,0.08846893480465028
2026-10-07_Mark-Liversedge_Wrist_01,swing_0037,thoraxRotation,7,125.97920757944716,126.32389790261732,12.689403338654364,0.0271636351978948
2026-10-07_Mark-Liversedge_Wrist_01,swing_0037,pelvisRotation,0,1.710710538626303,2.1834184183209997,2.2520066225702062,0.20990519075614308
2026-10-07_Mark-Liversedge_Wrist_01,swing_0037,thoraxRotation,0,1.7893295173887267,1.746855259557536,1.4136644599013073,0.03004550162784457
2026-10-07_Mark-Liversedge_Wrist_01,swing_0037,pelvisRotation,2,39.30088953413047,36.670433994863195,6.114211154156288,0.4302199372815504
2026-10-07_Mark-Liversedge_Wrist_01,swing_0037,thoraxRotation,2,118.3036966361414,118.16287553834005,11.883502850227314,0.011850133716983648
2026-10-07_Mark-Liversedge_Wrist_01,swing_0037,xFactor,5,-9.209908275474817,-8.846101907014972,3.181626647296659,0.11434602761105253
2026-10-07_Mark-Liversedge_Wrist_01,swing_0037,xFactor,7,37.09701137476239,38.29113649709973,15.912568276556529,0.07504289072535235
2026-10-07_Mark-Liversedge_Wrist_01,swing_0037,pelvisRotationSigned,5,10.072501993214583,9.100642450626928,2.96804378310392,0.32744110721011804
2026-10-07_Mark-Liversedge_Wrist_01,swing_0037,xFactor,0,0.07861897876242363,-0.43656315876346374,2.658943593476199,0.19375444397914374
2026-10-07_Mark-Liversedge_Wrist_01,swing_0037,pelvisRotationSigned,7,88.88219620468477,88.03276140551759,9.601503635630241,0.08846893480465028
2026-10-07_Mark-Liversedge_Wrist_01,swing_0037,xFactor,2,79.00280710201093,81.49244154347684,13.364176668578198,0.1862916439378962
2026-10-07_Mark-Liversedge_Wrist_01,swing_0037,pelvisRotationSigned,0,1.710710538626303,2.1834184183209997,2.2520066225702062,0.20990519075614308
2026-10-07_Mark-Liversedge_Wrist_01,swing_0037,pelvisRotationSigned,2,-39.30088953413047,-36.670433994863195,6.114211154156288,0.4302199372815504
2026-10-07_Mark-Liversedge_Wrist_01,swing_0037,xFactorStretch,5,-88.21271537748575,-90.33854345049181,3.181626647296659,0.6681576151659151
2026-10-07_Mark-Liversedge_Wrist_01,swing_0037,thoraxRotation,5,0.8625937177397667,0.2545405436119559,1.1460646684922928,0.5305574727539032
2026-10-07_Mark-Liversedge_Wrist_01,swing_0038,leadArmAngularSpeed,5,456.8115672158945,468.3570129269575,103.96072082257258,0.11105584512796278
2026-10-07_Mark-Liversedge_Wrist_01,swing_0038,xFactorStretch,7,-26.5514152003244,-36.670919572864165,14.950316168194833,0.6768756097658929
2026-10-07_Mark-Liversedge_Wrist_01,swing_0038,leadArmAngularSpeed,14,641.0860992590368,662.1332871473959,103.96072082257258,0.2024532700603321
2026-10-07_Mark-Liversedge_Wrist_01,swing_0038,xFactorStretch,0,-67.74441609751175,-80.28239630781941,2.495361297561078,5.02451497607263
2026-10-07_Mark-Liversedge_Wrist_01,swing_0038,pelvisRotation,5,16.57717473015786,14.876126162787497,3.4901881307756994,0.4873801937411046
2026-10-07_Mark-Liversedge_Wrist_01,swing_0038,leadArmAngularSpeed,9,673.3753634201997,677.087240417635,103.96072082257258,0.035704610049503926
2026-10-07_Mark-Liversedge_Wrist_01,swing_0038,pelvisRotation,7,78.57207814810899,76.28918693052117,8.407762231075116,0.2715218574034175
2026-10-07_Mark-Liversedge_Wrist_01,swing_0038,thoraxRotation,7,123.10186960237712,122.54306956823669,12.36209884261951,0.04520268291448344
2026-10-07_Mark-Liversedge_Wrist_01,swing_0038,pelvisRotation,0,0.6506317932349803,1.4115116063236515,2.131407875274137,0.3569846118687201
2026-10-07_Mark-Liversedge_Wrist_01,swing_0038,thoraxRotation,0,3.987422350315774,4.053917509083928,1.2976626967687308,0.051242251883892045
2026-10-07_Mark-Liversedge_Wrist_01,swing_0038,pelvisRotation,2,46.9951005563934,39.35837551249988,7.167137134109184,1.065519593248679
2026-10-07_Mark-Liversedge_Wrist_01,swing_0038,thoraxRotation,2,118.07630721098595,122.28317772307956,11.886551452724113,0.3539185043555675
2026-10-07_Mark-Liversedge_Wrist_01,swing_0038,xFactor,5,-8.799788010584976,-7.14205710229041,3.8591563898640486,0.42955784654090284
2026-10-07_Mark-Liversedge_Wrist_01,swing_0038,xFactor,7,44.529791454268135,46.25388263771552,14.950316168194833,0.11532138611992707
2026-10-07_Mark-Liversedge_Wrist_01,swing_0038,pelvisRotationSigned,5,16.57717473015786,14.876126162787497,3.4901881307756994,0.4873801937411046
2026-10-07_Mark-Liversedge_Wrist_01,swing_0038,xFactor,0,3.3367905570807936,2.6424059027602764,2.495361297561078,0.2782701867658188
2026-10-07_Mark-Liversedge_Wrist_01,swing_0038,pelvisRotationSigned,7,78.57207814810899,76.28918693052117,8.407762231075116,0.2715218574034175
2026-10-07_Mark-Liversedge_Wrist_01,swing_0038,xFactor,2,71.08120665459253,82.92480221057968,13.880128246431461,0.8532770984325814
2026-10-07_Mark-Liversedge_Wrist_01,swing_0038,pelvisRotationSigned,0,0.6506317932349803,1.4115116063236515,2.131407875274137,0.3569846118687201
2026-10-07_Mark-Liversedge_Wrist_01,swing_0038,pelvisRotationSigned,2,-46.9951005563934,-39.35837551249988,7.167137134109184,1.065519593248679
2026-10-07_Mark-Liversedge_Wrist_01,swing_0038,xFactorStretch,5,-79.88099466517751,-90.0668593128701,3.8591563898640486,2.6394018844236093
2026-10-07_Mark-Liversedge_Wrist_01,swing_0038,thoraxRotation,5,7.777386719572884,7.734069060497086,1.6467163851802005,0.026305476441261792
2026-10-07_Mark-Liversedge_Wrist_01,swing_0039,leadArmAngularSpeed,5,458.89024956657835,441.8237405161511,79.17249541937288,0.21556108545053176
2026-10-07_Mark-Liversedge_Wrist_01,swing_0039,xFactorStretch,7,-24.78142708214895,-33.10422877515035,15.392573313628457,0.5407024233974221
2026-10-07_Mark-Liversedge_Wrist_01,swing_0039,leadArmAngularSpeed,14,535.122178636572,353.96957526200913,79.17249541937288,2.288074948440191
2026-10-07_Mark-Liversedge_Wrist_01,swing_0039,xFactorStretch,0,-73.88098694614618,-80.73709443396588,2.3683846184152313,2.8948454716816054
2026-10-07_Mark-Liversedge_Wrist_01,swing_0039,pelvisRotation,5,21.588919090527344,20.059829825702106,3.498850878910298,0.43702613164853327
2026-10-07_Mark-Liversedge_Wrist_01,swing_0039,leadArmAngularSpeed,9,757.9543514450631,808.6780115418676,79.17249541937288,0.640672746616406
2026-10-07_Mark-Liversedge_Wrist_01,swing_0039,pelvisRotation,7,78.77800830051189,79.68106197818018,8.385752517524798,0.10768904469587764
2026-10-07_Mark-Liversedge_Wrist_01,swing_0039,thoraxRotation,7,128.39845395151593,128.72124433440348,12.907767736144521,0.02500745206188244
2026-10-07_Mark-Liversedge_Wrist_01,swing_0039,pelvisRotation,0,1.7508799434735658,0.8891874982075683,1.983712534701314,0.4343837275776159
2026-10-07_Mark-Liversedge_Wrist_01,swing_0039,thoraxRotation,0,2.2717657304803787,2.2965041956153365,1.2938818649377344,0.01911957019055082
2026-10-07_Mark-Liversedge_Wrist_01,swing_0039,pelvisRotation,2,37.78603621938908,33.394473122858045,5.756698411213126,0.7628614151432661
2026-10-07_Mark-Liversedge_Wrist_01,swing_0039,thoraxRotation,2,112.18790895254207,115.53888425423169,11.291660630459857,0.29676549901350924
2026-10-07_Mark-Liversedge_Wrist_01,swing_0039,xFactor,5,-9.776578607179296,-8.423970598412263,3.958304626613156,0.3417139751379785
2026-10-07_Mark-Liversedge_Wrist_01,swing_0039,xFactor,7,49.62044565100405,49.0401823562233,15.392573313628457,0.03769761448964412
2026-10-07_Mark-Liversedge_Wrist_01,swing_0039,pelvisRotationSigned,5,21.588919090527344,20.059829825702106,3.498850878910298,0.43702613164853327
2026-10-07_Mark-Liversedge_Wrist_01,swing_0039,xFactor,0,0.5208857870068129,1.4073166974077682,2.3683846184152313,0.3742765864583672
2026-10-07_Mark-Liversedge_Wrist_01,swing_0039,pelvisRotationSigned,7,78.77800830051189,79.68106197818018,8.385752517524798,0.10768904469587764
2026-10-07_Mark-Liversedge_Wrist_01,swing_0039,xFactor,2,74.401872733153,82.14441113137364,12.674430022337921,0.6108786260664099
2026-10-07_Mark-Liversedge_Wrist_01,swing_0039,pelvisRotationSigned,0,1.7508799434735658,0.8891874982075683,1.983712534701314,0.4343837275776159
2026-10-07_Mark-Liversedge_Wrist_01,swing_0039,pelvisRotationSigned,2,-37.78603621938908,-33.394473122858045,5.756698411213126,0.7628614151432661
2026-10-07_Mark-Liversedge_Wrist_01,swing_0039,xFactorStretch,5,-84.17845134033229,-90.56838172978591,3.958304626613156,1.614309910988594
2026-10-07_Mark-Liversedge_Wrist_01,swing_0039,thoraxRotation,5,11.812340483348049,11.635859227289844,1.8510046040503927,0.09534349923929208
2026-10-07_Mark-Liversedge_Wrist_01,swing_0040,leadArmAngularSpeed,5,462.0690428592646,480.03055755513395,121.96319670907098,0.1472699566797554
2026-10-07_Mark-Liversedge_Wrist_01,swing_0040,xFactorStretch,7,-65.95111726862245,-67.78355477757015,19.301699549027756,0.09493658857828367
2026-10-07_Mark-Liversedge_Wrist_01,swing_0040,xFactorStretch,0,-72.67440939672309,-76.59108145537535,2.665276992593026,1.4695178285547557
2026-10-07_Mark-Liversedge_Wrist_01,swing_0040,pelvisRotation,5,10.85969140317501,10.636136513224216,2.960304869815081,0.07551752261406731
2026-10-07_Mark-Liversedge_Wrist_01,swing_0040,leadArmAngularSpeed,9,679.1812294915924,641.7055411073719,121.96319670907098,0.30727046679183356
2026-10-07_Mark-Liversedge_Wrist_01,swing_0040,pelvisRotation,7,129.90102905642868,129.0319053819502,13.241051503412505,0.06563856913134848
2026-10-07_Mark-Liversedge_Wrist_01,swing_0040,thoraxRotation,7,139.54477783298714,140.96735980286007,14.043865584835102,0.1012956127555845
2026-10-07_Mark-Liversedge_Wrist_01,swing_0040,pelvisRotation,0,1.6362161967347102,1.435667585521088,2.2893585983457183,0.08760034856860684
2026-10-07_Mark-Liversedge_Wrist_01,swing_0040,thoraxRotation,0,4.556672845192527,4.563595328625762,1.3647485685745386,0.005072350755762027
2026-10-07_Mark-Liversedge_Wrist_01,swing_0040,pelvisRotation,2,42.65982517202128,37.816131512989536,6.288106349956882,0.7702944876345732
2026-10-07_Mark-Liversedge_Wrist_01,swing_0040,thoraxRotation,2,118.2546912172022,117.53514071146957,11.905830423937559,0.06043681793803458
2026-10-07_Mark-Liversedge_Wrist_01,swing_0040,xFactor,5,-6.270765841292018,-6.130987357348052,3.192990027263312,0.043776674136301486
2026-10-07_Mark-Liversedge_Wrist_01,swing_0040,xFactor,7,9.643748776558454,11.935454420909878,19.301699549027756,0.11873076971954313
2026-10-07_Mark-Liversedge_Wrist_01,swing_0040,pelvisRotationSigned,5,10.85969140317501,10.636136513224216,2.960304869815081,0.07551752261406731
2026-10-07_Mark-Liversedge_Wrist_01,swing_0040,xFactor,0,2.920456648457817,3.1279277431046735,2.665276992593026,0.07784222623893572
2026-10-07_Mark-Liversedge_Wrist_01,swing_0040,pelvisRotationSigned,7,129.90102905642868,129.0319053819502,13.241051503412505,0.06563856913134848
2026-10-07_Mark-Liversedge_Wrist_01,swing_0040,xFactor,2,75.59486604518091,79.71900919848002,13.464363317733417,0.30630064385349426
2026-10-07_Mark-Liversedge_Wrist_01,swing_0040,pelvisRotationSigned,0,1.6362161967347102,1.435667585521088,2.2893585983457183,0.08760034856860684
2026-10-07_Mark-Liversedge_Wrist_01,swing_0040,pelvisRotationSigned,2,-42.65982517202128,-37.816131512989536,6.288106349956882,0.7702944876345732
2026-10-07_Mark-Liversedge_Wrist_01,swing_0040,xFactorStretch,5,-81.86563188647293,-85.84999655582807,3.192990027263312,1.2478475145035495
2026-10-07_Mark-Liversedge_Wrist_01,swing_0040,thoraxRotation,5,4.588925561882991,4.505149155876164,1.1965702620206145,0.07001377910341572
2026-10-07_Mark-Liversedge_Wrist_01,swing_0041,xFactorStretch,7,-62.018046049505244,-60.37207847953785,18.959506877595775,0.08681489347765774
2026-10-07_Mark-Liversedge_Wrist_01,swing_0041,xFactorStretch,0,-69.68650847307823,-69.15671560970861,2.931336021154104,0.18073426572264323
2026-10-07_Mark-Liversedge_Wrist_01,swing_0041,pelvisRotation,5,5.128227273088911,3.8803305777629684,3.3036597830202905,0.3777315998880138
2026-10-07_Mark-Liversedge_Wrist_01,swing_0041,pelvisRotation,7,127.90546089868317,125.60474781403579,13.094446320646076,0.1757014407718667
2026-10-07_Mark-Liversedge_Wrist_01,swing_0041,thoraxRotation,7,135.9044325699905,135.2503567967887,13.711250001269757,0.047703584512076604
2026-10-07_Mark-Liversedge_Wrist_01,swing_0041,pelvisRotation,0,2.558729209221066,2.116937609967663,2.5995140723106953,0.1699516090177178
2026-10-07_Mark-Liversedge_Wrist_01,swing_0041,thoraxRotation,0,2.8892384569553933,2.9779094625498175,1.3547167441108268,0.06545353925821869
2026-10-07_Mark-Liversedge_Wrist_01,swing_0041,pelvisRotation,2,38.65348543124541,39.94830949794259,5.710438711514774,0.22674686343909836
2026-10-07_Mark-Liversedge_Wrist_01,swing_0041,thoraxRotation,2,108.67050315205798,109.96599696023335,10.942584327945648,0.11839011419513497
2026-10-07_Mark-Liversedge_Wrist_01,swing_0041,xFactor,5,-0.08556970887729953,0.9890580447123702,3.582292713142082,0.2999832341023573
2026-10-07_Mark-Liversedge_Wrist_01,swing_0041,xFactor,7,7.9989716713073165,9.645608982752918,18.959506877595775,0.08685021831403293
2026-10-07_Mark-Liversedge_Wrist_01,swing_0041,pelvisRotationSigned,5,5.128227273088911,3.8803305777629684,3.3036597830202905,0.3777315998880138
2026-10-07_Mark-Liversedge_Wrist_01,swing_0041,xFactor,0,0.33050924773432744,0.8609718525821544,2.931336021154104,0.18096274225122
2026-10-07_Mark-Liversedge_Wrist_01,swing_0041,pelvisRotationSigned,7,127.90546089868317,125.60474781403579,13.094446320646076,0.1757014407718667
2026-10-07_Mark-Liversedge_Wrist_01,swing_0041,xFactor,2,70.01701772081256,70.01768746229077,12.342984325201432,5.426090324346096e-05
2026-10-07_Mark-Liversedge_Wrist_01,swing_0041,pelvisRotationSigned,0,2.558729209221066,2.116937609967663,2.5995140723106953,0.1699516090177178
2026-10-07_Mark-Liversedge_Wrist_01,swing_0041,pelvisRotationSigned,2,-38.65348543124541,-39.94830949794259,5.710438711514774,0.22674686343909836
2026-10-07_Mark-Liversedge_Wrist_01,swing_0041,xFactorStretch,5,-70.10258742968986,-69.0286294175784,3.582292713142082,0.2997962752098716
2026-10-07_Mark-Liversedge_Wrist_01,swing_0041,thoraxRotation,5,5.042657564211612,4.869388622475339,1.3851545475813112,0.12508997067426655
2026-10-07_Mark-Liversedge_Wrist_01,swing_0042,leadArmAngularSpeed,5,439.43187237226056,465.7838708869891,84.12367336277644,0.31325306493794836
2026-10-07_Mark-Liversedge_Wrist_01,swing_0042,xFactorStretch,7,-33.56041469204305,-34.738250421367304,18.903364681384385,0.06230825830092377
2026-10-07_Mark-Liversedge_Wrist_01,swing_0042,leadArmAngularSpeed,14,463.3863775175173,470.1952687084889,84.12367336277644,0.080939061726523
2026-10-07_Mark-Liversedge_Wrist_01,swing_0042,xFactorStretch,0,-53.59777783377555,-56.0469045569015,2.9238904578793963,0.8376260186239066
2026-10-07_Mark-Liversedge_Wrist_01,swing_0042,pelvisRotation,5,8.660852520662583,10.774825924504105,3.4433383611870827,0.6139313602374918
2026-10-07_Mark-Liversedge_Wrist_01,swing_0042,leadArmAngularSpeed,9,719.3554706851575,668.7065828688127,84.12367336277644,0.6020765117795748
2026-10-07_Mark-Liversedge_Wrist_01,swing_0042,pelvisRotation,7,120.00072257965189,119.01792995864682,12.354360616664119,0.07955026176582865
2026-10-07_Mark-Liversedge_Wrist_01,swing_0042,thoraxRotation,7,142.22294285228958,142.23237178885728,14.30758435344098,0.0006590166679977477
2026-10-07_Mark-Liversedge_Wrist_01,swing_0042,pelvisRotation,0,0.8174336032187361,1.4644769279877674,2.6568113590993954,0.24354131223993475
2026-10-07_Mark-Liversedge_Wrist_01,swing_0042,thoraxRotation,0,3.002290734123915,3.370264622664029,1.2208557702851761,0.3014065195057071
2026-10-07_Mark-Liversedge_Wrist_01,swing_0042,pelvisRotation,2,52.48369835884683,41.82251775244743,7.038171959320208,1.5147655766326464
2026-10-07_Mark-Liversedge_Wrist_01,swing_0042,thoraxRotation,2,108.26633332352756,99.7752100040252,10.947121883416859,0.7756489248891126
2026-10-07_Mark-Liversedge_Wrist_01,swing_0042,xFactor,5,0.5060217669590941,-0.6038936528639223,3.8470489921282307,0.28851086172650964
2026-10-07_Mark-Liversedge_Wrist_01,swing_0042,xFactor,7,22.222220272637685,23.21444183021046,18.903364681384385,0.05248915070394288
2026-10-07_Mark-Liversedge_Wrist_01,swing_0042,pelvisRotationSigned,5,8.660852520662583,10.774825924504105,3.4433383611870827,0.6139313602374918
2026-10-07_Mark-Liversedge_Wrist_01,swing_0042,xFactor,0,2.1848571309051787,1.9057876946762615,2.9238904578793963,0.09544455931201927
2026-10-07_Mark-Liversedge_Wrist_01,swing_0042,pelvisRotationSigned,7,120.00072257965189,119.01792995864682,12.354360616664119,0.07955026176582865
2026-10-07_Mark-Liversedge_Wrist_01,swing_0042,xFactor,2,55.78263496468073,57.952692251577766,13.01442822637036,0.16674242226792388
2026-10-07_Mark-Liversedge_Wrist_01,swing_0042,pelvisRotationSigned,0,0.8174336032187361,1.4644769279877674,2.6568113590993954,0.24354131223993475
2026-10-07_Mark-Liversedge_Wrist_01,swing_0042,pelvisRotationSigned,2,-52.48369835884683,-41.82251775244743,7.038171959320208,1.5147655766326464
2026-10-07_Mark-Liversedge_Wrist_01,swing_0042,xFactorStretch,5,-55.27661319772164,-58.55658590444169,3.8470489921282307,0.852594472654619
2026-10-07_Mark-Liversedge_Wrist_01,swing_0042,thoraxRotation,5,9.166874287621678,10.170932271640183,1.7155777097561895,0.5852594017214164
2026-10-07_Mark-Liversedge_Wrist_01,swing_0043,leadArmAngularSpeed,5,461.91618365297893,492.5598823142615,105.33506895223096,0.2909163962780462
2026-10-07_Mark-Liversedge_Wrist_01,swing_0043,xFactorStretch,7,-49.31837352683476,-47.29719553208969,20.351959195711494,0.09931122479701956
2026-10-07_Mark-Liversedge_Wrist_01,swing_0043,xFactorStretch,0,-67.5934908314569,-65.38607871673928,2.8473030735758904,0.7752641912985284
2026-10-07_Mark-Liversedge_Wrist_01,swing_0043,pelvisRotation,5,9.993439813679904,9.09298130440809,3.331740501058945,0.2702666996381071
2026-10-07_Mark-Liversedge_Wrist_01,swing_0043,leadArmAngularSpeed,9,630.2391096725428,624.8258229312996,105.33506895223096,0.05139111594162491
2026-10-07_Mark-Liversedge_Wrist_01,swing_0043,pelvisRotation,7,132.3593792875488,131.2481302504655,13.543802063380104,0.08204852905285037
2026-10-07_Mark-Liversedge_Wrist_01,swing_0043,thoraxRotation,7,150.95458086635335,150.11874450648818,15.191039094541443,0.055021671306573636
2026-10-07_Mark-Liversedge_Wrist_01,swing_0043,pelvisRotation,0,1.7356395677010996,1.3738476242188542,2.5069788214530773,0.14431392095787476
2026-10-07_Mark-Liversedge_Wrist_01,swing_0043,thoraxRotation,0,2.0557238418835198,2.1555786955919536,1.3498859142832969,0.07397280959217237
2026-10-07_Mark-Liversedge_Wrist_01,swing_0043,pelvisRotation,2,45.49811643371982,43.58463786252839,6.192889888533248,0.30897991174272765
2026-10-07_Mark-Liversedge_Wrist_01,swing_0043,thoraxRotation,2,113.41169153935915,109.75244765064078,11.407410597081082,0.32077778366763643
2026-10-07_Mark-Liversedge_Wrist_01,swing_0043,xFactor,5,-3.0911551322110515,-2.5586311278207416,3.6208208588753097,0.14707272884959052
2026-10-07_Mark-Liversedge_Wrist_01,swing_0043,xFactor,7,18.595201578804563,18.87061425602269,20.351959195711494,0.013532489652208136
2026-10-07_Mark-Liversedge_Wrist_01,swing_0043,pelvisRotationSigned,5,9.993439813679904,9.09298130440809,3.331740501058945,0.2702666996381071
2026-10-07_Mark-Liversedge_Wrist_01,swing_0043,xFactor,0,0.32008427418242014,0.7817310713730994,2.8473030735758904,0.16213475884423612
2026-10-07_Mark-Liversedge_Wrist_01,swing_0043,pelvisRotationSigned,7,132.3593792875488,131.2481302504655,13.543802063380104,0.08204852905285037
2026-10-07_Mark-Liversedge_Wrist_01,swing_0043,xFactor,2,67.91357510563932,66.16780978811238,12.980019325944593,0.13449635733881324
2026-10-07_Mark-Liversedge_Wrist_01,swing_0043,pelvisRotationSigned,0,1.7356395677010996,1.3738476242188542,2.5069788214530773,0.14431392095787476
2026-10-07_Mark-Liversedge_Wrist_01,swing_0043,pelvisRotationSigned,2,-45.49811643371982,-43.58463786252839,6.192889888533248,0.30897991174272765
2026-10-07_Mark-Liversedge_Wrist_01,swing_0043,xFactorStretch,5,-71.00473023785038,-68.72644091593313,3.6208208588753097,0.6292190115765443
2026-10-07_Mark-Liversedge_Wrist_01,swing_0043,thoraxRotation,5,6.902284681468853,6.534350176587348,1.417691407066441,0.2595307434661351
2026-10-07_Mark-Liversedge_Wrist_01,swing_0044,leadArmAngularSpeed,5,570.2493203908849,537.7992498149554,107.54247379992849,0.30174190186753097
2026-10-07_Mark-Liversedge_Wrist_01,swing_0044,xFactorStretch,7,-53.778248839889415,-54.874882206909916,19.313173346881143,0.05678162502474486
2026-10-07_Mark-Liversedge_Wrist_01,swing_0044,xFactorStretch,0,-70.07149305945306,-71.62045172226256,2.481680468350177,0.624157171950201
2026-10-07_Mark-Liversedge_Wrist_01,swing_0044,pelvisRotation,5,8.29140046378073,6.614060913409066,3.3167937601803827,0.5057111390249489
2026-10-07_Mark-Liversedge_Wrist_01,swing_0044,leadArmAngularSpeed,9,739.1156762046207,733.336567611335,107.54247379992849,0.0537379175788458
2026-10-07_Mark-Liversedge_Wrist_01,swing_0044,pelvisRotation,7,124.57958577673415,122.18772697977022,12.841684596908042,0.18625740095967086
2026-10-07_Mark-Liversedge_Wrist_01,swing_0044,thoraxRotation,7,142.59075556363345,140.31781022522077,14.425318070677504,0.1575663931482331
2026-10-07_Mark-Liversedge_Wrist_01,swing_0044,pelvisRotation,0,1.618741007958572,1.8600512161615232,2.16686206539619,0.11136389900241758
2026-10-07_Mark-Liversedge_Wrist_01,swing_0044,thoraxRotation,0,3.3366665752942204,3.2445649462594264,1.2097300263024446,0.0761340357206011
2026-10-07_Mark-Liversedge_Wrist_01,swing_0044,pelvisRotation,2,42.83293864846497,47.17021695466655,5.523263670549409,0.78527453420853
2026-10-07_Mark-Liversedge_Wrist_01,swing_0044,thoraxRotation,2,114.62235727525368,120.17518240702702,11.53891026717504,0.48122612995523284
2026-10-07_Mark-Liversedge_Wrist_01,swing_0044,xFactor,5,-6.116622211689606,-4.407663684098307,3.4811479784712107,0.4909180931578235
2026-10-07_Mark-Liversedge_Wrist_01,swing_0044,xFactor,7,18.011169786899302,18.13008324545055,19.313173346881143,0.006157116513970028
2026-10-07_Mark-Liversedge_Wrist_01,swing_0044,pelvisRotationSigned,5,8.29140046378073,6.614060913409066,3.3167937601803827,0.5057111390249489
2026-10-07_Mark-Liversedge_Wrist_01,swing_0044,xFactor,0,1.7179255673356484,1.3845137300979031,2.481680468350177,0.134349220816247
2026-10-07_Mark-Liversedge_Wrist_01,swing_0044,pelvisRotationSigned,7,124.57958577673415,122.18772697977022,12.841684596908042,0.18625740095967086
2026-10-07_Mark-Liversedge_Wrist_01,swing_0044,xFactor,2,71.78941862678872,73.00496545236047,12.792688995216311,0.09501886788823602
2026-10-07_Mark-Liversedge_Wrist_01,swing_0044,pelvisRotationSigned,0,1.618741007958572,1.8600512161615232,2.16686206539619,0.11136389900241758
2026-10-07_Mark-Liversedge_Wrist_01,swing_0044,pelvisRotationSigned,2,-42.83293864846497,-47.17021695466655,5.523263670549409,0.78527453420853
2026-10-07_Mark-Liversedge_Wrist_01,swing_0044,xFactorStretch,5,-77.90604083847832,-77.41262913645878,3.4811479784712107,0.1417382154022165
2026-10-07_Mark-Liversedge_Wrist_01,swing_0044,thoraxRotation,5,2.174778252091125,2.2063972293107588,1.0570101231505196,0.029913599242919454
2026-10-07_Mark-Liversedge_Wrist_01,swing_0045,leadArmAngularSpeed,5,487.7647483821519,486.7277049536359,94.47631437364448,0.010976755765625736
2026-10-07_Mark-Liversedge_Wrist_01,swing_0045,xFactorStretch,7,-27.37005789399234,-38.66293849130821,17.63578863498465,0.6403388490897335
2026-10-07_Mark-Liversedge_Wrist_01,swing_0045,leadArmAngularSpeed,14,198.75156156214322,187.5828782777332,94.47631437364448,0.11821675473324454
2026-10-07_Mark-Liversedge_Wrist_01,swing_0045,xFactorStretch,0,-47.082652020444854,-61.69693063783611,2.804830834159883,5.210395735601859
2026-10-07_Mark-Liversedge_Wrist_01,swing_0045,pelvisRotation,5,8.323385927628689,6.824940158246361,3.4775030945685224,0.43089703405950536
2026-10-07_Mark-Liversedge_Wrist_01,swing_0045,leadArmAngularSpeed,9,617.4344524325239,576.8799423049583,94.47631437364448,0.42925584466786654
2026-10-07_Mark-Liversedge_Wrist_01,swing_0045,pelvisRotation,7,111.70185719884132,109.19794636213577,11.589452442442848,0.21605083149016988
2026-10-07_Mark-Liversedge_Wrist_01,swing_0045,thoraxRotation,7,131.99212700317653,132.6791847387549,13.293067097634363,0.05168541846152623
2026-10-07_Mark-Liversedge_Wrist_01,swing_0045,pelvisRotation,0,1.5226864830348008,1.6470306184845678,2.4936453509699694,0.049864402490674954
2026-10-07_Mark-Liversedge_Wrist_01,swing_0045,thoraxRotation,0,2.1003621609174954,2.094276848575815,1.2840595281527571,0.004739120117300558
2026-10-07_Mark-Liversedge_Wrist_01,swing_0045,pelvisRotation,2,53.17422935189418,40.00594260059785,6.647784319101186,1.9808534872979686
2026-10-07_Mark-Liversedge_Wrist_01,swing_0045,thoraxRotation,2,100.83455705022173,102.1501194685252,10.211406366757387,0.12883263784175755
2026-10-07_Mark-Liversedge_Wrist_01,swing_0045,xFactor,5,-3.362030041993405,-1.848983479708214,3.6960216921027658,0.40937166724916546
2026-10-07_Mark-Liversedge_Wrist_01,swing_0045,xFactor,7,20.29026980433521,23.481238376619146,17.63578863498465,0.18093710683025052
2026-10-07_Mark-Liversedge_Wrist_01,swing_0045,pelvisRotationSigned,5,8.323385927628689,6.824940158246361,3.4775030945685224,0.43089703405950536
2026-10-07_Mark-Liversedge_Wrist_01,swing_0045,xFactor,0,0.5776756778826946,0.4472462300912474,2.804830834159883,0.04650171632561721
2026-10-07_Mark-Liversedge_Wrist_01,swing_0045,pelvisRotationSigned,7,111.70185719884132,109.19794636213577,11.589452442442848,0.21605083149016988
2026-10-07_Mark-Liversedge_Wrist_01,swing_0045,xFactor,2,47.66032769832755,62.14417686792736,12.184656595092902,1.1886957220799192
2026-10-07_Mark-Liversedge_Wrist_01,swing_0045,pelvisRotationSigned,0,1.5226864830348008,1.6470306184845678,2.4936453509699694,0.049864402490674954
2026-10-07_Mark-Liversedge_Wrist_01,swing_0045,pelvisRotationSigned,2,-53.17422935189418,-40.00594260059785,6.647784319101186,1.9808534872979686
2026-10-07_Mark-Liversedge_Wrist_01,swing_0045,xFactorStretch,5,-51.022357740320956,-63.99316034763557,3.6960216921027658,3.5093956929498376
2026-10-07_Mark-Liversedge_Wrist_01,swing_0045,thoraxRotation,5,4.9613558856352835,4.975956678538147,1.2520178016947459,0.01166180934735855
2026-10-07_Mark-Liversedge_Wrist_01,swing_0046,leadArmAngularSpeed,5,468.0269780321425,474.17498560739557,117.0276111639265,0.0525346754847559
2026-10-07_Mark-Liversedge_Wrist_01,swing_0046,xFactorStretch,7,-17.539860044918484,-20.216776179026297,17.520078599588444,0.15279133132260578
2026-10-07_Mark-Liversedge_Wrist_01,swing_0046,xFactorStretch,0,-67.64628647500383,-69.64982126946187,2.7302590111480467,0.7338259067280094
2026-10-07_Mark-Liversedge_Wrist_01,swing_0046,pelvisRotation,5,12.75377806094197,12.426599013335535,3.411319376584272,0.09590982593193524
2026-10-07_Mark-Liversedge_Wrist_01,swing_0046,leadArmAngularSpeed,9,659.9684087862917,664.8455065612886,117.0276111639265,0.041674761421604783
2026-10-07_Mark-Liversedge_Wrist_01,swing_0046,pelvisRotation,7,91.22118923966921,91.65520680009375,10.085675070058096,0.0430330699144798
2026-10-07_Mark-Liversedge_Wrist_01,swing_0046,thoraxRotation,7,142.54087657047023,142.43788623103632,14.325931471180699,0.0071890850267642414
2026-10-07_Mark-Liversedge_Wrist_01,swing_0046,pelvisRotation,0,1.9215057273445157,1.4066464725239496,2.3655535461999726,0.21764853120642166
2026-10-07_Mark-Liversedge_Wrist_01,swing_0046,thoraxRotation,0,3.1347666280601882,2.7562808130309486,1.363257381427236,0.27763342431565724
2026-10-07_Mark-Liversedge_Wrist_01,swing_0046,pelvisRotation,2,37.13140355548508,35.558355781340396,5.444987254270545,0.2888983390936186
2026-10-07_Mark-Liversedge_Wrist_01,swing_0046,thoraxRotation,2,105.99095093120458,106.55781139130926,10.669637857387302,0.053128369273770876
2026-10-07_Mark-Liversedge_Wrist_01,swing_0046,xFactor,5,-3.2368703726374424,-2.523605536159616,3.7557078756037012,0.18991488691414116
2026-10-07_Mark-Liversedge_Wrist_01,swing_0046,xFactor,7,51.31968733080102,50.782679430942565,17.520078599588444,0.030650998327773845
2026-10-07_Mark-Liversedge_Wrist_01,swing_0046,pelvisRotationSigned,5,12.75377806094197,12.426599013335535,3.411319376584272,0.09590982593193524
2026-10-07_Mark-Liversedge_Wrist_01,swing_0046,xFactor,0,1.2132609007156725,1.349634340506999,2.7302590111480467,0.04994890200325092
2026-10-07_Mark-Liversedge_Wrist_01,swing_0046,pelvisRotationSigned,7,91.22118923966921,91.65520680009375,10.085675070058096,0.0430330699144798
2026-10-07_Mark-Liversedge_Wrist_01,swing_0046,xFactor,2,68.8595473757195,70.99945560996886,11.978691840387288,0.17864289880422995
2026-10-07_Mark-Liversedge_Wrist_01,swing_0046,pelvisRotationSigned,0,1.9215057273445157,1.4066464725239496,2.3655535461999726,0.21764853120642166
2026-10-07_Mark-Liversedge_Wrist_01,swing_0046,pelvisRotationSigned,2,-37.13140355548508,-35.558355781340396,5.444987254270545,0.2888983390936186
2026-10-07_Mark-Liversedge_Wrist_01,swing_0046,xFactorStretch,5,-72.09641774835694,-73.52306114612848,3.7557078756037012,0.379860054355857
2026-10-07_Mark-Liversedge_Wrist_01,swing_0046,thoraxRotation,5,9.516907688304528,9.902993477175919,1.5710638936123384,0.24574798672488488
2026-10-07_Mark-Liversedge_Wrist_01,swing_0047,leadArmAngularSpeed,5,443.80810794571545,461.7439193313885,114.11594072365318,0.15717183131414553
2026-10-07_Mark-Liversedge_Wrist_01,swing_0047,xFactorStretch,7,-17.437403732112017,-26.207980588279966,15.514846212202679,0.5653022102964674
2026-10-07_Mark-Liversedge_Wrist_01,swing_0047,xFactorStretch,0,-62.1216814422146,-71.64930634015366,2.506139446290641,3.8017137921199784
2026-10-07_Mark-Liversedge_Wrist_01,swing_0047,pelvisRotation,5,11.184104246480276,12.887198991784913,3.728914083623003,0.4567267325317175
2026-10-07_Mark-Liversedge_Wrist_01,swing_0047,leadArmAngularSpeed,9,668.8237262216738,705.4154384895869,114.11594072365318,0.32065381957920086
2026-10-07_Mark-Liversedge_Wrist_01,swing_0047,pelvisRotation,7,81.33442572547449,80.85841505723393,8.79916479696569,0.05409725573098823
2026-10-07_Mark-Liversedge_Wrist_01,swing_0047,thoraxRotation,7,127.17236253510248,127.27858421558855,12.778307863881649,0.008312656230979685
2026-10-07_Mark-Liversedge_Wrist_01,swing_0047,pelvisRotation,0,1.4579228277372571,1.6974295388896827,2.230720152544202,0.10736743955948987
2026-10-07_Mark-Liversedge_Wrist_01,swing_0047,thoraxRotation,0,2.6115819272626597,2.6762729453706218,1.1422007377370815,0.056637170657171325
2026-10-07_Mark-Liversedge_Wrist_01,swing_0047,pelvisRotation,2,41.85280775686789,32.1018810922268,6.46875402262143,1.507388691940025
2026-10-07_Mark-Liversedge_Wrist_01,swing_0047,thoraxRotation,2,105.1281482986079,104.7300308388614,10.576694006451637,0.03764101140712355
2026-10-07_Mark-Liversedge_Wrist_01,swing_0047,xFactor,5,-3.7886245559187426,-4.888415457268314,3.956872358283153,0.2779444980193295
2026-10-07_Mark-Liversedge_Wrist_01,swing_0047,xFactor,7,45.83793680962799,46.420169158354625,15.514846212202679,0.03752743280617885
2026-10-07_Mark-Liversedge_Wrist_01,swing_0047,pelvisRotationSigned,5,11.184104246480276,12.887198991784913,3.728914083623003,0.4567267325317175
2026-10-07_Mark-Liversedge_Wrist_01,swing_0047,xFactor,0,1.1536590995254026,0.978843406480939,2.506139446290641,0.06975497445012878
2026-10-07_Mark-Liversedge_Wrist_01,swing_0047,pelvisRotationSigned,7,81.33442572547449,80.85841505723393,8.79916479696569,0.05409725573098823
2026-10-07_Mark-Liversedge_Wrist_01,swing_0047,xFactor,2,63.27534054174001,72.62814974663459,12.398033501781278,0.7543784426417969
2026-10-07_Mark-Liversedge_Wrist_01,swing_0047,pelvisRotationSigned,0,1.4579228277372571,1.6974295388896827,2.230720152544202,0.10736743955948987
2026-10-07_Mark-Liversedge_Wrist_01,swing_0047,pelvisRotationSigned,2,-41.85280775686789,-32.1018810922268,6.46875402262143,1.507388691940025
2026-10-07_Mark-Liversedge_Wrist_01,swing_0047,xFactorStretch,5,-67.06396509765875,-77.5165652039029,3.956872358283153,2.6416318647133274
2026-10-07_Mark-Liversedge_Wrist_01,swing_0047,thoraxRotation,5,7.395479690561533,7.998783534516599,1.3236459559501934,0.4557894361728912
2026-10-07_Mark-Liversedge_Wrist_01,swing_0048,leadArmAngularSpeed,5,445.96919355878754,457.5004986583029,100.20756104970766,0.11507420177400865
2026-10-07_Mark-Liversedge_Wrist_01,swing_0048,xFactorStretch,7,-15.565477987293079,-26.165363603844128,15.629863245060921,0.6781815970079356
2026-10-07_Mark-Liversedge_Wrist_01,swing_0048,leadArmAngularSpeed,14,602.4934584061708,607.3356738742859,100.20756104970766,0.048321857326845304
2026-10-07_Mark-Liversedge_Wrist_01,swing_0048,xFactorStretch,0,-63.771397175667424,-73.87062893836305,2.9746174063126842,3.3951363766187903
2026-10-07_Mark-Liversedge_Wrist_01,swing_0048,pelvisRotation,5,8.460117291477596,9.94056034663366,3.228041409753613,0.4586195984608084
2026-10-07_Mark-Liversedge_Wrist_01,swing_0048,leadArmAngularSpeed,9,630.1931295139806,640.468138371817,100.20756104970766,0.10253726116275293
2026-10-07_Mark-Liversedge_Wrist_01,swing_0048,pelvisRotation,7,81.06853631696772,80.81411373224879,8.61330003399828,0.029538339975930864
2026-10-07_Mark-Liversedge_Wrist_01,swing_0048,thoraxRotation,7,129.91343371761093,128.871251383263,13.042380441607717,0.0799073711285989
2026-10-07_Mark-Liversedge_Wrist_01,swing_0048,pelvisRotation,0,1.831027782227377,2.0456493376284706,2.6815517594094023,0.08003632771509984
2026-10-07_Mark-Liversedge_Wrist_01,swing_0048,thoraxRotation,0,2.4700059944962383,2.3975216541237634,1.2874893691004754,0.05629898165537257
2026-10-07_Mark-Liversedge_Wrist_01,swing_0048,pelvisRotation,2,49.87106251456047,39.95888478750971,5.972356322248838,1.659676213578365
2026-10-07_Mark-Liversedge_Wrist_01,swing_0048,thoraxRotation,2,114.28143790249676,114.18138604236805,11.472084993465549,0.008721331840350259
2026-10-07_Mark-Liversedge_Wrist_01,swing_0048,xFactor,5,-2.9945671029485617,-4.434825302638833,3.584263168481665,0.4018282508815839
2026-10-07_Mark-Liversedge_Wrist_01,swing_0048,xFactor,7,48.844897400643205,48.057137651014216,15.629863245060921,0.05040093680140955
2026-10-07_Mark-Liversedge_Wrist_01,swing_0048,pelvisRotationSigned,5,8.460117291477596,9.94056034663366,3.228041409753613,0.4586195984608084
2026-10-07_Mark-Liversedge_Wrist_01,swing_0048,xFactor,0,0.6389782122688612,0.3518723164952928,2.9746174063126842,0.09651859602659386
2026-10-07_Mark-Liversedge_Wrist_01,swing_0048,pelvisRotationSigned,7,81.06853631696772,80.81411373224879,8.61330003399828,0.029538339975930864
2026-10-07_Mark-Liversedge_Wrist_01,swing_0048,xFactor,2,64.41037538793628,74.22250125485834,12.933590921983079,0.7586544159398532
2026-10-07_Mark-Liversedge_Wrist_01,swing_0048,pelvisRotationSigned,0,1.831027782227377,2.0456493376284706,2.6815517594094023,0.08003632771509984
2026-10-07_Mark-Liversedge_Wrist_01,swing_0048,pelvisRotationSigned,2,-49.87106251456047,-39.95888478750971,5.972356322248838,1.659676213578365
2026-10-07_Mark-Liversedge_Wrist_01,swing_0048,xFactorStretch,5,-67.40494249088485,-78.65732655749717,3.584263168481665,3.139385568995192
2026-10-07_Mark-Liversedge_Wrist_01,swing_0048,thoraxRotation,5,5.4655501885290345,5.505735043994827,1.5577840408253425,0.02579616584369535
2026-10-07_Mark-Liversedge_Wrist_01,swing_0049,leadArmAngularSpeed,5,501.5856867127398,494.8754539361576,128.84664574109726,0.052079219742092786
2026-10-07_Mark-Liversedge_Wrist_01,swing_0049,xFactorStretch,7,-54.31673740469924,-75.15266945572833,20.179244495252146,1.0325427225945676
2026-10-07_Mark-Liversedge_Wrist_01,swing_0049,leadArmAngularSpeed,14,310.7517945759014,302.66531113051104,128.84664574109726,0.06276052743848075
2026-10-07_Mark-Liversedge_Wrist_01,swing_0049,xFactorStretch,0,-66.04163764538194,-71.33114168324173,2.7471427760079403,1.9254565449074776
2026-10-07_Mark-Liversedge_Wrist_01,swing_0049,pelvisRotation,5,11.958428122925346,11.913574570900362,3.260618777975849,0.013756147246636503
2026-10-07_Mark-Liversedge_Wrist_01,swing_0049,leadArmAngularSpeed,9,836.8211758248674,753.5548937898174,128.84664574109726,0.6462433038603442
2026-10-07_Mark-Liversedge_Wrist_01,swing_0049,pelvisRotation,7,133.64658517950147,132.2405979438193,13.665115609133714,0.10288879186228171
2026-10-07_Mark-Liversedge_Wrist_01,swing_0049,thoraxRotation,7,147.10644875296316,129.54395165440067,14.848115159446136,1.182809865761952
2026-10-07_Mark-Liversedge_Wrist_01,swing_0049,pelvisRotation,0,1.0007548804884665,1.0258578506136422,2.486980026629936,0.0100937562249715
2026-10-07_Mark-Liversedge_Wrist_01,swing_0049,thoraxRotation,0,2.7357182132674605,2.1507393336816243,1.1669292090424228,0.5012976580352011
2026-10-07_Mark-Liversedge_Wrist_01,swing_0049,pelvisRotation,2,43.52340151084131,39.17673664456475,5.859465989440035,0.7418192842334349
2026-10-07_Mark-Liversedge_Wrist_01,swing_0049,thoraxRotation,2,111.30000248900224,111.63275981087445,11.18425960375465,0.029752288811366514
2026-10-07_Mark-Liversedge_Wrist_01,swing_0049,xFactor,5,-10.483426235084536,-10.528558217616457,3.598272029772156,0.012542682198148893
2026-10-07_Mark-Liversedge_Wrist_01,swing_0049,xFactor,7,13.45986357346169,-2.6966462894186236,20.179244495252146,0.8006498888836835
2026-10-07_Mark-Liversedge_Wrist_01,swing_0049,pelvisRotationSigned,5,11.958428122925346,11.913574570900362,3.260618777975849,0.013756147246636503
2026-10-07_Mark-Liversedge_Wrist_01,swing_0049,xFactor,0,1.734963332778994,1.124881483067982,2.7471427760079403,0.22207868300080247
2026-10-07_Mark-Liversedge_Wrist_01,swing_0049,pelvisRotationSigned,7,133.64658517950147,132.2405979438193,13.665115609133714,0.10288879186228171
2026-10-07_Mark-Liversedge_Wrist_01,swing_0049,xFactor,2,67.77660097816093,72.4560231663097,12.626203093788037,0.37061198472650936
2026-10-07_Mark-Liversedge_Wrist_01,swing_0049,pelvisRotationSigned,0,1.0007548804884665,1.0258578506136422,2.486980026629936,0.0100937562249715
2026-10-07_Mark-Liversedge_Wrist_01,swing_0049,pelvisRotationSigned,2,-43.52340151084131,-39.17673664456475,5.859465989440035,0.7418192842334349
2026-10-07_Mark-Liversedge_Wrist_01,swing_0049,xFactorStretch,5,-78.26002721324546,-82.98458138392616,3.598272029772156,1.3130063907313454
2026-10-07_Mark-Liversedge_Wrist_01,swing_0049,thoraxRotation,5,1.4750018878408104,1.385016353283905,1.5218169354268314,0.05913032800602045
2026-10-07_Mark-Liversedge_Wrist_01,swing_0050,leadArmAngularSpeed,5,442.14477625986905,446.0947512219374,84.76101748023554,0.04660131602348184
2026-10-07_Mark-Liversedge_Wrist_01,swing_0050,xFactorStretch,7,-52.74487788399687,-50.41012413380421,19.5631994026979,0.11934416769634737
2026-10-07_Mark-Liversedge_Wrist_01,swing_0050,leadArmAngularSpeed,14,491.69343112231667,505.9047428508825,84.76101748023554,0.16766329795273627
2026-10-07_Mark-Liversedge_Wrist_01,swing_0050,xFactorStretch,0,-61.00878845266825,-59.511353660184994,2.4422690118724053,0.613132617743539
2026-10-07_Mark-Liversedge_Wrist_01,swing_0050,pelvisRotation,5,7.646439758978688,4.227130006968638,3.4399062000262597,0.9940124971965653
2026-10-07_Mark-Liversedge_Wrist_01,swing_0050,leadArmAngularSpeed,9,598.1317509982515,648.6033483980563,84.76101748023554,0.5954576632067171
2026-10-07_Mark-Liversedge_Wrist_01,swing_0050,pelvisRotation,7,131.41186167830992,131.92350378867496,13.415355023306924,0.03813854418881596
2026-10-07_Mark-Liversedge_Wrist_01,swing_0050,thoraxRotation,7,141.580145096729,143.01922383206633,14.238926240006762,0.10106652082331702
2026-10-07_Mark-Liversedge_Wrist_01,swing_0050,pelvisRotation,0,0.9927982756970033,1.0018061415113815,2.1526893307011825,0.004184470878314848
2026-10-07_Mark-Liversedge_Wrist_01,swing_0050,thoraxRotation,0,2.8971711254447228,2.996296658521966,1.1535192117331683,0.08593314447559702
2026-10-07_Mark-Liversedge_Wrist_01,swing_0050,pelvisRotation,2,35.83029184892869,38.3458649141269,5.178276706590888,0.4857934806759941
2026-10-07_Mark-Liversedge_Wrist_01,swing_0050,thoraxRotation,2,98.74345315134465,99.85170909132248,9.96012944220504,0.11126923062683311
2026-10-07_Mark-Liversedge_Wrist_01,swing_0050,xFactor,5,-5.759006191216969,-3.0714114120440335,3.637804550232548,0.7387958154599399
2026-10-07_Mark-Liversedge_Wrist_01,swing_0050,xFactor,7,10.168283418419094,11.095720043391367,19.5631994026979,0.04740720604444554
2026-10-07_Mark-Liversedge_Wrist_01,swing_0050,pelvisRotationSigned,5,7.646439758978688,4.227130006968638,3.4399062000262597,0.9940124971965653
2026-10-07_Mark-Liversedge_Wrist_01,swing_0050,xFactor,0,1.9043728497477195,1.9944905170105844,2.4422690118724053,0.03689915681883659
2026-10-07_Mark-Liversedge_Wrist_01,swing_0050,pelvisRotationSigned,7,131.41186167830992,131.92350378867496,13.415355023306924,0.03813854418881596
2026-10-07_Mark-Liversedge_Wrist_01,swing_0050,xFactor,2,62.913161302415965,61.50584417719558,11.225806347675052,0.12536445771771695
2026-10-07_Mark-Liversedge_Wrist_01,swing_0050,pelvisRotationSigned,0,0.9927982756970033,1.0018061415113815,2.1526893307011825,0.004184470878314848
2026-10-07_Mark-Liversedge_Wrist_01,swing_0050,pelvisRotationSigned,2,-35.83029184892869,-38.3458649141269,5.178276706590888,0.4857934806759941
2026-10-07_Mark-Liversedge_Wrist_01,swing_0050,xFactorStretch,5,-68.67216749363294,-64.57725558923961,3.637804550232548,1.125654731541737
2026-10-07_Mark-Liversedge_Wrist_01,swing_0050,thoraxRotation,5,1.887433567761719,1.155718594924604,1.1834979005953188,0.6182646986268843
