swing,frame,t_us,fo_dt_us,fo_theta,fo_len,fo_flags,fo_measured,fo_phase,phase_band,rho_F,rho_pred,sighted,u_x,u_z,u_y,corr_a,corr_b,band_ok,band_theta,band_s,band_r0,seg_ok,seg_theta,seg_s,seg_r0,dtl_tier,dtl_theta_out,fo_band_ok,fo_band_s,fo_seg_s,dtl_grip_x,dtl_grip_y,fo_grip_x,fo_grip_y,aff_pred_y,aff_resid_px,scan_theta,scan_score,scan_margin,scan_rho_obs,scan_chan,ball_ok,ball_theta,anchor_ok,anchor_theta,anchor_score,L_full,L_D
2026-07-04_Mark-Liversedge_Wrist_01__swing_0004,354,2371462,3167,1.72788,348.65,17,1,0,address,1.0000,0.9877,1,-0.1564,-0.9877,0.0000,1.57080,1.57080,0,-,-,-,0,-,-,-,pred,209.000,0,-,0.17324,269.70,530.93,699.59,615.31,545.60,14.67,-2.54818,46.460,5.247,0.8990,raw,1,1.72158,1,1.09083,39.22,303.15,307.07
2026-07-04_Mark-Liversedge_Wrist_01__swing_0004,355,2378386,3277,1.72788,348.95,1,1,0,address,1.0000,0.9877,1,-0.1564,-0.9877,0.0000,1.57080,1.57080,0,-,-,-,0,-,-,-,pred,209.000,0,-,-,269.56,531.02,699.70,614.93,545.14,14.12,-2.54818,45.009,2.936,0.8990,raw,1,1.72121,1,1.03847,39.15,303.15,307.07
2026-07-04_Mark-Liversedge_Wrist_01__swing_0004,356,2384911,3242,1.72788,349.12,17,1,0,address,1.0000,0.9877,1,-0.1564,-0.9877,0.0000,1.57080,1.57080,0,-,-,-,0,-,-,-,pred,209.000,0,-,0.17324,269.45,530.98,699.75,614.44,544.54,13.56,-2.54818,46.121,5.521,0.8990,raw,1,1.72089,1,1.02974,39.89,303.15,307.07
2026-07-04_Mark-Liversedge_Wrist_01__swing_0004,357,2391674,3263,1.72788,349.19,17,1,0,address,1.0000,0.9877,1,-0.1564,-0.9877,0.0000,1.57080,1.57080,0,-,-,-,0,-,-,-,pred,209.000,0,-,0.17324,269.35,530.72,699.74,613.75,543.71,13.00,-2.54818,44.134,2.742,0.8990,raw,1,1.72050,1,1.08210,40.82,303.15,307.07
2026-07-04_Mark-Liversedge_Wrist_01__swing_0004,358,2398409,3003,1.72788,349.18,17,1,0,address,1.0000,0.9877,1,-0.1564,-0.9877,0.0000,1.57080,1.57080,0,-,-,-,0,-,-,-,pred,209.000,0,-,0.17324,269.27,530.27,699.69,612.60,542.32,12.04,-2.21657,44.576,3.279,0.8990,raw,0,-,0,-,-,303.15,307.07
2026-07-04_Mark-Liversedge_Wrist_01__swing_0004,359,2405183,2966,1.72788,349.10,17,1,0,address,1.0000,0.9877,1,-0.1564,-0.9877,0.0000,1.57080,1.57080,0,-,-,-,0,-,-,-,pred,209.000,0,-,0.17324,269.22,529.89,699.58,611.47,540.94,11.06,-2.54818,44.186,3.060,0.8990,raw,0,-,0,-,-,303.15,307.07
2026-07-04_Mark-Liversedge_Wrist_01__swing_0004,360,2411769,3077,1.72788,349.00,17,1,0,address,1.0000,0.9877,1,-0.1564,-0.9877,0.0000,1.57080,1.57080,0,-,-,-,0,-,-,-,pred,209.000,0,-,0.17204,269.26,529.78,699.38,610.89,540.24,10.46,1.02974,40.321,0.443,0.8990,raw,0,-,0,-,-,303.15,307.07
2026-07-04_Mark-Liversedge_Wrist_01__swing_0004,361,2418485,3023,1.72788,348.86,20,0,0,address,1.0000,0.9877,1,-0.1564,-0.9877,0.0000,1.57080,1.57080,0,-,-,-,0,-,-,-,pred,209.000,0,-,-,269.41,530.08,698.96,611.63,541.14,11.06,-2.21657,40.651,0.547,0.8990,raw,0,-,0,-,-,303.15,307.07
2026-07-04_Mark-Liversedge_Wrist_01__swing_0004,362,2425073,3128,1.72788,348.72,17,1,0,address,1.0000,0.9877,1,-0.1564,-0.9877,0.0000,1.57080,1.57080,0,-,-,-,0,-,-,-,pred,209.000,0,-,0.13885,269.64,530.63,698.30,613.61,543.54,12.90,-2.21657,42.435,3.021,0.8990,raw,0,-,0,-,-,303.15,307.07
2026-07-04_Mark-Liversedge_Wrist_01__swing_0004,363,2431770,3198,1.72788,348.59,1,1,0,address,1.0000,0.9877,1,-0.1564,-0.9877,0.0000,1.57080,1.57080,0,-,-,-,0,-,-,-,pred,209.000,0,-,-,269.90,531.27,697.56,616.11,546.57,15.30,-2.56563,45.443,2.391,0.8990,raw,0,-,0,-,-,303.15,307.07
2026-07-04_Mark-Liversedge_Wrist_01__swing_0004,364,2438456,3145,1.72788,348.48,17,1,0,address,1.0000,0.9877,1,-0.1564,-0.9877,0.0000,1.57080,1.57080,0,-,-,-,0,-,-,-,pred,209.000,0,-,0.17324,270.13,531.79,697.02,617.96,548.81,17.02,-2.09439,43.906,1.516,0.8990,raw,0,-,0,-,-,303.15,307.07
2026-07-04_Mark-Liversedge_Wrist_01__swing_0004,365,2445252,3066,1.71839,348.39,1,1,0,address,1.0000,0.9891,1,-0.1471,-0.9891,0.0000,1.57080,1.57080,0,-,-,-,0,-,-,-,pred,209.000,0,-,-,270.36,532.21,696.80,618.58,549.56,17.35,-2.12930,46.287,4.190,0.8990,raw,0,-,0,-,-,303.15,307.07
2026-07-04_Mark-Liversedge_Wrist_01__swing_0004,366,2451868,3188,1.71502,348.34,17,1,0,address,1.0000,0.9896,1,-0.1437,-0.9896,0.0000,1.57080,1.57080,0,-,-,-,0,-,-,-,pred,209.000,0,-,0.13631,270.58,532.58,696.77,618.40,549.34,16.76,-2.12930,47.225,4.998,0.8990,raw,0,-,0,-,-,303.15,307.07
2026-07-04_Mark-Liversedge_Wrist_01__swing_0004,367,2458625,3096,1.71448,348.31,1,1,0,address,1.0000,0.9897,1,-0.1432,-0.9897,0.0000,1.57080,1.57080,0,-,-,-,0,-,-,-,pred,209.000,0,-,-,270.75,532.85,696.98,617.43,548.17,15.32,-2.12930,43.790,4.331,0.8990,raw,0,-,0,-,-,303.15,307.07
2026-07-04_Mark-Liversedge_Wrist_01__swing_0004,368,2465285,3156,1.71505,348.31,17,1,0,address,1.0000,0.9896,1,-0.1438,-0.9896,0.0000,1.57080,1.57080,0,-,-,-,0,-,-,-,pred,209.000,0,-,0.13758,270.78,532.89,697.61,615.34,545.64,12.75,-2.12930,45.804,3.412,0.8990,raw,0,-,0,-,-,303.15,307.07
2026-07-04_Mark-Liversedge_Wrist_01__swing_0004,369,2471966,3104,1.71451,348.32,17,1,0,address,1.0000,0.9897,1,-0.1432,-0.9897,0.0000,1.57080,1.57080,0,-,-,-,0,-,-,-,pred,209.000,0,-,0.12739,270.66,532.65,698.85,611.54,541.03,8.38,-2.14676,44.751,4.541,0.8990,raw,0,-,0,-,-,303.15,307.07
2026-07-04_Mark-Liversedge_Wrist_01__swing_0004,370,2478671,3339,1.72853,348.34,20,0,0,address,1.0000,0.9876,1,-0.1571,-0.9876,0.0000,1.57080,1.57080,0,-,-,-,0,-,-,-,pred,209.000,0,-,-,270.43,532.18,700.76,605.69,533.95,1.77,-2.14676,47.678,2.354,0.8990,raw,0,-,0,-,-,303.15,307.07
2026-07-04_Mark-Liversedge_Wrist_01__swing_0004,371,2485406,3118,1.73168,348.36,17,1,0,address,1.0000,0.9871,1,-0.1602,-0.9871,0.0000,1.57080,1.57080,0,-,-,-,0,-,-,-,pred,209.000,0,-,0.20072,270.11,531.61,703.07,598.84,525.65,5.97,-2.12930,42.850,0.126,0.8990,raw,0,-,0,-,-,303.15,307.07
2026-07-04_Mark-Liversedge_Wrist_01__swing_0004,372,2492192,3189,1.71448,348.38,1,1,0,address,1.0000,0.9897,1,-0.1432,-0.9897,0.0000,1.57080,1.57080,0,-,-,-,0,-,-,-,pred,209.000,0,-,-,269.76,531.09,705.35,592.65,518.14,12.95,-2.12930,47.137,6.350,0.8990,raw,0,-,0,-,-,303.15,307.07
2026-07-04_Mark-Liversedge_Wrist_01__swing_0004,373,2498880,3015,1.71511,348.40,1,1,0,address,1.0000,0.9896,1,-0.1438,-0.9896,0.0000,1.57080,1.57080,0,-,-,-,0,-,-,-,pred,209.000,0,-,-,269.33,530.61,707.36,588.30,512.87,17.74,-2.12930,48.131,5.805,0.8990,raw,0,-,0,-,-,303.15,307.07
2026-07-04_Mark-Liversedge_Wrist_01__swing_0004,374,2505517,3259,1.73293,348.41,20,0,0,address,1.0000,0.9869,1,-0.1614,-0.9869,0.0000,1.57080,1.57080,0,-,-,-,0,-,-,-,pred,209.000,0,-,-,268.83,530.10,709.40,585.17,509.08,21.02,-2.12930,47.628,4.445,0.8990,raw,0,-,0,-,-,303.15,307.07
2026-07-04_Mark-Liversedge_Wrist_01__swing_0004,375,2512178,3207,1.74533,348.42,20,0,0,address,1.0000,0.9848,1,-0.1736,-0.9848,0.0000,1.57080,1.57080,0,-,-,-,0,-,-,-,pred,209.000,0,-,-,268.36,529.66,711.30,582.86,506.28,23.39,-2.12930,46.362,4.850,0.8990,raw,0,-,0,-,-,303.15,307.07
2026-07-04_Mark-Liversedge_Wrist_01__swing_0004,376,2518878,3139,1.74533,348.43,20,0,0,address,1.0000,0.9848,1,-0.1736,-0.9848,0.0000,1.57080,1.57080,0,-,-,-,0,-,-,-,pred,209.000,0,-,-,268.06,529.42,712.69,581.48,504.61,24.82,-2.12930,48.957,9.682,0.8990,raw,0,-,0,-,-,303.15,307.07
2026-07-04_Mark-Liversedge_Wrist_01__swing_0004,377,2525517,3240,1.74533,348.43,20,0,0,address,1.0000,0.9848,1,-0.1736,-0.9848,0.0000,1.57080,1.57080,0,-,-,-,0,-,-,-,pred,209.000,0,-,-,267.95,529.39,713.31,581.03,504.06,25.32,-2.12930,51.614,9.607,0.8990,raw,0,-,0,-,-,303.15,307.07
2026-07-04_Mark-Liversedge_Wrist_01__swing_0004,378,2532350,3085,1.74533,348.43,20,0,0,address,1.0000,0.9848,1,-0.1736,-0.9848,0.0000,1.57080,1.57080,0,-,-,-,0,-,-,-,pred,209.000,0,-,-,267.97,529.53,713.33,581.70,504.88,24.65,-2.12930,51.786,8.187,0.8990,raw,0,-,0,-,-,303.15,307.07
2026-07-04_Mark-Liversedge_Wrist_01__swing_0004,379,2539013,3073,1.74533,348.43,20,0,0,address,1.0000,0.9848,1,-0.1736,-0.9848,0.0000,1.57080,1.57080,0,-,-,-,0,-,-,-,pred,209.000,0,-,-,268.12,529.80,712.78,583.18,506.66,23.13,-2.12930,48.688,5.753,0.8990,raw,0,-,0,-,-,303.15,307.07
2026-07-04_Mark-Liversedge_Wrist_01__swing_0004,380,2545694,3336,1.75440,348.43,20,0,0,address,1.0000,0.9832,1,-0.1826,-0.9832,0.0000,1.57080,1.57080,0,-,-,-,0,-,-,-,pred,209.000,0,-,-,268.41,530.19,711.76,584.97,508.84,21.35,-2.14676,52.129,10.523,0.8990,raw,0,-,0,-,-,303.15,307.07
2026-07-04_Mark-Liversedge_Wrist_01__swing_0004,381,2552546,3017,1.77687,348.42,17,1,0,address,1.0000,0.9788,1,-0.2046,-0.9788,0.0000,1.57080,1.57080,0,-,-,-,0,-,-,-,ray,209.000,0,-,0.14140,268.92,530.80,710.13,586.82,511.08,19.73,-2.16421,49.232,6.061,0.8990,raw,0,-,0,-,-,303.15,307.07
2026-07-04_Mark-Liversedge_Wrist_01__swing_0004,382,2559028,3285,1.79344,348.42,20,0,0,address,1.0000,0.9753,1,-0.2208,-0.9753,0.0000,1.57080,1.57080,0,-,-,-,0,-,-,-,ray,209.000,0,-,-,269.57,531.54,707.97,588.71,513.37,18.17,-2.14676,50.856,8.722,0.8990,raw,0,-,0,-,-,303.15,307.07
2026-07-04_Mark-Liversedge_Wrist_01__swing_0004,383,2565880,3025,1.80241,348.42,1,1,0,address,1.0000,0.9733,1,-0.2295,-0.9733,0.0000,1.57080,1.57080,0,-,-,-,0,-,-,-,ray,209.000,0,-,-,270.29,532.35,705.22,591.00,516.15,16.20,-2.16421,48.795,6.247,0.8990,raw,0,-,0,-,-,303.15,307.07
2026-07-04_Mark-Liversedge_Wrist_01__swing_0004,384,2572449,3243,1.81553,348.43,17,1,0,address,1.0000,0.9702,1,-0.2423,-0.9702,0.0000,1.57080,1.57080,0,-,-,-,0,-,-,-,ray,209.000,0,-,0.16920,270.88,533.02,702.35,593.64,519.34,13.68,-2.18166,49.098,3.655,0.8990,raw,0,-,0,-,-,303.15,307.07
2026-07-04_Mark-Liversedge_Wrist_01__swing_0004,385,2579172,3287,1.85528,348.44,1,1,0,address,1.0000,0.9598,1,-0.2807,-0.9598,0.0000,1.57080,1.57080,0,-,-,-,0,-,-,-,ray,209.000,0,-,-,271.36,533.57,699.35,596.90,523.29,10.28,-2.18166,50.913,9.477,0.8990,raw,0,-,0,-,-,303.15,307.07
2026-07-04_Mark-Liversedge_Wrist_01__swing_0004,386,2585838,3135,1.87138,348.47,17,1,0,,1.0000,0.9552,1,-0.2961,-0.9552,0.0000,1.57080,1.57080,0,-,-,-,0,-,-,-,ray,209.000,0,-,0.36815,271.76,534.06,696.13,600.97,528.23,5.83,-2.82743,50.525,1.553,0.8990,raw,0,-,0,-,-,303.15,307.07
2026-07-04_Mark-Liversedge_Wrist_01__swing_0004,387,2592574,3340,1.87236,348.51,17,1,0,,1.0000,0.9549,1,-0.2970,-0.9549,0.0000,1.57080,1.57080,0,-,-,-,0,-,-,-,ray,209.000,0,-,0.29936,272.12,534.47,692.73,605.37,533.56,0.91,-2.14676,50.995,6.608,0.8990,raw,0,-,0,-,-,303.15,307.07
2026-07-04_Mark-Liversedge_Wrist_01__swing_0004,388,2599237,-3323,1.91549,348.56,17,1,0,,1.0000,0.9412,1,-0.3379,-0.9412,0.0000,1.57080,1.57080,0,-,-,-,0,-,-,-,ray,209.000,0,-,0.26284,272.44,534.76,689.35,609.44,538.48,3.72,-2.14676,54.504,6.498,0.8990,raw,0,-,0,-,-,303.15,307.07
2026-07-04_Mark-Liversedge_Wrist_01__swing_0004,389,2605990,3062,1.93682,348.64,17,1,0,,1.0000,0.9338,1,-0.3579,-0.9338,0.0000,1.57080,1.57080,0,-,-,-,0,-,-,-,ray,209.000,0,-,0.25478,272.72,534.95,686.05,612.74,542.49,7.54,-2.14676,54.273,6.690,0.8990,raw,0,-,0,-,-,303.15,307.07
2026-07-04_Mark-Liversedge_Wrist_01__swing_0004,390,2612690,3145,1.91455,348.72,17,1,0,,1.0000,0.9415,1,-0.3370,-0.9415,0.0000,1.57080,1.57080,0,-,-,-,0,-,-,-,ray,209.000,0,-,0.23185,272.97,535.04,682.81,615.70,546.08,11.04,-2.14676,63.580,17.900,0.8990,raw,0,-,0,-,-,303.15,307.07
2026-07-04_Mark-Liversedge_Wrist_01__swing_0004,391,2619418,3144,1.93495,348.82,17,1,0,,1.0000,0.9344,1,-0.3562,-0.9344,0.0000,1.57080,1.57080,0,-,-,-,0,-,-,-,ray,209.000,0,-,-,273.16,535.00,679.58,618.17,549.06,14.07,-2.16421,63.377,18.591,0.8990,raw,0,-,0,-,-,303.15,307.07
2026-07-04_Mark-Liversedge_Wrist_01__swing_0004,392,2626067,3106,1.95887,348.91,17,1,0,,1.0000,0.9256,1,-0.3784,-0.9256,0.0000,1.57080,1.57080,0,-,-,-,0,-,-,-,ray,208.000,0,-,0.14395,273.28,534.81,676.41,619.72,550.94,16.13,-2.16421,63.238,18.131,0.8990,raw,0,-,0,-,-,303.15,307.07
2026-07-04_Mark-Liversedge_Wrist_01__swing_0004,393,2632948,2863,2.02921,348.99,17,1,0,,1.0000,0.8968,1,-0.4425,-0.8968,0.0000,1.57080,1.57080,0,-,-,-,0,-,-,-,ray,209.000,0,-,-,273.36,534.43,673.14,620.08,551.38,16.95,-2.18166,61.780,11.376,0.8990,raw,0,-,0,-,-,303.15,307.07
2026-07-04_Mark-Liversedge_Wrist_01__swing_0004,394,2639562,3017,2.04698,349.03,17,1,0,,1.0000,0.8888,1,-0.4584,-0.8888,0.0000,1.57080,1.57080,0,-,-,-,0,-,-,-,ray,209.000,0,-,0.34650,273.38,533.90,670.03,618.96,550.02,16.13,-2.19912,66.785,13.598,0.8990,raw,0,-,0,-,-,303.15,307.07
2026-07-04_Mark-Liversedge_Wrist_01__swing_0004,395,2646210,3145,2.00650,349.01,17,1,0,,1.0000,0.9066,1,-0.4221,-0.9066,0.0000,1.57080,1.57080,0,-,-,-,0,-,-,-,ray,209.000,0,-,0.20000,273.32,533.27,666.91,617.17,547.85,14.58,-2.19912,62.743,4.428,0.8990,raw,0,-,0,-,-,303.15,307.07
2026-07-04_Mark-Liversedge_Wrist_01__swing_0004,396,2652817,3205,1.96668,348.90,1,1,1,,1.0000,0.9227,1,-0.3856,-0.9227,0.0000,1.57080,1.57080,0,-,-,-,0,-,-,-,ray,209.000,0,-,-,273.13,532.60,663.81,615.34,545.63,13.03,-2.23402,61.501,2.783,0.8990,raw,0,-,0,-,-,303.15,307.07
2026-07-04_Mark-Liversedge_Wrist_01__swing_0004,397,2659508,3163,2.06085,348.65,1,1,1,,1.0000,0.8823,1,-0.4707,-0.8823,0.0000,1.57080,1.57080,0,-,-,-,1,3.66519,0.22299,45.46,seg,209.000,0,-,-,272.80,531.83,660.62,614.02,544.03,12.20,1.18682,67.395,5.220,0.8990,raw,0,-,0,-,-,303.15,307.07
2026-07-04_Mark-Liversedge_Wrist_01__swing_0004,398,2666209,3287,2.19555,348.22,1,1,1,,1.0000,0.8111,1,-0.5849,-0.8111,0.0000,1.57080,1.57080,0,-,-,-,1,3.65646,0.22299,49.95,seg,209.000,0,-,-,272.33,530.95,657.35,612.92,542.70,11.75,1.16937,69.418,8.896,0.8990,raw,0,-,0,-,-,303.15,307.07
2026-07-04_Mark-Liversedge_Wrist_01__swing_0004,399,2672931,3330,2.23429,347.54,17,1,1,,1.0000,0.7878,1,-0.6159,-0.7878,0.0000,1.57080,1.57080,0,-,-,-,0,-,-,-,ray,211.000,0,-,0.31379,271.81,530.10,654.08,611.88,541.44,11.34,1.18682,68.137,10.024,0.8990,raw,0,-,0,-,-,303.15,307.07
2026-07-04_Mark-Liversedge_Wrist_01__swing_0004,400,2679722,3070,2.26997,346.53,17,1,1,,1.0000,0.7654,1,-0.6436,-0.7654,0.0000,1.57080,1.57080,0,-,-,-,0,-,-,-,ray,211.000,0,-,0.31034,271.30,529.39,650.93,610.79,540.12,10.73,1.18682,78.926,8.772,0.8990,raw,0,-,0,-,-,303.15,307.07
2026-07-04_Mark-Liversedge_Wrist_01__swing_0004,401,2686367,3091,2.30978,345.18,17,1,1,,1.0000,0.7392,1,-0.6735,-0.7392,0.0000,1.57080,1.57080,0,-,-,-,0,-,-,-,ray,211.000,0,-,0.31264,270.87,528.94,648.12,609.67,538.77,9.83,1.20428,81.967,16.129,0.8990,raw,0,-,0,-,-,303.15,307.07
2026-07-04_Mark-Liversedge_Wrist_01__swing_0004,402,2693115,3033,2.34910,343.45,17,1,1,,1.0000,0.7121,1,-0.7021,-0.7121,0.0000,1.57080,1.57080,0,-,-,-,0,-,-,-,ray,211.000,0,-,0.31149,270.45,528.63,645.59,608.58,537.45,8.82,1.20428,83.742,19.300,0.8990,raw,0,-,0,-,-,303.15,307.07
2026-07-04_Mark-Liversedge_Wrist_01__swing_0004,403,2699942,2913,2.38960,341.33,17,1,1,,1.0000,0.6831,1,-0.7303,-0.6831,0.0000,1.57080,1.57080,0,-,-,-,0,-,-,-,ray,211.000,0,-,0.31034,269.98,528.38,643.14,607.40,536.02,7.64,1.22173,71.975,2.490,0.8990,raw,0,-,0,-,-,303.15,307.07
2026-07-04_Mark-Liversedge_Wrist_01__swing_0004,404,2706414,3162,2.42704,339.04,17,1,1,,1.0000,0.6553,1,-0.7554,-0.6553,0.0000,1.57080,1.57080,0,-,-,-,1,3.67392,0.22414,108.62,seg,211.000,0,-,0.30805,269.42,528.10,640.71,606.04,534.37,6.27,-1.91986,73.461,4.871,0.7362,raw,0,-,0,-,-,303.15,307.07
2026-07-04_Mark-Liversedge_Wrist_01__swing_0004,405,2713182,3069,2.46232,336.43,17,1,1,,1.0000,0.6282,1,-0.7780,-0.6282,0.0000,1.57080,1.57080,0,-,-,-,0,-,-,-,ray,211.000,0,-,0.30805,268.73,527.84,638.00,604.12,532.04,4.20,-1.93732,74.529,11.168,0.8013,raw,0,-,0,-,-,303.15,307.07
2026-07-04_Mark-Liversedge_Wrist_01__swing_0004,406,2719932,3035,2.49750,333.69,17,1,1,,1.0000,0.6005,1,-0.7996,-0.6005,0.0000,1.57080,1.57080,0,-,-,-,1,3.68264,0.22299,99.28,seg,211.000,0,-,0.30920,267.95,527.62,635.38,601.48,528.84,1.22,-1.93732,80.014,20.492,0.8078,raw,0,-,0,-,-,303.15,307.07
2026-07-04_Mark-Liversedge_Wrist_01__swing_0004,407,2726662,2985,2.53741,330.88,17,1,1,,1.0000,0.5681,1,-0.8230,-0.5681,0.0000,1.57080,1.57080,0,-,-,-,0,-,-,-,ray,211.000,0,-,0.30690,267.06,527.27,632.51,598.74,525.53,1.74,-2.00713,75.149,13.656,0.8860,raw,0,-,0,-,-,303.15,307.07
2026-07-04_Mark-Liversedge_Wrist_01__swing_0004,408,2733228,3144,2.57085,328.10,17,1,1,,1.0000,0.5403,1,-0.8415,-0.5403,0.0000,1.57080,1.57080,0,-,-,-,1,3.66519,0.25287,104.86,seg,211.000,0,-,-,266.04,526.63,629.09,596.64,522.98,3.65,-1.95477,72.462,8.314,0.7948,raw,0,-,0,-,-,303.15,307.07
2026-07-04_Mark-Liversedge_Wrist_01__swing_0004,409,2739970,3124,2.61111,325.16,17,1,1,,1.0000,0.5059,1,-0.8626,-0.5059,0.0000,1.57080,1.57080,0,-,-,-,0,-,-,-,ray,211.000,0,-,-,264.83,525.57,624.41,595.83,522.00,3.57,1.32645,89.359,12.182,0.8990,raw,0,-,0,-,-,303.15,307.07
2026-07-04_Mark-Liversedge_Wrist_01__swing_0004,410,2746747,3100,2.66377,322.14,17,1,1,,1.0000,0.4598,1,-0.8880,-0.4598,0.0000,1.57080,1.57080,0,-,-,-,1,3.66519,0.21379,81.77,seg,211.000,0,-,-,263.46,524.23,618.47,596.35,522.63,1.60,1.34390,104.291,50.553,0.8990,mot,0,-,0,-,-,303.15,307.07
2026-07-04_Mark-Liversedge_Wrist_01__swing_0004,411,2753364,3098,2.71565,319.11,17,1,1,,1.0000,0.4132,1,-0.9106,-0.4132,0.0000,1.57080,1.57080,0,-,-,-,1,3.68264,0.25287,93.00,seg,211.000,0,-,0.20072,261.99,522.71,612.10,597.38,523.87,1.16,1.37881,98.806,19.699,0.8990,raw,0,-,0,-,-,303.15,307.07
2026-07-04_Mark-Liversedge_Wrist_01__swing_0004,412,2760002,3207,2.75848,316.12,17,1,1,,1.0000,0.3738,1,-0.9275,-0.3738,0.0000,1.57080,1.57080,0,-,-,-,1,3.66519,0.21034,70.66,seg,211.000,0,-,-,260.42,521.06,605.90,598.02,524.65,3.59,-1.98968,81.270,12.223,0.8664,raw,0,-,0,-,-,303.15,307.07
2026-07-04_Mark-Liversedge_Wrist_01__swing_0004,413,2766766,3269,2.80236,313.17,17,1,1,,1.0000,0.3328,0,-0.9430,-0.3328,0.0000,1.57080,1.57080,0,-,-,-,1,3.67392,0.24023,67.61,seg,211.000,0,-,0.15977,258.72,519.24,600.24,597.74,524.31,5.06,-2.04204,80.795,9.836,0.8990,raw,0,-,0,-,-,303.15,307.07
2026-07-04_Mark-Liversedge_Wrist_01__swing_0004,414,2773407,-3372,2.85319,310.35,17,1,1,,1.0000,0.2844,0,-0.9587,-0.2844,0.0000,1.57080,1.57080,0,-,-,-,1,3.68264,0.23793,74.93,seg,211.000,0,-,0.20072,256.94,517.28,595.04,596.94,523.34,6.06,-2.05949,85.222,23.834,0.8925,raw,0,-,0,-,-,303.15,307.07
2026-07-04_Mark-Liversedge_Wrist_01__swing_0004,415,2780148,3085,2.92910,307.42,17,1,1,,1.0000,0.2109,0,-0.9775,-0.2109,0.0000,1.57080,1.57080,0,-,-,-,1,3.66519,0.21264,43.62,seg,211.000,0,-,0.11931,255.01,515.18,590.05,595.59,521.70,6.52,-2.05949,86.433,26.118,0.8925,raw,0,-,0,-,-,303.15,307.07
2026-07-04_Mark-Liversedge_Wrist_01__swing_0004,416,2786838,3088,3.00399,304.50,17,1,1,,1.0000,0.1372,0,-0.9905,-0.1372,0.0000,1.57080,1.57080,0,-,-,-,1,3.66519,0.22299,40.98,seg,211.000,0,-,0.20072,252.96,513.06,585.44,593.55,519.23,6.17,-2.05949,82.372,18.623,0.8730,raw,0,-,0,-,-,303.15,307.07
2026-07-04_Mark-Liversedge_Wrist_01__swing_0004,417,2793550,3119,3.06098,301.65,17,1,1,,0.9951,0.1275,0,-0.9918,-0.0801,0.0992,2.46189,0.67971,0,-,-,-,0,-,-,-,ray,214.000,0,-,0.15287,250.77,511.05,581.45,590.33,515.34,4.28,-2.05949,74.565,7.488,0.8404,raw,0,-,0,-,-,303.15,307.07
2026-07-04_Mark-Liversedge_Wrist_01__swing_0004,418,2800256,3271,3.11662,298.83,17,1,1,,0.9857,0.1700,0,-0.9854,-0.0246,0.1682,2.99632,0.14527,0,-,-,-,0,-,-,-,ray,217.000,0,-,0.13883,248.46,509.08,578.22,585.87,509.93,0.85,-2.04204,75.140,12.381,0.8469,raw,0,-,0,-,-,303.15,307.07
2026-07-04_Mark-Liversedge_Wrist_01__swing_0004,419,2806895,3304,3.17243,295.97,17,1,1,,0.9763,0.2184,0,-0.9759,0.0301,0.2163,-3.00329,-0.13830,0,-,-,-,0,-,-,-,ray,217.000,0,-,0.13666,246.02,506.84,575.29,580.85,503.85,3.00,-2.04204,78.283,9.589,0.8208,raw,0,-,0,-,-,303.15,307.07
2026-07-04_Mark-Liversedge_Wrist_01__swing_0004,420,2813645,3248,3.22963,292.98,17,1,1,,0.9665,0.2705,0,-0.9627,0.0850,0.2568,-2.82200,-0.31960,0,-,-,-,0,-,-,-,ray,224.000,0,-,0.13557,243.41,504.04,571.76,576.09,498.09,5.96,-2.04204,77.477,13.505,0.8404,raw,0,-,0,-,-,303.15,307.07
2026-07-04_Mark-Liversedge_Wrist_01__swing_0004,421,2820424,3031,3.29261,289.88,17,1,1,,0.9562,0.3261,0,-0.9453,0.1439,0.2926,-2.68471,-0.45689,0,-,-,-,0,-,-,-,ray,224.000,0,-,0.12798,240.72,500.65,567.07,572.37,493.57,7.09,-2.04204,69.056,15.812,0.8208,raw,0,-,0,-,-,303.15,307.07
2026-07-04_Mark-Liversedge_Wrist_01__swing_0004,422,2827067,3100,3.35303,286.75,17,1,1,,0.9459,0.3803,1,-0.9248,0.1985,0.3244,-2.59248,-0.54911,0,-,-,-,0,-,-,-,ray,224.000,0,-,0.13991,238.01,496.89,561.21,569.71,490.34,6.55,-2.04204,64.964,14.303,0.8274,raw,0,-,0,-,-,303.15,307.07
2026-07-04_Mark-Liversedge_Wrist_01__swing_0004,423,2833736,3096,3.41460,283.53,17,1,1,,0.9353,0.4345,1,-0.9007,0.2522,0.3539,-2.52243,-0.61916,0,-,-,-,0,-,-,-,ray,224.000,0,-,0.15184,235.02,492.62,554.91,567.35,487.48,5.13,-2.19912,60.117,9.651,0.8599,raw,0,-,0,-,-,303.15,307.07
2026-07-04_Mark-Liversedge_Wrist_01__swing_0004,424,2840354,3278,3.48318,280.27,17,1,1,,0.9245,0.4911,1,-0.8711,0.3097,0.3811,-2.45920,-0.68239,0,-,-,-,1,3.90954,0.27816,104.50,seg,224.000,0,-,0.15293,231.53,487.69,548.89,564.81,484.42,3.27,-2.19912,54.590,10.389,0.8404,raw,0,-,0,-,-,303.15,307.07
2026-07-04_Mark-Liversedge_Wrist_01__swing_0004,425,2847232,3005,3.55013,276.78,17,1,1,,0.9130,0.5459,1,-0.8379,0.3627,0.4079,-2.41478,-0.72681,0,-,-,-,1,3.91826,0.21839,-21.47,seg,224.000,0,-,0.22759,227.24,481.97,543.36,561.59,480.51,1.46,-0.05236,52.992,5.514,0.8990,raw,0,-,0,-,-,303.15,307.07
2026-07-04_Mark-Liversedge_Wrist_01__swing_0004,426,2853772,3372,3.60919,273.48,17,1,1,,0.9021,0.5929,1,-0.8053,0.4066,0.4314,-2.38580,-0.75580,0,-,-,-,0,-,-,-,ray,224.000,0,-,0.22299,222.65,475.97,538.18,558.38,476.62,0.65,-2.42601,51.516,8.478,0.8990,raw,0,-,0,-,-,303.15,307.07
2026-07-04_Mark-Liversedge_Wrist_01__swing_0004,427,2860506,3170,3.67944,270.13,17,1,1,,0.8911,0.6437,1,-0.7653,0.4565,0.4539,-2.35333,-0.78826,0,-,-,-,1,3.89208,0.22299,238.30,seg,224.000,0,-,0.20460,217.71,469.10,533.37,554.68,472.14,3.03,-2.42601,51.063,6.824,0.8990,raw,0,-,0,-,-,303.15,307.07
2026-07-04_Mark-Liversedge_Wrist_01__swing_0004,428,2867176,3248,3.75376,266.92,17,1,1,,0.8805,0.6934,1,-0.7206,0.5060,0.4741,-2.32364,-0.81795,0,-,-,-,1,3.92699,0.22299,90.31,seg,224.000,0,-,0.21379,212.89,461.60,529.79,550.31,466.84,5.24,-2.32129,67.157,12.822,0.8990,raw,0,-,0,-,-,303.15,307.07
2026-07-04_Mark-Liversedge_Wrist_01__swing_0004,429,2873873,3264,3.83668,263.96,17,1,1,,0.8707,0.7435,1,-0.6687,0.5577,0.4918,-2.29348,-0.84811,0,-,-,-,1,3.91826,0.22299,144.12,seg,224.000,0,-,0.22451,208.13,452.92,528.04,544.83,460.20,7.28,-2.54818,48.412,0.591,0.8469,raw,0,-,0,-,-,303.15,307.07
2026-07-04_Mark-Liversedge_Wrist_01__swing_0004,430,2880605,3123,3.92468,261.19,17,1,1,mid-backswing,0.8616,0.7919,1,-0.6106,0.6078,0.5076,-2.26659,-0.87500,0,-,-,-,1,3.98808,0.22299,233.81,seg,229.000,0,-,0.22560,203.29,443.33,528.43,538.05,451.99,8.66,1.76278,46.809,5.164,0.8925,raw,0,-,0,-,-,303.15,307.07
2026-07-04_Mark-Liversedge_Wrist_01__swing_0004,431,2887408,2971,4.00535,258.60,17,1,1,mid-backswing,0.8530,0.8324,1,-0.5541,0.6486,0.5219,-2.24836,-0.89323,0,-,-,-,0,-,-,-,ray,233.000,0,-,0.21494,198.48,433.31,529.87,530.56,442.92,9.61,1.71042,46.517,18.708,0.8990,mot,0,-,0,-,-,303.15,307.07
2026-07-04_Mark-Liversedge_Wrist_01__swing_0004,432,2893976,3346,4.08113,256.31,17,1,1,mid-backswing,0.8455,0.8666,1,-0.4990,0.6826,0.5340,-2.23466,-0.90694,0,-,-,-,0,-,-,-,ray,234.000,0,-,0.21909,194.08,423.98,531.25,523.31,434.13,10.15,1.46608,41.867,3.065,0.8990,raw,0,-,0,-,-,303.15,307.07
2026-07-04_Mark-Liversedge_Wrist_01__swing_0004,433,2900746,3242,4.15484,254.05,17,1,1,mid-backswing,0.8381,0.8963,1,-0.4434,0.7111,0.5456,-2.22522,-0.91637,0,-,-,-,0,-,-,-,ray,235.000,0,-,0.21584,189.90,414.75,531.86,516.27,425.60,10.85,1.67552,42.728,7.934,0.8990,mot,0,-,0,-,-,303.15,307.07
2026-07-04_Mark-Liversedge_Wrist_01__swing_0004,434,2907370,3167,4.22935,251.85,17,1,1,mid-backswing,0.8308,0.9226,1,-0.3859,0.7357,0.5566,-2.21848,-0.92311,0,-,-,-,0,-,-,-,ray,236.000,0,-,0.21584,186.09,405.87,532.16,509.47,417.36,11.49,-2.19912,52.719,11.076,0.8990,raw,0,-,0,-,-,303.15,307.07
2026-07-04_Mark-Liversedge_Wrist_01__swing_0004,435,2914071,3100,4.30452,249.67,17,1,1,mid-backswing,0.8236,0.9451,1,-0.3267,0.7560,0.5672,-2.21442,-0.92717,0,-,-,-,0,-,-,-,ray,237.000,0,-,0.20933,182.23,397.03,532.23,502.72,409.19,12.16,-2.18166,70.002,25.412,0.8990,raw,0,-,0,-,-,303.15,307.07
2026-07-04_Mark-Liversedge_Wrist_01__swing_0004,436,2920747,3131,4.37437,247.62,17,1,1,mid-backswing,0.8168,0.9626,1,-0.2709,0.7706,0.5769,-2.21343,-0.92816,0,-,-,-,0,-,-,-,ray,238.000,0,-,0.19885,178.15,388.40,531.97,496.28,401.39,12.99,-2.09439,85.278,28.263,0.8990,raw,0,-,0,-,-,303.15,307.07
2026-07-04_Mark-Liversedge_Wrist_01__swing_0004,437,2927518,3085,4.44947,245.67,17,1,1,mid-backswing,0.8104,0.9776,1,-0.2106,0.7826,0.5859,-2.21345,-0.92815,0,-,-,-,0,-,-,-,ray,238.000,0,-,0.19655,173.51,379.96,531.24,490.26,394.09,14.14,-2.14676,95.414,31.560,0.8990,raw,0,-,0,-,-,303.15,307.07
2026-07-04_Mark-Liversedge_Wrist_01__swing_0004,438,2934264,3094,4.52806,243.92,17,1,1,mid-backswing,0.8046,0.9891,1,-0.1475,0.7910,0.5938,-2.21473,-0.92686,0,-,-,-,0,-,-,-,ray,239.000,0,-,0.17137,168.63,371.77,530.10,484.77,387.44,15.67,-2.11185,105.374,62.438,0.8274,mot,0,-,0,-,-,303.15,307.07
2026-07-04_Mark-Liversedge_Wrist_01__swing_0004,439,2940849,3120,4.60090,242.43,1,1,1,mid-backswing,0.7997,0.9960,1,-0.0890,0.7948,0.6004,-2.21776,-0.92383,0,-,-,-,0,-,-,-,ray,240.000,0,-,-,163.93,363.81,528.66,479.67,381.25,17.44,-2.07694,184.146,143.512,0.8990,mot,0,-,0,-,-,303.15,307.07
2026-07-04_Mark-Liversedge_Wrist_01__swing_0004,440,2947679,3302,4.66617,241.24,1,1,1,mid-backswing,0.7958,0.9993,1,-0.0368,0.7949,0.6056,-2.22180,-0.91979,0,-,-,-,0,-,-,-,ray,242.000,0,-,-,159.51,355.36,526.84,474.35,374.82,19.45,-2.05949,181.253,141.691,0.8990,mot,0,-,0,-,-,303.15,307.07
2026-07-04_Mark-Liversedge_Wrist_01__swing_0004,441,2954290,3141,4.72180,240.47,1,1,1,mid-backswing,0.7932,1.0000,1,0.0075,0.7932,0.6089,-2.22550,-0.91609,0,-,-,-,1,4.25860,0.26681,-37.38,seg,245.000,0,-,-,155.78,346.89,524.78,469.00,368.33,21.44,-2.04204,203.467,139.108,0.8990,raw,0,-,0,-,-,303.15,307.07
2026-07-04_Mark-Liversedge_Wrist_01__swing_0004,442,2961070,3032,4.77586,240.16,1,1,1,mid-backswing,0.7922,0.9987,1,0.0502,0.7906,0.6102,-2.22811,-0.91348,0,-,-,-,1,4.27606,0.22668,-40.57,seg,246.000,0,-,-,152.35,338.01,522.28,463.42,361.57,23.57,-2.02458,206.663,136.551,0.8990,raw,0,-,0,-,-,303.15,307.07
2026-07-04_Mark-Liversedge_Wrist_01__swing_0004,443,2967822,2944,4.82888,240.42,1,1,1,mid-backswing,0.7931,0.9957,1,0.0922,0.7877,0.6091,-2.22902,-0.91257,0,-,-,-,0,-,-,-,ray,247.000,0,-,-,149.16,329.16,519.49,457.80,354.76,25.59,-2.00713,223.752,189.668,0.8990,mot,0,-,0,-,-,303.15,307.07
2026-07-04_Mark-Liversedge_Wrist_01__swing_0004,444,2974452,3238,4.87989,241.22,17,1,1,mid-backswing,0.7957,0.9912,1,0.1327,0.7846,0.6057,-2.22823,-0.91336,0,-,-,-,1,4.31969,0.15727,-36.19,seg,248.000,0,-,0.11931,146.11,320.65,516.62,452.18,347.95,27.30,-1.98968,163.273,85.433,0.8990,raw,0,-,0,-,-,303.15,307.07
2026-07-04_Mark-Liversedge_Wrist_01__swing_0004,445,2981142,3071,4.96903,242.56,1,1,1,mid-backswing,0.8001,0.9792,1,0.2031,0.7739,0.5998,-2.23013,-0.91146,0,-,-,-,0,-,-,-,ray,249.000,0,-,-,143.15,312.30,513.29,446.03,340.49,28.19,-1.97222,97.331,54.733,0.8469,mot,0,-,0,-,-,303.15,307.07
2026-07-04_Mark-Liversedge_Wrist_01__swing_0004,446,2987733,3166,5.07249,244.37,1,1,1,mid-backswing,0.8061,0.9588,1,0.2840,0.7544,0.5918,-2.23597,-0.90563,0,-,-,-,0,-,-,-,ray,250.000,0,-,-,140.37,304.23,509.46,439.12,332.13,27.90,-1.95477,69.793,0.917,0.7557,raw,0,-,0,-,-,303.15,307.07
2026-07-04_Mark-Liversedge_Wrist_01__swing_0004,447,2994574,3014,5.15217,246.61,1,1,1,mid-backswing,0.8135,0.9381,1,0.3463,0.7361,0.5816,-2.23945,-0.90214,0,-,-,-,0,-,-,-,ray,251.000,0,-,-,137.56,295.90,505.89,431.40,322.77,26.87,0.38397,91.207,31.988,0.6906,raw,0,-,0,-,-,303.15,307.07
2026-07-04_Mark-Liversedge_Wrist_01__swing_0004,448,3001229,3186,5.21155,249.06,1,1,1,mid-backswing,0.8216,0.9194,1,0.3933,0.7213,0.5701,-2.23960,-0.90199,0,-,-,-,0,-,-,-,ray,251.000,0,-,-,134.78,287.71,503.45,423.36,313.03,25.32,0.38397,115.798,58.081,0.6971,raw,0,-,0,-,-,303.15,307.07
2026-07-04_Mark-Liversedge_Wrist_01__swing_0004,449,3007829,3177,5.26763,251.76,1,1,1,mid-backswing,0.8305,0.8991,1,0.4378,0.7057,0.5571,-2.23900,-0.90259,0,-,-,-,0,-,-,-,ray,251.000,0,-,-,131.96,279.33,502.35,415.06,302.98,23.65,0.40143,115.249,61.331,0.7101,raw,0,-,0,-,-,303.15,307.07
2026-07-04_Mark-Liversedge_Wrist_01__swing_0004,450,3014604,3104,5.32050,254.73,1,1,1,mid-backswing,0.8403,0.8772,1,0.4801,0.6896,0.5422,-2.23705,-0.90455,0,-,-,-,1,4.45059,0.10805,-51.38,seg,254.000,0,-,-,129.24,270.50,503.18,406.41,292.50,21.99,0.43633,109.315,57.242,0.7362,raw,0,-,0,-,-,303.15,307.07
2026-07-04_Mark-Liversedge_Wrist_01__swing_0004,451,3021276,3007,5.36912,257.72,1,1,1,mid-backswing,0.8501,0.8548,1,0.5190,0.6733,0.5266,-2.23450,-0.90709,0,-,-,-,1,4.49422,0.15727,65.54,seg,258.000,0,-,-,126.90,261.78,505.78,398.09,282.42,20.63,0.47124,104.291,58.166,0.7557,raw,0,-,0,-,-,303.15,307.07
2026-07-04_Mark-Liversedge_Wrist_01__swing_0004,452,3028094,3024,5.41740,260.67,1,1,1,mid-backswing,0.8599,0.8304,1,0.5572,0.6549,0.5105,-2.23291,-0.90868,0,-,-,-,1,4.54658,0.13883,57.55,seg,261.000,0,-,-,125.07,253.14,510.21,390.14,272.78,19.65,0.50615,102.646,58.566,0.7753,raw,0,-,0,-,-,303.15,307.07
2026-07-04_Mark-Liversedge_Wrist_01__swing_0004,453,3034861,2942,5.46113,263.45,1,1,1,mid-backswing,0.8690,0.8063,1,0.5916,0.6366,0.4947,-2.23145,-0.91014,0,-,-,-,1,4.59022,0.12148,23.59,seg,264.000,0,-,-,123.81,245.14,515.98,383.19,264.36,19.22,0.52360,90.516,26.932,0.7948,raw,0,-,0,-,-,303.15,307.07
2026-07-04_Mark-Liversedge_Wrist_01__swing_0004,454,3041375,3107,5.50834,265.98,1,1,1,mid-backswing,0.8774,0.7791,1,0.6269,0.6138,0.4798,-2.23426,-0.90734,0,-,-,-,0,-,-,-,ray,265.000,0,-,-,123.08,238.30,522.24,377.41,257.35,19.06,-1.64061,83.259,12.763,0.6124,mot,0,-,0,-,-,303.15,307.07
2026-07-04_Mark-Liversedge_Wrist_01__swing_0004,455,3048215,2940,5.55710,268.44,17,1,1,mid-backswing,0.8855,0.7494,1,0.6622,0.5879,0.4646,-2.23959,-0.90200,0,-,-,-,0,-,-,-,ray,266.000,0,-,0.20072,122.67,232.19,528.92,372.30,251.17,18.98,0.48869,78.747,27.888,0.8990,raw,0,-,0,-,-,303.15,307.07
2026-07-04_Mark-Liversedge_Wrist_01__swing_0004,456,3054826,3109,5.62358,270.62,17,1,1,mid-backswing,0.8927,0.7088,1,0.7054,0.5471,0.4507,-2.25987,-0.88172,0,-,-,-,0,-,-,-,ray,273.000,0,-,-,122.40,227.18,534.79,367.99,245.94,18.76,0.50615,84.168,35.735,0.8990,raw,0,-,0,-,-,303.15,307.07
2026-07-04_Mark-Liversedge_Wrist_01__swing_0004,457,3061452,3226,5.66359,272.64,17,1,1,mid-backswing,0.8994,0.6811,1,0.7322,0.5223,0.4372,-2.26778,-0.87381,0,-,-,-,0,-,-,-,ray,280.000,0,-,0.20072,122.13,222.93,539.65,363.97,241.08,18.14,0.52360,78.480,37.480,0.8990,raw,0,-,0,-,-,303.15,307.07
2026-07-04_Mark-Liversedge_Wrist_01__swing_0004,458,3068139,3377,5.68568,274.52,17,1,1,mid-backswing,0.9056,0.6630,1,0.7487,0.5095,0.4242,-2.26516,-0.87643,0,-,-,-,0,-,-,-,ray,287.000,0,-,0.20072,121.88,219.13,543.13,359.84,236.07,16.94,0.52360,83.099,39.020,0.8990,raw,0,-,0,-,-,303.15,307.07
2026-07-04_Mark-Liversedge_Wrist_01__swing_0004,459,3074929,3234,5.72963,276.29,17,1,1,mid-backswing,0.9114,0.6316,1,0.7753,0.4791,0.4115,-2.28045,-0.86114,0,-,-,-,0,-,-,-,ray,296.000,0,-,0.25597,121.74,215.57,545.47,355.34,230.62,15.05,0.54105,77.715,25.982,0.8990,raw,0,-,0,-,-,303.15,307.07
2026-07-04_Mark-Liversedge_Wrist_01__swing_0004,460,3081518,3144,5.76888,277.89,17,1,1,,0.9167,0.6025,1,0.7981,0.4509,0.3996,-2.29596,-0.84564,0,-,-,-,0,-,-,-,pred,304.000,0,-,0.21367,121.90,212.27,546.90,350.67,224.96,12.68,0.52360,79.485,29.724,0.8990,raw,0,-,0,-,-,303.15,307.07
2026-07-04_Mark-Liversedge_Wrist_01__swing_0004,461,3088177,3162,5.79955,279.34,17,1,1,,0.9215,0.5784,1,0.8158,0.4285,0.3885,-2.30727,-0.83433,0,-,-,-,0,-,-,-,pred,313.000,0,-,0.26139,122.40,208.99,548.23,345.92,219.21,10.22,0.54105,78.477,29.478,0.8990,raw,0,-,0,-,-,303.15,307.07
2026-07-04_Mark-Liversedge_Wrist_01__swing_0004,462,3095144,3246,5.83078,280.64,17,1,1,,0.9258,0.5538,1,0.8326,0.4047,0.3781,-2.32229,-0.81931,0,-,-,-,0,-,-,-,pred,322.000,0,-,0.26139,123.36,205.61,550.00,341.26,213.56,7.95,0.73304,76.754,42.660,0.8013,raw,0,-,0,-,-,303.15,307.07
2026-07-04_Mark-Liversedge_Wrist_01__swing_0004,463,3101632,3160,5.86453,281.76,17,1,1,,0.9295,0.5281,1,0.8492,0.3779,0.3689,-2.34424,-0.79736,0,-,-,-,0,-,-,-,pred,331.000,0,-,0.23218,124.51,202.58,552.36,337.47,208.96,6.38,0.55851,72.404,38.895,0.8990,raw,0,-,0,-,-,303.15,307.07
2026-07-04_Mark-Liversedge_Wrist_01__swing_0004,464,3108315,3086,5.90037,282.86,17,1,1,,0.9331,0.5008,1,0.8655,0.3485,0.3597,-2.37192,-0.76967,0,-,-,-,0,-,-,-,pred,340.000,0,-,0.25057,125.79,199.73,555.39,334.10,204.88,5.15,0.57596,82.468,36.961,0.8990,raw,0,-,0,-,-,303.15,307.07
2026-07-04_Mark-Liversedge_Wrist_01__swing_0004,465,3115082,3075,5.93568,283.88,17,1,1,,0.9364,0.4741,1,0.8805,0.3189,0.3509,-2.40388,-0.73771,0,-,-,-,0,-,-,-,pred,349.000,0,-,0.24943,127.03,197.22,558.89,331.14,201.30,4.08,0.59341,80.021,34.745,0.8990,raw,0,-,0,-,-,303.15,307.07
2026-07-04_Mark-Liversedge_Wrist_01__swing_0004,466,3121686,3252,5.96520,284.81,1,1,1,,0.9395,0.4512,1,0.8924,0.2937,0.3425,-2.43271,-0.70888,0,-,-,-,0,-,-,-,pred,358.000,0,-,-,128.13,195.08,562.37,328.43,198.02,2.94,0.59341,84.872,39.122,0.8990,raw,0,-,0,-,-,303.15,307.07
2026-07-04_Mark-Liversedge_Wrist_01__swing_0004,467,3128477,3264,5.99137,285.74,1,1,1,,0.9426,0.4302,1,0.9027,0.2712,0.3340,-2.45970,-0.68190,0,-,-,-,0,-,-,-,pred,7.000,0,-,-,129.14,193.15,565.79,325.58,194.56,1.41,0.59341,77.911,47.906,0.8990,raw,0,-,0,-,-,303.15,307.07
2026-07-04_Mark-Liversedge_Wrist_01__swing_0004,468,3135172,3091,6.03148,286.64,17,1,1,,0.9456,0.4017,1,0.9158,0.2355,0.3255,-2.51520,-0.62639,0,-,-,-,0,-,-,-,pred,15.000,0,-,-,130.13,191.44,568.87,322.48,190.81,0.63,0.59341,76.176,47.255,0.8990,raw,0,-,0,-,-,303.15,307.07
2026-07-04_Mark-Liversedge_Wrist_01__swing_0004,469,3141841,3121,6.05163,287.51,1,1,1,,0.9484,0.3845,1,0.9231,0.2177,0.3170,-2.53993,-0.60166,0,-,-,-,0,-,-,-,pred,23.000,0,-,-,131.17,189.88,571.69,319.13,186.75,3.13,0.61087,87.208,43.572,0.8990,raw,0,-,0,-,-,303.15,307.07
2026-07-04_Mark-Liversedge_Wrist_01__swing_0004,470,3148641,2961,6.06207,288.30,17,1,1,,0.9510,0.3729,1,0.9279,0.2086,0.3091,-2.54801,-0.59358,0,-,-,-,0,-,-,-,pred,32.000,0,-,0.22342,132.36,188.42,574.41,315.53,182.39,6.03,0.61087,87.331,41.226,0.8990,raw,0,-,0,-,-,303.15,307.07
2026-07-04_Mark-Liversedge_Wrist_01__swing_0004,471,3155216,3160,6.08771,288.94,17,1,1,,0.9531,0.3547,1,0.9350,0.1851,0.3025,-2.59246,-0.54913,0,-,-,-,0,-,-,-,ray,40.000,0,-,0.19957,133.60,187.13,577.00,312.10,178.23,8.90,0.62832,83.665,32.512,0.8990,raw,0,-,0,-,-,303.15,307.07
2026-07-04_Mark-Liversedge_Wrist_01__swing_0004,472,3161959,3572,6.10867,289.46,1,1,1,,0.9549,0.3402,0,0.9404,0.1658,0.2971,-2.63255,-0.50904,0,-,-,-,0,-,-,-,ray,40.000,0,-,-,134.96,185.97,579.67,308.85,174.29,11.68,0.62832,76.125,48.552,0.8990,raw,0,-,0,-,-,303.15,307.07
2026-07-04_Mark-Liversedge_Wrist_01__swing_0004,473,3168746,3022,6.12638,289.92,17,1,1,,0.9564,0.3282,0,0.9446,0.1494,0.2922,-2.66910,-0.47249,0,-,-,-,0,-,-,-,ray,40.000,0,-,0.20789,136.37,184.95,582.33,306.04,170.88,14.07,0.62832,74.543,46.040,0.8990,raw,0,-,0,-,-,303.15,307.07
2026-07-04_Mark-Liversedge_Wrist_01__swing_0004,474,3175326,3252,6.13939,290.30,17,1,1,,0.9576,0.3190,0,0.9477,0.1372,0.2880,-2.69697,-0.44463,0,-,-,-,0,-,-,-,ray,40.000,0,-,0.19952,137.75,184.06,584.77,303.78,168.15,15.91,0.62832,78.478,32.674,0.8990,raw,0,-,0,-,-,303.15,307.07
2026-07-04_Mark-Liversedge_Wrist_01__swing_0004,475,3182004,3290,6.15246,290.62,17,1,1,,0.9587,0.3107,0,0.9505,0.1250,0.2845,-2.72770,-0.41390,0,-,-,-,0,-,-,-,ray,40.000,0,-,0.20669,139.13,183.23,587.01,301.91,165.88,17.35,0.64577,83.955,45.634,0.8990,raw,0,-,0,-,-,303.15,307.07
2026-07-04_Mark-Liversedge_Wrist_01__swing_0004,476,3188725,3127,6.16558,290.88,17,1,1,,0.9595,0.3033,0,0.9529,0.1126,0.2816,-2.76131,-0.38029,0,-,-,-,0,-,-,-,ray,40.000,0,-,0.20430,140.47,182.45,588.88,300.35,164.00,18.45,0.64577,78.817,35.565,0.8990,raw,0,-,0,-,-,303.15,307.07
2026-07-04_Mark-Liversedge_Wrist_01__swing_0004,477,3195569,3007,6.17456,291.04,17,1,1,,0.9601,0.2986,0,0.9544,0.1041,0.2798,-2.78551,-0.35608,0,-,-,-,0,-,-,-,ray,41.000,0,-,0.20072,141.73,181.81,590.36,299.01,162.37,19.43,0.64577,72.628,42.565,0.8990,raw,0,-,0,-,-,303.15,307.07
2026-07-04_Mark-Liversedge_Wrist_01__swing_0004,478,3202133,3095,6.18313,291.11,17,1,1,,0.9603,0.2950,0,0.9555,0.0959,0.2790,-2.81046,-0.33113,0,-,-,-,0,-,-,-,ray,41.000,0,-,0.19713,142.79,181.45,591.28,297.95,161.08,20.37,0.64577,72.779,44.292,0.8990,raw,0,-,0,-,-,303.15,307.07
2026-07-04_Mark-Liversedge_Wrist_01__swing_0004,479,3208810,3141,6.18719,291.15,17,1,1,,0.9604,0.2934,0,0.9560,0.0921,0.2785,-2.82240,-0.31919,0,-,-,-,0,-,-,-,ray,41.000,0,-,0.19594,143.76,181.40,591.71,297.08,160.03,21.36,0.66323,72.633,38.812,0.8990,raw,0,-,0,-,-,303.15,307.07
2026-07-04_Mark-Liversedge_Wrist_01__swing_0004,480,3218971,351,6.19550,291.32,17,1,1,,0.9610,0.2892,0,0.9573,0.0842,0.2767,-2.84631,-0.29528,0,-,-,-,0,-,-,-,ray,41.000,0,-,0.20072,145.05,181.88,591.26,296.33,159.13,22.75,0.66323,75.501,38.038,0.8990,raw,0,-,0,-,-,303.15,307.07
2026-07-04_Mark-Liversedge_Wrist_01__swing_0004,481,3222255,-2933,6.19592,291.50,17,1,1,,0.9616,0.2871,0,0.9579,0.0838,0.2746,-2.84535,-0.29624,0,-,-,-,0,-,-,-,ray,41.000,0,-,0.20072,145.45,182.08,590.82,296.29,159.07,23.00,0.64577,69.740,32.168,0.8990,raw,0,-,0,-,-,303.15,307.07
2026-07-04_Mark-Liversedge_Wrist_01__swing_0004,482,3228949,3117,6.19592,291.99,17,1,2,,0.9632,0.2816,0,0.9595,0.0839,0.2688,-2.83885,-0.30274,0,-,-,-,0,-,-,-,ray,42.000,0,-,0.20072,146.26,182.48,589.51,296.59,159.43,23.05,0.66323,65.124,30.750,0.8990,raw,0,-,0,-,-,303.15,307.07
2026-07-04_Mark-Liversedge_Wrist_01__swing_0004,483,3235728,3063,6.19592,292.66,17,1,2,,0.9654,0.2740,0,0.9617,0.0841,0.2607,-2.82944,-0.31215,0,-,-,-,0,-,-,-,ray,42.000,0,-,0.19474,147.10,182.72,587.63,297.55,160.60,22.12,0.66323,62.239,28.489,0.8990,raw,0,-,0,-,-,303.15,307.07
2026-07-04_Mark-Liversedge_Wrist_01__swing_0004,484,3242310,3102,6.18664,293.38,17,1,2,,0.9678,0.2686,0,0.9633,0.0933,0.2519,-2.78688,-0.35471,0,-,-,-,0,-,-,-,ray,42.000,0,-,0.20311,147.91,182.75,585.38,299.12,162.50,20.25,0.66323,62.949,25.407,0.8990,raw,0,-,0,-,-,303.15,307.07
2026-07-04_Mark-Liversedge_Wrist_01__swing_0004,485,3249099,3059,6.17847,294.00,17,1,2,,0.9698,0.2641,0,0.9645,0.1014,0.2438,-2.74760,-0.39399,0,-,-,-,0,-,-,-,ray,42.000,0,-,0.15054,148.73,182.57,582.65,301.30,165.15,17.42,0.66323,71.452,30.430,0.8990,raw,0,-,0,-,-,303.15,307.07
2026-07-04_Mark-Liversedge_Wrist_01__swing_0004,486,3255669,3153,6.16927,294.33,17,1,2,,0.9709,0.2637,0,0.9646,0.1104,0.2395,-2.70977,-0.43183,0,-,-,-,0,-,-,-,ray,42.000,0,-,0.21147,149.49,182.35,579.60,303.80,168.17,14.19,0.66323,67.368,29.374,0.8990,raw,0,-,0,-,-,303.15,307.07
2026-07-04_Mark-Liversedge_Wrist_01__swing_0004,487,3262485,3383,6.15648,294.25,17,1,4,,0.9706,0.2700,0,0.9628,0.1227,0.2406,-2.67009,-0.47151,0,-,-,-,0,-,-,-,ray,42.000,0,-,0.21386,150.21,182.31,576.05,306.50,171.45,10.86,0.66323,61.349,26.187,0.8990,raw,0,-,0,-,-,303.15,307.07
2026-07-04_Mark-Liversedge_Wrist_01__swing_0004,488,3269202,3048,6.14317,293.62,17,1,4,,0.9686,0.2831,0,0.9591,0.1352,0.2488,-2.64386,-0.49773,0,-,-,-,0,-,-,-,ray,42.000,0,-,0.21983,150.88,182.75,572.16,309.08,174.58,8.17,0.66323,61.284,29.584,0.8990,raw,0,-,0,-,-,303.15,307.07
2026-07-04_Mark-Liversedge_Wrist_01__swing_0004,489,3275805,3090,6.12550,292.35,17,1,4,,0.9644,0.3048,0,0.9524,0.1514,0.2645,-2.62158,-0.52001,0,-,-,-,0,-,-,-,ray,42.000,0,-,0.20072,151.58,183.82,567.93,311.41,177.39,6.42,0.66323,59.887,31.969,0.8990,raw,0,-,0,-,-,303.15,307.07
2026-07-04_Mark-Liversedge_Wrist_01__swing_0004,490,3282438,3429,6.10408,290.52,17,1,4,,0.9584,0.3327,0,0.9430,0.1707,0.2856,-2.60275,-0.53884,0,-,-,-,0,-,-,-,ray,42.000,0,-,0.18506,152.44,185.77,563.32,313.59,180.03,5.74,0.66323,60.502,24.589,0.8990,raw,0,-,0,-,-,303.15,307.07
2026-07-04_Mark-Liversedge_Wrist_01__swing_0004,491,3289238,3070,6.07293,288.03,1,1,4,,0.9501,0.3695,1,0.9292,0.1983,0.3118,-2.57518,-0.56641,0,-,-,-,0,-,-,-,ray,42.000,0,-,-,153.57,188.67,558.25,315.87,182.80,5.87,0.66323,59.497,28.224,0.8990,raw,0,-,0,-,-,303.15,307.07
2026-07-04_Mark-Liversedge_Wrist_01__swing_0004,492,3295913,3396,6.06079,285.13,17,1,4,,0.9406,0.3980,1,0.9174,0.2075,0.3396,-2.59321,-0.54838,0,-,-,-,0,-,-,-,ray,41.000,0,-,-,154.99,192.34,553.09,318.54,186.03,6.32,0.76794,57.536,19.081,0.8013,raw,0,-,0,-,-,303.15,307.07
2026-07-04_Mark-Liversedge_Wrist_01__swing_0004,493,3302595,3124,6.05160,281.89,17,1,4,downswing,0.9299,0.4253,1,0.9050,0.2134,0.3679,-2.61593,-0.52566,0,-,-,-,0,-,-,-,ray,41.000,0,-,0.13859,156.70,196.81,547.88,322.03,190.26,6.56,0.61087,58.384,15.446,0.8990,raw,0,-,0,-,-,303.15,307.07
2026-07-04_Mark-Liversedge_Wrist_01__swing_0004,494,3309320,3118,6.01078,278.38,17,1,4,downswing,0.9183,0.4667,1,0.8844,0.2471,0.3959,-2.58370,-0.55789,0,-,-,-,0,-,-,-,ray,41.000,0,-,0.14098,158.60,201.89,542.78,326.80,196.04,5.85,0.64577,49.330,3.965,0.8990,raw,0,-,0,-,-,303.15,307.07
2026-07-04_Mark-Liversedge_Wrist_01__swing_0004,495,3316022,3066,5.95826,274.91,17,1,4,downswing,0.9069,0.5113,1,0.8594,0.2895,0.4214,-2.53969,-0.60190,0,-,-,-,0,-,-,-,ray,40.000,0,-,0.14098,160.61,207.45,537.88,332.87,203.39,4.06,0.62832,50.475,2.208,0.8990,raw,0,-,0,-,-,303.15,307.07
2026-07-04_Mark-Liversedge_Wrist_01__swing_0004,496,3322701,3148,5.91547,271.60,17,1,4,downswing,0.8959,0.5487,1,0.8360,0.3221,0.4442,-2.51421,-0.62738,0,-,-,-,0,-,-,-,ray,40.000,0,-,0.14456,162.69,213.44,533.20,340.46,212.59,0.85,1.67552,57.312,18.737,0.1500,raw,0,-,0,-,-,303.15,307.07
2026-07-04_Mark-Liversedge_Wrist_01__swing_0004,497,3329492,3076,5.85663,268.54,1,1,4,downswing,0.8858,0.5913,1,0.8065,0.3665,0.4640,-2.47307,-0.66852,0,-,-,-,0,-,-,-,ray,39.000,0,-,-,164.98,220.08,528.54,349.42,223.44,3.36,1.88496,59.766,7.018,0.8990,raw,0,-,0,-,-,303.15,307.07
2026-07-04_Mark-Liversedge_Wrist_01__swing_0004,498,3336040,3164,5.76588,265.92,1,1,4,downswing,0.8772,0.6471,1,0.7624,0.4338,0.4801,-2.40686,-0.73473,0,-,-,-,1,0.69813,0.13793,100.25,seg,39.000,0,-,-,167.67,227.38,524.11,359.14,235.22,7.84,1.90241,67.963,15.616,0.8990,raw,0,-,0,-,-,303.15,307.07
2026-07-04_Mark-Liversedge_Wrist_01__swing_0004,499,3342845,3236,5.67899,263.53,1,1,4,downswing,0.8693,0.6987,1,0.7154,0.4939,0.4943,-2.35662,-0.78497,0,-,-,-,1,0.67195,0.11494,-2.70,seg,38.000,0,-,-,171.31,236.27,519.59,370.21,248.64,12.37,1.67552,58.449,11.753,0.8990,raw,0,-,0,-,-,303.15,307.07
2026-07-04_Mark-Liversedge_Wrist_01__swing_0004,500,3349580,3058,5.60423,261.25,1,1,4,downswing,0.8618,0.7418,1,0.6707,0.5412,0.5073,-2.32389,-0.81771,0,-,-,-,0,-,-,-,ray,37.000,0,-,-,176.43,247.12,515.32,382.02,262.94,15.82,1.95477,57.155,24.981,0.8990,mot,0,-,0,-,-,303.15,307.07
2026-07-04_Mark-Liversedge_Wrist_01__swing_0004,501,3356145,3235,5.52675,258.99,17,1,4,downswing,0.8543,0.7835,1,0.6214,0.5864,0.5197,-2.29600,-0.84559,0,-,-,-,0,-,-,-,ray,33.000,0,-,0.14483,183.50,260.25,511.64,394.51,278.08,17.83,-2.05949,55.985,15.390,0.7297,mot,0,-,0,-,-,303.15,307.07
2026-07-04_Mark-Liversedge_Wrist_01__swing_0004,502,3362942,3221,5.43865,256.81,1,1,4,downswing,0.8471,0.8268,1,0.5626,0.6334,0.5314,-2.26887,-0.87272,0,-,-,-,0,-,-,-,ray,27.000,0,-,-,193.28,276.54,508.56,408.41,294.91,18.38,0.01745,67.198,6.855,0.8990,raw,0,-,0,-,-,303.15,307.07
2026-07-04_Mark-Liversedge_Wrist_01__swing_0004,503,3369673,3037,5.32757,255.02,1,1,4,downswing,0.8412,0.8742,1,0.4855,0.6870,0.5406,-2.23753,-0.90407,0,-,-,-,0,-,-,-,ray,18.000,0,-,-,206.03,295.65,506.49,423.14,312.76,17.11,-2.04204,76.730,1.215,0.5212,raw,0,-,0,-,-,303.15,307.07
2026-07-04_Mark-Liversedge_Wrist_01__swing_0004,504,3376385,2982,5.18418,254.03,17,1,4,downswing,0.8380,0.9246,1,0.3808,0.7464,0.5457,-2.20207,-0.93953,0,-,-,-,0,-,-,-,ray,10.000,0,-,0.12148,221.27,316.90,505.86,438.64,331.55,14.64,0.12217,87.344,45.733,0.8990,raw,0,-,0,-,-,303.15,307.07
2026-07-04_Mark-Liversedge_Wrist_01__swing_0004,505,3382981,3489,5.04277,254.13,1,1,4,downswing,0.8383,0.9623,1,0.2720,0.7930,0.5452,-2.17311,-0.96848,0,-,-,-,0,-,-,-,ray,2.000,0,-,-,238.29,339.44,506.77,454.32,350.54,11.10,-2.11185,209.044,130.782,0.8599,raw,0,-,0,-,-,303.15,307.07
2026-07-04_Mark-Liversedge_Wrist_01__swing_0004,506,3389646,3166,4.86493,255.48,17,1,4,downswing,0.8427,0.9918,1,0.1281,0.8330,0.5383,-2.14455,-0.99704,0,-,-,-,0,-,-,-,ray,346.000,0,-,0.16437,256.81,363.26,509.67,470.27,369.86,6.60,-2.14676,160.274,103.391,0.8990,raw,0,-,0,-,-,303.15,307.07
2026-07-04_Mark-Liversedge_Wrist_01__swing_0004,507,3396427,3124,4.65772,258.32,17,1,4,downswing,0.8521,0.9989,1,-0.0466,0.8509,0.5233,-2.12221,-1.01938,0,-,-,-,0,-,-,-,wedge,330.000,0,-,0.20065,276.10,387.90,514.83,486.18,389.14,1.24,-2.19912,99.452,46.303,0.8990,raw,0,-,0,-,-,303.15,307.07
2026-07-04_Mark-Liversedge_Wrist_01__swing_0004,508,3403046,3139,4.53598,262.38,17,1,4,downswing,0.8655,0.9884,1,-0.1519,0.8521,0.5009,-2.10219,-1.03940,0,-,-,-,0,-,-,-,pred,318.000,0,-,0.21475,294.61,411.80,522.08,501.13,407.26,4.54,-2.26893,87.100,45.919,0.8990,mot,0,-,0,-,-,303.15,307.07
2026-07-04_Mark-Liversedge_Wrist_01__swing_0004,509,3409756,3122,4.29808,267.67,17,1,4,downswing,0.8830,0.9347,1,-0.3554,0.8083,0.4695,-2.09700,-1.04459,0,-,-,-,0,-,-,-,pred,303.000,0,-,0.21034,312.47,435.43,531.67,515.37,424.51,10.91,-3.01942,72.357,2.924,0.8990,raw,0,-,0,-,-,303.15,307.07
2026-07-04_Mark-Liversedge_Wrist_01__swing_0004,510,3416540,3041,4.01409,273.83,17,1,3,downswing,0.9033,0.8141,1,-0.5807,0.6919,0.4290,-2.12588,-1.01571,0,-,-,-,0,-,-,-,ray,292.359,0,-,0.23427,329.05,458.26,542.99,528.76,440.74,17.52,-2.91470,73.548,19.022,0.8990,raw,0,-,0,-,-,303.15,307.07
2026-07-04_Mark-Liversedge_Wrist_01__swing_0004,511,3423221,3062,3.83220,280.35,17,1,3,,0.9248,0.7013,1,-0.7129,0.5891,0.3804,-2.14421,-0.99738,0,-,-,-,0,-,-,-,recon,269.460,0,-,0.24837,343.41,479.27,555.36,540.74,455.25,24.02,-2.79253,73.609,11.387,0.8990,raw,0,-,0,-,-,303.15,307.07
2026-07-04_Mark-Liversedge_Wrist_01__swing_0004,512,3429984,3020,3.65635,287.07,17,1,3,,0.9470,0.5662,1,-0.8242,0.4662,0.3214,-2.17433,-0.96726,0,-,-,-,0,-,-,-,recon,253.934,0,-,0.27586,355.86,498.88,568.61,551.60,468.40,30.48,-2.75762,70.123,29.042,0.8990,raw,0,-,0,-,-,303.15,307.07
2026-07-04_Mark-Liversedge_Wrist_01__swing_0004,513,3436526,3265,3.46924,293.37,17,1,3,,0.9678,0.4006,1,-0.9163,0.3114,0.2519,-2.25092,-0.89067,0,-,-,-,0,-,-,-,recon,244.172,0,-,0.22414,365.45,515.82,581.88,560.84,479.60,36.22,-2.84489,81.660,35.593,0.8990,raw,0,-,0,-,-,303.15,307.07
2026-07-04_Mark-Liversedge_Wrist_01__swing_0004,514,3443273,3066,3.25711,299.60,17,1,3,,0.9883,0.1904,0,-0.9817,0.1139,0.1525,-2.50003,-0.64156,0,-,-,-,0,-,-,-,recon,237.941,0,-,0.20072,372.86,531.16,595.91,568.93,489.41,41.76,-2.93215,66.574,9.126,0.8990,raw,0,-,0,-,-,303.15,307.07
2026-07-04_Mark-Liversedge_Wrist_01__swing_0004,515,3449948,3144,3.03779,305.28,17,1,3,,1.0000,0.1036,0,-0.9946,-0.1036,0.0000,1.57080,1.57080,0,-,-,-,0,-,-,-,recon,233.849,0,-,0.17028,377.68,544.06,609.96,575.69,497.59,46.46,-2.87979,66.444,22.367,0.8990,raw,0,-,0,-,-,303.15,307.07
2026-07-04_Mark-Liversedge_Wrist_01__swing_0004,516,3456652,3342,2.79154,310.31,17,1,3,,1.0000,0.3430,0,-0.9394,-0.3430,0.0000,1.57080,1.57080,0,-,-,-,0,-,-,-,ray,231.099,0,-,-,379.81,554.40,624.17,581.27,504.35,50.05,-2.42601,57.306,16.489,0.8990,raw,0,-,0,-,-,303.15,307.07
2026-07-04_Mark-Liversedge_Wrist_01__swing_0004,517,3463330,3286,2.62164,314.83,17,1,3,,1.0000,0.4968,1,-0.8678,-0.4968,0.0000,1.57080,1.57080,0,-,-,-,1,3.97935,0.28046,-23.24,seg,229.000,0,-,-,379.60,562.34,638.28,585.92,509.99,52.35,-2.37365,49.340,7.287,0.8990,raw,0,-,0,-,-,303.15,307.07
2026-07-04_Mark-Liversedge_Wrist_01__swing_0004,518,3470129,2998,2.54598,318.96,17,1,3,impact,1.0000,0.5610,1,-0.8278,-0.5610,0.0000,1.57080,1.57080,0,-,-,-,1,4.00553,0.28621,-8.67,seg,229.000,0,-,0.15632,376.90,567.69,652.48,589.92,514.84,52.85,-2.35619,59.520,9.775,0.8990,raw,1,2.05312,0,1.35263,11.48,303.15,307.07
2026-07-04_Mark-Liversedge_Wrist_01__swing_0004,519,3476835,3080,2.41793,322.35,17,1,3,impact,1.0000,0.6621,1,-0.7494,-0.6621,0.0000,1.57080,1.57080,0,-,-,-,1,4.00553,0.18872,-53.15,seg,229.000,0,-,-,372.10,570.40,666.07,593.09,518.67,51.73,-2.32129,52.915,2.118,0.6906,raw,1,2.04426,1,1.29154,20.12,303.15,307.07
2026-07-04_Mark-Liversedge_Wrist_01__swing_0004,520,3483582,3003,2.26198,325.10,1,1,3,impact,1.0000,0.7705,1,-0.6374,-0.7705,0.0000,1.57080,1.57080,0,-,-,-,0,-,-,-,ray,222.000,0,-,-,365.43,570.72,679.23,595.44,521.53,49.20,-2.18166,55.211,9.865,0.8990,raw,1,2.02696,0,1.40499,12.15,303.15,307.07
2026-07-04_Mark-Liversedge_Wrist_01__swing_0004,521,3490148,3132,2.15267,327.23,17,1,3,impact,1.0000,0.8354,1,-0.5496,-0.8354,0.0000,1.57080,1.57080,0,-,-,-,0,-,-,-,ray,218.356,0,-,0.20072,357.22,568.46,691.48,596.57,522.89,45.57,-2.21657,52.489,6.344,0.8990,raw,1,2.00184,0,1.25664,12.57,303.15,307.07
2026-07-04_Mark-Liversedge_Wrist_01__swing_0004,522,3496955,3101,2.01719,329.04,20,0,3,impact,1.0000,0.9020,1,-0.4317,-0.9020,0.0000,1.57080,1.57080,0,-,-,-,0,-,-,-,ray,217.644,0,-,-,347.45,563.91,703.90,596.02,522.22,41.68,-2.68781,55.478,7.221,0.8990,raw,1,1.96950,0,1.29154,13.16,303.15,307.07
2026-07-04_Mark-Liversedge_Wrist_01__swing_0004,523,3503633,3033,1.79564,330.67,532,0,3,impact,1.0000,0.9748,1,-0.2230,-0.9748,0.0000,1.57080,1.57080,0,-,-,-,0,-,-,-,recon,216.849,0,-,-,336.84,557.20,716.16,593.65,519.36,37.85,-2.67035,63.920,12.701,0.8990,raw,1,1.93263,0,1.23046,16.85,303.15,307.07
2026-07-04_Mark-Liversedge_Wrist_01__swing_0004,524,3510219,3158,1.57387,332.26,17,1,3,impact,1.0000,1.0000,1,-0.0031,-1.0000,0.0000,1.57080,1.57080,0,-,-,-,0,-,-,-,recon,215.985,0,-,-,325.72,548.59,728.65,589.19,513.95,34.64,-2.65290,58.657,10.522,0.8990,raw,1,1.89307,0,0.53233,14.03,303.15,307.07
2026-07-04_Mark-Liversedge_Wrist_01__swing_0004,525,3517056,3235,1.27017,339.34,532,0,3,impact,1.0000,0.9552,1,0.2961,-0.9552,0.0000,1.57080,1.57080,0,-,-,-,0,-,-,-,recon,214.909,0,-,-,313.86,537.87,742.03,582.78,506.18,31.69,2.07694,62.252,0.970,0.8990,raw,1,1.85083,0,1.15192,16.73,303.15,307.07
2026-07-04_Mark-Liversedge_Wrist_01__swing_0004,526,3523647,3284,1.03799,343.69,17,1,3,,1.0000,0.8614,1,0.5080,-0.8614,0.0000,1.57080,1.57080,0,-,-,-,0,-,-,-,recon,213.508,0,-,-,302.45,525.78,755.12,575.01,496.77,29.01,2.00713,78.028,15.769,0.8990,raw,0,-,0,-,-,303.15,307.07
2026-07-04_Mark-Liversedge_Wrist_01__swing_0004,527,3530372,3174,0.94015,341.20,17,1,3,,1.0000,0.8076,1,0.5897,-0.8076,0.0000,1.57080,1.57080,0,-,-,-,1,3.47321,0.23563,86.63,seg,198.000,0,-,-,291.15,512.12,768.12,565.76,485.57,26.56,1.91986,84.451,30.821,0.8990,raw,0,-,0,-,-,303.15,307.07
2026-07-04_Mark-Liversedge_Wrist_01__swing_0004,528,3537074,3095,0.79715,338.61,24,0,3,,1.0000,0.7154,1,0.6988,-0.7154,0.0000,1.57080,1.57080,0,-,-,-,1,3.42085,0.13448,53.59,seg,197.000,0,-,-,280.59,497.32,780.29,555.63,473.29,24.03,2.05949,79.734,22.670,0.8990,raw,0,-,0,-,-,303.15,307.07
2026-07-04_Mark-Liversedge_Wrist_01__swing_0004,529,3543717,3285,0.65215,335.84,24,0,3,,1.0000,0.6069,1,0.7948,-0.6069,0.0000,1.57080,1.57080,0,-,-,-,1,3.40339,0.22299,153.09,seg,195.000,0,-,-,271.10,481.70,791.05,544.88,460.26,21.44,1.97222,78.682,26.015,0.8990,raw,0,-,0,-,-,303.15,307.07
2026-07-04_Mark-Liversedge_Wrist_01__swing_0004,530,3550426,3113,0.53856,332.56,17,1,3,,1.0000,0.5129,1,0.8584,-0.5129,0.0000,1.57080,1.57080,0,-,-,-,1,3.33358,0.22299,193.45,seg,190.000,0,-,-,262.69,465.31,800.67,533.59,446.59,18.72,1.90241,83.214,32.379,0.8990,raw,0,-,0,-,-,303.15,307.07
2026-07-04_Mark-Liversedge_Wrist_01__swing_0004,531,3557114,3190,0.42413,328.53,24,0,3,,1.0000,0.4115,1,0.9114,-0.4115,0.0000,1.57080,1.57080,0,-,-,-,1,3.15905,0.12184,-49.81,seg,182.000,0,-,-,255.93,448.55,809.07,521.93,432.45,16.09,1.85005,69.109,20.949,0.8990,raw,0,-,0,-,-,303.15,307.07
2026-07-04_Mark-Liversedge_Wrist_01__swing_0004,532,3563873,3127,0.31342,323.44,24,0,3,,1.0000,0.3083,0,0.9513,-0.3083,0.0000,1.57080,1.57080,0,-,-,-,0,-,-,-,recon,195.356,0,-,-,250.77,431.52,816.51,509.63,417.55,13.97,1.93732,50.255,20.529,0.8990,mot,0,-,0,-,-,303.15,307.07
2026-07-04_Mark-Liversedge_Wrist_01__swing_0004,533,3570590,3046,0.21137,317.00,24,0,3,,1.0000,0.2098,0,0.9777,-0.2098,0.0000,1.57080,1.57080,0,-,-,-,1,3.08923,0.18471,53.86,seg,178.000,0,-,-,247.53,414.79,823.02,496.80,402.01,12.78,-2.89725,56.818,1.013,0.8469,raw,0,-,0,-,-,303.15,307.07
2026-07-04_Mark-Liversedge_Wrist_01__swing_0004,534,3577269,3037,0.11281,309.17,24,0,3,,1.0000,0.1126,0,0.9936,-0.1126,0.0000,1.57080,1.57080,0,-,-,-,1,3.10669,0.18089,49.40,seg,177.000,0,-,-,246.17,398.56,828.50,483.29,385.65,12.91,-3.08923,58.164,10.339,0.7753,raw,0,-,0,-,-,303.15,307.07
2026-07-04_Mark-Liversedge_Wrist_01__swing_0004,535,3584002,3061,0.00299,300.07,24,0,5,,0.9898,0.1422,0,0.9898,-0.0030,0.1422,3.12081,0.02078,0,-,-,-,0,-,-,-,ray,176.000,0,-,-,246.20,382.72,833.00,469.10,368.45,14.27,1.85005,47.722,21.627,0.8990,mot,0,-,0,-,-,303.15,307.07
2026-07-04_Mark-Liversedge_Wrist_01__swing_0004,536,3590618,3132,-0.19154,290.09,532,0,5,,0.9569,0.3427,0,0.9394,0.1822,0.2903,-2.58122,-0.56037,0,-,-,-,0,-,-,-,ray,175.000,0,-,-,247.28,367.87,836.41,454.80,351.13,16.74,3.05433,49.563,6.419,0.7818,raw,0,-,0,-,-,303.15,307.07
2026-07-04_Mark-Liversedge_Wrist_01__swing_0004,537,3597321,3227,-0.42418,279.28,17,1,5,,0.9212,0.5432,1,0.8396,0.3792,0.3890,-2.36897,-0.77263,0,-,-,-,0,-,-,-,ray,174.000,0,-,-,248.82,353.68,838.78,440.28,333.53,20.15,-0.08727,68.873,28.206,0.8599,raw,0,-,0,-,-,303.15,307.07
2026-07-04_Mark-Liversedge_Wrist_01__swing_0004,538,3604087,3082,-0.63555,267.84,17,1,5,,0.8835,0.7032,1,0.7110,0.5245,0.4684,-2.29978,-0.84181,0,-,-,-,0,-,-,-,ray,168.000,0,-,-,250.31,340.43,840.20,425.81,316.00,24.43,0.05236,72.400,35.052,0.8990,raw,0,-,0,-,-,303.15,307.07
2026-07-04_Mark-Liversedge_Wrist_01__swing_0004,539,3610799,3055,-0.80886,256.27,17,1,5,,0.8454,0.8121,1,0.5836,0.6116,0.5342,-2.28873,-0.85286,0,-,-,-,0,-,-,-,ray,155.000,0,-,-,251.23,328.54,840.48,411.82,299.05,29.49,0.06981,96.993,56.905,0.8990,raw,0,-,0,-,-,303.15,307.07
2026-07-04_Mark-Liversedge_Wrist_01__swing_0004,540,3617467,3107,-0.94773,245.04,17,1,5,,0.8083,0.8818,1,0.4717,0.6564,0.5887,-2.30189,-0.83970,0,-,-,-,0,-,-,-,ray,154.000,0,-,-,251.32,317.82,839.71,398.37,282.75,35.07,0.17453,79.243,24.211,0.8990,raw,0,-,0,-,-,303.15,307.07
2026-07-04_Mark-Liversedge_Wrist_01__swing_0004,541,3624114,3378,-1.06588,234.52,17,1,5,,0.7736,0.9273,1,0.3742,0.6771,0.6337,-2.32311,-0.81849,0,-,-,-,0,-,-,-,pred,154.000,0,-,-,250.25,308.21,838.01,385.44,267.08,41.12,-0.12217,87.496,1.118,0.8990,raw,0,-,0,-,-,303.15,307.07
2026-07-04_Mark-Liversedge_Wrist_01__swing_0004,542,3630814,3179,-1.18836,224.50,17,1,5,,0.7406,0.9611,1,0.2764,0.6871,0.6720,-2.34508,-0.79651,0,-,-,-,0,-,-,-,pred,148.000,0,-,-,247.96,299.32,835.50,372.96,251.96,47.36,-0.03491,92.773,15.587,0.8990,raw,0,-,0,-,-,303.15,307.07
2026-07-04_Mark-Liversedge_Wrist_01__swing_0004,543,3637631,3006,-1.30442,215.29,17,1,5,,0.7102,0.9824,1,0.1869,0.6851,0.7040,-2.36978,-0.77182,0,-,-,-,0,-,-,-,pred,138.000,0,-,0.15510,244.40,290.87,832.35,360.79,237.23,53.64,-0.05236,70.103,10.081,0.8990,raw,0,-,0,-,-,303.15,307.07
2026-07-04_Mark-Liversedge_Wrist_01__swing_0004,544,3644297,3379,-1.38928,208.05,17,1,5,,0.6863,0.9923,1,0.1239,0.6750,0.7273,-2.39347,-0.74812,0,-,-,-,0,-,-,-,pred,138.000,0,-,-,239.64,283.02,828.73,349.51,223.55,59.47,0.00000,78.832,16.427,0.8990,raw,0,-,0,-,-,303.15,307.07
2026-07-04_Mark-Liversedge_Wrist_01__swing_0004,545,3650903,-3227,-1.48290,202.44,17,1,5,,0.6678,0.9983,1,0.0586,0.6652,0.7443,-2.41227,-0.72933,0,-,-,-,0,-,-,-,pred,138.000,0,-,-,233.94,275.51,824.70,338.92,210.73,64.78,0.03491,67.429,9.026,0.8990,raw,0,-,0,-,-,303.15,307.07
2026-07-04_Mark-Liversedge_Wrist_01__swing_0004,546,3657625,3315,-1.58904,198.62,17,1,5,,0.6552,0.9999,1,-0.0119,0.6551,0.7555,-2.42726,-0.71433,0,-,-,-,0,-,-,-,ray,137.000,0,-,0.15747,227.18,268.16,820.21,328.75,198.40,69.76,0.10472,73.386,7.627,0.1500,raw,0,-,0,-,-,303.15,307.07
2026-07-04_Mark-Liversedge_Wrist_01__swing_0004,547,3664419,3009,-1.69676,196.90,1,1,5,,0.6495,0.9967,1,-0.0816,0.6444,0.7604,-2.43858,-0.70301,0,-,-,-,0,-,-,-,ray,135.000,0,-,-,219.66,261.10,815.37,319.07,186.68,74.42,0.12217,59.831,2.991,0.1500,raw,0,-,0,-,-,303.15,307.07
2026-07-04_Mark-Liversedge_Wrist_01__swing_0004,548,3671054,3059,-1.79266,197.12,17,1,5,,0.6503,0.9897,1,-0.1431,0.6343,0.7597,-2.44591,-0.69568,0,-,-,-,0,-,-,-,pred,124.000,0,-,0.20072,211.98,254.61,810.53,310.08,175.78,78.83,2.19911,41.167,2.833,0.8664,raw,0,-,0,-,-,303.15,307.07
2026-07-04_Mark-Liversedge_Wrist_01__swing_0004,549,3677830,2986,-1.87131,198.87,17,1,5,,0.6560,0.9810,1,-0.1942,0.6266,0.7547,-2.44867,-0.69292,0,-,-,-,0,-,-,-,ray,123.000,0,-,0.18276,204.15,248.55,805.55,301.31,165.16,83.39,2.14675,49.164,13.564,0.8730,raw,0,-,0,-,-,303.15,307.07
2026-07-04_Mark-Liversedge_Wrist_01__swing_0004,550,3684434,3106,-1.94936,201.67,17,1,5,,0.6652,0.9693,1,-0.2459,0.6181,0.7466,-2.45006,-0.69153,0,-,-,-,0,-,-,-,ray,122.000,0,-,0.17679,196.84,243.12,800.66,293.09,155.20,87.93,2.07694,53.659,19.017,0.7101,raw,0,-,0,-,-,303.15,307.07
2026-07-04_Mark-Liversedge_Wrist_01__swing_0004,551,3691140,3239,-2.03561,205.24,17,1,5,,0.6770,0.9528,1,-0.3035,0.6052,0.7360,-2.45340,-0.68819,0,-,-,-,0,-,-,-,ray,116.000,0,-,0.20072,190.07,238.10,795.61,285.05,145.46,92.64,1.98968,49.422,3.368,0.1500,raw,0,-,0,-,-,303.15,307.07
2026-07-04_Mark-Liversedge_Wrist_01__swing_0004,552,3697819,3140,-2.12256,209.32,17,1,5,,0.6905,0.9322,1,-0.3619,0.5880,0.7233,-2.45902,-0.68257,0,-,-,-,0,-,-,-,ray,116.000,0,-,0.20072,184.23,233.48,790.29,277.49,136.30,97.17,1.95477,53.814,10.277,0.7622,raw,0,-,0,-,-,303.15,307.07
2026-07-04_Mark-Liversedge_Wrist_01__swing_0004,553,3704736,2897,-2.17409,213.82,17,1,5,,0.7053,0.9164,1,-0.4002,0.5808,0.7089,-2.45516,-0.68643,0,-,-,-,0,-,-,-,ray,115.000,0,-,0.20282,179.27,228.96,784.39,270.22,127.49,101.48,1.91986,44.638,3.721,0.8990,raw,0,-,0,-,-,303.15,307.07
2026-07-04_Mark-Liversedge_Wrist_01__swing_0004,554,3711301,3031,-2.20077,217.95,17,1,5,,0.7190,0.9059,1,-0.4236,0.5810,0.6950,-2.44537,-0.69622,0,-,-,-,0,-,-,-,ray,114.000,0,-,0.21041,175.88,224.88,778.38,263.92,119.85,105.03,1.88496,61.487,30.851,0.8078,raw,0,-,0,-,-,303.15,307.07
2026-07-04_Mark-Liversedge_Wrist_01__swing_0004,555,3717956,3103,-2.23537,221.74,17,1,6,,0.7315,0.8925,1,-0.4511,0.5758,0.6819,-2.44036,-0.70123,0,-,-,-,0,-,-,-,ray,112.000,0,-,0.19631,173.67,220.89,771.94,258.21,112.93,107.95,1.86750,67.131,31.087,0.8013,raw,0,-,0,-,-,303.15,307.07
2026-07-04_Mark-Liversedge_Wrist_01__swing_0004,556,3724557,3209,-2.26968,224.88,17,1,6,,0.7418,0.8788,1,-0.4772,0.5679,0.6706,-2.43895,-0.70264,0,-,-,-,1,1.91114,0.22299,224.85,seg,109.000,0,-,0.20607,172.72,217.06,765.37,253.09,106.73,110.33,1.85005,90.951,43.413,0.8730,raw,0,-,0,-,-,303.15,307.07
2026-07-04_Mark-Liversedge_Wrist_01__swing_0004,557,3731475,3118,-2.31483,227.32,17,1,6,,0.7499,0.8614,1,-0.5078,0.5517,0.6616,-2.44652,-0.69507,0,-,-,-,1,1.87623,0.28674,230.12,seg,108.000,0,-,0.20072,172.89,213.17,758.49,248.57,101.26,111.91,1.83260,80.306,35.144,0.8990,raw,0,-,0,-,-,303.15,307.07
2026-07-04_Mark-Liversedge_Wrist_01__swing_0004,558,3738135,3056,-2.35748,228.79,17,1,6,,0.7547,0.8453,1,-0.5343,0.5330,0.6561,-2.45934,-0.68225,0,-,-,-,1,1.85005,0.28674,230.12,seg,107.000,0,-,0.21150,173.83,209.47,751.80,244.46,96.27,113.20,1.83260,72.143,28.921,0.8990,raw,0,-,0,-,-,303.15,307.07
2026-07-04_Mark-Liversedge_Wrist_01__swing_0004,559,3744753,3168,-2.39212,229.34,17,1,6,,0.7565,0.8326,1,-0.5538,0.5154,0.6540,-2.47415,-0.66744,0,-,-,-,1,1.83260,0.29630,231.25,seg,105.000,0,-,0.14483,175.33,205.80,745.22,240.46,91.43,114.37,1.83260,79.245,43.766,0.8990,raw,0,-,0,-,-,303.15,307.07
2026-07-04_Mark-Liversedge_Wrist_01__swing_0004,560,3751400,3132,-2.43611,228.99,17,1,6,,0.7554,0.8181,1,-0.5751,0.4898,0.6553,-2.49972,-0.64187,0,-,-,-,1,1.78896,0.32139,230.77,seg,103.000,0,-,0.21954,177.01,202.12,738.90,236.61,86.77,115.36,1.83260,72.290,38.408,0.8990,raw,0,-,0,-,-,303.15,307.07
2026-07-04_Mark-Liversedge_Wrist_01__swing_0004,561,3758117,3340,-2.48802,227.79,17,1,6,,0.7514,0.8026,1,-0.5966,0.4569,0.6598,-2.53597,-0.60562,0,-,-,-,1,1.74533,0.34253,89.50,seg,101.000,0,-,0.20072,178.32,198.51,732.86,232.84,82.20,116.31,1.98968,50.467,1.664,0.8990,raw,0,-,0,-,-,303.15,307.07
2026-07-04_Mark-Liversedge_Wrist_01__swing_0004,562,3764803,-3346,-2.54814,225.77,17,1,6,,0.7447,0.7866,1,-0.6174,0.4165,0.6674,-2.58367,-0.55793,0,-,-,-,0,-,-,-,pred,92.000,0,-,0.20072,179.64,194.91,726.96,229.03,77.58,117.32,2.40855,49.110,1.032,0.4040,raw,0,-,0,-,-,303.15,307.07
2026-07-04_Mark-Liversedge_Wrist_01__swing_0004,563,3771582,3043,-2.58309,222.77,1,1,6,,0.7348,0.7821,1,-0.6232,0.3894,0.6782,-2.62040,-0.52120,0,-,-,-,0,-,-,-,pred,84.000,0,-,-,180.68,191.35,721.39,225.43,73.23,118.12,2.04204,47.208,0.685,0.8990,raw,0,-,0,-,-,303.15,307.07
2026-07-04_Mark-Liversedge_Wrist_01__swing_0005,364,2444424,3294,1.72788,345.95,17,1,0,address,1.0000,0.9877,1,-0.1564,-0.9877,0.0000,1.57080,1.57080,0,-,-,-,0,-,-,-,pred,210.000,0,-,-,275.60,530.34,705.86,615.47,550.40,20.06,-2.46091,54.457,7.307,0.8945,raw,1,1.77108,1,1.04720,38.49,309.12,311.62
2026-07-04_Mark-Liversedge_Wrist_01__swing_0005,365,2451020,3196,1.72788,346.19,17,1,0,address,1.0000,0.9877,1,-0.1564,-0.9877,0.0000,1.57080,1.57080,0,-,-,-,0,-,-,-,pred,210.000,0,-,-,275.88,530.83,705.97,615.71,550.69,19.86,-2.46091,53.543,11.663,0.8945,raw,1,1.77215,1,1.04720,38.04,309.12,311.62
2026-07-04_Mark-Liversedge_Wrist_01__swing_0005,366,2457670,3340,1.72788,346.46,17,1,0,address,1.0000,0.9877,1,-0.1564,-0.9877,0.0000,1.57080,1.57080,0,-,-,-,0,-,-,-,pred,210.000,0,-,-,276.22,531.39,706.16,615.69,550.66,19.27,-2.46091,52.926,10.447,0.8945,raw,1,1.77342,1,1.09956,39.31,309.12,311.62
2026-07-04_Mark-Liversedge_Wrist_01__swing_0005,367,2464432,3181,1.72788,346.75,17,1,0,address,1.0000,0.9877,1,-0.1564,-0.9877,0.0000,1.57080,1.57080,0,-,-,-,0,-,-,-,pred,210.000,0,-,-,276.55,531.92,706.42,615.39,550.30,18.38,-2.46091,56.735,13.451,0.8945,raw,1,1.77468,1,1.09956,39.57,309.12,311.62
2026-07-04_Mark-Liversedge_Wrist_01__swing_0005,368,2471193,3078,1.73726,347.03,1,1,0,address,1.0000,0.9862,1,-0.1657,-0.9862,0.0000,1.57080,1.57080,0,-,-,-,0,-,-,-,pred,210.000,0,-,-,276.79,532.26,706.77,614.69,549.45,17.19,-2.46091,52.939,7.779,0.8945,raw,0,-,0,-,-,309.12,311.62
2026-07-04_Mark-Liversedge_Wrist_01__swing_0005,369,2477906,3102,1.74533,347.29,20,0,0,address,1.0000,0.9848,1,-0.1736,-0.9848,0.0000,1.57080,1.57080,0,-,-,-,0,-,-,-,pred,210.000,0,-,-,276.92,532.34,707.28,613.37,547.85,15.51,-2.46091,51.883,8.699,0.8945,raw,0,-,0,-,-,309.12,311.62
2026-07-04_Mark-Liversedge_Wrist_01__swing_0005,370,2484521,3163,1.74533,347.53,20,0,0,address,1.0000,0.9848,1,-0.1736,-0.9848,0.0000,1.57080,1.57080,0,-,-,-,0,-,-,-,pred,210.000,0,-,-,276.97,532.23,707.81,611.92,546.09,13.86,-2.46091,52.209,12.650,0.8945,raw,0,-,0,-,-,309.12,311.62
2026-07-04_Mark-Liversedge_Wrist_01__swing_0005,371,2491244,3231,1.74533,347.76,20,0,0,address,1.0000,0.9848,1,-0.1736,-0.9848,0.0000,1.57080,1.57080,0,-,-,-,0,-,-,-,pred,210.000,0,-,-,277.00,532.10,708.14,610.98,544.95,12.85,-2.46091,50.861,10.749,0.8945,raw,0,-,0,-,-,309.12,311.62
2026-07-04_Mark-Liversedge_Wrist_01__swing_0005,372,2497879,3203,1.74533,347.96,20,0,0,address,1.0000,0.9848,1,-0.1736,-0.9848,0.0000,1.57080,1.57080,0,-,-,-,0,-,-,-,pred,210.000,0,-,-,277.04,532.11,708.08,611.17,545.18,13.07,-2.46091,53.504,12.886,0.8945,raw,0,-,0,-,-,309.12,311.62
2026-07-04_Mark-Liversedge_Wrist_01__swing_0005,373,2504678,3126,1.74533,348.15,20,0,0,address,1.0000,0.9848,1,-0.1736,-0.9848,0.0000,1.57080,1.57080,0,-,-,-,0,-,-,-,pred,210.000,0,-,-,277.11,532.38,707.61,612.54,546.85,14.47,-2.46091,52.493,9.302,0.8945,raw,0,-,0,-,-,309.12,311.62
2026-07-04_Mark-Liversedge_Wrist_01__swing_0005,374,2511328,3171,1.75452,348.31,20,0,0,address,1.0000,0.9832,1,-0.1827,-0.9832,0.0000,1.57080,1.57080,0,-,-,-,0,-,-,-,pred,210.000,0,-,-,277.18,532.76,706.96,614.38,549.07,16.31,-2.46091,53.137,12.222,0.8945,raw,0,-,0,-,-,309.12,311.62
2026-07-04_Mark-Liversedge_Wrist_01__swing_0005,375,2517988,3131,1.76278,348.47,20,0,0,address,1.0000,0.9816,1,-0.1908,-0.9816,0.0000,1.57080,1.57080,0,-,-,-,0,-,-,-,pred,210.000,0,-,-,277.25,533.14,706.29,616.03,551.08,17.94,-2.46091,51.963,7.922,0.8945,raw,0,-,0,-,-,309.12,311.62
2026-07-04_Mark-Liversedge_Wrist_01__swing_0005,376,2524746,3099,1.76278,348.62,20,0,0,address,1.0000,0.9816,1,-0.1908,-0.9816,0.0000,1.57080,1.57080,0,-,-,-,0,-,-,-,pred,210.000,0,-,-,277.35,533.40,705.74,617.06,552.33,18.93,-2.46091,51.666,11.951,0.8945,raw,0,-,0,-,-,309.12,311.62
2026-07-04_Mark-Liversedge_Wrist_01__swing_0005,377,2531410,3181,1.76278,348.76,17,1,0,address,1.0000,0.9816,1,-0.1908,-0.9816,0.0000,1.57080,1.57080,0,-,-,-,0,-,-,-,pred,210.000,0,-,0.14140,277.44,533.50,705.23,617.74,553.15,19.65,-2.46091,56.132,16.367,0.8945,raw,0,-,0,-,-,309.12,311.62
2026-07-04_Mark-Liversedge_Wrist_01__swing_0005,378,2538081,3192,1.76278,348.90,17,1,0,address,1.0000,0.9816,1,-0.1908,-0.9816,0.0000,1.57080,1.57080,0,-,-,-,0,-,-,-,pred,210.000,0,-,0.13758,277.55,533.50,704.74,618.13,553.62,20.12,-2.46091,52.969,9.808,0.8945,raw,0,-,0,-,-,309.12,311.62
2026-07-04_Mark-Liversedge_Wrist_01__swing_0005,379,2544828,3175,1.77200,349.05,20,0,0,address,1.0000,0.9798,1,-0.1999,-0.9798,0.0000,1.57080,1.57080,0,-,-,-,0,-,-,-,pred,210.000,0,-,-,277.68,533.42,704.25,618.21,553.72,20.30,-2.46091,52.104,9.352,0.8945,raw,0,-,0,-,-,309.12,311.62
2026-07-04_Mark-Liversedge_Wrist_01__swing_0005,380,2551478,3175,1.78024,349.18,20,0,0,address,1.0000,0.9781,1,-0.2079,-0.9781,0.0000,1.57080,1.57080,0,-,-,-,0,-,-,-,pred,210.000,0,-,-,277.86,533.26,703.81,617.78,553.19,19.94,-2.46091,51.315,3.634,0.8945,raw,0,-,0,-,-,309.12,311.62
2026-07-04_Mark-Liversedge_Wrist_01__swing_0005,381,2558150,3268,1.78926,349.29,20,0,0,address,1.0000,0.9762,1,-0.2167,-0.9762,0.0000,1.57080,1.57080,0,-,-,-,0,-,-,-,pred,210.000,0,-,-,278.10,532.87,703.48,616.60,551.77,18.90,-2.47837,53.130,6.233,0.8945,raw,0,-,0,-,-,309.12,311.62
2026-07-04_Mark-Liversedge_Wrist_01__swing_0005,382,2564895,3164,1.80226,349.35,17,1,0,address,1.0000,0.9733,1,-0.2294,-0.9733,0.0000,1.57080,1.57080,0,-,-,-,0,-,-,-,pred,210.000,0,-,-,278.37,532.32,703.14,615.19,550.05,17.73,-2.47837,60.693,15.711,0.8945,raw,0,-,0,-,-,309.12,311.62
2026-07-04_Mark-Liversedge_Wrist_01__swing_0005,383,2571682,3125,1.81110,349.30,17,1,0,address,1.0000,0.9713,1,-0.2380,-0.9713,0.0000,1.57080,1.57080,0,-,-,-,0,-,-,-,pred,210.000,0,-,0.20499,278.70,531.87,702.55,614.34,549.02,17.15,-2.47837,57.852,10.211,0.8945,raw,0,-,0,-,-,309.12,311.62
2026-07-04_Mark-Liversedge_Wrist_01__swing_0005,384,2578291,3265,1.82415,349.10,20,0,0,address,1.0000,0.9681,1,-0.2507,-0.9681,0.0000,1.57080,1.57080,0,-,-,-,0,-,-,-,pred,210.000,0,-,-,279.10,531.81,701.66,614.63,549.37,17.56,-2.49582,50.909,5.059,0.8945,raw,0,-,0,-,-,309.12,311.62
2026-07-04_Mark-Liversedge_Wrist_01__swing_0005,385,2584985,3156,1.89621,348.68,17,1,0,address,1.0000,0.9475,1,-0.3197,-0.9475,0.0000,1.57080,1.57080,0,-,-,-,0,-,-,-,ray,210.000,0,-,0.20000,279.64,532.30,700.50,616.17,551.24,18.94,-2.47837,56.479,8.328,0.8945,raw,0,-,0,-,-,309.12,311.62
2026-07-04_Mark-Liversedge_Wrist_01__swing_0005,386,2591680,3154,1.93170,347.97,17,1,0,address,1.0000,0.9356,1,-0.3531,-0.9356,0.0000,1.57080,1.57080,0,-,-,-,0,-,-,-,ray,210.000,0,-,0.36815,280.29,533.20,699.09,618.15,553.65,20.44,-2.47837,50.289,6.958,0.8945,raw,0,-,0,-,-,309.12,311.62
2026-07-04_Mark-Liversedge_Wrist_01__swing_0005,387,2598455,3099,1.92054,346.87,17,1,0,address,1.0000,0.9395,1,-0.3427,-0.9395,0.0000,1.57080,1.57080,0,-,-,-,0,-,-,-,ray,210.000,0,-,0.32611,280.93,534.19,697.38,619.88,555.75,21.56,-2.47837,58.630,16.051,0.8945,raw,0,-,0,-,-,309.12,311.62
2026-07-04_Mark-Liversedge_Wrist_01__swing_0005,388,2605220,2998,1.89498,345.33,17,1,0,address,1.0000,0.9479,1,-0.3185,-0.9479,0.0000,1.57080,1.57080,0,-,-,-,0,-,-,-,ray,210.000,0,-,0.32611,281.41,534.94,695.31,620.83,556.89,21.95,-2.47837,59.232,14.446,0.8945,raw,0,-,0,-,-,309.12,311.62
2026-07-04_Mark-Liversedge_Wrist_01__swing_0005,389,2611760,3209,1.92702,343.42,17,1,0,address,1.0000,0.9372,1,-0.3487,-0.9372,0.0000,1.57080,1.57080,0,-,-,-,0,-,-,-,ray,210.000,0,-,0.37197,281.69,535.44,693.03,621.78,558.04,22.60,-2.47837,51.019,10.127,0.8945,raw,0,-,0,-,-,309.12,311.62
2026-07-04_Mark-Liversedge_Wrist_01__swing_0005,390,2618472,3169,1.96262,341.05,1,1,0,address,1.0000,0.9242,1,-0.3819,-0.9242,0.0000,1.57080,1.57080,0,-,-,-,0,-,-,-,ray,210.000,0,-,-,281.86,535.85,690.39,622.14,558.48,22.63,-2.47837,53.159,10.540,0.8945,raw,0,-,0,-,-,309.12,311.62
2026-07-04_Mark-Liversedge_Wrist_01__swing_0005,391,2625139,3190,1.94148,338.42,17,1,0,,1.0000,0.9321,1,-0.3623,-0.9321,0.0000,1.57080,1.57080,0,-,-,-,0,-,-,-,ray,210.000,0,-,0.20499,281.92,536.05,687.49,620.85,556.92,20.87,-2.40855,52.166,3.688,0.8945,raw,0,-,0,-,-,309.12,311.62
2026-07-04_Mark-Liversedge_Wrist_01__swing_0005,392,2631895,3162,1.95119,335.77,17,1,0,,1.0000,0.9285,1,-0.3713,-0.9285,0.0000,1.57080,1.57080,0,-,-,-,0,-,-,-,ray,210.000,0,-,0.21911,281.88,535.99,684.29,617.18,552.47,16.48,-2.47837,61.509,15.216,0.8945,raw,0,-,0,-,-,309.12,311.62
2026-07-04_Mark-Liversedge_Wrist_01__swing_0005,393,2638718,3066,1.95875,333.49,20,0,0,,1.0000,0.9257,1,-0.3783,-0.9257,0.0000,1.57080,1.57080,0,-,-,-,0,-,-,-,ray,210.000,0,-,-,281.70,535.52,680.73,610.86,544.80,9.29,-2.47837,62.773,22.387,0.8945,raw,0,-,0,-,-,309.12,311.62
2026-07-04_Mark-Liversedge_Wrist_01__swing_0005,394,2645362,3052,1.99244,332.03,20,0,0,,1.0000,0.9124,1,-0.4093,-0.9124,0.0000,1.57080,1.57080,0,-,-,-,0,-,-,-,ray,210.000,0,-,-,281.40,534.73,677.01,603.22,535.54,0.81,-2.40855,56.272,6.030,0.8945,raw,0,-,0,-,-,309.12,311.62
2026-07-04_Mark-Liversedge_Wrist_01__swing_0005,395,2652077,3064,2.02458,331.55,20,0,0,,1.0000,0.8988,1,-0.4384,-0.8988,0.0000,1.57080,1.57080,0,-,-,-,0,-,-,-,ray,210.000,0,-,-,281.06,533.86,673.00,594.63,525.12,8.74,-2.49582,58.523,4.021,0.8945,raw,0,-,0,-,-,309.12,311.62
2026-07-04_Mark-Liversedge_Wrist_01__swing_0005,396,2658656,3134,2.01074,332.03,17,1,0,,1.0000,0.9048,1,-0.4259,-0.9048,0.0000,1.57080,1.57080,0,-,-,-,0,-,-,-,ray,209.000,0,-,0.17787,280.81,533.20,668.81,585.73,514.33,18.87,1.16937,62.279,3.555,0.8945,raw,0,-,0,-,-,309.12,311.62
2026-07-04_Mark-Liversedge_Wrist_01__swing_0005,397,2665362,3216,1.95707,333.28,17,1,0,,1.0000,0.9263,1,-0.3767,-0.9263,0.0000,1.57080,1.57080,0,-,-,-,0,-,-,-,ray,209.000,0,-,0.19540,280.67,532.78,664.27,575.56,502.00,30.78,1.16937,65.864,7.684,0.8945,raw,0,-,0,-,-,309.12,311.62
2026-07-04_Mark-Liversedge_Wrist_01__swing_0005,398,2672042,3183,2.07903,334.91,1,1,1,,1.0000,0.8736,1,-0.4866,-0.8736,0.0000,1.57080,1.57080,0,-,-,-,0,-,-,-,ray,213.000,0,-,-,280.60,532.51,659.50,564.79,488.94,43.57,1.18682,67.306,0.232,0.8945,raw,0,-,0,-,-,309.12,311.62
2026-07-04_Mark-Liversedge_Wrist_01__swing_0005,399,2678776,3207,2.23905,336.61,17,1,1,,1.0000,0.7849,1,-0.6196,-0.7849,0.0000,1.57080,1.57080,0,-,-,-,0,-,-,-,ray,220.000,0,-,0.30690,280.50,532.24,654.56,554.26,476.16,56.07,1.18682,72.173,3.717,0.8945,raw,0,-,0,-,-,309.12,311.62
2026-07-04_Mark-Liversedge_Wrist_01__swing_0005,400,2685513,3093,2.27008,338.08,17,1,1,,1.0000,0.7653,1,-0.6437,-0.7653,0.0000,1.57080,1.57080,0,-,-,-,0,-,-,-,ray,220.000,0,-,0.30805,280.28,531.84,649.56,544.54,464.37,67.46,1.20428,82.551,11.616,0.8945,raw,0,-,0,-,-,309.12,311.62
2026-07-04_Mark-Liversedge_Wrist_01__swing_0005,401,2692238,3089,2.30996,339.12,17,1,1,,1.0000,0.7390,1,-0.6737,-0.7390,0.0000,1.57080,1.57080,0,-,-,-,1,3.84845,0.23861,121.33,seg,220.000,0,-,0.31034,279.91,531.22,644.47,535.06,452.88,78.34,1.20428,84.088,15.215,0.8945,raw,0,-,0,-,-,309.12,311.62
2026-07-04_Mark-Liversedge_Wrist_01__swing_0005,402,2698840,3224,2.35277,339.58,17,1,1,,1.0000,0.7095,1,-0.7047,-0.7095,0.0000,1.57080,1.57080,0,-,-,-,0,-,-,-,ray,220.000,0,-,0.31034,279.46,530.50,639.36,526.24,442.18,88.32,1.22173,71.446,35.001,0.8945,mot,0,-,0,-,-,309.12,311.62
2026-07-04_Mark-Liversedge_Wrist_01__swing_0005,403,2705563,3291,2.38714,339.43,17,1,1,,1.0000,0.6849,1,-0.7286,-0.6849,0.0000,1.57080,1.57080,0,-,-,-,1,3.83972,0.18655,104.95,seg,220.000,0,-,0.30920,278.91,529.74,634.01,518.47,432.76,96.97,-2.44346,69.675,5.104,0.8945,raw,0,-,0,-,-,309.12,311.62
2026-07-04_Mark-Liversedge_Wrist_01__swing_0005,404,2712190,3202,2.42209,338.65,17,1,1,,1.0000,0.6590,1,-0.7521,-0.6590,0.0000,1.57080,1.57080,0,-,-,-,0,-,-,-,ray,220.000,0,-,0.31149,278.27,529.06,628.61,512.27,425.24,103.82,1.22173,73.203,3.343,0.8945,raw,0,-,0,-,-,309.12,311.62
2026-07-04_Mark-Liversedge_Wrist_01__swing_0005,405,2718959,3210,2.46183,337.27,17,1,1,,1.0000,0.6286,1,-0.7777,-0.6286,0.0000,1.57080,1.57080,0,-,-,-,1,3.82227,0.30805,128.06,seg,220.000,0,-,0.20000,277.53,528.46,623.04,506.97,418.81,109.65,1.22173,77.533,8.507,0.8945,raw,0,-,0,-,-,309.12,311.62
2026-07-04_Mark-Liversedge_Wrist_01__swing_0005,406,2725711,3183,2.50135,335.45,17,1,1,,1.0000,0.5974,1,-0.8020,-0.5974,0.0000,1.57080,1.57080,0,-,-,-,1,3.82227,0.22885,110.09,seg,220.000,0,-,0.30920,276.69,527.92,617.30,503.14,414.18,113.74,-1.91986,71.099,5.218,0.7661,raw,0,-,0,-,-,309.12,311.62
2026-07-04_Mark-Liversedge_Wrist_01__swing_0005,407,2732382,3197,2.54021,333.27,17,1,1,,1.0000,0.5658,1,-0.8246,-0.5658,0.0000,1.57080,1.57080,0,-,-,-,1,3.83972,0.18221,86.70,seg,220.000,0,-,0.30690,275.79,527.41,611.31,501.16,411.78,115.64,-1.91986,69.080,1.309,0.7854,raw,0,-,0,-,-,309.12,311.62
2026-07-04_Mark-Liversedge_Wrist_01__swing_0005,408,2739024,3168,2.57964,330.75,17,1,1,,1.0000,0.5328,1,-0.8462,-0.5328,0.0000,1.57080,1.57080,0,-,-,-,1,3.83972,0.18113,86.14,seg,220.000,0,-,0.30345,274.87,526.92,604.76,501.76,412.50,114.42,-2.44346,66.801,1.765,0.8945,raw,0,-,0,-,-,309.12,311.62
2026-07-04_Mark-Liversedge_Wrist_01__swing_0005,409,2745712,3230,2.62785,327.85,17,1,1,,1.0000,0.4914,1,-0.8709,-0.4914,0.0000,1.57080,1.57080,0,-,-,-,1,3.83100,0.18113,80.62,seg,220.000,0,-,0.13218,273.95,526.63,597.45,504.96,416.38,110.25,1.34390,85.300,25.860,0.8945,mot,0,-,0,-,-,309.12,311.62
2026-07-04_Mark-Liversedge_Wrist_01__swing_0005,410,2752497,3132,2.67610,324.59,17,1,1,,1.0000,0.4489,1,-0.8936,-0.4489,0.0000,1.57080,1.57080,0,-,-,-,1,3.83972,0.22668,91.77,seg,220.000,0,-,0.20499,272.98,526.45,589.76,509.99,422.48,103.98,1.36136,132.382,58.595,0.8945,raw,0,-,0,-,-,309.12,311.62
2026-07-04_Mark-Liversedge_Wrist_01__swing_0005,411,2759083,3416,2.72286,321.22,17,1,1,,1.0000,0.4066,1,-0.9136,-0.4066,0.0000,1.57080,1.57080,0,-,-,-,1,3.83972,0.25632,90.27,seg,220.000,0,-,0.17011,271.97,526.07,582.65,515.65,429.34,96.73,1.39626,89.054,5.854,0.8945,raw,0,-,0,-,-,309.12,311.62
2026-07-04_Mark-Liversedge_Wrist_01__swing_0005,412,2765829,3223,2.77107,317.62,17,1,1,,1.0000,0.3621,1,-0.9321,-0.3621,0.0000,1.57080,1.57080,0,-,-,-,1,3.82227,0.20230,14.50,seg,220.000,0,-,0.16782,270.78,525.11,576.07,521.55,436.50,88.61,-2.09439,80.921,30.201,0.8945,raw,0,-,0,-,-,309.12,311.62
2026-07-04_Mark-Liversedge_Wrist_01__swing_0005,413,2772583,3124,2.81568,313.92,1,1,1,,1.0000,0.3202,0,-0.9474,-0.3202,0.0000,1.57080,1.57080,0,-,-,-,1,3.82227,0.22069,66.72,seg,220.000,0,-,-,269.42,523.49,569.95,528.44,444.86,78.63,-1.98968,86.288,15.030,0.8496,raw,0,-,0,-,-,309.12,311.62
2026-07-04_Mark-Liversedge_Wrist_01__swing_0005,414,2779255,3194,2.88668,310.33,17,1,1,,1.0000,0.2522,0,-0.9677,-0.2522,0.0000,1.57080,1.57080,0,-,-,-,1,3.82227,0.19848,13.74,seg,220.000,0,-,-,267.94,521.36,564.36,535.65,453.60,67.76,-1.98968,83.219,18.861,0.8560,raw,0,-,0,-,-,309.12,311.62
2026-07-04_Mark-Liversedge_Wrist_01__swing_0005,415,2786149,2950,2.93701,306.64,17,1,1,,0.9920,0.2378,0,-0.9713,-0.2015,0.1263,2.13063,1.01096,0,-,-,-,0,-,-,-,ray,220.000,0,-,0.12414,266.31,518.80,559.21,542.63,462.06,56.74,-2.04204,87.182,30.748,0.8817,raw,0,-,0,-,-,309.12,311.62
2026-07-04_Mark-Liversedge_Wrist_01__swing_0005,416,2792715,3056,2.99763,303.15,17,1,1,,0.9807,0.2409,0,-0.9706,-0.1407,0.1955,2.51791,0.62369,0,-,-,-,1,3.83100,0.23448,64.85,seg,220.000,0,-,0.11605,264.70,516.13,555.18,548.07,468.66,47.47,-2.04204,87.859,28.391,0.8817,raw,0,-,0,-,-,309.12,311.62
2026-07-04_Mark-Liversedge_Wrist_01__swing_0005,417,2799390,3172,3.07815,299.69,17,1,1,,0.9695,0.2526,0,-0.9676,-0.0615,0.2450,2.89583,0.24576,0,-,-,-,0,-,-,-,ray,225.000,0,-,0.15057,263.10,513.14,551.90,553.00,474.63,38.51,-2.07694,83.102,22.210,0.8817,raw,0,-,0,-,-,309.12,311.62
2026-07-04_Mark-Liversedge_Wrist_01__swing_0005,418,2806063,3093,3.13449,296.28,17,1,1,,0.9585,0.2852,0,-0.9585,-0.0068,0.2852,3.11771,0.02388,0,-,-,-,0,-,-,-,ray,228.000,0,-,0.14828,261.47,509.87,549.21,557.28,479.83,30.04,-2.04204,68.228,7.852,0.8945,raw,0,-,0,-,-,309.12,311.62
2026-07-04_Mark-Liversedge_Wrist_01__swing_0005,419,2812727,3327,3.18615,292.97,17,1,1,,0.9478,0.3217,0,-0.9468,0.0422,0.3189,-3.00999,-0.13160,0,-,-,-,1,3.99680,0.25862,-52.00,seg,228.000,0,-,0.13557,259.67,506.37,546.72,560.76,484.05,22.32,-2.05949,65.281,7.066,0.8303,raw,0,-,0,-,-,309.12,311.62
2026-07-04_Mark-Liversedge_Wrist_01__swing_0005,420,2819471,3074,3.24356,289.62,17,1,1,,0.9369,0.3623,1,-0.9321,0.0954,0.3495,-2.87523,-0.26636,0,-,-,-,0,-,-,-,ray,228.000,0,-,0.13557,257.53,502.73,544.15,563.44,487.29,15.43,-2.07694,72.381,17.050,0.7726,raw,0,-,0,-,-,309.12,311.62
2026-07-04_Mark-Liversedge_Wrist_01__swing_0005,421,2826119,3177,3.30945,286.27,17,1,1,,0.9261,0.4078,1,-0.9131,0.1547,0.3773,-2.75245,-0.38915,0,-,-,-,0,-,-,-,ray,235.000,0,-,0.13774,255.12,499.23,541.75,565.20,489.44,9.79,-2.60054,57.907,3.315,0.8945,raw,0,-,0,-,-,309.12,311.62
2026-07-04_Mark-Liversedge_Wrist_01__swing_0005,422,2832854,3162,3.37003,282.89,17,1,1,,0.9152,0.4533,1,-0.8914,0.2072,0.4031,-2.66671,-0.47488,0,-,-,-,0,-,-,-,ray,235.000,0,-,0.13883,252.43,495.67,539.46,566.19,490.64,5.03,-2.07694,58.430,7.556,0.7726,raw,0,-,0,-,-,309.12,311.62
2026-07-04_Mark-Liversedge_Wrist_01__swing_0005,423,2839490,3262,3.43067,279.53,17,1,1,,0.9043,0.4987,1,-0.8668,0.2578,0.4269,-2.59840,-0.54319,0,-,-,-,0,-,-,-,ray,235.000,0,-,0.15076,249.47,491.79,537.29,566.27,490.73,1.06,-2.21657,55.898,5.782,0.8175,raw,0,-,0,-,-,309.12,311.62
2026-07-04_Mark-Liversedge_Wrist_01__swing_0005,424,2846285,3161,3.50132,276.08,17,1,1,,0.8931,0.5488,1,-0.8359,0.3144,0.4498,-2.53159,-0.61000,0,-,-,-,0,-,-,-,ray,235.000,0,-,0.15510,245.91,486.91,535.11,565.32,489.58,2.67,-2.21657,50.098,2.286,0.8367,raw,0,-,0,-,-,309.12,311.62
2026-07-04_Mark-Liversedge_Wrist_01__swing_0005,425,2853010,3108,3.57158,272.71,17,1,1,,0.8822,0.5975,1,-0.8019,0.3678,0.4709,-2.47851,-0.66308,0,-,-,-,0,-,-,-,ray,235.000,0,-,0.16486,241.84,481.26,533.04,563.47,487.34,6.08,-2.63545,45.485,0.187,0.8945,raw,0,-,0,-,-,309.12,311.62
2026-07-04_Mark-Liversedge_Wrist_01__swing_0005,426,2859656,3373,3.63984,269.57,17,1,1,,0.8721,0.6428,1,-0.7660,0.4167,0.4894,-2.43622,-0.70538,0,-,-,-,0,-,-,-,ray,235.000,0,-,0.18851,237.34,474.98,531.07,560.69,483.96,8.99,-2.47837,53.048,4.062,0.8945,raw,0,-,0,-,-,309.12,311.62
2026-07-04_Mark-Liversedge_Wrist_01__swing_0005,427,2866393,3143,3.71452,266.55,17,1,1,,0.8623,0.6892,1,-0.7246,0.4674,0.5064,-2.39621,-0.74538,0,-,-,-,1,4.08407,0.20230,-17.73,seg,235.000,0,-,0.20345,232.45,467.88,529.13,557.03,479.53,11.65,-2.37365,59.222,5.467,0.8945,raw,0,-,0,-,-,309.12,311.62
2026-07-04_Mark-Liversedge_Wrist_01__swing_0005,428,2873034,3103,3.79408,263.76,17,1,1,,0.8533,0.7351,1,-0.6780,0.5181,0.5215,-2.35947,-0.78212,0,-,-,-,0,-,-,-,ray,235.000,0,-,0.18330,227.48,460.19,527.37,552.51,474.05,13.85,-2.33874,54.891,1.473,0.8945,raw,0,-,0,-,-,309.12,311.62
2026-07-04_Mark-Liversedge_Wrist_01__swing_0005,429,2879776,3162,3.87769,261.25,17,1,1,mid-backswing,0.8451,0.7796,1,-0.6263,0.5674,0.5345,-2.32636,-0.81523,0,-,-,-,0,-,-,-,ray,235.000,0,-,0.22529,221.97,451.34,526.01,546.64,466.93,15.59,1.81514,57.110,13.594,0.8945,raw,0,-,0,-,-,309.12,311.62
2026-07-04_Mark-Liversedge_Wrist_01__swing_0005,430,2886406,3365,3.95813,259.02,17,1,1,mid-backswing,0.8379,0.8190,1,-0.5738,0.6107,0.5458,-2.30016,-0.84143,0,-,-,-,0,-,-,-,ray,235.000,0,-,0.21609,216.18,441.79,524.62,540.19,459.11,17.31,1.67552,51.478,25.840,0.8945,mot,0,-,0,-,-,309.12,311.62
2026-07-04_Mark-Liversedge_Wrist_01__swing_0005,431,2893062,3221,4.03650,256.87,17,1,1,mid-backswing,0.8310,0.8543,1,-0.5199,0.6483,0.5563,-2.27999,-0.86160,0,-,-,-,0,-,-,-,ray,235.000,0,-,0.22017,210.56,431.85,522.52,533.62,451.14,19.29,1.71042,60.891,40.611,0.8945,mot,0,-,0,-,-,309.12,311.62
2026-07-04_Mark-Liversedge_Wrist_01__swing_0005,432,2899850,3195,4.11677,254.76,17,1,1,mid-backswing,0.8242,0.8867,1,-0.4624,0.6822,0.5664,-2.26364,-0.87795,0,-,-,-,0,-,-,-,ray,235.000,0,-,0.21909,205.77,421.92,519.02,527.34,443.52,21.60,1.67552,60.512,32.556,0.8945,mot,0,-,0,-,-,309.12,311.62
2026-07-04_Mark-Liversedge_Wrist_01__swing_0005,433,2906470,3176,4.19916,252.80,17,1,1,mid-backswing,0.8178,0.9158,1,-0.4015,0.7124,0.5755,-2.25026,-0.89133,0,-,-,-,0,-,-,-,ray,235.000,0,-,0.21692,202.32,412.57,514.11,521.38,436.30,23.72,1.64061,55.192,27.847,0.8945,mot,0,-,0,-,-,309.12,311.62
2026-07-04_Mark-Liversedge_Wrist_01__swing_0005,434,2913290,3130,4.27871,250.89,17,1,1,mid-backswing,0.8116,0.9400,1,-0.3411,0.7365,0.5842,-2.24134,-0.90025,0,-,-,-,0,-,-,-,ray,235.000,0,-,0.22343,199.75,403.04,508.47,515.24,428.84,25.81,-2.21657,53.600,5.588,0.8817,raw,0,-,0,-,-,309.12,311.62
2026-07-04_Mark-Liversedge_Wrist_01__swing_0005,435,2919936,3285,4.34706,249.24,17,1,1,mid-backswing,0.8063,0.9576,1,-0.2881,0.7531,0.5915,-2.23662,-0.90497,0,-,-,-,0,-,-,-,ray,235.000,0,-,0.21800,197.39,393.65,503.57,509.16,421.48,27.83,-2.19912,83.816,45.042,0.8945,raw,0,-,0,-,-,309.12,311.62
2026-07-04_Mark-Liversedge_Wrist_01__swing_0005,436,2926744,3154,4.41301,247.78,17,1,1,mid-backswing,0.8016,0.9717,1,-0.2364,0.7659,0.5979,-2.23360,-0.90800,0,-,-,-,0,-,-,-,ray,236.000,0,-,0.21692,194.47,383.77,500.01,502.78,413.73,29.96,-2.11185,76.156,15.106,0.8945,raw,0,-,0,-,-,309.12,311.62
2026-07-04_Mark-Liversedge_Wrist_01__swing_0005,437,2933396,3148,4.48320,246.67,17,1,1,mid-backswing,0.7980,0.9834,1,-0.1813,0.7771,0.6027,-2.23047,-0.91113,0,-,-,-,0,-,-,-,ray,238.000,0,-,0.21584,190.83,373.61,497.28,496.44,406.05,32.44,-2.09439,69.694,6.772,0.8945,raw,0,-,0,-,-,309.12,311.62
2026-07-04_Mark-Liversedge_Wrist_01__swing_0005,438,2939979,3199,4.56107,245.92,17,1,1,mid-backswing,0.7955,0.9928,1,-0.1199,0.7865,0.6059,-2.22724,-0.91435,0,-,-,-,0,-,-,-,ray,241.000,0,-,0.21800,186.89,363.24,495.38,490.06,398.31,35.07,-2.16421,80.475,39.938,0.8945,mot,0,-,0,-,-,309.12,311.62
2026-07-04_Mark-Liversedge_Wrist_01__swing_0005,439,2946695,3238,4.64438,245.54,17,1,1,mid-backswing,0.7943,0.9985,1,-0.0540,0.7925,0.6075,-2.22479,-0.91680,0,-,-,-,0,-,-,-,ray,245.000,0,-,0.20499,182.64,352.72,494.83,483.39,390.22,37.50,-2.14676,89.150,45.574,0.8945,mot,0,-,0,-,-,309.12,311.62
2026-07-04_Mark-Liversedge_Wrist_01__swing_0005,440,2953396,3173,4.73175,245.56,17,1,1,mid-backswing,0.7944,0.9999,1,0.0154,0.7942,0.6074,-2.22371,-0.91789,0,-,-,-,0,-,-,-,ray,248.000,0,-,0.16161,178.34,342.68,496.00,476.53,381.90,39.22,-2.12930,102.972,43.189,0.8945,raw,0,-,0,-,-,309.12,311.62
2026-07-04_Mark-Liversedge_Wrist_01__swing_0005,441,2960173,3351,4.78704,245.92,17,1,1,mid-backswing,0.7956,0.9982,1,0.0593,0.7933,0.6059,-2.22301,-0.91859,0,-,-,-,1,4.38078,0.20230,108.42,seg,250.000,0,-,0.16322,173.86,333.06,499.35,469.34,373.19,40.13,-2.11185,117.382,49.874,0.8945,raw,0,-,0,-,-,309.12,311.62
2026-07-04_Mark-Liversedge_Wrist_01__swing_0005,442,2966802,3122,4.79966,246.60,1,1,1,mid-backswing,0.7978,0.9976,1,0.0695,0.7947,0.6030,-2.21986,-0.92173,0,-,-,-,0,-,-,-,ray,250.000,0,-,-,169.30,324.01,503.73,462.18,364.50,40.49,-2.09439,121.681,77.443,0.8945,mot,0,-,0,-,-,309.12,311.62
2026-07-04_Mark-Liversedge_Wrist_01__swing_0005,443,2973582,3220,4.77181,247.56,20,0,1,mid-backswing,0.8009,0.9989,1,0.0476,0.7994,0.5989,-2.21372,-0.92787,0,-,-,-,0,-,-,-,wedge,250.000,0,-,-,164.67,315.06,508.28,454.81,355.57,40.51,-2.05949,152.269,80.081,0.8945,raw,0,-,0,-,-,309.12,311.62
2026-07-04_Mark-Liversedge_Wrist_01__swing_0005,444,2980170,3217,4.89459,248.65,1,1,1,mid-backswing,0.8044,0.9893,1,0.1457,0.7911,0.5941,-2.21494,-0.92665,0,-,-,-,0,-,-,-,ray,250.000,0,-,-,160.38,306.66,511.47,447.65,346.88,40.22,-2.02458,119.298,79.599,0.8817,mot,0,-,0,-,-,309.12,311.62
2026-07-04_Mark-Liversedge_Wrist_01__swing_0005,445,2986984,3235,5.06744,249.90,1,1,1,mid-backswing,0.8084,0.9597,1,0.2810,0.7580,0.5886,-2.23102,-0.91057,0,-,-,-,0,-,-,-,ray,251.000,0,-,-,156.54,298.98,513.06,440.12,337.75,38.77,-2.00713,101.967,64.178,0.7533,mot,0,-,0,-,-,309.12,311.62
2026-07-04_Mark-Liversedge_Wrist_01__swing_0005,446,2993632,3193,5.13243,251.22,1,1,1,mid-backswing,0.8127,0.9435,1,0.3314,0.7420,0.5827,-2.23649,-0.90510,0,-,-,-,0,-,-,-,ray,251.000,0,-,-,153.12,292.06,513.10,432.67,328.71,36.66,0.20944,63.125,6.028,0.8945,raw,0,-,0,-,-,309.12,311.62
2026-07-04_Mark-Liversedge_Wrist_01__swing_0005,447,3000265,3273,5.19748,252.62,1,1,1,mid-backswing,0.8172,0.9246,1,0.3811,0.7229,0.5763,-2.24384,-0.89775,0,-,-,-,0,-,-,-,ray,251.000,0,-,-,149.86,284.99,511.98,425.05,319.48,34.49,0.41888,121.608,62.836,0.6891,raw,0,-,0,-,-,309.12,311.62
2026-07-04_Mark-Liversedge_Wrist_01__swing_0005,448,3007126,3001,5.26053,254.17,1,1,1,mid-backswing,0.8222,0.9036,1,0.4285,0.7018,0.5691,-2.25222,-0.88938,0,-,-,-,0,-,-,-,pred,251.000,0,-,-,146.71,277.30,510.20,416.97,309.67,32.37,0.43633,122.597,65.077,0.7020,raw,0,-,0,-,-,309.12,311.62
2026-07-04_Mark-Liversedge_Wrist_01__swing_0005,449,3013711,3221,5.31133,255.78,1,1,1,mid-backswing,0.8275,0.8845,1,0.4665,0.6834,0.5615,-2.25859,-0.88300,0,-,-,-,1,4.43314,0.16811,31.29,seg,253.000,0,-,-,144.00,269.28,508.48,409.06,300.08,30.80,0.45379,93.493,38.820,0.7212,raw,0,-,0,-,-,309.12,311.62
2026-07-04_Mark-Liversedge_Wrist_01__swing_0005,450,3020385,3224,5.35906,257.57,1,1,1,mid-backswing,0.8332,0.8648,1,0.5020,0.6650,0.5529,-2.26443,-0.87716,0,-,-,-,1,4.43314,0.15727,52.83,seg,254.000,0,-,-,141.71,260.47,507.24,401.08,290.40,29.93,0.48869,92.926,42.105,0.7276,raw,0,-,0,-,-,309.12,311.62
2026-07-04_Mark-Liversedge_Wrist_01__swing_0005,451,3027110,3402,5.41090,259.48,1,1,1,mid-backswing,0.8394,0.8418,1,0.5398,0.6428,0.5435,-2.27262,-0.86897,0,-,-,-,1,4.46804,0.14208,11.08,seg,255.000,0,-,-,139.92,251.20,506.89,393.25,280.91,29.71,0.50615,99.974,49.027,0.7533,raw,0,-,0,-,-,309.12,311.62
2026-07-04_Mark-Liversedge_Wrist_01__swing_0005,452,3033843,3124,5.45922,261.52,1,1,1,mid-backswing,0.8460,0.8184,1,0.5747,0.6208,0.5332,-2.28035,-0.86124,0,-,-,-,1,4.50295,0.12907,56.03,seg,257.000,0,-,-,138.74,241.97,507.79,385.81,271.89,29.92,0.54105,110.430,53.112,0.7726,raw,0,-,0,-,-,309.12,311.62
2026-07-04_Mark-Liversedge_Wrist_01__swing_0005,453,3040510,3140,5.50809,263.61,17,1,1,mid-backswing,0.8528,0.7930,1,0.6092,0.5967,0.5223,-2.28976,-0.85183,0,-,-,-,1,4.53786,0.11497,40.83,seg,259.000,0,-,0.20499,138.02,233.43,509.94,378.88,263.49,30.06,0.57596,113.170,48.719,0.7918,raw,0,-,0,-,-,309.12,311.62
2026-07-04_Mark-Liversedge_Wrist_01__swing_0005,454,3047232,3170,5.55584,265.69,17,1,1,mid-backswing,0.8595,0.7667,1,0.6420,0.5715,0.5111,-2.30052,-0.84108,0,-,-,-,0,-,-,-,ray,261.000,0,-,0.23861,137.59,225.94,513.42,372.42,255.66,29.72,0.59341,90.339,45.108,0.7533,raw,0,-,0,-,-,309.12,311.62
2026-07-04_Mark-Liversedge_Wrist_01__swing_0005,455,3053881,3274,5.59431,267.80,17,1,1,mid-backswing,0.8663,0.7435,1,0.6688,0.5507,0.4995,-2.30743,-0.83417,0,-,-,-,0,-,-,-,ray,263.000,0,-,0.20499,137.31,220.00,517.76,366.53,248.50,28.51,0.54105,84.941,38.559,0.8945,raw,0,-,0,-,-,309.12,311.62
2026-07-04_Mark-Liversedge_Wrist_01__swing_0005,456,3060693,3121,5.63905,270.11,1,1,1,mid-backswing,0.8738,0.7154,1,0.6987,0.5247,0.4863,-2.31819,-0.82340,0,-,-,-,0,-,-,-,ray,263.000,0,-,-,137.06,215.33,522.79,361.00,241.80,26.47,0.55851,79.264,48.105,0.8945,mot,0,-,0,-,-,309.12,311.62
2026-07-04_Mark-Liversedge_Wrist_01__swing_0005,457,3067342,3096,5.68683,272.47,1,1,1,mid-backswing,0.8814,0.6842,1,0.7293,0.4950,0.4723,-2.33268,-0.80891,0,-,-,-,0,-,-,-,pred,272.000,0,-,-,136.84,212.09,527.77,356.05,235.80,23.71,0.55851,75.816,29.331,0.8945,raw,0,-,0,-,-,309.12,311.62
2026-07-04_Mark-Liversedge_Wrist_01__swing_0005,458,3073987,3164,5.73029,274.79,17,1,1,mid-backswing,0.8889,0.6540,1,0.7565,0.4668,0.4580,-2.34667,-0.79492,0,-,-,-,0,-,-,-,ray,281.000,0,-,0.25813,136.71,209.69,532.40,351.36,230.11,20.42,0.55851,83.200,39.247,0.8945,raw,0,-,0,-,-,309.12,311.62
2026-07-04_Mark-Liversedge_Wrist_01__swing_0005,459,3080689,3187,5.76922,277.00,1,1,1,,0.8961,0.6254,1,0.7803,0.4406,0.4439,-2.35993,-0.78167,0,-,-,-,0,-,-,-,pred,290.000,0,-,-,136.81,207.69,536.34,346.76,224.53,16.84,0.55851,81.133,38.510,0.8945,raw,0,-,0,-,-,309.12,311.62
2026-07-04_Mark-Liversedge_Wrist_01__swing_0005,460,3087430,3073,5.80917,279.12,17,1,1,,0.9030,0.5954,1,0.8034,0.4122,0.4297,-2.37707,-0.76452,0,-,-,-,0,-,-,-,pred,299.000,0,-,0.26356,137.29,205.74,539.47,342.26,219.07,13.33,0.55851,80.169,40.090,0.8945,raw,0,-,0,-,-,309.12,311.62
2026-07-04_Mark-Liversedge_Wrist_01__swing_0005,461,3094051,3245,5.84307,281.07,17,1,1,,0.9093,0.5686,1,0.8226,0.3874,0.4162,-2.39210,-0.74949,0,-,-,-,0,-,-,-,pred,308.000,0,-,0.26464,138.14,203.58,541.91,338.01,213.92,10.34,0.55851,78.137,37.315,0.8945,raw,0,-,0,-,-,309.12,311.62
2026-07-04_Mark-Liversedge_Wrist_01__swing_0005,462,3100781,3140,5.87394,282.93,17,1,1,,0.9153,0.5431,1,0.8397,0.3642,0.4028,-2.40654,-0.73506,0,-,-,-,0,-,-,-,pred,317.000,0,-,0.26790,139.36,200.94,544.16,334.01,209.08,8.14,0.55851,72.733,33.438,0.8945,raw,0,-,0,-,-,309.12,311.62
2026-07-04_Mark-Liversedge_Wrist_01__swing_0005,463,3107417,3226,5.90864,284.66,17,1,1,,0.9209,0.5153,1,0.8570,0.3369,0.3899,-2.42895,-0.71264,0,-,-,-,0,-,-,-,pred,326.000,0,-,0.26681,140.77,197.91,546.54,330.41,204.71,6.80,0.57596,81.381,46.317,0.8945,raw,0,-,0,-,-,309.12,311.62
2026-07-04_Mark-Liversedge_Wrist_01__swing_0005,464,3114160,3198,5.96653,286.33,17,1,1,,0.9263,0.4746,1,0.8802,0.2884,0.3768,-2.48830,-0.65329,0,-,-,-,0,-,-,-,pred,335.000,0,-,0.15412,142.26,194.50,549.36,327.12,200.71,6.21,0.59341,86.553,53.894,0.8945,raw,0,-,0,-,-,309.12,311.62
2026-07-04_Mark-Liversedge_Wrist_01__swing_0005,465,3121068,2952,5.99907,288.01,17,1,1,,0.9317,0.4474,1,0.8944,0.2612,0.3632,-2.51820,-0.62339,0,-,-,-,0,-,-,-,pred,344.000,0,-,0.20230,143.72,190.86,552.56,323.98,196.91,6.05,0.61087,80.295,49.556,0.8945,raw,0,-,0,-,-,309.12,311.62
2026-07-04_Mark-Liversedge_Wrist_01__swing_0005,466,3127544,3247,6.00883,289.55,1,1,1,,0.9367,0.4324,1,0.9017,0.2538,0.3501,-2.51442,-0.62717,0,-,-,-,0,-,-,-,pred,353.000,0,-,-,145.00,187.55,555.69,321.12,193.44,5.89,0.61087,76.889,40.991,0.8945,raw,0,-,0,-,-,309.12,311.62
2026-07-04_Mark-Liversedge_Wrist_01__swing_0005,467,3134223,3232,6.05734,291.12,17,1,1,,0.9418,0.3969,1,0.9179,0.2109,0.3362,-2.58134,-0.56025,0,-,-,-,0,-,-,-,pred,2.000,0,-,-,146.23,184.50,558.91,318.15,189.84,5.33,0.62832,79.089,48.390,0.8945,raw,0,-,0,-,-,309.12,311.62
2026-07-04_Mark-Liversedge_Wrist_01__swing_0005,468,3140997,3183,6.08201,292.70,17,1,1,,0.9469,0.3731,1,0.9278,0.1892,0.3216,-2.60974,-0.53185,0,-,-,-,0,-,-,-,pred,10.000,0,-,0.21800,147.42,181.93,562.15,315.09,186.13,4.20,0.66323,82.095,55.073,0.8945,raw,0,-,0,-,-,309.12,311.62
2026-07-04_Mark-Liversedge_Wrist_01__swing_0005,469,3147691,3163,6.08752,294.22,17,1,1,,0.9518,0.3582,1,0.9336,0.1850,0.3067,-2.59878,-0.54281,0,-,-,-,0,-,-,-,pred,18.000,0,-,0.20716,148.54,179.96,565.30,312.04,182.42,2.47,0.64577,87.790,57.066,0.8945,raw,0,-,0,-,-,309.12,311.62
2026-07-04_Mark-Liversedge_Wrist_01__swing_0005,470,3154329,3402,6.11315,295.66,17,1,1,,0.9565,0.3337,0,0.9427,0.1618,0.2919,-2.63527,-0.50632,0,-,-,-,0,-,-,-,pred,26.000,0,-,0.20499,149.62,178.62,568.31,309.00,178.74,0.12,0.64577,85.978,59.678,0.8945,raw,0,-,0,-,-,309.12,311.62
2026-07-04_Mark-Liversedge_Wrist_01__swing_0005,471,3161054,3192,6.13501,297.11,17,1,1,,0.9611,0.3104,0,0.9506,0.1419,0.2761,-2.66679,-0.47481,0,-,-,-,0,-,-,-,pred,32.000,0,-,0.21983,150.68,177.72,571.15,305.94,175.04,2.69,0.64577,75.271,47.690,0.8945,raw,0,-,0,-,-,309.12,311.62
2026-07-04_Mark-Liversedge_Wrist_01__swing_0005,472,3167754,3099,6.15283,298.52,17,1,1,,0.9657,0.2883,0,0.9575,0.1255,0.2596,-2.69114,-0.45045,0,-,-,-,0,-,-,-,ray,41.000,0,-,0.21386,151.73,177.19,573.57,303.01,171.47,5.72,0.64577,71.760,43.438,0.8945,raw,0,-,0,-,-,309.12,311.62
2026-07-04_Mark-Liversedge_Wrist_01__swing_0005,473,3174474,3166,6.17032,299.81,17,1,1,,0.9699,0.2669,0,0.9637,0.1092,0.2435,-2.71997,-0.42162,0,-,-,-,0,-,-,-,ray,41.000,0,-,0.20789,152.82,176.89,575.49,300.27,168.16,8.73,0.66323,72.711,44.004,0.8945,raw,0,-,0,-,-,309.12,311.62
2026-07-04_Mark-Liversedge_Wrist_01__swing_0005,474,3181156,3194,6.18304,300.93,17,1,1,,0.9735,0.2485,0,0.9686,0.0973,0.2287,-2.73915,-0.40244,0,-,-,-,0,-,-,-,ray,41.000,0,-,0.20311,153.93,176.68,576.83,297.91,165.30,11.39,0.66323,80.449,51.917,0.8945,raw,0,-,0,-,-,309.12,311.62
2026-07-04_Mark-Liversedge_Wrist_01__swing_0005,475,3187869,3187,6.19635,301.85,17,1,1,,0.9765,0.2317,0,0.9728,0.0847,0.2156,-2.76737,-0.37423,0,-,-,-,0,-,-,-,ray,42.000,0,-,0.20430,155.11,176.47,577.64,296.05,163.04,13.43,0.66323,74.473,45.708,0.8945,raw,0,-,0,-,-,309.12,311.62
2026-07-04_Mark-Liversedge_Wrist_01__swing_0005,476,3194796,2997,6.20949,302.52,17,1,1,,0.9786,0.2178,0,0.9760,0.0721,0.2055,-2.80440,-0.33719,0,-,-,-,0,-,-,-,ray,42.000,0,-,0.20191,156.39,176.16,578.05,294.67,161.36,14.80,0.66323,67.814,41.472,0.8945,raw,0,-,0,-,-,309.12,311.62
2026-07-04_Mark-Liversedge_Wrist_01__swing_0005,477,3201408,3225,6.21798,302.89,17,1,1,,0.9798,0.2097,0,0.9778,0.0638,0.1998,-2.83226,-0.30933,0,-,-,-,0,-,-,-,ray,42.000,0,-,0.19594,157.64,175.72,578.17,293.84,160.35,15.37,0.66323,68.442,42.447,0.8945,raw,0,-,0,-,-,309.12,311.62
2026-07-04_Mark-Liversedge_Wrist_01__swing_0005,478,3207868,-3235,6.22210,303.04,17,1,1,,0.9803,0.2063,0,0.9785,0.0598,0.1974,-2.84722,-0.29437,0,-,-,-,0,-,-,-,ray,42.000,0,-,0.19235,158.90,175.18,578.17,293.34,159.75,15.43,0.68068,63.536,37.391,0.8945,raw,0,-,0,-,-,309.12,311.62
2026-07-04_Mark-Liversedge_Wrist_01__swing_0005,479,3214764,3134,6.22210,303.01,17,1,1,,0.9802,0.2066,0,0.9784,0.0598,0.1978,-2.84778,-0.29381,0,-,-,-,0,-,-,-,ray,43.000,0,-,0.13631,160.25,174.55,578.10,293.12,159.49,15.06,0.68068,72.657,42.224,0.8945,raw,0,-,0,-,-,309.12,311.62
2026-07-04_Mark-Liversedge_Wrist_01__swing_0005,480,3221554,2943,6.22693,302.85,17,1,1,,0.9797,0.2078,0,0.9782,0.0551,0.2004,-2.87330,-0.26829,0,-,-,-,0,-,-,-,ray,43.000,0,-,0.19235,161.61,173.98,577.92,293.25,159.64,14.34,0.68068,74.337,44.271,0.8945,raw,0,-,0,-,-,309.12,311.62
2026-07-04_Mark-Liversedge_Wrist_01__swing_0005,481,3228012,3194,6.22625,302.58,17,1,1,,0.9789,0.2120,0,0.9773,0.0557,0.2045,-2.87571,-0.26588,0,-,-,-,0,-,-,-,ray,43.000,0,-,0.19474,162.92,173.57,577.59,293.71,160.19,13.38,0.68068,62.794,35.372,0.8945,raw,0,-,0,-,-,309.12,311.62
2026-07-04_Mark-Liversedge_Wrist_01__swing_0005,482,3234701,3215,6.22210,302.19,17,1,1,,0.9776,0.2188,0,0.9758,0.0597,0.2105,-2.86535,-0.27624,0,-,-,-,0,-,-,-,ray,44.000,0,-,0.19116,164.30,173.34,576.87,294.62,161.30,12.04,0.69813,61.938,35.293,0.8945,raw,0,-,0,-,-,309.12,311.62
2026-07-04_Mark-Liversedge_Wrist_01__swing_0005,483,3241392,3216,6.21757,301.66,17,1,1,,0.9759,0.2275,0,0.9738,0.0640,0.2183,-2.85641,-0.28518,0,-,-,-,0,-,-,-,ray,44.000,0,-,0.19952,165.70,173.34,575.59,295.97,162.94,10.41,0.69813,64.431,36.565,0.8945,raw,0,-,0,-,-,309.12,311.62
2026-07-04_Mark-Liversedge_Wrist_01__swing_0005,484,3248126,3176,6.20879,300.99,17,1,2,,0.9737,0.2390,0,0.9710,0.0724,0.2278,-2.83390,-0.30770,0,-,-,-,0,-,-,-,ray,44.000,0,-,0.20550,167.14,173.60,573.58,297.74,165.09,8.51,0.69813,69.582,41.080,0.8945,raw,0,-,0,-,-,309.12,311.62
2026-07-04_Mark-Liversedge_Wrist_01__swing_0005,485,3254884,3087,6.19527,300.18,17,1,2,,0.9711,0.2535,0,0.9673,0.0853,0.2388,-2.79861,-0.34298,0,-,-,-,0,-,-,-,ray,44.000,0,-,0.19197,168.61,174.19,570.58,299.83,167.62,6.57,0.69813,66.561,36.803,0.8945,raw,0,-,0,-,-,309.12,311.62
2026-07-04_Mark-Liversedge_Wrist_01__swing_0005,486,3261671,3073,6.17766,299.21,17,1,2,,0.9680,0.2710,0,0.9626,0.1020,0.2511,-2.75593,-0.38566,0,-,-,-,0,-,-,-,ray,44.000,0,-,0.21864,170.08,175.15,566.59,302.02,170.28,4.88,0.80285,58.932,33.752,0.8945,mot,0,-,0,-,-,309.12,311.62
2026-07-04_Mark-Liversedge_Wrist_01__swing_0005,487,3268245,3311,6.16525,298.11,17,1,2,,0.9644,0.2878,0,0.9577,0.1135,0.2645,-2.73639,-0.40520,0,-,-,-,0,-,-,-,ray,44.000,0,-,0.22581,171.48,176.52,561.77,304.10,172.80,3.72,0.80285,59.979,33.370,0.8752,mot,0,-,0,-,-,309.12,311.62
2026-07-04_Mark-Liversedge_Wrist_01__swing_0005,488,3274860,3184,6.14768,296.72,17,1,2,,0.9599,0.3089,0,0.9511,0.1297,0.2803,-2.70835,-0.43325,0,-,-,-,0,-,-,-,ray,44.000,0,-,0.23059,172.83,178.45,556.24,306.13,175.26,3.19,0.80285,62.931,33.298,0.8945,mot,0,-,0,-,-,309.12,311.62
2026-07-04_Mark-Liversedge_Wrist_01__swing_0005,489,3281625,3236,6.11650,294.98,1,1,4,,0.9543,0.3383,0,0.9410,0.1583,0.2990,-2.65453,-0.48706,0,-,-,-,0,-,-,-,ray,44.000,0,-,-,174.16,180.94,550.22,308.25,177.83,3.11,0.78540,63.021,31.250,0.8817,mot,0,-,0,-,-,309.12,311.62
2026-07-04_Mark-Liversedge_Wrist_01__swing_0005,490,3288350,3159,6.08161,292.91,1,1,4,,0.9476,0.3717,1,0.9284,0.1897,0.3196,-2.60589,-0.53571,0,-,-,-,0,-,-,-,ray,44.000,0,-,-,175.46,184.02,544.33,310.73,180.84,3.18,0.78540,57.677,26.769,0.8945,mot,0,-,0,-,-,309.12,311.62
2026-07-04_Mark-Liversedge_Wrist_01__swing_0005,491,3295166,3070,6.06976,290.43,17,1,4,,0.9395,0.3961,1,0.9182,0.1990,0.3425,-2.61519,-0.52640,0,-,-,-,0,-,-,-,ray,44.000,0,-,0.12425,176.84,187.74,538.77,313.96,184.75,2.99,0.78540,57.983,23.290,0.8367,mot,0,-,0,-,-,309.12,311.62
2026-07-04_Mark-Liversedge_Wrist_01__swing_0005,492,3301758,3121,6.05524,287.73,17,1,4,downswing,0.9308,0.4217,1,0.9067,0.2103,0.3655,-2.61941,-0.52218,0,-,-,-,0,-,-,-,ray,43.000,0,-,0.20499,178.36,191.96,533.96,318.12,189.80,2.16,0.68068,46.079,4.429,0.8945,raw,0,-,0,-,-,309.12,311.62
2026-07-04_Mark-Liversedge_Wrist_01__swing_0005,493,3308507,3039,6.01984,284.73,17,1,4,downswing,0.9211,0.4572,1,0.8894,0.2398,0.3893,-2.58956,-0.55204,0,-,-,-,0,-,-,-,ray,43.000,0,-,0.14815,180.27,197.15,529.54,323.71,196.58,0.57,1.74533,50.862,9.423,0.8945,raw,0,-,0,-,-,309.12,311.62
2026-07-04_Mark-Liversedge_Wrist_01__swing_0005,494,3315154,3174,5.97608,281.68,17,1,4,downswing,0.9112,0.4955,1,0.8686,0.2755,0.4119,-2.55208,-0.58952,0,-,-,-,0,-,-,-,ray,42.000,0,-,0.14815,182.52,203.13,525.44,330.53,204.85,1.72,1.90241,64.723,23.610,0.1500,raw,0,-,0,-,-,309.12,311.62
2026-07-04_Mark-Liversedge_Wrist_01__swing_0005,495,3321838,3373,5.92487,278.62,17,1,4,downswing,0.9013,0.5362,1,0.8441,0.3161,0.4331,-2.51110,-0.63049,0,-,-,-,1,0.75049,0.11063,-27.90,seg,42.000,0,-,0.14576,185.27,210.14,521.34,338.90,215.00,4.85,1.91986,67.571,26.554,0.3233,raw,0,-,0,-,-,309.12,311.62
2026-07-04_Mark-Liversedge_Wrist_01__swing_0005,496,3328518,3176,5.83244,275.54,1,1,4,downswing,0.8914,0.5969,1,0.8023,0.3883,0.4533,-2.43325,-0.70834,0,-,-,-,0,-,-,-,ray,41.000,0,-,-,188.55,218.23,517.10,348.47,226.61,8.38,1.93732,64.606,20.437,0.8945,raw,0,-,0,-,-,309.12,311.62
2026-07-04_Mark-Liversedge_Wrist_01__swing_0005,497,3335273,3085,5.73082,272.46,1,1,4,downswing,0.8814,0.6611,1,0.7503,0.4625,0.4723,-2.36673,-0.77486,0,-,-,-,1,0.71558,0.12759,93.78,seg,40.000,0,-,-,192.52,227.59,512.63,359.40,239.86,12.27,2.00713,72.376,24.256,0.4131,raw,0,-,0,-,-,309.12,311.62
2026-07-04_Mark-Liversedge_Wrist_01__swing_0005,498,3341887,3176,5.66635,269.54,1,1,4,downswing,0.8720,0.7029,1,0.7113,0.5044,0.4895,-2.34124,-0.80035,0,-,-,-,0,-,-,-,ray,39.000,0,-,-,197.39,238.42,508.29,371.16,254.12,15.70,1.98968,59.282,8.436,0.8945,raw,0,-,0,-,-,309.12,311.62
2026-07-04_Mark-Liversedge_Wrist_01__swing_0005,499,3348613,3376,5.59268,266.63,1,1,4,downswing,0.8625,0.7469,1,0.6650,0.5494,0.5060,-2.31509,-0.82650,0,-,-,-,0,-,-,-,ray,37.000,0,-,-,203.52,251.22,504.24,384.08,269.79,18.57,1.97222,62.110,14.212,0.8945,raw,0,-,0,-,-,309.12,311.62
2026-07-04_Mark-Liversedge_Wrist_01__swing_0005,500,3355297,3189,5.50571,263.78,1,1,4,downswing,0.8533,0.7938,1,0.6082,0.5986,0.5213,-2.28732,-0.85428,0,-,-,-,0,-,-,-,pred,26.000,0,-,-,211.14,266.13,501.08,397.96,286.63,20.49,0.10472,58.060,0.136,0.8945,raw,0,-,0,-,-,309.12,311.62
2026-07-04_Mark-Liversedge_Wrist_01__swing_0005,501,3362002,3180,5.40789,261.26,1,1,4,downswing,0.8452,0.8407,1,0.5416,0.6489,0.5345,-2.25980,-0.88179,0,-,-,-,0,-,-,-,pred,18.000,0,-,-,220.38,283.32,499.06,412.74,304.54,21.22,2.96706,67.864,0.834,0.7533,raw,0,-,0,-,-,309.12,311.62
2026-07-04_Mark-Liversedge_Wrist_01__swing_0005,502,3368710,3160,5.28911,259.46,1,1,4,downswing,0.8394,0.8891,1,0.4577,0.7036,0.5436,-2.22857,-0.91303,0,-,-,-,0,-,-,-,ray,5.000,0,-,-,230.93,302.38,498.48,428.22,323.32,20.94,0.24435,74.129,29.100,0.8945,raw,0,-,0,-,-,309.12,311.62
2026-07-04_Mark-Liversedge_Wrist_01__swing_0005,503,3375467,3112,5.14772,258.62,1,1,4,downswing,0.8366,0.9357,1,0.3528,0.7586,0.5478,-2.19617,-0.94543,0,-,-,-,0,-,-,-,ray,349.000,0,-,-,242.48,323.19,499.67,444.27,342.78,19.58,0.10472,84.146,0.133,0.8945,raw,0,-,0,-,-,309.12,311.62
2026-07-04_Mark-Liversedge_Wrist_01__swing_0005,504,3382128,3310,4.97054,258.96,1,1,4,downswing,0.8377,0.9769,1,0.2139,0.8100,0.5461,-2.16401,-0.97759,0,-,-,-,0,-,-,-,pred,334.000,0,-,-,253.99,344.58,502.52,460.27,362.18,17.60,-2.04204,224.647,179.993,0.8624,mot,0,-,0,-,-,309.12,311.62
2026-07-04_Mark-Liversedge_Wrist_01__swing_0005,505,3388756,3271,4.77719,260.59,17,1,4,downswing,0.8430,0.9985,1,0.0546,0.8412,0.5379,-2.13969,-1.00190,0,-,-,-,0,-,-,-,wedge,318.000,0,-,0.19089,264.84,366.20,507.12,476.21,381.51,15.31,-2.05949,240.164,161.634,0.8945,raw,0,-,0,-,-,309.12,311.62
2026-07-04_Mark-Liversedge_Wrist_01__swing_0005,506,3395518,3173,4.57192,263.70,17,1,4,downswing,0.8531,0.9928,1,-0.1194,0.8447,0.5218,-2.12416,-1.01743,0,-,-,-,0,-,-,-,ray,306.000,0,-,0.21475,274.70,388.01,513.22,492.39,401.13,13.13,-2.05949,183.167,137.689,0.8945,raw,0,-,0,-,-,309.12,311.62
2026-07-04_Mark-Liversedge_Wrist_01__swing_0005,507,3402178,3148,4.44970,268.10,17,1,4,downswing,0.8673,0.9743,1,-0.2252,0.8376,0.4978,-2.10702,-1.03458,0,-,-,-,0,-,-,-,pred,290.000,0,-,0.22451,282.96,408.64,520.44,508.12,420.21,11.57,-2.05949,171.265,118.468,0.8945,raw,0,-,0,-,-,309.12,311.62
2026-07-04_Mark-Liversedge_Wrist_01__swing_0005,508,3408920,3178,4.23862,273.69,17,1,3,downswing,0.8854,0.9148,1,-0.4040,0.7879,0.4648,-2.10383,-1.03776,0,-,-,-,0,-,-,-,recon,288.802,0,-,0.23210,289.52,427.87,529.00,523.54,438.91,11.03,-2.05949,91.542,34.207,0.8945,raw,0,-,0,-,-,309.12,311.62
2026-07-04_Mark-Liversedge_Wrist_01__swing_0005,509,3415602,3211,3.97554,280.07,17,1,3,downswing,0.9060,0.7933,1,-0.6088,0.6710,0.4232,-2.13349,-1.00810,0,-,-,-,0,-,-,-,recon,271.365,0,-,0.24729,294.49,444.93,538.70,538.03,456.49,11.56,-2.87979,65.742,28.330,0.8945,raw,0,-,0,-,-,309.12,311.62
2026-07-04_Mark-Liversedge_Wrist_01__swing_0005,510,3422295,3193,3.80104,287.06,1,1,3,,0.9286,0.6792,1,-0.7339,0.5690,0.3710,-2.14860,-0.99300,0,-,-,-,0,-,-,-,recon,256.881,0,-,-,298.09,459.58,550.00,551.24,472.50,12.92,-2.79253,65.378,16.867,0.8945,raw,0,-,0,-,-,309.12,311.62
2026-07-04_Mark-Liversedge_Wrist_01__swing_0005,511,3428940,3282,3.61913,294.24,17,1,3,,0.9519,0.5341,1,-0.8454,0.4375,0.3065,-2.18187,-0.95972,0,-,-,-,0,-,-,-,recon,245.779,0,-,0.20499,300.50,471.39,562.76,562.77,486.48,15.09,-2.70526,61.257,5.627,0.8945,raw,0,-,0,-,-,309.12,311.62
2026-07-04_Mark-Liversedge_Wrist_01__swing_0005,512,3435660,3166,3.41653,301.56,17,1,3,,0.9755,0.3442,0,-0.9389,0.2649,0.2198,-2.26349,-0.87810,0,-,-,-,1,4.06662,0.13883,64.75,seg,234.000,0,-,0.20499,302.12,480.98,577.06,572.70,498.53,17.55,-2.68781,48.304,0.207,0.8945,raw,0,-,0,-,-,309.12,311.62
2026-07-04_Mark-Liversedge_Wrist_01__swing_0005,513,3442352,3288,3.20775,308.58,17,1,3,,0.9982,0.0887,0,-0.9961,0.0660,0.0592,-2.30200,-0.83959,0,-,-,-,0,-,-,-,ray,232.050,0,-,0.20499,303.04,488.39,592.28,580.73,508.27,19.88,-2.65290,52.614,0.907,0.8945,raw,0,-,0,-,-,309.12,311.62
2026-07-04_Mark-Liversedge_Wrist_01__swing_0005,514,3449127,3211,3.00674,315.21,17,1,3,,1.0000,0.1344,0,-0.9909,-0.1344,0.0000,1.57080,1.57080,0,-,-,-,0,-,-,-,ray,228.242,0,-,0.17816,303.45,494.54,607.97,587.30,516.24,21.70,-2.19912,74.112,13.699,0.8175,raw,0,-,0,-,-,309.12,311.62
2026-07-04_Mark-Liversedge_Wrist_01__swing_0005,515,3455907,3054,2.84886,321.32,17,1,3,,1.0000,0.2886,0,-0.9575,-0.2886,0.0000,1.57080,1.57080,0,-,-,-,1,3.90954,0.29195,1.89,seg,224.000,0,-,0.18391,303.43,499.91,623.48,592.33,522.33,22.42,-2.77507,72.515,3.662,0.8624,raw,0,-,0,-,-,309.12,311.62
2026-07-04_Mark-Liversedge_Wrist_01__swing_0005,516,3462493,3211,2.72853,326.43,17,1,3,,1.0000,0.4014,1,-0.9159,-0.4014,0.0000,1.57080,1.57080,0,-,-,-,0,-,-,-,ray,224.148,0,-,0.16782,303.00,504.63,638.08,595.98,526.77,22.13,1.09956,119.372,58.037,0.8945,raw,0,-,0,-,-,309.12,311.62
2026-07-04_Mark-Liversedge_Wrist_01__swing_0005,517,3469197,3158,2.56036,330.65,17,1,3,impact,1.0000,0.5491,1,-0.8358,-0.5491,0.0000,1.57080,1.57080,0,-,-,-,0,-,-,-,recon,223.073,0,-,0.14713,302.27,509.02,652.48,598.67,530.02,21.01,1.08210,130.533,72.510,0.8945,raw,1,1.82959,1,1.09083,134.14,309.12,311.62
2026-07-04_Mark-Liversedge_Wrist_01__swing_0005,518,3475815,3249,2.35416,333.68,24,0,3,impact,1.0000,0.7085,1,-0.7057,-0.7085,0.0000,1.57080,1.57080,0,-,-,-,0,-,-,-,recon,222.273,0,-,-,301.34,512.67,666.27,600.24,531.92,19.26,1.08210,108.003,44.529,0.8945,raw,1,1.82968,1,1.09083,118.38,309.12,311.62
2026-07-04_Mark-Liversedge_Wrist_01__swing_0005,519,3482607,3180,2.21455,335.45,1,1,3,impact,1.0000,0.7998,1,-0.6002,-0.7998,0.0000,1.57080,1.57080,0,-,-,-,0,-,-,-,recon,221.578,0,-,-,300.24,515.37,680.17,600.87,532.70,17.33,1.09956,64.562,8.413,0.8945,raw,1,1.82869,1,1.09956,64.61,309.12,311.62
2026-07-04_Mark-Liversedge_Wrist_01__swing_0005,520,3489438,2981,2.13253,335.76,17,1,3,impact,1.0000,0.8463,1,-0.5327,-0.8463,0.0000,1.57080,1.57080,0,-,-,-,0,-,-,-,recon,220.888,0,-,0.20499,299.00,516.64,693.96,600.35,532.06,15.41,1.95477,66.520,6.393,0.8945,raw,1,1.82629,1,1.07338,48.17,309.12,311.62
2026-07-04_Mark-Liversedge_Wrist_01__swing_0005,521,3495973,3227,2.01207,334.76,20,0,3,impact,1.0000,0.9042,1,-0.4271,-0.9042,0.0000,1.57080,1.57080,0,-,-,-,0,-,-,-,recon,220.157,0,-,-,297.53,515.97,707.07,598.52,529.85,13.88,1.93732,80.527,28.735,0.8945,raw,1,1.82196,1,1.08210,51.18,309.12,311.62
2026-07-04_Mark-Liversedge_Wrist_01__swing_0005,522,3502682,3183,1.80966,332.57,532,0,3,impact,1.0000,0.9716,1,-0.2366,-0.9716,0.0000,1.57080,1.57080,0,-,-,-,0,-,-,-,recon,219.358,0,-,-,295.68,513.59,720.50,595.24,525.87,12.27,1.91986,86.123,36.839,0.8945,raw,1,1.81549,1,1.09083,53.27,309.12,311.62
2026-07-04_Mark-Liversedge_Wrist_01__swing_0005,523,3509328,3261,1.57611,329.28,532,0,3,impact,1.0000,1.0000,1,-0.0053,-1.0000,0.0000,1.57080,1.57080,0,-,-,-,0,-,-,-,recon,218.456,0,-,-,293.34,509.58,733.75,590.14,519.68,10.10,1.88496,82.710,22.211,0.8945,raw,1,1.80676,1,1.09083,38.77,309.12,311.62
2026-07-04_Mark-Liversedge_Wrist_01__swing_0005,524,3516128,3182,1.29146,324.74,532,0,3,impact,1.0000,0.9612,1,0.2757,-0.9612,0.0000,1.57080,1.57080,0,-,-,-,1,3.59538,0.14904,130.81,seg,207.000,0,-,-,290.32,504.08,747.07,583.21,511.28,7.20,1.83260,75.529,19.297,0.8945,raw,1,1.79554,1,1.10828,37.41,309.12,311.62
2026-07-04_Mark-Liversedge_Wrist_01__swing_0005,525,3522749,3342,1.07250,319.18,532,0,3,,1.0000,0.8784,1,0.4779,-0.8784,0.0000,1.57080,1.57080,0,-,-,-,1,3.57792,0.26322,96.42,seg,204.000,0,-,-,286.74,497.64,759.48,574.72,500.97,3.34,1.81514,73.880,15.472,0.8945,raw,0,-,0,-,-,309.12,311.62
2026-07-04_Mark-Liversedge_Wrist_01__swing_0005,526,3529505,3171,0.94895,312.36,1,1,3,,1.0000,0.8128,1,0.5825,-0.8128,0.0000,1.57080,1.57080,0,-,-,-,0,-,-,-,recon,214.324,0,-,-,282.37,489.91,771.12,564.46,488.54,1.38,1.78024,59.449,5.378,0.8945,raw,0,-,0,-,-,309.12,311.62
2026-07-04_Mark-Liversedge_Wrist_01__swing_0005,527,3536186,3226,0.80827,304.77,17,1,3,,0.9859,0.7323,1,0.6810,-0.7129,0.1672,1.80120,1.34039,0,-,-,-,0,-,-,-,recon,212.090,0,-,-,277.61,481.33,781.41,553.12,474.78,6.55,1.93732,60.851,15.558,0.8945,raw,0,-,0,-,-,309.12,311.62
2026-07-04_Mark-Liversedge_Wrist_01__swing_0005,528,3542916,3076,0.67727,296.51,1,1,3,,0.9592,0.6643,1,0.7475,-0.6011,0.2827,2.01037,1.13122,0,-,-,-,0,-,-,-,recon,209.247,0,-,-,272.67,471.66,790.33,540.81,459.85,11.81,1.90241,68.278,23.245,0.8945,raw,0,-,0,-,-,309.12,311.62
2026-07-04_Mark-Liversedge_Wrist_01__swing_0005,529,3549764,3044,0.54979,287.76,20,0,3,,0.9309,0.6083,1,0.7937,-0.4864,0.3653,2.21490,0.92670,0,-,-,-,1,3.33358,0.20230,110.80,seg,191.000,0,-,-,267.96,460.69,798.31,527.96,444.27,16.42,1.85005,56.567,8.910,0.8945,raw,0,-,0,-,-,309.12,311.62
2026-07-04_Mark-Liversedge_Wrist_01__swing_0005,530,3556286,3122,0.44018,279.08,20,0,3,,0.9028,0.5770,1,0.8168,-0.3847,0.4300,2.41174,0.72985,0,-,-,-,1,3.33358,0.20637,143.86,seg,191.000,0,-,-,264.25,449.17,805.18,515.77,429.49,19.68,1.81514,54.457,3.015,0.8945,raw,0,-,0,-,-,309.12,311.62
2026-07-04_Mark-Liversedge_Wrist_01__swing_0005,531,3563102,3055,0.34752,269.61,17,1,3,,0.8722,0.5723,1,0.8200,-0.2970,0.4892,2.59590,0.54569,0,-,-,-,0,-,-,-,recon,196.004,0,-,-,261.95,435.67,811.84,503.34,414.41,21.26,1.81514,52.991,14.818,0.8945,raw,0,-,0,-,-,309.12,311.62
2026-07-04_Mark-Liversedge_Wrist_01__swing_0005,532,3569725,3160,0.25235,260.06,24,0,3,,0.8413,0.5800,1,0.8146,-0.2101,0.5406,2.77098,0.37061,0,-,-,-,0,-,-,-,recon,189.494,0,-,-,261.52,421.21,817.95,491.48,400.03,21.18,-2.94961,57.708,3.493,0.8945,raw,0,-,0,-,-,309.12,311.62
2026-07-04_Mark-Liversedge_Wrist_01__swing_0005,533,3576370,3233,0.15325,249.99,24,0,5,,0.8087,0.6010,1,0.7992,-0.1234,0.5882,2.93473,0.20686,0,-,-,-,0,-,-,-,ray,174.000,0,-,-,263.17,405.37,823.63,479.55,385.57,19.80,-2.96706,57.346,5.906,0.8367,raw,0,-,0,-,-,309.12,311.62
2026-07-04_Mark-Liversedge_Wrist_01__swing_0005,534,3583095,3283,0.03275,239.35,24,0,5,,0.7743,0.6333,1,0.7739,-0.0254,0.6328,3.10154,0.04005,0,-,-,-,0,-,-,-,ray,174.000,0,-,-,267.03,388.21,828.91,467.11,370.48,17.73,3.10669,47.003,1.832,0.8111,raw,0,-,0,-,-,309.12,311.62
2026-07-04_Mark-Liversedge_Wrist_01__swing_0005,535,3589728,3190,-0.08855,228.40,17,1,5,,0.7389,0.6770,1,0.7360,0.0653,0.6738,-3.04493,-0.09667,0,-,-,-,0,-,-,-,ray,174.000,0,-,-,272.51,370.72,833.62,454.29,354.93,15.79,1.95477,49.457,23.044,0.8945,mot,0,-,0,-,-,309.12,311.62
2026-07-04_Mark-Liversedge_Wrist_01__swing_0005,536,3596563,3135,-0.19592,217.13,24,0,5,,0.7024,0.7248,1,0.6890,0.1367,0.7118,-2.95178,-0.18981,0,-,-,-,1,3.01942,0.20230,113.36,seg,174.000,0,-,-,279.56,352.68,837.94,440.43,338.12,14.56,-0.03491,78.529,27.488,0.7341,raw,0,-,0,-,-,309.12,311.62
2026-07-04_Mark-Liversedge_Wrist_01__swing_0005,537,3603143,3310,-0.31555,206.81,17,1,5,,0.6690,0.7717,1,0.6360,0.2076,0.7432,-2.86918,-0.27241,0,-,-,-,0,-,-,-,ray,161.000,0,-,-,286.91,335.92,841.55,426.69,321.47,14.45,0.03491,81.016,44.202,0.7469,raw,0,-,0,-,-,309.12,311.62
2026-07-04_Mark-Liversedge_Wrist_01__swing_0005,538,3609847,3221,-0.39293,196.88,17,1,5,,0.6369,0.8086,1,0.5884,0.2439,0.7709,-2.83522,-0.30638,0,-,-,-,0,-,-,-,ray,151.000,0,-,-,294.25,320.04,844.30,412.58,304.36,15.68,0.17453,87.108,44.385,0.8945,raw,0,-,0,-,-,309.12,311.62
2026-07-04_Mark-Liversedge_Wrist_01__swing_0005,539,3616659,3017,-0.43936,187.85,20,0,5,,0.6077,0.8352,1,0.5500,0.2585,0.7942,-2.82692,-0.31467,0,-,-,-,0,-,-,-,pred,146.000,0,-,-,300.73,305.75,845.72,398.57,287.36,18.39,0.26180,69.217,2.835,0.8111,raw,0,-,0,-,-,309.12,311.62
2026-07-04_Mark-Liversedge_Wrist_01__swing_0005,540,3623405,3017,-0.60631,180.52,532,0,5,,0.5840,0.8773,1,0.4799,0.3328,0.8118,-2.75254,-0.38905,0,-,-,-,0,-,-,-,ray,143.000,0,-,-,305.57,293.55,845.50,385.31,271.28,22.27,-0.01745,93.631,12.661,0.8752,raw,0,-,0,-,-,309.12,311.62
2026-07-04_Mark-Liversedge_Wrist_01__swing_0005,541,3629955,3209,-0.86192,175.23,532,0,5,,0.5669,0.9294,1,0.3690,0.4303,0.8238,-2.66024,-0.48135,0,-,-,-,0,-,-,-,ray,140.000,0,-,-,308.01,283.77,843.42,373.31,256.73,27.04,-0.01745,95.361,21.132,0.8624,raw,0,-,0,-,-,309.12,311.62
2026-07-04_Mark-Liversedge_Wrist_01__swing_0005,542,3636722,3120,-1.05993,171.79,1,1,5,,0.5557,0.9624,1,0.2717,0.4848,0.8314,-2.61367,-0.52793,0,-,-,-,0,-,-,-,pred,139.000,0,-,-,307.87,275.57,839.83,361.76,242.73,32.84,0.10472,67.576,18.538,0.8303,raw,0,-,0,-,-,309.12,311.62
2026-07-04_Mark-Liversedge_Wrist_01__swing_0005,543,3643323,3207,-1.17152,170.55,1,1,5,,0.5517,0.9767,1,0.2145,0.5083,0.8340,-2.59423,-0.54737,0,-,-,-,0,-,-,-,pred,136.000,0,-,-,304.88,269.15,835.21,351.36,230.11,39.04,0.15708,66.315,25.980,0.7982,raw,0,-,0,-,-,309.12,311.62
2026-07-04_Mark-Liversedge_Wrist_01__swing_0005,544,3650030,3352,-1.27522,171.31,1,1,5,,0.5542,0.9869,1,0.1614,0.5301,0.8324,-2.57449,-0.56711,0,-,-,-,0,-,-,-,ray,134.000,0,-,-,298.49,264.09,830.07,341.50,218.15,45.94,0.15708,57.974,22.112,0.7661,raw,0,-,0,-,-,309.12,311.62
2026-07-04_Mark-Liversedge_Wrist_01__swing_0005,545,3656707,3235,-1.37953,173.83,1,1,5,,0.5624,0.9943,1,0.1069,0.5521,0.8269,-2.55289,-0.58870,0,-,-,-,0,-,-,-,ray,130.000,0,-,-,289.25,260.07,824.95,332.22,206.90,53.18,0.15708,67.394,19.907,0.1500,raw,0,-,0,-,-,309.12,311.62
2026-07-04_Mark-Liversedge_Wrist_01__swing_0005,546,3663578,3097,-1.49715,177.95,1,1,5,,0.5757,0.9991,1,0.0424,0.5741,0.8177,-2.52946,-0.61213,0,-,-,-,0,-,-,-,ray,123.000,0,-,-,276.77,256.82,820.12,323.16,195.91,60.90,0.17453,61.473,15.355,0.1500,raw,0,-,0,-,-,309.12,311.62
2026-07-04_Mark-Liversedge_Wrist_01__swing_0005,547,3670120,3359,-1.60636,182.79,1,1,5,,0.5913,0.9998,1,-0.0210,0.5910,0.8064,-2.50917,-0.63242,0,-,-,-,0,-,-,-,ray,115.000,0,-,-,262.66,254.27,815.99,314.87,185.86,68.41,0.17453,43.507,4.272,0.1500,raw,0,-,0,-,-,309.12,311.62
2026-07-04_Mark-Liversedge_Wrist_01__swing_0005,548,3676864,3271,-1.71132,188.46,17,1,5,,0.6097,0.9963,1,-0.0854,0.6037,0.7926,-2.49072,-0.65087,0,-,-,-,0,-,-,-,ray,115.000,0,-,0.20499,246.58,251.99,812.20,306.68,175.92,76.07,2.82743,38.408,3.099,0.8496,raw,0,-,0,-,-,309.12,311.62
2026-07-04_Mark-Liversedge_Wrist_01__swing_0005,549,3683555,3174,-1.81710,194.47,17,1,5,,0.6291,0.9882,1,-0.1534,0.6101,0.7773,-2.47612,-0.66547,0,-,-,-,0,-,-,-,ray,115.000,0,-,0.20499,229.65,249.90,808.73,298.87,166.46,83.45,2.19911,39.583,1.789,0.6827,raw,0,-,0,-,-,309.12,311.62
2026-07-04_Mark-Liversedge_Wrist_01__swing_0005,550,3690208,3260,-1.91255,200.39,17,1,5,,0.6483,0.9761,1,-0.2173,0.6108,0.7614,-2.46552,-0.67607,0,-,-,-,0,-,-,-,ray,115.000,0,-,0.20499,212.67,247.83,805.34,291.36,157.35,90.48,2.04204,49.650,1.901,0.7341,raw,0,-,0,-,-,309.12,311.62
2026-07-04_Mark-Liversedge_Wrist_01__swing_0005,551,3697071,3092,-1.99234,206.29,17,1,5,,0.6673,0.9620,1,-0.2731,0.6089,0.7448,-2.45621,-0.68538,0,-,-,-,0,-,-,-,ray,113.000,0,-,0.20499,195.71,245.56,801.65,283.88,148.28,97.28,1.90241,46.711,0.051,0.8945,raw,0,-,0,-,-,309.12,311.62
2026-07-04_Mark-Liversedge_Wrist_01__swing_0005,552,3703801,3033,-2.04362,211.90,17,1,5,,0.6855,0.9500,1,-0.3122,0.6103,0.7281,-2.44396,-0.69764,0,-,-,-,1,1.93732,0.20230,14.50,seg,112.000,0,-,0.20933,180.24,243.10,797.68,276.85,139.75,103.35,1.83260,89.570,53.484,0.7341,raw,0,-,0,-,-,309.12,311.62
2026-07-04_Mark-Liversedge_Wrist_01__swing_0005,553,3710303,3300,-2.08632,217.20,17,1,5,,0.7026,0.9381,1,-0.3464,0.6113,0.7116,-2.43183,-0.70976,0,-,-,-,1,1.90241,0.20230,73.82,seg,110.000,0,-,0.20499,166.69,240.47,793.43,270.46,132.00,108.47,1.71042,46.262,9.521,0.8945,raw,0,-,0,-,-,309.12,311.62
2026-07-04_Mark-Liversedge_Wrist_01__swing_0005,554,3717218,3211,-2.13958,222.72,17,1,6,,0.7205,0.9216,1,-0.3881,0.6071,0.6935,-2.42253,-0.71906,0,-,-,-,0,-,-,-,ray,110.000,0,-,0.21258,154.37,237.32,788.43,264.18,124.39,112.93,1.62316,43.203,8.407,0.8945,raw,0,-,0,-,-,309.12,311.62
2026-07-04_Mark-Liversedge_Wrist_01__swing_0005,555,3723777,3207,-2.20878,228.04,17,1,6,,0.7377,0.8983,1,-0.4394,0.5926,0.6751,-2.42120,-0.72040,0,-,-,-,0,-,-,-,ray,109.000,0,-,0.20499,144.56,234.02,783.34,258.62,117.64,116.38,1.44862,47.451,8.418,0.8945,raw,0,-,0,-,-,309.12,311.62
2026-07-04_Mark-Liversedge_Wrist_01__swing_0005,556,3730447,3221,-2.39616,236.24,532,0,6,,0.7642,0.8274,1,-0.5616,0.5184,0.6449,-2.46456,-0.67703,0,-,-,-,0,-,-,-,ray,108.000,0,-,-,136.62,230.37,777.54,253.27,111.15,119.22,1.39626,46.857,8.513,0.8945,raw,0,-,0,-,-,309.12,311.62
2026-07-04_Mark-Liversedge_Wrist_01__swing_0005,557,3737189,3122,-2.67874,247.07,20,0,6,,0.7993,0.6989,1,-0.7152,0.3569,0.6010,-2.60570,-0.53589,0,-,-,-,1,1.88496,0.20230,51.48,seg,107.000,0,-,-,130.77,226.38,771.40,247.85,104.59,121.80,1.34390,43.905,7.443,0.8945,raw,0,-,0,-,-,309.12,311.62
2026-07-04_Mark-Liversedge_Wrist_01__swing_0005,558,3743738,3297,-2.95231,257.56,20,0,6,,0.8332,0.5747,1,-0.8183,0.1568,0.5529,-2.86531,-0.27628,0,-,-,-,0,-,-,-,ray,106.000,0,-,-,127.42,222.22,765.37,242.64,98.26,123.96,1.34390,36.853,10.853,0.8945,raw,0,-,0,-,-,309.12,311.62
2026-07-04_Mark-Liversedge_Wrist_01__swing_0005,559,3750539,3179,-3.23565,268.43,20,0,6,,0.8684,0.5026,1,-0.8645,-0.0816,0.4959,2.97860,0.16299,0,-,-,-,0,-,-,-,ray,105.000,0,-,-,124.74,217.82,759.09,237.45,91.97,125.84,1.32645,33.744,3.596,0.8945,raw,0,-,0,-,-,309.12,311.62
2026-07-04_Mark-Liversedge_Wrist_01__swing_0005,560,3757402,3000,-3.50316,279.42,20,0,6,,0.9039,0.5340,1,-0.8455,-0.3198,0.4277,2.49960,0.64199,0,-,-,-,1,1.81514,0.20230,167.74,seg,104.000,0,-,-,123.65,213.35,752.70,232.47,85.93,127.42,1.78024,32.173,0.978,0.8752,raw,0,-,0,-,-,309.12,311.62
2026-07-04_Mark-Liversedge_Wrist_01__swing_0005,561,3764054,3089,-3.74521,290.03,20,0,6,,0.9382,0.6351,1,-0.7724,-0.5326,0.3460,2.14693,0.99466,0,-,-,-,1,1.83260,0.20230,108.42,seg,104.000,0,-,-,124.28,208.97,746.31,227.69,80.14,128.83,1.81514,35.612,8.479,0.8945,raw,0,-,0,-,-,309.12,311.62
2026-07-04_Mark-Liversedge_Wrist_01__swing_0005,562,3770663,3282,-3.99266,300.47,20,0,6,,0.9720,0.7678,1,-0.6407,-0.7310,0.2348,1.88165,1.25994,0,-,-,-,1,1.83260,0.20230,21.82,seg,104.000,0,-,-,125.95,204.56,740.02,223.25,74.75,129.80,1.76278,32.567,5.505,0.6635,raw,0,-,0,-,-,309.12,311.62
2026-07-04_Mark-Liversedge_Wrist_01__swing_0005,563,3777310,3255,-4.20769,311.08,20,0,6,,1.0000,0.8753,1,-0.4835,-0.8753,0.0000,1.57080,1.57080,0,-,-,-,1,1.81514,0.20230,140.45,seg,103.000,0,-,-,128.35,200.20,734.03,219.43,70.12,130.08,1.81514,28.238,2.867,0.8945,raw,0,-,0,-,-,309.12,311.62
2026-07-04_Mark-Liversedge_Wrist_01__swing_0006,380,2545550,-3216,1.81514,296.65,17,1,0,address,0.9906,0.9709,1,-0.2397,-0.9612,0.1367,1.71204,1.42955,0,-,-,-,0,-,-,-,pred,214.000,0,-,0.14395,274.46,532.43,705.67,614.35,536.11,3.68,-2.80998,42.721,2.658,0.8393,raw,0,-,1,1.02102,33.56,299.46,356.87
2026-07-04_Mark-Liversedge_Wrist_01__swing_0006,381,2552295,3274,1.81514,295.99,17,1,0,address,0.9884,0.9710,1,-0.2391,-0.9590,0.1519,1.72793,1.41366,0,-,-,-,0,-,-,-,pred,214.000,0,-,0.17070,274.22,531.60,705.68,613.08,534.60,3.01,-2.84489,42.489,2.304,0.8225,raw,0,-,1,1.02102,32.49,299.46,356.87
2026-07-04_Mark-Liversedge_Wrist_01__swing_0006,382,2559002,3284,1.82406,294.59,17,1,0,address,0.9837,0.9691,1,-0.2465,-0.9524,0.1796,1.75723,1.38436,0,-,-,-,0,-,-,-,pred,214.000,0,-,0.14522,273.95,530.53,705.94,611.08,532.22,1.69,-2.84489,46.790,6.607,0.8001,raw,0,-,1,1.02102,32.28,299.46,356.87
2026-07-04_Mark-Liversedge_Wrist_01__swing_0006,383,2565684,3261,1.84150,292.40,17,1,0,address,0.9764,0.9653,1,-0.2611,-0.9408,0.2160,1.79643,1.34516,0,-,-,-,0,-,-,-,pred,214.000,0,-,0.14650,273.73,529.58,706.20,608.95,529.68,0.11,-2.19912,42.026,1.448,0.8954,raw,0,-,1,1.02102,32.92,299.46,356.87
2026-07-04_Mark-Liversedge_Wrist_01__swing_0006,384,2572508,3111,1.85937,289.38,17,1,0,address,0.9663,0.9614,1,-0.2750,-0.9264,0.2573,1.84175,1.29984,0,-,-,-,0,-,-,-,pred,214.000,0,-,0.16178,273.66,529.08,706.03,607.64,528.12,0.96,-2.56563,46.058,5.643,0.8954,raw,0,-,0,-,-,299.46,356.87
2026-07-04_Mark-Liversedge_Wrist_01__swing_0006,385,2579063,3441,1.86750,285.94,17,1,0,address,0.9548,0.9602,1,-0.2792,-0.9131,0.2971,1.88536,1.25624,0,-,-,-,0,-,-,-,pred,214.000,0,-,0.14904,273.79,529.22,705.22,607.87,528.39,0.84,-2.56563,45.303,6.842,0.8954,raw,0,-,0,-,-,299.46,356.87
2026-07-04_Mark-Liversedge_Wrist_01__swing_0006,386,2585805,3263,1.88506,281.96,17,1,0,address,0.9415,0.9567,1,-0.2910,-0.8954,0.3369,1.93063,1.21096,0,-,-,-,0,-,-,-,pred,214.000,0,-,0.21529,274.08,529.85,703.75,609.73,530.61,0.76,-2.84489,52.961,11.394,0.8001,raw,0,-,0,-,-,299.46,356.87
2026-07-04_Mark-Liversedge_Wrist_01__swing_0006,387,2592522,3177,1.91150,277.77,17,1,0,address,0.9276,0.9508,1,-0.3099,-0.8742,0.3737,1.97471,1.16688,0,-,-,-,0,-,-,-,pred,214.000,0,-,0.22548,274.43,530.64,701.88,612.31,533.68,3.04,-2.84489,48.179,5.641,0.8001,raw,0,-,0,-,-,299.46,356.87
2026-07-04_Mark-Liversedge_Wrist_01__swing_0006,388,2599237,3227,1.92899,273.85,17,1,0,address,0.9145,0.9472,1,-0.3206,-0.8564,0.4047,2.01219,1.12940,0,-,-,-,0,-,-,-,pred,214.000,0,-,0.21146,274.73,531.35,699.82,614.76,536.61,5.26,-2.84489,45.451,1.737,0.8393,raw,0,-,0,-,-,299.46,356.87
2026-07-04_Mark-Liversedge_Wrist_01__swing_0006,389,2605990,3298,1.94633,270.47,17,1,0,address,0.9032,0.9435,1,-0.3313,-0.8402,0.4293,2.04312,1.09847,0,-,-,-,0,-,-,-,pred,214.000,0,-,0.26284,275.02,532.06,697.69,616.46,538.63,6.57,-2.49582,44.268,0.902,0.8954,raw,0,-,0,-,-,299.46,356.87
2026-07-04_Mark-Liversedge_Wrist_01__swing_0006,390,2612737,3105,1.96395,267.79,17,1,0,address,0.8942,0.9395,1,-0.3426,-0.8260,0.4476,2.06742,1.07417,0,-,-,-,0,-,-,-,pred,214.000,0,-,0.34395,275.30,532.84,695.39,618.11,540.60,7.76,-2.49582,46.333,6.774,0.8954,raw,0,-,0,-,-,299.46,356.87
2026-07-04_Mark-Liversedge_Wrist_01__swing_0006,391,2619307,3400,1.97663,266.03,17,1,0,address,0.8883,0.9365,1,-0.3507,-0.8162,0.4592,2.08326,1.05833,0,-,-,-,0,-,-,-,pred,214.000,0,-,0.34522,275.54,533.44,693.00,619.33,542.05,8.61,-2.49582,46.082,3.628,0.8954,raw,0,-,0,-,-,299.46,356.87
2026-07-04_Mark-Liversedge_Wrist_01__swing_0006,392,2626124,3114,1.96725,265.06,17,1,0,address,0.8851,0.9398,1,-0.3418,-0.8165,0.4654,2.08884,1.05275,0,-,-,-,0,-,-,-,pred,214.000,0,-,0.35159,275.70,533.70,690.44,619.46,542.21,8.51,-2.49582,48.403,6.846,0.8954,raw,0,-,0,-,-,299.46,356.87
2026-07-04_Mark-Liversedge_Wrist_01__swing_0006,393,2632970,2988,1.99354,264.95,17,1,0,address,0.8848,0.9318,1,-0.3630,-0.8069,0.4661,2.09460,1.04699,0,-,-,-,0,-,-,-,pred,214.000,0,-,0.21386,275.76,533.43,687.83,617.90,540.35,6.92,-2.49582,43.140,3.594,0.8954,raw,0,-,0,-,-,299.46,356.87
2026-07-04_Mark-Liversedge_Wrist_01__swing_0006,394,2639358,3374,2.01144,265.63,17,1,0,address,0.8870,0.9257,1,-0.3783,-0.8023,0.4617,2.09303,1.04856,0,-,-,-,0,-,-,-,pred,214.000,0,-,0.20510,275.75,532.82,685.32,614.65,536.47,3.65,-2.51327,43.972,1.897,0.8954,raw,0,-,0,-,-,299.46,356.87
2026-07-04_Mark-Liversedge_Wrist_01__swing_0006,395,2646125,3204,2.03431,267.20,17,1,0,address,0.8923,0.9170,1,-0.3989,-0.7981,0.4515,2.08566,1.05594,0,-,-,-,0,-,-,-,pred,214.000,0,-,-,275.67,532.03,682.60,610.30,531.29,0.74,-2.51327,46.673,1.247,0.8954,raw,0,-,0,-,-,299.46,356.87
2026-07-04_Mark-Liversedge_Wrist_01__swing_0006,396,2652910,3119,2.05422,269.65,1,1,0,address,0.9004,0.9082,1,-0.4185,-0.7973,0.4350,2.07024,1.07135,0,-,-,-,0,-,-,-,pred,214.000,0,-,-,275.50,531.31,679.81,605.85,525.99,5.32,-2.51327,48.590,5.715,0.8954,raw,0,-,0,-,-,299.46,356.87
2026-07-04_Mark-Liversedge_Wrist_01__swing_0006,397,2659519,3194,2.02837,272.81,1,1,0,address,0.9110,0.9154,1,-0.4025,-0.8173,0.4124,2.03813,1.10347,0,-,-,-,0,-,-,-,pred,214.000,0,-,-,275.26,530.70,677.05,602.07,521.48,9.21,1.16937,55.578,3.231,0.8393,raw,0,-,0,-,-,299.46,356.87
2026-07-04_Mark-Liversedge_Wrist_01__swing_0006,398,2666225,3206,1.99304,276.68,17,1,0,address,0.9239,0.9255,1,-0.3786,-0.8428,0.3826,1.99698,1.14461,0,-,-,-,0,-,-,-,pred,213.000,0,-,0.23793,274.92,530.08,674.18,598.20,516.87,13.20,1.06465,60.453,13.326,0.8954,raw,0,-,0,-,-,299.46,356.87
2026-07-04_Mark-Liversedge_Wrist_01__swing_0006,399,2672887,3168,2.10426,280.97,17,1,0,address,0.9382,0.8788,1,-0.4771,-0.8079,0.3460,1.97543,1.16617,0,-,-,-,0,-,-,-,pred,210.000,0,-,-,274.55,529.47,671.29,594.52,512.48,16.99,1.16937,65.812,16.811,0.8954,raw,0,-,0,-,-,299.46,356.87
2026-07-04_Mark-Liversedge_Wrist_01__swing_0006,400,2679619,3216,2.22988,285.42,17,1,1,,0.9531,0.8120,1,-0.5837,-0.7535,0.3026,1.95272,1.18887,0,-,-,-,0,-,-,-,pred,210.000,0,-,0.31149,274.18,528.90,668.38,591.36,508.71,20.18,1.16937,66.624,11.666,0.8954,raw,0,-,0,-,-,299.46,356.87
2026-07-04_Mark-Liversedge_Wrist_01__swing_0006,401,2686478,3020,2.25788,289.76,17,1,1,,0.9676,0.7895,1,-0.6137,-0.7481,0.2525,1.89632,1.24527,0,-,-,-,0,-,-,-,pred,211.000,0,-,0.31149,273.84,528.33,665.48,589.06,505.98,22.35,1.18682,67.966,14.377,0.8786,raw,0,-,0,-,-,299.46,356.87
2026-07-04_Mark-Liversedge_Wrist_01__swing_0006,402,2692984,3234,2.29576,293.43,17,1,1,,0.9799,0.7601,1,-0.6498,-0.7334,0.1997,1.83660,1.30499,0,-,-,-,0,-,-,-,pred,211.000,0,-,0.26552,273.51,527.81,662.81,587.75,504.42,23.39,1.18682,71.301,14.410,0.8954,raw,0,-,0,-,-,299.46,356.87
2026-07-04_Mark-Liversedge_Wrist_01__swing_0006,403,2699764,3150,2.33567,296.58,17,1,1,,0.9904,0.7278,1,-0.6858,-0.7145,0.1385,1.76221,1.37938,0,-,-,-,0,-,-,-,pred,211.000,0,-,0.31034,273.17,527.31,660.02,586.92,503.43,23.88,1.11701,71.449,18.109,0.8954,raw,0,-,0,-,-,299.46,356.87
2026-07-04_Mark-Liversedge_Wrist_01__swing_0006,404,2706448,3316,2.37420,298.92,17,1,1,,0.9982,0.6956,1,-0.7184,-0.6930,0.0604,1.65780,1.48379,0,-,-,-,0,-,-,-,pred,211.000,0,-,0.31034,272.81,526.90,657.19,586.42,502.83,24.07,-2.25147,54.955,0.564,0.8954,raw,0,-,0,-,-,299.46,356.87
2026-07-04_Mark-Liversedge_Wrist_01__swing_0006,405,2713124,3257,2.40883,300.56,17,1,1,,1.0000,0.6689,1,-0.7433,-0.6689,0.0000,1.57080,1.57080,0,-,-,-,0,-,-,-,pred,211.000,0,-,0.24368,272.48,526.67,654.27,585.99,502.32,24.35,1.13446,55.583,0.029,0.8954,raw,0,-,0,-,-,299.46,356.87
2026-07-04_Mark-Liversedge_Wrist_01__swing_0006,406,2719804,3191,2.44407,301.60,17,1,1,,1.0000,0.6423,1,-0.7664,-0.6423,0.0000,1.57080,1.57080,0,-,-,-,0,-,-,-,ray,211.000,0,-,0.20575,272.15,526.59,651.43,585.68,501.95,24.64,-2.28638,53.564,6.639,0.8954,raw,0,-,0,-,-,299.46,356.87
2026-07-04_Mark-Liversedge_Wrist_01__swing_0006,407,2726523,3084,2.47954,302.10,17,1,1,,1.0000,0.6147,1,-0.7887,-0.6147,0.0000,1.57080,1.57080,0,-,-,-,0,-,-,-,ray,211.000,0,-,0.23793,271.77,526.38,648.40,585.67,501.94,24.44,-2.40855,55.758,11.148,0.8954,raw,0,-,0,-,-,299.46,356.87
2026-07-04_Mark-Liversedge_Wrist_01__swing_0006,408,2733111,3367,2.54032,302.16,17,1,1,,1.0000,0.5657,1,-0.8246,-0.5657,0.0000,1.57080,1.57080,0,-,-,-,0,-,-,-,ray,211.000,0,-,0.19848,271.26,525.83,644.99,586.07,502.42,23.41,-2.40855,51.915,6.793,0.8954,raw,0,-,0,-,-,299.46,356.87
2026-07-04_Mark-Liversedge_Wrist_01__swing_0006,409,2739846,-3368,2.60479,301.89,17,1,1,,1.0000,0.5114,1,-0.8593,-0.5114,0.0000,1.57080,1.57080,0,-,-,-,0,-,-,-,ray,211.000,0,-,0.21954,270.61,524.75,640.68,587.18,503.73,21.01,1.27409,55.873,6.188,0.8954,raw,0,-,0,-,-,299.46,356.87
2026-07-04_Mark-Liversedge_Wrist_01__swing_0006,410,2746624,3267,2.62672,301.36,1,1,1,,1.0000,0.4924,1,-0.8704,-0.4924,0.0000,1.57080,1.57080,0,-,-,-,0,-,-,-,ray,211.000,0,-,-,269.86,523.32,635.61,589.17,506.11,17.22,1.32645,69.700,18.220,0.8954,raw,0,-,0,-,-,299.46,356.87
2026-07-04_Mark-Liversedge_Wrist_01__swing_0006,411,2753292,3227,2.64911,300.62,1,1,1,,1.0000,0.4728,1,-0.8812,-0.4728,0.0000,1.57080,1.57080,0,-,-,-,0,-,-,-,ray,211.000,0,-,-,268.97,521.74,630.13,591.48,508.87,12.88,1.34390,73.249,19.846,0.8954,raw,0,-,0,-,-,299.46,356.87
2026-07-04_Mark-Liversedge_Wrist_01__swing_0006,412,2759973,3170,2.69766,299.74,17,1,1,,1.0000,0.4295,1,-0.9031,-0.4295,0.0000,1.57080,1.57080,0,-,-,-,0,-,-,-,ray,211.000,0,-,0.29425,267.88,520.16,624.39,593.44,511.20,8.96,1.37881,73.576,19.146,0.8954,raw,0,-,0,-,-,299.46,356.87
2026-07-04_Mark-Liversedge_Wrist_01__swing_0006,413,2766592,3315,2.74496,298.80,17,1,1,,0.9978,0.3912,1,-0.9203,-0.3855,0.0667,1.74219,1.39940,0,-,-,-,0,-,-,-,ray,211.000,0,-,0.29176,266.58,518.62,618.61,594.66,512.66,5.96,1.41372,59.310,20.393,0.8954,mot,0,-,0,-,-,299.46,356.87
2026-07-04_Mark-Liversedge_Wrist_01__swing_0006,414,2773473,3068,2.78980,297.78,17,1,1,,0.9944,0.3586,1,-0.9335,-0.3426,0.1058,1.87041,1.27118,0,-,-,-,0,-,-,-,ray,211.000,0,-,0.29080,264.99,516.97,612.25,595.54,513.70,3.27,-2.04204,52.336,8.450,0.8393,raw,0,-,0,-,-,299.46,356.87
2026-07-04_Mark-Liversedge_Wrist_01__swing_0006,415,2780025,3321,2.83679,296.81,17,1,1,,0.9911,0.3257,0,-0.9455,-0.2975,0.1328,1.99058,1.15101,0,-,-,-,0,-,-,-,ray,211.000,0,-,-,263.35,515.33,606.06,595.89,514.12,1.21,-2.04204,54.485,12.995,0.8225,raw,0,-,0,-,-,299.46,356.87
2026-07-04_Mark-Liversedge_Wrist_01__swing_0006,416,2786775,3262,2.88470,295.83,17,1,1,,0.9879,0.2951,0,-0.9555,-0.2510,0.1552,2.12470,1.01690,0,-,-,-,0,-,-,-,ray,211.000,0,-,-,261.56,513.55,599.83,595.57,513.73,0.18,-2.04204,55.122,5.551,0.8281,raw,0,-,0,-,-,299.46,356.87
2026-07-04_Mark-Liversedge_Wrist_01__swing_0006,417,2793515,3160,2.96084,294.86,17,1,1,,0.9846,0.2487,0,-0.9686,-0.1770,0.1747,2.34970,0.79190,0,-,-,-,0,-,-,-,ray,211.000,0,-,0.27007,259.69,511.78,594.05,594.10,511.98,0.20,-2.04204,53.705,5.377,0.8169,raw,0,-,0,-,-,299.46,356.87
2026-07-04_Mark-Liversedge_Wrist_01__swing_0006,418,2800135,3310,3.04191,293.89,17,1,1,,0.9814,0.2155,0,-0.9765,-0.0977,0.1921,2.67126,0.47033,0,-,-,-,0,-,-,-,ray,213.000,0,-,0.26667,257.76,510.03,588.65,591.60,509.01,1.02,-2.05949,55.312,3.899,0.7609,raw,0,-,0,-,-,299.46,356.87
2026-07-04_Mark-Liversedge_Wrist_01__swing_0006,419,2806836,3151,3.10344,292.82,17,1,1,,0.9778,0.2128,0,-0.9771,-0.0373,0.2095,2.96540,0.17619,0,-,-,-,0,-,-,-,pred,217.000,0,-,0.26092,255.68,508.01,583.38,588.36,505.14,2.87,-2.05949,53.508,9.921,0.7441,raw,0,-,0,-,-,299.46,356.87
2026-07-04_Mark-Liversedge_Wrist_01__swing_0006,420,2813490,3261,3.15998,291.62,17,1,1,,0.9738,0.2281,0,-0.9736,0.0179,0.2274,-3.06301,-0.07859,0,-,-,-,0,-,-,-,ray,225.000,0,-,0.25747,253.47,505.58,578.24,584.96,501.09,4.49,-2.02458,45.344,6.487,0.7721,raw,0,-,0,-,-,299.46,356.87
2026-07-04_Mark-Liversedge_Wrist_01__swing_0006,421,2820303,3214,3.21729,290.17,17,1,1,,0.9690,0.2578,0,-0.9662,0.0733,0.2471,-2.85332,-0.28827,0,-,-,-,0,-,-,-,ray,225.000,0,-,0.25172,251.13,502.75,573.02,581.70,497.20,5.55,-2.53073,43.638,0.083,0.8786,raw,0,-,0,-,-,299.46,356.87
2026-07-04_Mark-Liversedge_Wrist_01__swing_0006,422,2826998,3222,3.27804,288.42,17,1,1,,0.9631,0.2992,0,-0.9542,0.1310,0.2690,-2.68842,-0.45317,0,-,-,-,1,3.94444,0.26552,18.05,seg,225.000,0,-,0.22874,248.74,499.68,567.95,578.53,493.43,6.25,-2.58309,51.572,5.705,0.8954,raw,0,-,0,-,-,299.46,356.87
2026-07-04_Mark-Liversedge_Wrist_01__swing_0006,423,2833639,3238,3.33877,286.29,17,1,1,,0.9560,0.3480,0,-0.9375,0.1873,0.2933,-2.57335,-0.56824,0,-,-,-,1,3.92699,0.25517,7.57,seg,225.000,0,-,0.24078,246.14,496.09,563.00,575.28,489.55,6.53,-0.12217,47.259,2.074,0.8954,raw,0,-,0,-,-,299.46,356.87
2026-07-04_Mark-Liversedge_Wrist_01__swing_0006,424,2840357,3226,3.40019,283.75,17,1,1,,0.9475,0.4011,1,-0.9160,0.2423,0.3197,-2.49303,-0.64857,0,-,-,-,0,-,-,-,ray,225.000,0,-,0.22069,243.03,491.45,558.10,571.77,485.37,6.08,-2.49582,45.285,6.893,0.8954,raw,0,-,0,-,-,299.46,356.87
2026-07-04_Mark-Liversedge_Wrist_01__swing_0006,425,2846990,3267,3.46521,280.92,17,1,1,,0.9381,0.4571,1,-0.8894,0.2983,0.3464,-2.43063,-0.71096,0,-,-,-,1,3.90954,0.27126,121.02,seg,225.000,0,-,0.21494,239.40,485.85,553.37,568.03,480.92,4.94,-2.54818,41.296,1.060,0.8449,raw,0,-,0,-,-,299.46,356.87
2026-07-04_Mark-Liversedge_Wrist_01__swing_0006,426,2853777,3209,3.53134,277.81,17,1,1,,0.9277,0.5135,1,-0.8581,0.3525,0.3734,-2.38498,-0.75662,0,-,-,-,1,3.90954,0.23563,6.00,seg,225.000,0,-,0.22343,235.19,479.21,548.55,564.05,476.17,3.04,-0.05236,54.343,9.297,0.8954,raw,0,-,0,-,-,299.46,356.87
2026-07-04_Mark-Liversedge_Wrist_01__swing_0006,427,2860479,3473,3.59548,274.68,17,1,1,,0.9172,0.5661,1,-0.8244,0.4022,0.3983,-2.35140,-0.79019,0,-,-,-,1,3.91826,0.26247,103.80,seg,225.000,0,-,0.22069,230.86,471.96,543.94,559.84,471.15,0.81,-2.47837,49.194,0.433,0.8954,raw,0,-,0,-,-,299.46,356.87
2026-07-04_Mark-Liversedge_Wrist_01__swing_0006,428,2867257,3137,3.67058,271.44,17,1,1,,0.9064,0.6226,1,-0.7825,0.4574,0.4224,-2.31641,-0.82518,0,-,-,-,1,3.93572,0.17462,190.99,seg,225.000,0,-,0.23793,226.60,464.20,539.55,555.17,465.59,1.40,0.06981,53.057,4.121,0.8954,raw,0,-,0,-,-,299.46,356.87
2026-07-04_Mark-Liversedge_Wrist_01__swing_0006,429,2873823,3209,3.74940,268.29,17,1,1,,0.8959,0.6776,1,-0.7354,0.5116,0.4443,-2.28586,-0.85574,0,-,-,-,1,3.94444,0.17462,219.63,seg,225.000,0,-,0.22560,222.47,455.99,535.71,550.08,459.53,3.54,-2.37365,49.707,1.856,0.7721,raw,0,-,0,-,-,299.46,356.87
2026-07-04_Mark-Liversedge_Wrist_01__swing_0006,430,2880515,3398,3.82712,265.28,17,1,1,,0.8859,0.7279,1,-0.6857,0.5608,0.4640,-2.26197,-0.87963,0,-,-,-,0,-,-,-,ray,225.000,0,-,0.22343,218.18,446.97,532.40,544.13,452.43,5.46,1.81514,55.863,19.995,0.8954,raw,0,-,0,-,-,299.46,356.87
2026-07-04_Mark-Liversedge_Wrist_01__swing_0006,431,2887274,3269,3.90572,262.32,17,1,1,,0.8760,0.7746,1,-0.6324,0.6061,0.4824,-2.24302,-0.89857,0,-,-,-,0,-,-,-,ray,225.000,0,-,0.22234,214.13,437.69,529.25,537.79,444.88,7.19,1.69297,48.940,9.455,0.8954,raw,0,-,0,-,-,299.46,356.87
2026-07-04_Mark-Liversedge_Wrist_01__swing_0006,432,2894077,3015,3.98683,259.30,17,1,1,mid-backswing,0.8659,0.8185,1,-0.5746,0.6478,0.5002,-2.22838,-0.91322,0,-,-,-,1,3.96190,0.17462,76.46,seg,227.000,0,-,0.22126,210.83,428.83,525.80,531.60,437.50,8.67,1.76278,46.332,23.427,0.8954,mot,0,-,0,-,-,299.46,356.87
2026-07-04_Mark-Liversedge_Wrist_01__swing_0006,433,2900599,3259,4.06369,256.43,17,1,1,mid-backswing,0.8563,0.8558,1,-0.5173,0.6824,0.5165,-2.21871,-0.92288,0,-,-,-,1,3.99680,0.13908,100.91,seg,228.000,0,-,0.21800,208.75,421.01,521.70,526.26,431.14,10.13,1.74533,50.510,32.526,0.8954,mot,0,-,0,-,-,299.46,356.87
2026-07-04_Mark-Liversedge_Wrist_01__swing_0006,434,2907292,3261,4.14181,253.49,17,1,1,mid-backswing,0.8465,0.8894,1,-0.4572,0.7124,0.5324,-2.21262,-0.92897,0,-,-,-,1,3.97935,0.17462,162.36,seg,228.000,0,-,0.21584,207.55,413.44,516.44,521.32,425.26,11.81,1.72788,46.738,26.633,0.8954,mot,0,-,0,-,-,299.46,356.87
2026-07-04_Mark-Liversedge_Wrist_01__swing_0006,435,2913998,3254,4.22045,250.53,17,1,1,mid-backswing,0.8366,0.9186,1,-0.3952,0.7374,0.5478,-2.20974,-0.93185,0,-,-,-,0,-,-,-,ray,232.000,0,-,0.21041,206.28,405.78,511.07,516.55,419.57,13.79,1.72788,52.983,23.634,0.8954,mot,0,-,0,-,-,299.46,356.87
2026-07-04_Mark-Liversedge_Wrist_01__swing_0006,436,2920722,3444,4.29364,247.67,17,1,1,mid-backswing,0.8271,0.9418,1,-0.3363,0.7556,0.5621,-2.21041,-0.93118,0,-,-,-,0,-,-,-,ray,232.000,0,-,0.20824,204.13,397.55,506.69,511.55,413.61,16.05,-2.23402,69.052,21.371,0.8225,raw,0,-,0,-,-,299.46,356.87
2026-07-04_Mark-Liversedge_Wrist_01__swing_0006,437,2927467,3191,4.36835,244.89,17,1,1,mid-backswing,0.8178,0.9612,1,-0.2758,0.7698,0.5756,-2.21280,-0.92879,0,-,-,-,0,-,-,-,ray,233.000,0,-,0.19310,200.75,388.56,504.42,506.00,407.00,18.44,-2.21657,69.635,16.880,0.8393,raw,0,-,0,-,-,299.46,356.87
2026-07-04_Mark-Liversedge_Wrist_01__swing_0006,438,2934098,3287,4.44712,242.32,1,1,1,mid-backswing,0.8092,0.9772,1,-0.2121,0.7809,0.5876,-2.21587,-0.92573,0,-,-,-,0,-,-,-,ray,235.000,0,-,-,196.77,379.29,504.04,500.23,400.12,20.83,-2.21657,55.408,9.248,0.8954,raw,0,-,0,-,-,299.46,356.87
2026-07-04_Mark-Liversedge_Wrist_01__swing_0006,439,2940824,3352,4.52085,240.06,1,1,1,mid-backswing,0.8016,0.9883,1,-0.1526,0.7870,0.5978,-2.22044,-0.92115,0,-,-,-,0,-,-,-,ray,236.000,0,-,-,192.16,369.57,504.80,494.08,392.79,23.22,-2.18166,59.078,16.337,0.8786,mot,0,-,0,-,-,299.46,356.87
2026-07-04_Mark-Liversedge_Wrist_01__swing_0006,440,2947484,3253,4.58171,238.18,1,1,1,mid-backswing,0.7953,0.9946,1,-0.1036,0.7886,0.6062,-2.22615,-0.91544,0,-,-,-,0,-,-,-,ray,238.000,0,-,-,187.19,359.77,506.10,487.56,385.03,25.26,-2.11185,62.463,7.249,0.8954,raw,0,-,0,-,-,299.46,356.87
2026-07-04_Mark-Liversedge_Wrist_01__swing_0006,441,2954316,3281,4.62588,236.74,1,1,1,mid-backswing,0.7906,0.9977,1,-0.0683,0.7876,0.6124,-2.23169,-0.90990,0,-,-,-,0,-,-,-,ray,240.000,0,-,-,181.40,349.36,507.56,480.37,376.46,27.10,-2.05949,75.555,40.481,0.8954,mot,0,-,0,-,-,299.46,356.87
2026-07-04_Mark-Liversedge_Wrist_01__swing_0006,442,2960970,3213,4.66045,235.90,1,1,1,mid-backswing,0.7877,0.9992,1,-0.0409,0.7867,0.6160,-2.23510,-0.90649,0,-,-,-,0,-,-,-,ray,243.000,0,-,-,175.04,338.84,509.61,472.77,367.39,28.55,-2.04204,113.954,31.730,0.8954,raw,0,-,0,-,-,299.46,356.87
2026-07-04_Mark-Liversedge_Wrist_01__swing_0006,443,2967645,3407,4.68628,235.68,17,1,1,mid-backswing,0.7870,0.9998,1,-0.0205,0.7867,0.6170,-2.23584,-0.90576,0,-,-,-,1,4.26733,0.24403,-8.50,seg,244.000,0,-,0.12039,168.74,328.42,511.94,464.79,357.89,29.47,-2.07694,124.994,89.098,0.8954,mot,0,-,0,-,-,299.46,356.87
2026-07-04_Mark-Liversedge_Wrist_01__swing_0006,444,2974435,3118,4.74035,236.10,1,1,1,mid-backswing,0.7884,0.9998,1,0.0220,0.7881,0.6151,-2.23355,-0.90805,0,-,-,-,0,-,-,-,ray,246.000,0,-,-,163.13,318.46,514.08,456.63,348.16,29.70,-2.05949,155.816,77.164,0.8730,raw,0,-,0,-,-,299.46,356.87
2026-07-04_Mark-Liversedge_Wrist_01__swing_0006,445,2981134,3245,4.86461,237.08,17,1,1,mid-backswing,0.7917,0.9928,1,0.1200,0.7825,0.6109,-2.23368,-0.90791,0,-,-,-,1,4.31096,0.15835,-53.66,seg,247.000,0,-,-,158.65,309.51,514.37,448.73,338.75,29.24,-2.02458,126.811,94.446,0.8169,mot,0,-,0,-,-,299.46,356.87
2026-07-04_Mark-Liversedge_Wrist_01__swing_0006,446,2987732,3215,4.99274,238.36,1,1,1,mid-backswing,0.7960,0.9754,1,0.2202,0.7649,0.6053,-2.24028,-0.90132,0,-,-,-,0,-,-,-,ray,248.000,0,-,-,154.87,301.23,512.32,441.07,329.62,28.39,-2.00713,85.067,47.371,0.7497,mot,0,-,0,-,-,299.46,356.87
2026-07-04_Mark-Liversedge_Wrist_01__swing_0006,447,2994423,3189,5.08496,239.77,1,1,1,mid-backswing,0.8007,0.9566,1,0.2915,0.7457,0.5991,-2.24758,-0.89401,0,-,-,-,0,-,-,-,ray,249.000,0,-,-,151.40,293.11,509.43,433.52,320.62,27.51,0.00000,84.316,4.744,0.1500,raw,0,-,0,-,-,299.46,356.87
2026-07-04_Mark-Liversedge_Wrist_01__swing_0006,448,3001130,3343,5.15386,241.05,1,1,1,mid-backswing,0.8049,0.9390,1,0.3439,0.7277,0.5934,-2.25484,-0.88676,0,-,-,-,0,-,-,-,ray,250.000,0,-,-,147.98,284.96,506.50,426.16,311.85,26.90,0.03491,75.073,1.535,0.8954,raw,0,-,0,-,-,299.46,356.87
2026-07-04_Mark-Liversedge_Wrist_01__swing_0006,449,3007818,3209,5.21480,242.09,1,1,1,mid-backswing,0.8084,0.9211,1,0.3893,0.7085,0.5886,-2.26400,-0.87759,0,-,-,-,0,-,-,-,ray,251.000,0,-,-,145.16,276.99,504.17,418.96,303.27,26.27,0.01745,64.361,10.023,0.8954,raw,0,-,0,-,-,299.46,356.87
2026-07-04_Mark-Liversedge_Wrist_01__swing_0006,450,3014494,3343,5.27137,242.91,1,1,1,mid-backswing,0.8111,0.9028,1,0.4302,0.6877,0.5849,-2.27558,-0.86602,0,-,-,-,1,4.40696,0.17462,25.38,seg,253.000,0,-,-,142.61,268.89,503.15,411.77,294.70,25.81,0.29671,70.541,17.681,0.8954,raw,0,-,0,-,-,299.46,356.87
2026-07-04_Mark-Liversedge_Wrist_01__swing_0006,451,3021378,3024,5.32532,243.61,1,1,1,mid-backswing,0.8135,0.8837,1,0.4680,0.6654,0.5816,-2.28905,-0.85254,0,-,-,-,1,4.41568,0.16269,14.04,seg,254.000,0,-,-,140.12,260.28,503.46,404.23,285.72,25.44,0.38397,65.084,14.897,0.8954,raw,0,-,0,-,-,299.46,356.87
2026-07-04_Mark-Liversedge_Wrist_01__swing_0006,452,3027856,3315,5.37170,244.36,1,1,1,mid-backswing,0.8160,0.8661,1,0.4999,0.6450,0.5780,-2.30152,-0.84007,0,-,-,-,1,4.44186,0.15293,75.38,seg,255.000,0,-,-,138.06,252.09,504.92,397.01,277.11,25.02,0.41888,73.005,24.633,0.8954,raw,0,-,0,-,-,299.46,356.87
2026-07-04_Mark-Liversedge_Wrist_01__swing_0006,453,3034697,3170,5.41604,245.47,1,1,1,mid-backswing,0.8197,0.8478,1,0.5303,0.6250,0.5728,-2.31266,-0.82893,0,-,-,-,1,4.48550,0.13774,63.84,seg,258.000,0,-,-,136.27,243.72,507.34,389.34,267.97,24.25,0.45379,76.350,31.774,0.8954,raw,0,-,0,-,-,299.46,356.87
2026-07-04_Mark-Liversedge_Wrist_01__swing_0006,454,3041230,3242,5.45892,247.05,1,1,1,mid-backswing,0.8250,0.8283,1,0.5602,0.6056,0.5652,-2.32172,-0.81988,0,-,-,-,1,4.52040,0.11822,27.74,seg,260.000,0,-,-,135.03,236.43,510.10,382.11,259.36,22.93,0.48869,72.697,1.538,0.8954,raw,0,-,0,-,-,299.46,356.87
2026-07-04_Mark-Liversedge_Wrist_01__swing_0006,455,3047982,3275,5.51193,249.34,17,1,1,mid-backswing,0.8326,0.8022,1,0.5970,0.5804,0.5538,-2.33278,-0.80881,0,-,-,-,1,4.58149,0.10629,57.69,seg,262.000,0,-,-,134.26,229.97,513.23,374.93,250.80,20.83,0.52360,69.197,16.899,0.8281,raw,0,-,0,-,-,299.46,356.87
2026-07-04_Mark-Liversedge_Wrist_01__swing_0006,456,3054696,3245,5.55938,252.33,17,1,1,mid-backswing,0.8426,0.7755,1,0.6314,0.5580,0.5385,-2.33842,-0.80317,0,-,-,-,1,4.59022,0.09219,-15.25,seg,264.000,0,-,0.23793,133.87,224.59,516.45,368.24,242.83,18.25,0.54105,65.069,21.195,0.8449,raw,0,-,0,-,-,299.46,356.87
2026-07-04_Mark-Liversedge_Wrist_01__swing_0006,457,3061469,3176,5.59010,256.00,17,1,1,mid-backswing,0.8549,0.7533,1,0.6576,0.5462,0.5188,-2.33052,-0.81108,0,-,-,-,1,4.69494,0.07484,33.01,seg,270.000,0,-,0.23793,133.76,220.10,519.85,362.08,235.49,15.39,0.52360,72.781,29.762,0.8954,raw,0,-,0,-,-,299.46,356.87
2026-07-04_Mark-Liversedge_Wrist_01__swing_0006,458,3068105,3246,5.63853,259.99,1,1,1,mid-backswing,0.8682,0.7200,1,0.6939,0.5217,0.4963,-2.33119,-0.81040,0,-,-,-,0,-,-,-,ray,278.000,0,-,-,133.81,216.27,523.51,356.71,229.09,12.82,0.54105,70.639,24.278,0.8954,raw,0,-,0,-,-,299.46,356.87
2026-07-04_Mark-Liversedge_Wrist_01__swing_0006,459,3074775,3172,5.69497,264.09,17,1,1,mid-backswing,0.8819,0.6795,1,0.7337,0.4893,0.4715,-2.33758,-0.80402,0,-,-,-,0,-,-,-,pred,286.000,0,-,0.23793,133.93,212.77,527.61,351.84,223.29,10.52,0.54105,60.461,15.952,0.8954,raw,0,-,0,-,-,299.46,356.87
2026-07-04_Mark-Liversedge_Wrist_01__swing_0006,460,3081467,3298,5.73848,267.97,17,1,1,mid-backswing,0.8948,0.6436,1,0.7653,0.4637,0.4464,-2.33723,-0.80436,0,-,-,-,0,-,-,-,pred,292.000,0,-,0.23793,134.09,209.50,532.32,347.49,218.10,8.60,0.55851,70.472,26.042,0.8954,raw,0,-,0,-,-,299.46,356.87
2026-07-04_Mark-Liversedge_Wrist_01__swing_0006,461,3088252,3414,5.80368,271.45,17,1,1,mid-backswing,0.9065,0.5943,1,0.8042,0.4182,0.4223,-2.36111,-0.78048,0,-,-,-,0,-,-,-,pred,301.000,0,-,0.14815,134.27,206.32,537.57,343.44,213.28,6.96,0.55851,71.200,23.520,0.8954,raw,0,-,0,-,-,299.46,356.87
2026-07-04_Mark-Liversedge_Wrist_01__swing_0006,462,3094930,3207,5.84245,274.54,17,1,1,,0.9168,0.5590,1,0.8292,0.3911,0.3994,-2.36666,-0.77493,0,-,-,-,0,-,-,-,pred,310.000,0,-,0.26464,134.51,203.28,542.94,339.72,208.85,5.57,0.57596,74.687,24.789,0.8954,raw,0,-,0,-,-,299.46,356.87
2026-07-04_Mark-Liversedge_Wrist_01__swing_0006,463,3101726,3130,5.85211,277.32,17,1,1,,0.9261,0.5405,1,0.8413,0.3870,0.3774,-2.34367,-0.79792,0,-,-,-,0,-,-,-,pred,319.000,0,-,0.26681,134.85,200.26,548.12,336.10,204.53,4.27,0.57596,80.398,34.462,0.8954,raw,0,-,0,-,-,299.46,356.87
2026-07-04_Mark-Liversedge_Wrist_01__swing_0006,464,3108342,3174,5.88714,279.66,17,1,1,,0.9339,0.5076,1,0.8616,0.3603,0.3576,-2.35246,-0.78913,0,-,-,-,0,-,-,-,pred,328.000,0,-,0.26247,135.25,197.38,552.50,332.62,200.38,3.00,0.59341,69.901,30.542,0.8954,raw,0,-,0,-,-,299.46,356.87
2026-07-04_Mark-Liversedge_Wrist_01__swing_0006,465,3115069,3335,5.92595,281.78,17,1,1,,0.9409,0.4721,1,0.8815,0.3290,0.3386,-2.37048,-0.77111,0,-,-,-,0,-,-,-,pred,337.000,0,-,0.25488,135.76,194.53,555.99,329.08,196.16,1.63,0.59341,76.519,36.870,0.8954,raw,0,-,0,-,-,299.46,356.87
2026-07-04_Mark-Liversedge_Wrist_01__swing_0006,466,3121735,3135,5.96532,283.75,17,1,1,,0.9475,0.4358,1,0.9001,0.2961,0.3197,-2.39438,-0.74721,0,-,-,-,0,-,-,-,pred,346.000,0,-,0.25057,136.40,191.76,558.57,325.62,192.04,0.28,0.61087,72.512,37.835,0.8954,raw,0,-,0,-,-,299.46,356.87
2026-07-04_Mark-Liversedge_Wrist_01__swing_0006,467,3128447,3177,6.00034,285.66,17,1,1,,0.9539,0.4012,1,0.9160,0.2662,0.3001,-2.41598,-0.72561,0,-,-,-,0,-,-,-,pred,355.000,0,-,0.25271,137.27,189.08,560.59,322.33,188.12,0.96,0.61087,78.845,37.357,0.8954,raw,0,-,0,-,-,299.46,356.87
2026-07-04_Mark-Liversedge_Wrist_01__swing_0006,468,3135087,3329,6.04381,287.43,17,1,1,,0.9598,0.3613,1,0.9324,0.2276,0.2807,-2.46033,-0.68127,0,-,-,-,0,-,-,-,pred,4.000,0,-,-,138.40,186.65,562.42,319.52,184.77,1.88,0.62832,80.449,41.464,0.8954,raw,0,-,0,-,-,299.46,356.87
2026-07-04_Mark-Liversedge_Wrist_01__swing_0006,469,3141803,3286,6.06932,289.13,17,1,1,,0.9655,0.3314,0,0.9435,0.2049,0.2604,-2.47488,-0.66672,0,-,-,-,0,-,-,-,pred,13.000,0,-,0.22017,139.80,184.56,564.40,317.15,181.95,2.61,0.62832,71.926,32.510,0.8954,raw,0,-,0,-,-,299.46,356.87
2026-07-04_Mark-Liversedge_Wrist_01__swing_0006,470,3148504,3194,6.07855,290.75,17,1,1,,0.9709,0.3103,0,0.9507,0.1973,0.2394,-2.45237,-0.68923,0,-,-,-,0,-,-,-,pred,22.000,0,-,0.20824,141.42,183.04,566.59,315.27,179.71,3.33,0.64577,67.231,29.947,0.8954,raw,0,-,0,-,-,299.46,356.87
2026-07-04_Mark-Liversedge_Wrist_01__swing_0006,471,3155186,3203,6.10485,292.26,17,1,1,,0.9759,0.2784,0,0.9605,0.1731,0.2180,-2.47046,-0.67114,0,-,-,-,0,-,-,-,pred,31.000,0,-,0.20174,143.12,182.05,568.94,313.70,177.84,4.21,0.62832,68.375,29.976,0.8954,raw,0,-,0,-,-,299.46,356.87
2026-07-04_Mark-Liversedge_Wrist_01__swing_0006,472,3161951,3088,6.12205,293.67,17,1,1,,0.9807,0.2511,0,0.9680,0.1573,0.1957,-2.46447,-0.67712,0,-,-,-,0,-,-,-,ray,40.000,0,-,0.21386,144.83,181.57,571.36,312.24,176.09,5.48,0.64577,71.650,29.182,0.8954,raw,0,-,0,-,-,299.46,356.87
2026-07-04_Mark-Liversedge_Wrist_01__swing_0006,473,3168596,3210,6.13528,294.93,17,1,1,,0.9849,0.2260,0,0.9741,0.1451,0.1733,-2.44437,-0.69723,0,-,-,-,0,-,-,-,ray,41.000,0,-,0.20908,146.41,181.48,573.66,310.73,174.29,7.19,0.62832,65.668,18.398,0.8954,raw,0,-,0,-,-,299.46,356.87
2026-07-04_Mark-Liversedge_Wrist_01__swing_0006,474,3175264,3369,6.15682,296.05,17,1,1,,0.9886,0.1955,0,0.9807,0.1246,0.1507,-2.45064,-0.69095,0,-,-,-,0,-,-,-,ray,41.000,0,-,0.20191,147.87,181.58,575.87,309.00,172.24,9.34,0.66323,62.364,15.976,0.8954,raw,0,-,0,-,-,299.46,356.87
2026-07-04_Mark-Liversedge_Wrist_01__swing_0006,475,3181947,-3314,6.17843,297.00,17,1,1,,0.9918,0.1647,0,0.9863,0.1037,0.1279,-2.46027,-0.68132,0,-,-,-,0,-,-,-,ray,41.000,0,-,0.19833,149.17,181.70,578.03,306.99,169.84,11.86,0.64577,57.449,16.757,0.8954,raw,0,-,0,-,-,299.46,356.87
2026-07-04_Mark-Liversedge_Wrist_01__swing_0006,476,3188656,3204,6.19166,297.79,17,1,1,,0.9944,0.1393,0,0.9903,0.0909,0.1055,-2.43057,-0.71103,0,-,-,-,0,-,-,-,ray,41.000,0,-,0.18877,150.35,181.71,580.25,304.70,167.11,14.60,0.64577,62.292,23.796,0.8954,raw,0,-,0,-,-,299.46,356.87
2026-07-04_Mark-Liversedge_Wrist_01__swing_0006,477,3195481,3129,6.20060,298.38,17,1,1,,0.9964,0.1181,0,0.9930,0.0822,0.0848,-2.37209,-0.76950,0,-,-,-,0,-,-,-,ray,41.000,0,-,0.18996,151.48,181.53,582.63,302.22,164.16,17.37,0.64577,64.112,19.196,0.8954,raw,0,-,0,-,-,299.46,356.87
2026-07-04_Mark-Liversedge_Wrist_01__swing_0006,478,3202090,3262,6.21365,298.78,17,1,1,,0.9977,0.0968,0,0.9953,0.0693,0.0676,-2.34353,-0.79806,0,-,-,-,0,-,-,-,ray,41.000,0,-,0.17921,152.54,181.15,585.00,299.89,161.38,19.77,0.64577,62.703,14.192,0.8954,raw,0,-,0,-,-,299.46,356.87
2026-07-04_Mark-Liversedge_Wrist_01__swing_0006,479,3208750,3272,6.22210,299.05,17,1,2,,0.9986,0.0804,0,0.9968,0.0610,0.0524,-2.28108,-0.86051,0,-,-,-,0,-,-,-,ray,41.000,0,-,0.18160,153.60,180.63,587.20,297.87,158.97,21.65,0.64577,60.330,18.486,0.8954,raw,0,-,0,-,-,299.46,356.87
2026-07-04_Mark-Liversedge_Wrist_01__swing_0006,480,3215524,3371,6.22655,299.25,1,1,2,,0.9993,0.0682,0,0.9977,0.0566,0.0381,-2.16341,-0.97818,0,-,-,-,0,-,-,-,ray,41.000,0,-,-,154.67,180.01,588.93,296.43,157.26,22.75,0.66323,53.916,14.484,0.8954,raw,0,-,0,-,-,299.46,356.87
2026-07-04_Mark-Liversedge_Wrist_01__swing_0006,481,3222162,3255,6.23083,299.39,17,1,2,,0.9998,0.0566,0,0.9984,0.0523,0.0216,-1.96281,-1.17879,0,-,-,-,0,-,-,-,ray,41.000,0,-,0.18280,155.73,179.39,589.67,295.90,156.63,22.76,0.66323,53.423,11.928,0.8954,raw,0,-,0,-,-,299.46,356.87
2026-07-04_Mark-Liversedge_Wrist_01__swing_0006,482,3228872,3151,6.23083,299.49,17,1,2,,1.0000,0.0523,0,0.9986,0.0523,0.0000,-1.57080,-1.57080,0,-,-,-,0,-,-,-,ray,41.000,0,-,0.18160,156.82,178.75,589.34,296.25,157.04,21.71,0.66323,55.867,16.976,0.8954,raw,0,-,0,-,-,299.46,356.87
2026-07-04_Mark-Liversedge_Wrist_01__swing_0006,483,3235668,3299,6.23083,299.50,17,1,2,,1.0000,0.0523,0,0.9986,0.0523,0.0000,-1.57080,-1.57080,0,-,-,-,0,-,-,-,ray,42.000,0,-,0.18160,157.95,178.12,587.82,297.51,158.54,19.59,0.66323,54.264,12.588,0.8954,raw,0,-,0,-,-,299.46,356.87
2026-07-04_Mark-Liversedge_Wrist_01__swing_0006,484,3242228,-3261,6.22654,299.37,17,1,4,,0.9997,0.0619,0,0.9981,0.0566,0.0251,-1.98884,-1.15275,0,-,-,-,0,-,-,-,ray,42.000,0,-,0.18399,159.08,177.56,585.52,299.26,160.63,16.93,0.68068,59.524,21.538,0.8954,raw,0,-,0,-,-,299.46,356.87
2026-07-04_Mark-Liversedge_Wrist_01__swing_0006,485,3248966,3265,6.22210,299.04,17,1,4,,0.9986,0.0810,0,0.9967,0.0610,0.0533,-2.28904,-0.85255,0,-,-,-,0,-,-,-,ray,42.000,0,-,0.19116,160.30,177.11,582.53,301.37,163.15,13.97,0.68068,55.291,20.017,0.8954,raw,0,-,0,-,-,299.46,356.87
2026-07-04_Mark-Liversedge_Wrist_01__swing_0006,486,3255623,3325,6.21769,298.48,17,1,4,,0.9967,0.1042,0,0.9946,0.0652,0.0812,-2.46482,-0.67677,0,-,-,-,0,-,-,-,ray,42.000,0,-,0.18996,161.54,176.93,579.15,303.43,165.60,11.33,0.68068,52.527,14.707,0.8954,raw,0,-,0,-,-,299.46,356.87
2026-07-04_Mark-Liversedge_Wrist_01__swing_0006,487,3262402,3115,6.20420,297.63,17,1,4,,0.9939,0.1354,0,0.9908,0.0784,0.1104,-2.52389,-0.61770,0,-,-,-,0,-,-,-,ray,42.000,0,-,0.19833,162.84,177.16,575.43,305.27,167.79,9.37,0.68068,49.702,7.893,0.8954,raw,0,-,0,-,-,299.46,356.87
2026-07-04_Mark-Liversedge_Wrist_01__swing_0006,488,3269049,3254,6.19138,296.56,17,1,4,,0.9903,0.1659,0,0.9861,0.0908,0.1389,-2.56253,-0.57907,0,-,-,-,0,-,-,-,ray,42.000,0,-,0.20430,164.13,177.98,571.49,306.67,169.45,8.52,0.71558,53.277,10.441,0.8954,raw,0,-,0,-,-,299.46,356.87
2026-07-04_Mark-Liversedge_Wrist_01__swing_0006,489,3275771,3226,6.17363,295.25,17,1,4,,0.9859,0.1989,0,0.9800,0.1078,0.1672,-2.56880,-0.57280,0,-,-,-,0,-,-,-,ray,42.000,0,-,0.18655,165.45,179.37,567.23,307.76,170.76,8.61,0.71558,45.486,2.433,0.8954,raw,0,-,0,-,-,299.46,356.87
2026-07-04_Mark-Liversedge_Wrist_01__swing_0006,490,3282422,3307,6.15213,293.71,17,1,4,,0.9808,0.2334,0,0.9724,0.1282,0.1951,-2.56028,-0.58131,0,-,-,-,0,-,-,-,ray,42.000,0,-,0.19306,166.81,181.36,562.79,308.72,171.91,9.45,0.78540,43.555,9.322,0.7889,mot,0,-,0,-,-,299.46,356.87
2026-07-04_Mark-Liversedge_Wrist_01__swing_0006,491,3289120,-3391,6.12633,291.94,17,1,4,,0.9749,0.2698,0,0.9629,0.1523,0.2228,-2.54193,-0.59966,0,-,-,-,0,-,-,-,ray,42.000,0,-,0.19848,168.29,183.87,558.15,309.89,173.29,10.58,1.65806,42.826,0.951,0.1500,raw,0,-,0,-,-,299.46,356.87
2026-07-04_Mark-Liversedge_Wrist_01__swing_0006,492,3295821,3199,6.10865,289.88,17,1,4,,0.9680,0.3021,0,0.9533,0.1681,0.2510,-2.55154,-0.59005,0,-,-,-,0,-,-,-,ray,42.000,0,-,-,169.94,186.82,553.39,311.54,175.26,11.56,1.65806,46.756,3.549,0.8954,raw,0,-,0,-,-,299.46,356.87
2026-07-04_Mark-Liversedge_Wrist_01__swing_0006,493,3302568,3216,6.06745,287.53,1,1,4,,0.9601,0.3469,0,0.9379,0.2055,0.2795,-2.50756,-0.63403,0,-,-,-,0,-,-,-,ray,42.000,0,-,-,171.83,190.27,548.51,314.11,178.33,11.94,0.69813,44.312,1.629,0.8954,raw,0,-,0,-,-,299.46,356.87
2026-07-04_Mark-Liversedge_Wrist_01__swing_0006,494,3309381,3163,6.01154,284.97,1,1,4,downswing,0.9516,0.3995,1,0.9167,0.2553,0.3073,-2.44828,-0.69331,0,-,-,-,0,-,-,-,ray,42.000,0,-,-,173.96,194.28,543.44,317.94,182.89,11.39,0.69813,39.000,0.306,0.8954,raw,0,-,0,-,-,299.46,356.87
2026-07-04_Mark-Liversedge_Wrist_01__swing_0006,495,3315883,3298,5.99082,282.31,17,1,4,downswing,0.9427,0.4303,1,0.9027,0.2717,0.3336,-2.45812,-0.68347,0,-,-,-,0,-,-,-,ray,42.000,0,-,0.13620,176.23,198.79,538.43,322.82,188.71,10.08,1.88496,47.729,12.327,0.8954,raw,0,-,0,-,-,299.46,356.87
2026-07-04_Mark-Liversedge_Wrist_01__swing_0006,496,3322709,3126,5.96797,279.29,17,1,4,downswing,0.9326,0.4624,1,0.8867,0.2891,0.3608,-2.46603,-0.67557,0,-,-,-,0,-,-,-,ray,42.000,0,-,0.14456,178.87,204.41,532.91,329.57,196.74,7.66,1.88496,54.312,21.481,0.8954,raw,0,-,0,-,-,299.46,356.87
2026-07-04_Mark-Liversedge_Wrist_01__swing_0006,497,3329345,3350,5.92478,276.25,17,1,4,downswing,0.9225,0.5037,1,0.8639,0.3236,0.3861,-2.44401,-0.69759,0,-,-,-,0,-,-,-,ray,42.000,0,-,0.14456,181.77,210.81,527.46,337.50,206.19,4.61,1.91986,57.133,21.216,0.8954,raw,0,-,0,-,-,299.46,356.87
2026-07-04_Mark-Liversedge_Wrist_01__swing_0006,498,3336023,3242,5.82849,273.02,1,1,4,downswing,0.9117,0.5737,1,0.8191,0.4004,0.4109,-2.36911,-0.77248,0,-,-,-,0,-,-,-,ray,42.000,0,-,-,185.22,218.48,522.08,346.83,217.31,1.17,1.97222,57.665,17.831,0.8449,raw,0,-,0,-,-,299.46,356.87
2026-07-04_Mark-Liversedge_Wrist_01__swing_0006,499,3342733,3271,5.73264,269.64,1,1,4,downswing,0.9004,0.6412,1,0.7674,0.4711,0.4350,-2.31646,-0.82514,0,-,-,-,1,0.73304,0.12644,93.00,seg,41.000,0,-,-,189.27,227.48,517.13,357.47,230.00,2.52,1.79769,49.983,8.709,0.8954,raw,0,-,0,-,-,299.46,356.87
2026-07-04_Mark-Liversedge_Wrist_01__swing_0006,500,3349427,3263,5.66702,266.33,1,1,4,downswing,0.8894,0.6879,1,0.7258,0.5140,0.4572,-2.29783,-0.84376,0,-,-,-,1,0.69813,0.12473,67.76,seg,40.000,0,-,-,194.07,238.26,512.79,369.14,243.90,5.64,1.93732,52.396,5.737,0.8954,raw,0,-,0,-,-,299.46,356.87
2026-07-04_Mark-Liversedge_Wrist_01__swing_0006,501,3356161,3233,5.58802,263.23,1,1,4,downswing,0.8790,0.7378,1,0.6750,0.5630,0.4768,-2.27350,-0.86809,0,-,-,-,0,-,-,-,ray,37.000,0,-,-,199.76,251.44,509.31,381.98,259.20,7.76,0.38397,54.765,4.075,0.8954,raw,0,-,0,-,-,299.46,356.87
2026-07-04_Mark-Liversedge_Wrist_01__swing_0006,502,3362928,3162,5.50409,260.61,1,1,4,downswing,0.8703,0.7852,1,0.6192,0.6115,0.4926,-2.24892,-0.89267,0,-,-,-,0,-,-,-,pred,29.000,0,-,-,206.36,267.20,506.72,395.77,275.64,8.44,0.08727,50.933,0.103,0.8954,raw,0,-,0,-,-,299.46,356.87
2026-07-04_Mark-Liversedge_Wrist_01__swing_0006,503,3369515,3262,5.40031,258.81,1,1,4,downswing,0.8642,0.8360,1,0.5487,0.6677,0.5031,-2.21654,-0.92506,0,-,-,-,0,-,-,-,pred,18.000,0,-,-,213.72,285.23,505.24,409.99,292.59,7.36,-0.01745,79.353,5.849,0.8954,raw,0,-,0,-,-,299.46,356.87
2026-07-04_Mark-Liversedge_Wrist_01__swing_0006,504,3376203,3317,5.28307,257.98,1,1,4,downswing,0.8615,0.8851,1,0.4654,0.7250,0.5078,-2.18184,-0.95975,0,-,-,-,1,0.08727,0.25271,45.46,seg,5.000,0,-,-,221.97,305.49,505.10,425.20,310.71,5.22,0.22689,84.492,11.900,0.8954,raw,0,-,0,-,-,299.46,356.87
2026-07-04_Mark-Liversedge_Wrist_01__swing_0006,505,3383130,3081,5.13780,258.42,1,1,4,downswing,0.8629,0.9344,1,0.3561,0.7860,0.5053,-2.14214,-0.99946,0,-,-,-,0,-,-,-,ray,355.000,0,-,-,231.17,327.86,506.56,441.62,330.27,2.42,0.06981,80.050,40.355,0.8954,raw,0,-,0,-,-,299.46,356.87
2026-07-04_Mark-Liversedge_Wrist_01__swing_0006,506,3389645,3150,4.98863,260.19,1,1,4,downswing,0.8689,0.9715,1,0.2370,0.8359,0.4951,-2.10548,-1.03611,0,-,-,-,0,-,-,-,ray,347.000,0,-,-,240.14,349.41,509.76,457.60,349.31,0.10,-2.05949,97.618,47.946,0.8842,mot,0,-,0,-,-,299.46,356.87
2026-07-04_Mark-Liversedge_Wrist_01__swing_0006,507,3396257,3327,4.78388,263.28,17,1,4,downswing,0.8792,0.9980,1,0.0628,0.8769,0.4765,-2.06855,-1.07304,0,-,-,-,0,-,-,-,wedge,333.000,0,-,0.17787,249.15,371.10,514.72,474.01,368.87,2.23,-2.05949,102.125,52.878,0.8954,raw,0,-,0,-,-,299.46,356.87
2026-07-04_Mark-Liversedge_Wrist_01__swing_0006,508,3403059,3240,4.53389,267.57,1,1,4,downswing,0.8935,0.9873,1,-0.1586,0.8793,0.4491,-2.04300,-1.09859,0,-,-,-,0,-,-,-,wedge,318.000,0,-,-,257.87,392.53,521.42,490.75,388.83,3.71,-2.00713,77.470,21.900,0.8954,raw,0,-,0,-,-,299.46,356.87
2026-07-04_Mark-Liversedge_Wrist_01__swing_0006,509,3409693,3289,4.31361,272.55,1,1,4,downswing,0.9101,0.9355,1,-0.3534,0.8387,0.4144,-2.02967,-1.11192,0,-,-,-,0,-,-,-,ray,312.000,0,-,-,265.60,412.24,529.23,506.48,407.57,4.68,-2.00713,82.924,31.134,0.8954,raw,0,-,0,-,-,299.46,356.87
2026-07-04_Mark-Liversedge_Wrist_01__swing_0006,510,3416455,3246,4.10701,277.94,17,1,3,downswing,0.9281,0.8491,1,-0.5282,0.7632,0.3722,-2.02459,-1.11700,0,-,-,-,0,-,-,-,recon,299.041,0,-,0.23536,272.49,430.77,538.06,521.65,425.65,5.13,-2.00713,70.844,23.186,0.8954,raw,0,-,0,-,-,299.46,356.87
2026-07-04_Mark-Liversedge_Wrist_01__swing_0006,511,3423158,3146,3.93202,283.19,17,1,3,,0.9457,0.7466,1,-0.6653,0.6720,0.3252,-2.02143,-1.12016,0,-,-,-,0,-,-,-,recon,270.555,0,-,0.25271,278.19,447.26,547.60,535.51,442.16,5.10,-2.00713,55.604,6.972,0.8561,raw,0,-,0,-,-,299.46,356.87
2026-07-04_Mark-Liversedge_Wrist_01__swing_0006,512,3429892,3094,3.75409,287.93,17,1,3,,0.9615,0.6173,1,-0.7867,0.5528,0.2749,-2.03224,-1.10935,0,-,-,-,0,-,-,-,recon,250.342,0,-,0.25517,282.90,462.00,558.06,548.14,457.21,4.79,-2.72271,46.079,3.583,0.8954,raw,0,-,0,-,-,299.46,356.87
2026-07-04_Mark-Liversedge_Wrist_01__swing_0006,513,3436566,3380,3.57542,291.72,1,1,3,,0.9741,0.4677,1,-0.8839,0.4095,0.2260,-2.07506,-1.06653,0,-,-,-,0,-,-,-,recon,238.508,0,-,-,286.53,474.60,569.52,559.36,470.59,4.02,-0.01745,55.573,8.637,0.8225,raw,0,-,0,-,-,299.46,356.87
2026-07-04_Mark-Liversedge_Wrist_01__swing_0006,514,3443348,3293,3.39310,294.67,1,1,3,,0.9840,0.3028,0,-0.9530,0.2449,0.1782,-2.19978,-0.94181,0,-,-,-,0,-,-,-,recon,231.558,0,-,-,289.33,485.49,582.72,569.29,482.41,3.08,-0.01745,61.001,5.769,0.8169,raw,0,-,0,-,-,299.46,356.87
2026-07-04_Mark-Liversedge_Wrist_01__swing_0006,515,3449860,-3219,3.18633,296.72,1,1,3,,0.9909,0.1420,0,-0.9899,0.0443,0.1350,-2.82437,-0.31722,0,-,-,-,0,-,-,-,recon,227.271,0,-,0.20499,291.34,494.26,596.76,577.56,492.28,1.98,1.91986,55.556,5.726,0.8954,raw,0,-,0,-,-,299.46,356.87
2026-07-04_Mark-Liversedge_Wrist_01__swing_0006,516,3456603,3183,2.92631,298.02,17,1,3,,0.9952,0.2341,0,-0.9722,-0.2126,0.0981,2.00319,1.13840,0,-,-,-,1,4.08407,0.17462,242.99,seg,234.000,0,-,-,292.79,501.55,612.59,584.72,500.81,0.74,1.90241,60.278,11.984,0.8954,raw,0,-,0,-,-,299.46,356.87
2026-07-04_Mark-Liversedge_Wrist_01__swing_0006,517,3463327,3480,2.71330,298.59,17,1,3,,0.9971,0.4211,1,-0.9070,-0.4141,0.0764,1.75317,1.38842,0,-,-,-,0,-,-,-,ray,222.659,0,-,-,293.79,507.35,628.96,590.52,507.71,0.36,1.93732,62.432,16.224,0.8954,raw,0,-,0,-,-,299.46,356.87
2026-07-04_Mark-Liversedge_Wrist_01__swing_0006,518,3470042,3198,2.51257,298.64,17,1,3,,0.9973,0.5914,1,-0.8064,-0.5867,0.0739,1.69610,1.44550,0,-,-,-,1,3.96190,0.28851,-21.04,seg,226.000,0,-,0.11497,294.40,511.71,645.31,595.08,513.15,1.44,1.02974,103.078,51.061,0.8730,mot,0,-,0,-,-,299.46,356.87
2026-07-04_Mark-Liversedge_Wrist_01__swing_0006,519,3476691,3293,2.26607,298.32,24,0,3,impact,0.9962,0.7699,1,-0.6381,-0.7650,0.0873,1.68440,1.45719,0,-,-,-,0,-,-,-,ray,216.192,0,-,-,294.69,514.81,660.93,598.17,516.84,2.03,1.04720,141.454,73.790,0.8954,raw,0,-,1,1.04720,142.20,299.46,356.87
2026-07-04_Mark-Liversedge_Wrist_01__swing_0006,520,3483461,3146,2.06429,297.77,17,1,3,impact,0.9944,0.8821,1,-0.4710,-0.8757,0.1061,1.69141,1.45018,0,-,-,-,0,-,-,-,ray,215.492,0,-,0.20805,294.67,516.83,676.10,600.11,519.15,2.32,1.04720,125.802,85.460,0.8954,mot,0,-,1,1.04720,125.98,299.46,356.87
2026-07-04_Mark-Liversedge_Wrist_01__swing_0006,521,3490121,3395,1.94529,297.17,24,0,3,impact,0.9923,0.9318,1,-0.3630,-0.9236,0.1236,1.70384,1.43775,0,-,-,-,1,3.76118,0.17462,99.37,seg,215.000,0,-,-,294.27,517.51,690.16,600.63,519.76,2.25,1.97222,74.213,11.066,0.8954,raw,0,-,1,1.06465,60.42,299.46,356.87
2026-07-04_Mark-Liversedge_Wrist_01__swing_0006,522,3496734,-3218,1.80781,296.57,24,0,3,impact,0.9903,0.9726,1,-0.2325,-0.9626,0.1387,1.71388,1.42771,0,-,-,-,0,-,-,-,ray,214.329,0,-,-,293.49,516.98,703.44,599.66,518.61,1.63,1.95477,70.006,22.022,0.8954,raw,0,-,1,1.10828,39.55,299.46,356.87
2026-07-04_Mark-Liversedge_Wrist_01__swing_0006,523,3503519,3411,1.64879,295.95,1,1,3,impact,0.9883,0.9970,1,-0.0770,-0.9852,0.1528,1.72469,1.41690,0,-,-,-,0,-,-,-,ray,210.000,0,-,-,292.20,514.94,716.58,597.07,515.53,0.58,1.91986,66.579,18.050,0.8954,raw,0,-,1,1.08210,37.23,299.46,356.87
2026-07-04_Mark-Liversedge_Wrist_01__swing_0006,524,3510237,3178,1.49035,295.23,1,1,3,impact,0.9859,0.9969,1,0.0792,-0.9827,0.1675,1.73962,1.40198,0,-,-,-,1,3.61283,0.18161,58.86,seg,208.000,0,-,-,290.36,511.46,729.34,592.71,510.33,1.14,1.93732,74.710,33.679,0.8954,raw,0,-,1,1.09083,34.49,299.46,356.87
2026-07-04_Mark-Liversedge_Wrist_01__swing_0006,525,3516846,3349,1.30794,294.34,17,1,3,impact,0.9829,0.9668,1,0.2554,-0.9491,0.1841,1.76242,1.37917,0,-,-,-,1,3.58665,0.16897,43.88,seg,206.000,0,-,-,288.03,506.88,741.77,586.82,503.31,3.57,1.88496,65.418,27.485,0.8954,raw,0,-,1,1.09956,35.06,299.46,356.87
2026-07-04_Mark-Liversedge_Wrist_01__swing_0006,526,3523763,3007,1.17437,293.09,1,1,3,impact,0.9787,0.9258,1,0.3779,-0.9028,0.2052,1.79431,1.34728,0,-,-,-,0,-,-,-,ray,206.017,0,-,-,284.91,500.98,754.54,578.93,493.90,7.08,1.85005,80.355,35.734,0.8954,raw,0,-,1,1.10828,21.77,299.46,356.87
2026-07-04_Mark-Liversedge_Wrist_01__swing_0006,527,3530293,3315,1.07796,291.45,1,1,3,,0.9732,0.8877,1,0.4605,-0.8574,0.2298,1.83264,1.30896,0,-,-,-,0,-,-,-,ray,204.339,0,-,-,281.37,494.64,766.01,569.78,483.00,11.64,1.83260,73.708,22.135,0.8954,raw,0,-,0,-,-,299.46,356.87
2026-07-04_Mark-Liversedge_Wrist_01__swing_0006,528,3536986,3209,0.98512,289.14,1,1,3,,0.9655,0.8457,1,0.5337,-0.8046,0.2603,1.88364,1.25796,0,-,-,-,1,3.49939,0.25517,117.30,seg,201.000,0,-,-,277.16,487.33,776.94,559.05,470.21,17.11,2.02458,69.738,10.438,0.8954,raw,0,-,0,-,-,299.46,356.87
2026-07-04_Mark-Liversedge_Wrist_01__swing_0006,529,3543737,3181,0.86206,286.01,24,0,3,,0.9551,0.7833,1,0.6216,-0.7251,0.2964,1.95881,1.18278,0,-,-,-,1,3.43830,0.17701,89.61,seg,197.000,0,-,-,272.46,479.02,786.67,546.91,455.75,23.27,1.95477,74.078,14.502,0.8954,raw,0,-,0,-,-,299.46,356.87
2026-07-04_Mark-Liversedge_Wrist_01__swing_0006,530,3550365,3276,0.72276,282.10,24,0,3,,0.9420,0.7077,1,0.7065,-0.6231,0.3356,2.06484,1.07675,0,-,-,-,1,3.32485,0.20115,85.54,seg,191.000,0,-,-,267.69,469.97,795.08,534.32,440.75,29.22,1.91986,74.037,19.265,0.8954,raw,0,-,0,-,-,299.46,356.87
2026-07-04_Mark-Liversedge_Wrist_01__swing_0006,531,3557165,3132,0.58930,277.07,17,1,3,,0.9252,0.6390,1,0.7692,-0.5142,0.3794,2.20644,0.93515,0,-,-,-,0,-,-,-,recon,194.591,0,-,-,262.99,459.48,802.67,521.13,425.02,34.46,1.86750,63.413,30.305,0.8954,raw,0,-,0,-,-,299.46,356.87
2026-07-04_Mark-Liversedge_Wrist_01__swing_0006,532,3563790,3228,0.44725,271.13,1,1,3,,0.9054,0.5776,1,0.8163,-0.3916,0.4246,2.39664,0.74495,0,-,-,-,1,3.19395,0.13885,178.58,seg,184.000,0,-,-,258.92,448.01,809.25,508.45,409.92,38.09,1.67552,52.252,15.392,0.8954,raw,0,-,0,-,-,299.46,356.87
2026-07-04_Mark-Liversedge_Wrist_01__swing_0006,533,3570521,3425,0.33123,264.09,24,0,3,,0.8819,0.5518,1,0.8339,-0.2868,0.4715,2.59509,0.54650,0,-,-,-,0,-,-,-,ray,188.227,0,-,-,255.56,434.80,815.24,495.94,395.01,39.79,1.79769,51.718,1.948,0.8954,raw,0,-,0,-,-,299.46,356.87
2026-07-04_Mark-Liversedge_Wrist_01__swing_0006,534,3577165,-3219,0.23962,255.85,24,0,3,,0.8544,0.5579,1,0.8299,-0.2028,0.5197,2.76959,0.37200,0,-,-,-,1,3.05433,0.21019,122.27,seg,176.000,0,-,-,253.21,419.91,820.37,483.98,380.76,39.15,1.78024,56.116,4.838,0.8954,raw,0,-,0,-,-,299.46,356.87
2026-07-04_Mark-Liversedge_Wrist_01__swing_0006,535,3583914,3291,0.13804,246.26,24,0,5,,0.8223,0.5801,1,0.8145,-0.1132,0.5690,2.94529,0.19631,0,-,-,-,0,-,-,-,ray,172.000,0,-,-,251.63,403.03,824.72,472.01,366.49,36.54,1.74533,63.891,15.984,0.8954,raw,0,-,0,-,-,299.46,356.87
2026-07-04_Mark-Liversedge_Wrist_01__swing_0006,536,3590604,3192,0.05126,235.97,24,0,5,,0.7880,0.6171,1,0.7869,-0.0404,0.6157,3.07611,0.06548,0,-,-,-,0,-,-,-,ray,169.000,0,-,-,250.72,384.50,828.25,460.09,352.29,32.21,1.72788,54.010,15.876,0.8954,raw,0,-,0,-,-,299.46,356.87
2026-07-04_Mark-Liversedge_Wrist_01__swing_0006,537,3597230,3334,-0.03568,225.25,24,0,5,,0.7522,0.6595,1,0.7517,0.0268,0.6590,-3.10090,-0.04070,0,-,-,-,0,-,-,-,ray,165.000,0,-,-,250.04,364.94,831.09,448.02,337.91,27.03,-0.10472,49.022,3.959,0.1500,raw,0,-,0,-,-,299.46,356.87
2026-07-04_Mark-Liversedge_Wrist_01__swing_0006,538,3604013,3189,-0.18702,214.25,24,0,5,,0.7154,0.7112,1,0.7030,0.1330,0.6987,-2.95345,-0.18814,0,-,-,-,0,-,-,-,ray,156.000,0,-,-,249.18,344.27,833.62,435.34,322.79,21.49,-0.01745,78.578,32.558,0.8786,raw,0,-,0,-,-,299.46,356.87
2026-07-04_Mark-Liversedge_Wrist_01__swing_0006,539,3610795,3169,-0.36272,203.70,17,1,5,,0.6802,0.7717,1,0.6359,0.2413,0.7330,-2.82352,-0.31807,0,-,-,-,0,-,-,-,ray,154.000,0,-,-,247.70,323.71,835.91,422.26,307.21,16.50,0.10472,85.528,40.089,0.8954,raw,0,-,0,-,-,299.46,356.87
2026-07-04_Mark-Liversedge_Wrist_01__swing_0006,540,3617361,3260,-0.50758,194.43,24,0,5,,0.6493,0.8234,1,0.5674,0.3156,0.7606,-2.74828,-0.39331,0,-,-,-,0,-,-,-,pred,152.000,0,-,-,245.45,304.60,837.98,409.30,291.76,12.83,-0.06981,86.708,7.738,0.8786,raw,0,-,0,-,-,299.46,356.87
2026-07-04_Mark-Liversedge_Wrist_01__swing_0006,541,3624281,2961,-0.62420,186.11,1,1,5,,0.6215,0.8635,1,0.5043,0.3632,0.7834,-2.70746,-0.43413,0,-,-,-,0,-,-,-,ray,142.000,0,-,-,241.95,286.12,839.94,395.40,275.20,10.92,-0.01745,66.343,17.626,0.8954,raw,0,-,0,-,-,299.46,356.87
2026-07-04_Mark-Liversedge_Wrist_01__swing_0006,542,3630821,3150,-0.74677,180.13,1,1,5,,0.6015,0.8973,1,0.4414,0.4086,0.7989,-2.66882,-0.47277,0,-,-,-,0,-,-,-,ray,139.000,0,-,-,237.64,270.71,841.37,382.18,259.44,11.27,0.36652,57.797,12.669,0.8618,raw,0,-,0,-,-,299.46,356.87
2026-07-04_Mark-Liversedge_Wrist_01__swing_0006,543,3637494,3234,-0.88400,176.09,1,1,5,,0.5880,0.9279,1,0.3728,0.4547,0.8089,-2.62947,-0.51212,0,-,-,-,0,-,-,-,ray,136.000,0,-,-,232.42,257.33,842.18,368.85,243.55,13.77,0.13963,62.717,2.943,0.1500,raw,0,-,0,-,-,299.46,356.87
2026-07-04_Mark-Liversedge_Wrist_01__swing_0006,544,3644251,3092,-0.99825,174.14,1,1,5,,0.5815,0.9491,1,0.3150,0.4888,0.8135,-2.60059,-0.54101,0,-,-,-,0,-,-,-,pred,133.000,0,-,-,226.43,246.72,841.89,355.86,228.08,18.64,2.70526,48.864,16.546,0.8001,raw,0,-,0,-,-,299.46,356.87
2026-07-04_Mark-Liversedge_Wrist_01__swing_0006,545,3650924,3317,-1.11062,174.39,1,1,5,,0.5823,0.9660,1,0.2586,0.5218,0.8129,-2.57098,-0.57061,0,-,-,-,0,-,-,-,pred,132.000,0,-,-,220.22,238.84,840.02,343.98,213.92,24.92,2.72271,48.661,20.889,0.7272,raw,0,-,0,-,-,299.46,356.87
2026-07-04_Mark-Liversedge_Wrist_01__swing_0006,546,3657540,3204,-1.22250,176.65,1,1,5,,0.5899,0.9795,1,0.2013,0.5545,0.8075,-2.53986,-0.60174,0,-,-,-,0,-,-,-,pred,131.000,0,-,-,214.06,233.65,836.64,333.25,201.14,32.51,2.61799,33.896,4.620,0.7329,raw,0,-,0,-,-,299.46,356.87
2026-07-04_Mark-Liversedge_Wrist_01__swing_0006,547,3664249,3296,-1.31906,180.74,1,1,5,,0.6036,0.9886,1,0.1503,0.5845,0.7973,-2.50898,-0.63261,0,-,-,-,0,-,-,-,pred,131.000,0,-,-,208.15,230.67,831.58,323.71,189.77,40.90,2.58309,31.569,1.539,0.7160,raw,0,-,0,-,-,299.46,356.87
2026-07-04_Mark-Liversedge_Wrist_01__swing_0006,548,3671047,3459,-1.41404,186.02,1,1,5,,0.6212,0.9953,1,0.0970,0.6136,0.7837,-2.47736,-0.66424,0,-,-,-,0,-,-,-,pred,131.000,0,-,-,202.78,229.47,825.63,315.04,179.43,50.04,2.61799,42.618,15.408,0.6768,raw,0,-,0,-,-,299.46,356.87
2026-07-04_Mark-Liversedge_Wrist_01__swing_0006,549,3677615,-3109,-1.51556,191.83,1,1,5,,0.6406,0.9994,1,0.0354,0.6396,0.7679,-2.44711,-0.69449,0,-,-,-,0,-,-,-,pred,130.000,0,-,-,198.55,229.78,819.63,307.47,170.41,59.36,2.56563,47.974,10.759,0.6712,raw,0,-,0,-,-,299.46,356.87
2026-07-04_Mark-Liversedge_Wrist_01__swing_0006,550,3684449,3157,-1.63381,198.06,1,1,5,,0.6614,0.9991,1,-0.0417,0.6601,0.7500,-2.41991,-0.72168,0,-,-,-,0,-,-,-,ray,130.000,0,-,-,195.21,230.90,813.76,300.28,161.85,69.05,2.60054,49.024,16.004,0.6712,raw,0,-,0,-,-,299.46,356.87
2026-07-04_Mark-Liversedge_Wrist_01__swing_0006,551,3691129,3392,-1.74632,203.28,1,1,5,,0.6788,0.9929,1,-0.1185,0.6684,0.7343,-2.40315,-0.73844,0,-,-,-,0,-,-,-,ray,130.000,0,-,-,193.17,232.34,808.59,293.80,154.13,78.22,2.60054,37.862,7.624,0.6600,raw,0,-,0,-,-,299.46,356.87
2026-07-04_Mark-Liversedge_Wrist_01__swing_0006,552,3697788,-3267,-1.83181,207.17,1,1,5,,0.6918,0.9839,1,-0.1785,0.6684,0.7221,-2.39480,-0.74679,0,-,-,-,0,-,-,-,ray,129.000,0,-,-,192.37,233.71,804.02,287.81,146.98,86.73,2.49582,38.143,14.580,0.7104,raw,0,-,0,-,-,299.46,356.87
2026-07-04_Mark-Liversedge_Wrist_01__swing_0006,553,3704502,3219,-1.88516,209.53,17,1,5,,0.6997,0.9763,1,-0.2164,0.6654,0.7144,-2.39172,-0.74987,0,-,-,-,0,-,-,-,ray,127.000,0,-,0.23793,192.60,234.74,799.66,281.99,140.05,94.69,2.56563,42.532,8.286,0.6488,raw,0,-,0,-,-,299.46,356.87
2026-07-04_Mark-Liversedge_Wrist_01__swing_0006,554,3711264,3075,-1.92110,210.12,17,1,5,,0.7016,0.9706,1,-0.2408,0.6590,0.7125,-2.39519,-0.74641,0,-,-,-,0,-,-,-,ray,126.000,0,-,-,193.73,235.18,795.18,276.21,133.15,102.03,2.56563,48.811,13.359,0.6880,raw,0,-,0,-,-,299.46,356.87
2026-07-04_Mark-Liversedge_Wrist_01__swing_0006,555,3717900,3198,-1.96490,209.14,1,1,5,,0.6984,0.9634,1,-0.2682,0.6448,0.7157,-2.40826,-0.73333,0,-,-,-,0,-,-,-,ray,125.000,0,-,-,195.24,235.04,790.27,270.44,126.28,108.76,2.61799,50.743,16.421,0.6768,raw,0,-,0,-,-,299.46,356.87
2026-07-04_Mark-Liversedge_Wrist_01__swing_0006,556,3724598,3161,-2.01719,206.89,1,1,6,,0.6909,0.9545,1,-0.2983,0.6232,0.7230,-2.43019,-0.71140,0,-,-,-,0,-,-,-,pred,124.000,0,-,-,196.78,234.27,784.74,264.49,119.19,115.07,2.61799,39.445,13.552,0.6880,raw,0,-,0,-,-,299.46,356.87
2026-07-04_Mark-Liversedge_Wrist_01__swing_0006,557,3731262,3316,-2.05997,203.67,17,1,6,,0.6801,0.9476,1,-0.3196,0.6003,0.7331,-2.45543,-0.68616,0,-,-,-,0,-,-,-,pred,124.000,0,-,-,197.91,232.72,778.07,258.43,111.97,120.75,2.61799,40.340,12.504,0.7160,raw,0,-,0,-,-,299.46,356.87
2026-07-04_Mark-Liversedge_Wrist_01__swing_0006,558,3737968,3198,-2.11287,199.65,17,1,6,,0.6667,0.9390,1,-0.3440,0.5711,0.7453,-2.48777,-0.65382,0,-,-,-,0,-,-,-,pred,124.000,0,-,-,198.44,230.30,770.77,252.11,104.44,125.86,2.61799,41.657,13.419,0.6712,raw,0,-,0,-,-,299.46,356.87
2026-07-04_Mark-Liversedge_Wrist_01__swing_0006,559,3744676,3194,-2.16503,195.20,1,1,6,,0.6518,0.9310,1,-0.3649,0.5401,0.7584,-2.52276,-0.61884,0,-,-,-,0,-,-,-,pred,123.000,0,-,-,198.10,226.71,763.40,245.85,96.98,129.73,2.60054,51.824,15.715,0.6880,raw,0,-,0,-,-,299.46,356.87
2026-07-04_Mark-Liversedge_Wrist_01__swing_0006,560,3751333,3257,-2.18166,190.79,1,1,6,,0.6371,0.9308,1,-0.3654,0.5219,0.7708,-2.54640,-0.59519,0,-,-,-,0,-,-,-,pred,122.000,0,-,-,196.99,222.05,756.39,240.15,90.19,131.87,2.56563,47.184,8.380,0.6488,raw,0,-,0,-,-,299.46,356.87
2026-07-04_Mark-Liversedge_Wrist_01__swing_0006,561,3758083,3347,-2.21731,186.63,1,1,6,,0.6232,0.9269,1,-0.3754,0.4974,0.7821,-2.57508,-0.56651,0,-,-,-,0,-,-,-,pred,121.000,0,-,-,195.04,216.10,749.74,235.05,84.12,131.99,2.58309,33.032,0.184,0.3405,raw,0,-,0,-,-,299.46,356.87
2026-07-04_Mark-Liversedge_Wrist_01__swing_0006,562,3764760,3296,-2.27779,182.87,1,1,6,,0.6107,0.9180,1,-0.3967,0.4643,0.7919,-2.61128,-0.53031,0,-,-,-,0,-,-,-,pred,121.000,0,-,-,192.92,209.91,743.38,230.43,78.60,131.31,2.51327,34.933,1.480,0.6712,raw,0,-,0,-,-,299.46,356.87
2026-07-04_Mark-Liversedge_Wrist_01__swing_0006,563,3771441,3278,-2.31270,179.43,20,0,6,,0.5992,0.9144,1,-0.4049,0.4417,0.8006,-2.63745,-0.50415,0,-,-,-,0,-,-,-,pred,120.000,0,-,-,190.89,203.92,737.41,226.41,73.82,130.10,2.47837,34.564,5.898,0.6600,raw,0,-,0,-,-,299.46,356.87
2026-07-04_Mark-Liversedge_Wrist_01__swing_0007,370,2483510,3222,1.78024,234.97,1,1,0,address,0.9926,0.9785,1,-0.2064,-0.9709,0.1217,1.69548,1.44611,0,-,-,-,0,-,-,-,pred,210.000,0,-,-,281.62,529.83,731.31,567.02,497.38,32.45,-2.51327,56.902,20.347,0.8941,raw,1,1.64508,1,1.05592,37.68,236.73,309.11
2026-07-04_Mark-Liversedge_Wrist_01__swing_0007,371,2490118,3311,1.78024,235.54,1,1,0,address,0.9950,0.9784,1,-0.2069,-0.9732,0.1001,1.67329,1.46830,0,-,-,-,0,-,-,-,pred,210.000,0,-,-,281.34,529.15,731.25,568.01,498.59,30.56,-2.51327,52.500,12.972,0.8941,raw,1,1.64412,1,1.05592,37.88,236.73,309.11
2026-07-04_Mark-Liversedge_Wrist_01__swing_0007,372,2496880,3253,1.78024,235.99,1,1,0,address,0.9969,0.9783,1,-0.2073,-0.9751,0.0789,1.65149,1.49011,0,-,-,-,0,-,-,-,pred,210.000,0,-,-,281.20,528.76,731.20,569.04,499.83,28.93,-2.51327,50.522,11.325,0.8876,raw,1,1.64362,1,1.09956,37.38,236.73,309.11
2026-07-04_Mark-Liversedge_Wrist_01__swing_0007,373,2503497,-3364,1.78024,236.31,1,1,0,address,0.9982,0.9782,1,-0.2075,-0.9764,0.0593,1.63148,1.51011,0,-,-,-,0,-,-,-,pred,210.000,0,-,-,281.29,528.92,731.17,570.40,501.48,27.44,-2.51327,52.578,15.414,0.8941,raw,1,1.64391,1,1.05592,37.74,236.73,309.11
2026-07-04_Mark-Liversedge_Wrist_01__swing_0007,374,2510191,-3306,1.78024,236.53,1,1,0,address,0.9992,0.9782,1,-0.2077,-0.9773,0.0404,1.61211,1.52948,0,-,-,-,0,-,-,-,pred,210.000,0,-,-,281.52,529.41,731.16,572.09,503.53,25.87,-2.51327,51.070,13.050,0.8941,raw,0,-,0,-,-,236.73,309.11
2026-07-04_Mark-Liversedge_Wrist_01__swing_0007,375,2516954,3444,1.78896,236.68,1,1,0,address,0.9998,0.9763,1,-0.2164,-0.9761,0.0204,1.59167,1.54992,0,-,-,-,0,-,-,-,pred,210.000,0,-,-,281.80,529.98,731.14,574.07,505.93,24.05,-2.51327,55.922,15.657,0.8941,raw,0,-,0,-,-,236.73,309.11
2026-07-04_Mark-Liversedge_Wrist_01__swing_0007,376,2523762,3166,1.79769,236.76,20,0,0,address,1.0000,0.9744,1,-0.2250,-0.9744,0.0000,1.57080,1.57080,0,-,-,-,0,-,-,-,pred,210.000,0,-,-,281.99,530.31,731.11,576.20,508.51,21.80,-2.51327,53.066,13.778,0.8941,raw,0,-,0,-,-,236.73,309.11
2026-07-04_Mark-Liversedge_Wrist_01__swing_0007,377,2530271,-3343,1.79769,236.81,20,0,0,address,1.0000,0.9744,1,-0.2250,-0.9744,0.0000,1.57080,1.57080,0,-,-,-,0,-,-,-,pred,210.000,0,-,-,282.10,530.40,731.07,578.29,511.04,19.36,-2.51327,48.640,7.823,0.8876,raw,0,-,0,-,-,236.73,309.11
2026-07-04_Mark-Liversedge_Wrist_01__swing_0007,378,2536956,-3323,1.79769,236.83,20,0,0,address,1.0000,0.9744,1,-0.2250,-0.9744,0.0000,1.57080,1.57080,0,-,-,-,0,-,-,-,pred,210.000,0,-,-,282.16,530.34,731.00,580.38,513.57,16.77,-2.51327,49.377,10.351,0.8941,raw,0,-,0,-,-,236.73,309.11
2026-07-04_Mark-Liversedge_Wrist_01__swing_0007,379,2543716,-3345,1.80638,236.84,20,0,0,address,1.0000,0.9724,1,-0.2334,-0.9724,0.0000,1.57080,1.57080,0,-,-,-,0,-,-,-,pred,210.000,0,-,-,282.17,530.14,730.88,582.35,515.95,14.19,-2.53073,49.484,8.531,0.8876,raw,0,-,0,-,-,236.73,309.11
2026-07-04_Mark-Liversedge_Wrist_01__swing_0007,380,2550348,-3261,1.81514,236.85,20,0,0,address,1.0000,0.9703,1,-0.2419,-0.9703,0.0000,1.57080,1.57080,0,-,-,-,0,-,-,-,pred,210.000,0,-,-,282.10,529.79,730.72,584.02,517.98,11.80,-2.51327,50.166,11.588,0.8941,raw,0,-,0,-,-,236.73,309.11
2026-07-04_Mark-Liversedge_Wrist_01__swing_0007,381,2557201,3217,1.82425,236.87,17,1,0,address,1.0000,0.9681,1,-0.2507,-0.9681,0.0000,1.57080,1.57080,0,-,-,-,0,-,-,-,pred,210.000,0,-,-,281.90,529.05,730.49,585.40,519.65,9.40,-2.53073,50.635,11.903,0.8941,raw,0,-,0,-,-,236.73,309.11
2026-07-04_Mark-Liversedge_Wrist_01__swing_0007,382,2563745,-3327,1.84119,236.89,17,1,0,address,1.0000,0.9637,1,-0.2671,-0.9637,0.0000,1.57080,1.57080,0,-,-,-,0,-,-,-,pred,210.000,0,-,-,281.61,528.11,730.20,586.30,520.74,7.37,-2.51327,49.751,11.041,0.8941,raw,0,-,0,-,-,236.73,309.11
2026-07-04_Mark-Liversedge_Wrist_01__swing_0007,383,2570565,3381,1.85879,236.89,1,1,0,address,1.0000,0.9588,1,-0.2840,-0.9588,0.0000,1.57080,1.57080,0,-,-,-,0,-,-,-,pred,210.000,0,-,-,281.32,527.21,729.82,586.64,521.16,6.05,-2.47837,47.691,3.509,0.8941,raw,0,-,0,-,-,236.73,309.11
2026-07-04_Mark-Liversedge_Wrist_01__swing_0007,384,2577370,3167,1.86750,236.85,17,1,0,address,1.0000,0.9563,1,-0.2924,-0.9563,0.0000,1.57080,1.57080,0,-,-,-,0,-,-,-,pred,210.000,0,-,0.20607,281.18,526.78,729.40,586.33,520.78,6.00,-2.54818,50.043,6.506,0.8876,raw,0,-,0,-,-,236.73,309.11
2026-07-04_Mark-Liversedge_Wrist_01__swing_0007,385,2583940,3381,1.87626,236.76,17,1,0,address,1.0000,0.9537,1,-0.3007,-0.9537,0.0000,1.57080,1.57080,0,-,-,-,0,-,-,-,pred,210.000,0,-,-,281.20,526.93,729.16,585.22,519.44,7.49,-2.54818,49.249,6.870,0.8941,raw,0,-,0,-,-,236.73,309.11
2026-07-04_Mark-Liversedge_Wrist_01__swing_0007,386,2590661,3257,1.89379,236.57,17,1,0,address,0.9993,0.9484,1,-0.3172,-0.9476,0.0368,1.60957,1.53202,0,-,-,-,0,-,-,-,pred,210.000,0,-,0.22166,281.34,527.52,729.06,583.39,517.22,10.30,-2.47837,52.302,9.040,0.8941,raw,0,-,0,-,-,236.73,309.11
2026-07-04_Mark-Liversedge_Wrist_01__swing_0007,387,2597340,3270,1.91133,236.25,17,1,0,address,0.9980,0.9428,1,-0.3333,-0.9407,0.0637,1.63837,1.50322,0,-,-,-,0,-,-,-,pred,210.000,0,-,0.33631,281.55,528.31,729.02,581.05,514.39,13.92,-2.54818,49.488,12.336,0.8941,raw,0,-,0,-,-,236.73,309.11
2026-07-04_Mark-Liversedge_Wrist_01__swing_0007,388,2604008,-3398,1.91986,235.77,17,1,0,address,0.9960,0.9402,1,-0.3406,-0.9359,0.0896,1.66622,1.47538,0,-,-,-,0,-,-,-,ray,209.000,0,-,0.37325,281.80,529.14,728.97,578.32,511.07,18.07,-2.47837,45.689,5.965,0.8941,raw,0,-,0,-,-,236.73,309.11
2026-07-04_Mark-Liversedge_Wrist_01__swing_0007,389,2610839,3351,1.92864,235.10,17,1,0,address,0.9931,0.9376,1,-0.3478,-0.9302,0.1170,1.69596,1.44563,0,-,-,-,0,-,-,-,ray,210.000,0,-,0.35924,282.11,530.16,728.82,575.30,507.42,22.74,-2.47837,45.900,10.076,0.8941,raw,0,-,0,-,-,236.73,309.11
2026-07-04_Mark-Liversedge_Wrist_01__swing_0007,390,2617422,-3232,1.94598,234.21,17,1,0,address,0.9894,0.9320,1,-0.3626,-0.9206,0.1453,1.72734,1.41426,0,-,-,-,0,-,-,-,ray,210.000,0,-,0.33503,282.48,531.31,728.50,572.33,503.82,27.49,-2.51327,49.895,9.065,0.8941,raw,0,-,0,-,-,236.73,309.11
2026-07-04_Mark-Liversedge_Wrist_01__swing_0007,391,2624092,3305,1.96360,233.09,17,1,0,address,0.9846,0.9263,1,-0.3769,-0.9097,0.1746,1.76038,1.38121,0,-,-,-,0,-,-,-,ray,210.000,0,-,0.35796,282.84,532.38,727.92,569.43,500.30,32.08,-2.51327,48.919,3.671,0.8941,raw,0,-,0,-,-,236.73,309.11
2026-07-04_Mark-Liversedge_Wrist_01__swing_0007,392,2630890,3135,1.99062,231.76,17,1,0,address,0.9790,0.9169,1,-0.3991,-0.8940,0.2037,1.79479,1.34680,0,-,-,-,0,-,-,-,ray,210.000,0,-,0.19490,283.13,533.11,727.00,566.71,497.01,36.10,-2.12930,48.757,1.563,0.8941,raw,0,-,0,-,-,236.73,309.11
2026-07-04_Mark-Liversedge_Wrist_01__swing_0007,393,2637463,3414,2.01151,230.36,17,1,0,address,0.9731,0.9098,1,-0.4151,-0.8801,0.2303,1.82676,1.31484,0,-,-,-,0,-,-,-,ray,210.000,0,-,0.19363,283.31,533.35,725.67,564.52,494.36,38.99,2.12930,48.875,3.837,0.1500,raw,0,-,0,-,-,236.73,309.11
2026-07-04_Mark-Liversedge_Wrist_01__swing_0007,394,2644267,3202,2.07420,228.84,17,1,0,address,0.9667,0.8846,1,-0.4663,-0.8468,0.2560,1.86441,1.27718,0,-,-,-,0,-,-,-,ray,210.000,0,-,0.19618,283.43,533.27,723.81,562.81,492.29,40.98,1.04720,57.192,12.883,0.8941,raw,0,-,0,-,-,236.73,309.11
2026-07-04_Mark-Liversedge_Wrist_01__swing_0007,395,2650993,3159,2.10169,227.38,17,1,0,,0.9605,0.8738,1,-0.4863,-0.8283,0.2783,1.89491,1.24669,0,-,-,-,0,-,-,-,ray,209.000,0,-,0.21274,283.48,532.99,721.39,561.86,491.14,41.85,1.16937,49.930,0.988,0.8941,raw,0,-,0,-,-,236.73,309.11
2026-07-04_Mark-Liversedge_Wrist_01__swing_0007,396,2657593,3310,2.06360,226.20,17,1,0,,0.9555,0.8920,1,-0.4520,-0.8418,0.2950,1.90781,1.23379,0,-,-,-,0,-,-,-,ray,209.000,0,-,0.18877,283.42,532.62,718.33,561.81,491.07,41.55,1.16937,63.460,10.393,0.8941,raw,0,-,0,-,-,236.73,309.11
2026-07-04_Mark-Liversedge_Wrist_01__swing_0007,397,2664381,3394,2.01543,225.40,1,1,0,,0.9521,0.9123,1,-0.4095,-0.8596,0.3057,1.91246,1.22913,0,-,-,-,0,-,-,-,ray,209.000,0,-,-,283.23,532.15,714.49,562.49,491.90,40.25,1.15192,63.607,5.620,0.8941,raw,0,-,0,-,-,236.73,309.11
2026-07-04_Mark-Liversedge_Wrist_01__swing_0007,398,2670982,-3207,2.10950,225.13,1,1,0,,0.9510,0.8729,1,-0.4879,-0.8163,0.3091,1.93279,1.20881,0,-,-,-,0,-,-,-,ray,209.000,0,-,-,282.94,531.54,710.09,563.82,493.52,38.02,1.16937,68.962,12.272,0.8941,raw,0,-,0,-,-,236.73,309.11
2026-07-04_Mark-Liversedge_Wrist_01__swing_0007,399,2677729,3306,2.26050,225.49,17,1,1,,0.9525,0.7954,1,-0.6061,-0.7348,0.3045,1.96361,1.17798,0,-,-,-,0,-,-,-,ray,209.000,0,-,0.20607,282.58,530.85,705.08,565.69,495.77,35.08,1.16937,77.906,20.288,0.8941,raw,0,-,0,-,-,236.73,309.11
2026-07-04_Mark-Liversedge_Wrist_01__swing_0007,400,2684382,-3347,2.29039,226.41,17,1,1,,0.9564,0.7763,1,-0.6304,-0.7193,0.2920,1.95647,1.18512,0,-,-,-,0,-,-,-,ray,209.000,0,-,0.16437,282.22,530.19,699.72,567.91,498.47,31.72,1.18682,71.866,11.727,0.8941,raw,0,-,0,-,-,236.73,309.11
2026-07-04_Mark-Liversedge_Wrist_01__swing_0007,401,2691105,-3191,2.30383,227.80,17,1,1,,0.9623,0.7651,1,-0.6439,-0.7151,0.2721,1.93434,1.20725,0,-,-,-,0,-,-,-,ray,211.000,0,-,0.20607,281.87,529.56,693.97,570.44,501.53,28.02,1.18682,81.792,19.073,0.8941,raw,0,-,0,-,-,236.73,309.11
2026-07-04_Mark-Liversedge_Wrist_01__swing_0007,402,2697770,3298,2.34363,229.42,1,1,1,,0.9691,0.7363,1,-0.6766,-0.6938,0.2465,1.91218,1.22941,0,-,-,-,0,-,-,-,ray,211.000,0,-,-,281.51,528.93,688.06,573.09,504.74,24.19,1.18682,73.562,8.637,0.8941,raw,0,-,0,-,-,236.73,309.11
2026-07-04_Mark-Liversedge_Wrist_01__swing_0007,403,2704523,3285,2.39132,231.04,1,1,1,,0.9760,0.7002,1,-0.7139,-0.6655,0.2178,1.88709,1.25451,0,-,-,-,0,-,-,-,ray,211.000,0,-,-,281.10,528.26,681.96,575.79,508.01,20.25,1.18682,84.398,16.920,0.8941,raw,0,-,0,-,-,236.73,309.11
2026-07-04_Mark-Liversedge_Wrist_01__swing_0007,404,2711187,-3379,2.40417,232.50,1,1,1,,0.9822,0.6866,1,-0.7270,-0.6604,0.1880,1.84817,1.29342,0,-,-,-,1,3.70010,0.20000,30.00,seg,211.000,0,-,-,280.62,527.53,675.94,578.35,511.12,16.42,1.18682,74.000,14.496,0.8941,raw,0,-,0,-,-,236.73,309.11
2026-07-04_Mark-Liversedge_Wrist_01__swing_0007,405,2717810,-3215,2.42955,233.76,1,1,1,,0.9875,0.6642,1,-0.7475,-0.6452,0.1578,1.81074,1.33085,0,-,-,-,0,-,-,-,ray,211.000,0,-,-,280.07,526.76,670.04,580.69,513.95,12.81,1.23918,62.386,0.977,0.8941,raw,0,-,0,-,-,236.73,309.11
2026-07-04_Mark-Liversedge_Wrist_01__swing_0007,406,2724587,3276,2.47412,234.81,17,1,1,,0.9919,0.6270,1,-0.7790,-0.6140,0.1269,1.77462,1.36697,0,-,-,-,1,3.68264,0.23448,116.03,seg,211.000,0,-,0.20607,279.44,525.92,664.23,582.70,516.39,9.54,1.22173,66.350,3.007,0.8941,raw,0,-,0,-,-,236.73,309.11
2026-07-04_Mark-Liversedge_Wrist_01__swing_0007,407,2731324,3254,2.51831,235.61,17,1,1,,0.9953,0.5890,1,-0.8081,-0.5809,0.0972,1.73657,1.40502,0,-,-,-,1,3.67392,0.23333,102.86,seg,211.000,0,-,0.20390,278.77,525.01,658.74,584.25,518.26,6.76,1.22173,68.975,2.803,0.8941,raw,0,-,0,-,-,236.73,309.11
2026-07-04_Mark-Liversedge_Wrist_01__swing_0007,408,2738019,3233,2.58895,236.17,17,1,1,,0.9976,0.5282,1,-0.8491,-0.5237,0.0688,1.70141,1.44018,0,-,-,-,1,3.67392,0.23103,110.75,seg,211.000,0,-,0.16811,278.11,524.01,653.64,585.28,519.51,4.49,1.25664,78.205,18.849,0.8941,raw,0,-,0,-,-,236.73,309.11
2026-07-04_Mark-Liversedge_Wrist_01__swing_0007,409,2744734,3310,2.63097,236.54,17,1,1,,0.9992,0.4900,1,-0.8717,-0.4883,0.0400,1.65255,1.48905,0,-,-,-,1,3.66519,0.20000,100.00,seg,211.000,0,-,0.19848,277.52,522.89,648.59,586.24,520.67,2.22,1.29154,89.742,21.691,0.8941,raw,0,-,0,-,-,236.73,309.11
2026-07-04_Mark-Liversedge_Wrist_01__swing_0007,410,2751341,-3297,2.64783,236.76,17,1,1,,1.0000,0.4739,1,-0.8806,-0.4739,0.0000,1.57080,1.57080,0,-,-,-,1,3.66519,0.20575,92.51,seg,211.000,0,-,0.19740,276.95,521.70,643.64,587.15,521.77,0.07,1.30900,104.099,37.662,0.8941,raw,0,-,0,-,-,236.73,309.11
2026-07-04_Mark-Liversedge_Wrist_01__swing_0007,411,2758045,-3187,2.69619,236.87,17,1,1,,1.0000,0.4308,1,-0.9024,-0.4308,0.0000,1.57080,1.57080,0,-,-,-,0,-,-,-,ray,211.000,0,-,0.20607,276.31,520.38,638.65,587.98,522.77,2.40,1.36136,85.992,11.554,0.8941,raw,0,-,0,-,-,236.73,309.11
2026-07-04_Mark-Liversedge_Wrist_01__swing_0007,412,2764773,3267,2.74963,236.90,17,1,1,,1.0000,0.3820,1,-0.9242,-0.3820,0.0000,1.57080,1.57080,0,-,-,-,1,3.66519,0.20000,65.00,seg,211.000,0,-,0.20607,275.50,518.92,633.67,588.67,523.62,4.70,-2.05949,72.992,14.564,0.8941,raw,0,-,0,-,-,236.73,309.11
2026-07-04_Mark-Liversedge_Wrist_01__swing_0007,413,2771576,3221,2.82987,236.88,17,1,1,,1.0000,0.3067,0,-0.9518,-0.3067,0.0000,1.57080,1.57080,0,-,-,-,1,3.68264,0.21367,86.40,seg,211.000,0,-,0.20607,274.49,517.30,628.69,589.18,524.24,6.93,-2.05949,78.587,25.706,0.8941,raw,0,-,0,-,-,236.73,309.11
2026-07-04_Mark-Liversedge_Wrist_01__swing_0007,414,2778142,3277,2.90624,236.83,1,1,1,,1.0000,0.2332,0,-0.9724,-0.2332,0.0000,1.57080,1.57080,0,-,-,-,0,-,-,-,ray,211.000,0,-,-,273.37,515.60,623.95,589.43,524.54,8.94,-2.05949,81.661,31.458,0.8811,raw,0,-,0,-,-,236.73,309.11
2026-07-04_Mark-Liversedge_Wrist_01__swing_0007,415,2784876,3255,2.95912,236.77,17,1,1,,1.0000,0.1815,0,-0.9834,-0.1815,0.0000,1.57080,1.57080,0,-,-,-,1,3.66519,0.20000,57.00,seg,211.000,0,-,0.26092,272.12,513.76,619.16,589.41,524.52,10.76,-2.05949,84.364,36.928,0.8941,raw,0,-,0,-,-,236.73,309.11
2026-07-04_Mark-Liversedge_Wrist_01__swing_0007,416,2791547,3295,3.01116,236.70,17,1,1,,0.9999,0.1310,0,-0.9914,-0.1300,0.0154,1.68869,1.45291,0,-,-,-,0,-,-,-,ray,211.000,0,-,0.20607,270.79,511.86,614.52,589.02,524.04,12.18,-2.05949,87.719,40.274,0.8941,raw,0,-,0,-,-,236.73,309.11
2026-07-04_Mark-Liversedge_Wrist_01__swing_0007,417,2798213,-3371,3.06739,236.63,17,1,1,,0.9996,0.0792,0,-0.9969,-0.0741,0.0281,1.93283,1.20876,0,-,-,-,0,-,-,-,ray,211.000,0,-,-,269.43,510.01,609.96,588.26,523.12,13.10,-2.05949,79.827,36.049,0.8941,raw,0,-,0,-,-,236.73,309.11
2026-07-04_Mark-Liversedge_Wrist_01__swing_0007,418,2804986,3349,3.12432,236.57,17,1,1,,0.9994,0.0398,0,-0.9992,-0.0173,0.0359,2.69297,0.44863,0,-,-,-,0,-,-,-,pred,219.000,0,-,0.26897,268.00,508.13,605.46,587.02,521.62,13.49,-2.09439,76.004,33.268,0.8811,raw,0,-,0,-,-,236.73,309.11
2026-07-04_Mark-Liversedge_Wrist_01__swing_0007,419,2811585,-3250,3.17621,236.53,17,1,1,,0.9991,0.0538,0,-0.9986,0.0346,0.0412,-2.44377,-0.69782,0,-,-,-,0,-,-,-,ray,226.000,0,-,-,266.41,506.04,601.19,585.32,519.55,13.52,-2.07694,71.831,28.653,0.8941,raw,0,-,0,-,-,236.73,309.11
2026-07-04_Mark-Liversedge_Wrist_01__swing_0007,420,2818448,3222,3.23466,236.48,17,1,1,,0.9990,0.1033,0,-0.9947,0.0928,0.0452,-2.02422,-1.11738,0,-,-,-,1,3.95317,0.17586,-58.82,seg,226.000,0,-,0.26030,264.49,503.40,596.87,583.00,516.75,13.35,-2.07694,69.564,26.303,0.8617,raw,0,-,0,-,-,236.73,309.11
2026-07-04_Mark-Liversedge_Wrist_01__swing_0007,421,2825040,3336,3.29446,236.45,17,1,1,,0.9989,0.1595,0,-0.9872,0.1521,0.0479,-1.87611,-1.26548,0,-,-,-,1,3.96190,0.25747,-33.62,seg,226.000,0,-,0.25517,262.45,500.45,592.78,580.18,513.33,12.89,-2.09439,58.904,12.372,0.8876,raw,0,-,0,-,-,236.73,309.11
2026-07-04_Mark-Liversedge_Wrist_01__swing_0007,422,2831748,-3372,3.35508,236.43,17,1,1,,0.9988,0.2174,0,-0.9761,0.2116,0.0498,-1.80214,-1.33945,0,-,-,-,1,3.94444,0.23563,-57.66,seg,226.000,0,-,0.28621,260.19,497.09,588.68,576.82,509.26,12.18,-2.21657,60.424,12.092,0.8941,raw,0,-,0,-,-,236.73,309.11
2026-07-04_Mark-Liversedge_Wrist_01__swing_0007,423,2838381,-3191,3.41532,236.42,17,1,1,,0.9987,0.2748,0,-0.9615,0.2700,0.0511,-1.75792,-1.38367,0,-,-,-,1,3.92699,0.19425,123.37,seg,226.000,0,-,0.25057,257.56,493.27,584.70,573.05,504.69,11.42,-2.21657,51.312,17.738,0.8941,raw,0,-,0,-,-,236.73,309.11
2026-07-04_Mark-Liversedge_Wrist_01__swing_0007,424,2845198,3235,3.48267,236.41,17,1,1,,0.9987,0.3381,0,-0.9411,0.3340,0.0519,-1.72497,-1.41662,0,-,-,-,0,-,-,-,ray,226.000,0,-,0.22989,254.09,488.52,580.69,568.75,499.48,10.96,-0.03491,56.181,2.890,0.8941,raw,0,-,0,-,-,236.73,309.11
2026-07-04_Mark-Liversedge_Wrist_01__swing_0007,425,2851791,3350,3.54742,236.40,17,1,1,,0.9986,0.3977,1,-0.9175,0.3942,0.0522,-1.70249,-1.43910,0,-,-,-,1,3.94444,0.24138,6.00,seg,226.000,0,-,0.22644,249.68,483.08,576.92,564.28,494.07,10.98,1.97222,42.402,16.130,0.8941,mot,0,-,0,-,-,236.73,309.11
2026-07-04_Mark-Liversedge_Wrist_01__swing_0007,426,2858590,3324,3.61792,236.41,17,1,1,,0.9986,0.4608,1,-0.8875,0.4579,0.0520,-1.68388,-1.45771,0,-,-,-,1,3.92699,0.20000,255.00,seg,226.000,0,-,0.23793,244.23,476.68,573.15,559.36,488.11,11.43,-0.03491,56.304,12.027,0.8941,raw,0,-,0,-,-,236.73,309.11
2026-07-04_Mark-Liversedge_Wrist_01__swing_0007,427,2865311,3230,3.69225,236.42,17,1,1,,0.9987,0.5251,1,-0.8511,0.5226,0.0511,-1.66820,-1.47339,0,-,-,-,1,3.94444,0.20000,222.00,seg,227.000,0,-,0.24729,238.79,469.84,569.55,554.29,481.97,12.13,-2.33874,59.912,4.514,0.8941,raw,0,-,0,-,-,236.73,309.11
2026-07-04_Mark-Liversedge_Wrist_01__swing_0007,428,2871921,3333,3.76582,236.44,17,1,1,,0.9988,0.5858,1,-0.8104,0.5838,0.0491,-1.65468,-1.48691,0,-,-,-,0,-,-,-,ray,228.000,0,-,0.24512,234.09,462.87,566.15,549.14,475.73,12.86,-2.32129,76.532,27.213,0.8941,raw,0,-,0,-,-,236.73,309.11
2026-07-04_Mark-Liversedge_Wrist_01__swing_0007,429,2878652,3282,3.84033,236.48,17,1,1,,0.9990,0.6442,1,-0.7649,0.6426,0.0455,-1.64147,-1.50012,0,-,-,-,0,-,-,-,ray,229.000,0,-,0.24187,230.22,455.46,562.85,543.80,469.26,13.80,1.83260,59.315,3.577,0.8941,raw,0,-,0,-,-,236.73,309.11
2026-07-04_Mark-Liversedge_Wrist_01__swing_0007,430,2885386,3323,3.91020,236.54,17,1,1,,0.9992,0.6957,1,-0.7183,0.6946,0.0395,-1.62758,-1.51401,0,-,-,-,0,-,-,-,ray,230.000,0,-,0.24078,226.79,447.65,559.72,538.41,462.73,15.08,1.79769,65.209,21.630,0.8941,raw,0,-,0,-,-,236.73,309.11
2026-07-04_Mark-Liversedge_Wrist_01__swing_0007,431,2892070,3294,3.97970,236.62,17,1,1,mid-backswing,0.9996,0.7436,1,-0.6686,0.7431,0.0295,-1.61043,-1.53116,0,-,-,-,1,4.01426,0.20000,200.00,seg,231.000,0,-,0.23753,223.84,439.74,556.81,533.08,456.28,16.53,1.76278,56.552,4.214,0.8941,raw,0,-,0,-,-,236.73,309.11
2026-07-04_Mark-Liversedge_Wrist_01__swing_0007,432,2898835,3448,4.04928,236.72,17,1,1,mid-backswing,1.0000,0.7881,1,-0.6156,0.7881,0.0044,-1.57644,-1.56516,0,-,-,-,1,4.03171,0.20000,200.00,seg,232.000,0,-,0.23102,221.34,431.82,554.10,527.71,449.77,17.95,1.74533,50.701,2.272,0.1500,raw,0,-,0,-,-,236.73,309.11
2026-07-04_Mark-Liversedge_Wrist_01__swing_0007,433,2905461,-3178,4.12274,236.83,17,1,1,mid-backswing,1.0000,0.8311,1,-0.5561,0.8311,0.0000,-1.57080,-1.57080,0,-,-,-,1,4.06662,0.16667,114.00,seg,232.000,0,-,0.22777,219.79,424.27,551.78,522.30,443.22,18.95,1.74533,51.487,26.150,0.8941,mot,0,-,0,-,-,236.73,309.11
2026-07-04_Mark-Liversedge_Wrist_01__swing_0007,434,2912247,3207,4.19909,236.94,17,1,1,mid-backswing,1.0000,0.8711,1,-0.4911,0.8711,0.0000,-1.57080,-1.57080,0,-,-,-,0,-,-,-,ray,235.000,0,-,0.22451,219.05,416.63,549.74,516.57,436.27,19.65,-2.19912,59.268,0.481,0.8941,raw,0,-,0,-,-,236.73,309.11
2026-07-04_Mark-Liversedge_Wrist_01__swing_0007,435,2918807,3253,4.27229,237.00,17,1,1,mid-backswing,1.0000,0.9047,1,-0.4260,0.9047,0.0000,-1.57080,-1.57080,0,-,-,-,0,-,-,-,ray,235.000,0,-,0.22343,218.03,409.07,547.99,510.89,429.38,20.31,-2.21657,77.272,26.951,0.8358,mot,0,-,0,-,-,236.73,309.11
2026-07-04_Mark-Liversedge_Wrist_01__swing_0007,436,2925565,3195,4.34748,236.96,17,1,1,mid-backswing,1.0000,0.9342,1,-0.3569,0.9342,0.0000,-1.57080,-1.57080,0,-,-,-,1,4.11025,0.20174,-28.19,seg,235.000,0,-,0.22126,215.71,400.90,546.39,504.88,422.11,21.20,-2.19912,92.116,40.905,0.8941,raw,0,-,0,-,-,236.73,309.11
2026-07-04_Mark-Liversedge_Wrist_01__swing_0007,437,2932310,3273,4.40802,236.74,17,1,1,mid-backswing,1.0000,0.9540,1,-0.2997,0.9540,0.0000,-1.57080,-1.57080,0,-,-,-,0,-,-,-,ray,235.000,0,-,0.22017,211.39,392.26,544.90,498.76,414.70,22.43,-2.18166,97.061,41.074,0.8941,raw,0,-,0,-,-,236.73,309.11
2026-07-04_Mark-Liversedge_Wrist_01__swing_0007,438,2938878,-3295,4.45893,236.26,17,1,1,mid-backswing,0.9980,0.9682,1,-0.2503,0.9661,0.0627,-1.63565,-1.50594,0,-,-,-,0,-,-,-,ray,237.000,0,-,0.19523,206.07,383.54,543.51,492.71,407.36,23.83,-2.16421,99.042,62.935,0.8876,mot,0,-,0,-,-,236.73,309.11
2026-07-04_Mark-Liversedge_Wrist_01__swing_0007,439,2945707,3174,4.51271,235.36,17,1,1,mid-backswing,0.9942,0.9804,1,-0.1972,0.9745,0.1071,-1.68029,-1.46130,0,-,-,-,0,-,-,-,ray,238.000,0,-,0.18655,199.93,374.14,542.05,486.32,399.63,25.49,-2.14676,93.578,58.043,0.8941,mot,0,-,0,-,-,236.73,309.11
2026-07-04_Mark-Liversedge_Wrist_01__swing_0007,440,2952270,3303,4.56879,234.02,17,1,1,mid-backswing,0.9886,0.9899,1,-0.1415,0.9784,0.1507,-1.72367,-1.41792,0,-,-,-,0,-,-,-,ray,240.000,0,-,0.17462,194.14,364.82,540.58,480.13,392.13,27.31,-2.04204,104.079,66.192,0.8941,mot,0,-,0,-,-,236.73,309.11
2026-07-04_Mark-Liversedge_Wrist_01__swing_0007,441,2959025,3308,4.63014,232.09,17,1,1,mid-backswing,0.9804,0.9968,1,-0.0805,0.9771,0.1970,-1.76973,-1.37186,0,-,-,-,1,4.24115,0.31149,-31.88,seg,242.000,0,-,0.16269,188.16,354.68,538.92,473.71,384.35,29.67,-2.07694,137.110,57.276,0.8941,raw,0,-,0,-,-,236.73,309.11
2026-07-04_Mark-Liversedge_Wrist_01__swing_0007,442,2965713,3241,4.68676,229.55,17,1,1,mid-backswing,0.9697,0.9997,1,-0.0249,0.9694,0.2444,-1.81773,-1.32387,0,-,-,-,0,-,-,-,ray,245.000,0,-,0.14534,181.95,344.13,537.06,467.33,376.62,32.49,-2.05949,177.513,140.833,0.8941,mot,0,-,0,-,-,236.73,309.11
2026-07-04_Mark-Liversedge_Wrist_01__swing_0007,443,2972368,3373,4.72117,226.44,17,1,1,mid-backswing,0.9565,1.0000,1,0.0084,0.9565,0.2916,-1.86671,-1.27489,0,-,-,-,0,-,-,-,ray,246.000,0,-,0.12148,176.04,333.78,534.97,460.97,368.92,35.14,-2.02458,192.291,113.468,0.8941,raw,0,-,0,-,-,236.73,309.11
2026-07-04_Mark-Liversedge_Wrist_01__swing_0007,444,2979156,-3415,4.79056,222.80,17,1,1,mid-backswing,0.9412,0.9973,1,0.0735,0.9383,0.3379,-1.91649,-1.22510,0,-,-,-,0,-,-,-,ray,247.000,0,-,-,170.86,324.00,531.35,453.94,360.40,36.40,-2.02458,226.802,157.474,0.8035,raw,0,-,0,-,-,236.73,309.11
2026-07-04_Mark-Liversedge_Wrist_01__swing_0007,445,2985900,3250,4.93100,218.68,1,1,1,mid-backswing,0.9238,0.9797,1,0.2003,0.9018,0.3829,-1.97237,-1.16922,0,-,-,-,1,4.31096,0.15293,-42.33,seg,248.000,0,-,-,166.87,315.36,524.44,445.33,349.96,34.60,-1.98968,120.001,40.263,0.8941,raw,0,-,0,-,-,236.73,309.11
2026-07-04_Mark-Liversedge_Wrist_01__swing_0007,446,2992736,3075,5.04198,214.08,17,1,1,mid-backswing,0.9043,0.9562,1,0.2927,0.8556,0.4269,-2.03355,-1.10804,0,-,-,-,0,-,-,-,ray,249.000,0,-,-,163.61,307.29,518.43,436.69,339.50,32.21,3.07178,80.486,2.600,0.5447,raw,0,-,0,-,-,236.73,309.11
2026-07-04_Mark-Liversedge_Wrist_01__swing_0007,447,2999163,-3352,5.10057,209.57,17,1,1,mid-backswing,0.8853,0.9422,1,0.3351,0.8194,0.4651,-2.08701,-1.05459,0,-,-,-,0,-,-,-,ray,250.000,0,-,0.10230,160.90,300.03,514.94,428.96,330.13,30.10,3.01942,80.840,3.858,0.5641,raw,0,-,0,-,-,236.73,309.11
2026-07-04_Mark-Liversedge_Wrist_01__swing_0007,448,3005944,-3395,5.16165,204.75,17,1,1,mid-backswing,0.8649,0.9268,1,0.3756,0.7791,0.5019,-2.14313,-0.99846,0,-,-,-,0,-,-,-,ray,251.000,0,-,-,157.97,292.35,512.83,421.04,320.54,28.19,2.94961,80.807,3.444,0.5770,raw,0,-,0,-,-,236.73,309.11
2026-07-04_Mark-Liversedge_Wrist_01__swing_0007,449,3012636,3193,5.21440,199.92,1,1,1,mid-backswing,0.8445,0.9137,1,0.4064,0.7403,0.5356,-2.19708,-0.94451,0,-,-,-,1,4.38078,0.19310,81.61,seg,251.000,0,-,-,155.15,285.02,512.41,413.51,311.42,26.40,0.24435,76.975,15.967,0.8941,raw,0,-,0,-,-,236.73,309.11
2026-07-04_Mark-Liversedge_Wrist_01__swing_0007,450,3019253,3322,5.27142,195.31,1,1,1,mid-backswing,0.8250,0.8992,1,0.4376,0.6994,0.5651,-2.25032,-0.89127,0,-,-,-,1,4.39823,0.17679,66.87,seg,253.000,0,-,-,152.30,277.51,513.19,406.32,302.70,25.19,0.27925,74.456,21.942,0.8941,raw,0,-,0,-,-,236.73,309.11
2026-07-04_Mark-Liversedge_Wrist_01__swing_0007,451,3026025,-3450,5.33162,191.06,1,1,1,mid-backswing,0.8071,0.8835,1,0.4684,0.6572,0.5904,-2.30272,-0.83887,0,-,-,-,1,4.43314,0.16377,39.56,seg,255.000,0,-,-,149.36,269.43,515.00,399.24,294.13,24.71,0.38397,80.377,24.225,0.8941,raw,0,-,0,-,-,236.73,309.11
2026-07-04_Mark-Liversedge_Wrist_01__swing_0007,452,3032811,3202,5.38888,186.94,17,1,1,mid-backswing,0.7897,0.8692,1,0.4944,0.6158,0.6135,-2.35437,-0.78723,0,-,-,-,1,4.46804,0.14208,-10.03,seg,257.000,0,-,-,146.64,261.06,517.71,392.52,285.99,24.93,0.41888,88.128,29.217,0.8941,raw,0,-,0,-,-,236.73,309.11
2026-07-04_Mark-Liversedge_Wrist_01__swing_0007,453,3039377,3342,5.44114,182.98,17,1,1,mid-backswing,0.7730,0.8573,1,0.5147,0.5766,0.6344,-2.40388,-0.73771,0,-,-,-,1,4.49422,0.13124,42.84,seg,258.000,0,-,-,144.45,253.12,521.11,386.37,278.54,25.42,-1.83260,101.449,20.977,0.7323,mot,0,-,0,-,-,236.73,309.11
2026-07-04_Mark-Liversedge_Wrist_01__swing_0007,454,3046046,-3327,5.48839,179.05,17,1,1,mid-backswing,0.7564,0.8481,1,0.5298,0.5398,0.6541,-2.45163,-0.68996,0,-,-,-,1,4.52913,0.11605,24.90,seg,259.000,0,-,-,142.78,245.69,525.35,380.48,271.41,25.72,-1.81514,106.412,12.738,0.6676,raw,0,-,0,-,-,236.73,309.11
2026-07-04_Mark-Liversedge_Wrist_01__swing_0007,455,3052808,3232,5.51962,174.80,24,0,1,mid-backswing,0.7384,0.8459,1,0.5334,0.5106,0.6744,-2.49354,-0.64805,0,-,-,-,0,-,-,-,ray,260.000,0,-,-,141.65,239.19,530.31,374.73,264.44,25.25,0.48869,86.379,37.466,0.8941,raw,0,-,0,-,-,236.73,309.11
2026-07-04_Mark-Liversedge_Wrist_01__swing_0007,456,3059531,3235,5.53756,170.12,17,1,1,mid-backswing,0.7186,0.8493,1,0.5280,0.4875,0.6954,-2.53012,-0.61147,0,-,-,-,0,-,-,-,ray,261.000,0,-,-,140.91,233.77,535.78,369.10,257.61,23.84,0.50615,88.560,32.699,0.8941,raw,0,-,0,-,-,236.73,309.11
2026-07-04_Mark-Liversedge_Wrist_01__swing_0007,457,3066309,3123,5.56870,165.01,17,1,1,mid-backswing,0.6971,0.8501,1,0.5266,0.4567,0.7170,-2.57440,-0.56719,0,-,-,-,0,-,-,-,pred,262.000,0,-,-,140.45,229.34,541.61,363.38,250.69,21.34,0.52360,82.679,30.251,0.8941,raw,0,-,0,-,-,236.73,309.11
2026-07-04_Mark-Liversedge_Wrist_01__swing_0007,458,3072861,-3429,5.65785,159.89,17,1,1,mid-backswing,0.6754,0.8367,1,0.5476,0.3954,0.7374,-2.64945,-0.49215,0,-,-,-,0,-,-,-,ray,270.000,0,-,-,140.13,225.71,547.26,357.79,243.92,18.22,0.47124,75.298,22.645,0.8941,raw,0,-,0,-,-,236.73,309.11
2026-07-04_Mark-Liversedge_Wrist_01__swing_0007,459,3079564,-3144,5.75460,154.44,17,1,1,,0.6524,0.8262,1,0.5634,0.3290,0.7579,-2.73203,-0.40957,0,-,-,-,0,-,-,-,ray,279.000,0,-,-,139.89,222.35,552.76,352.12,237.04,14.69,0.48869,71.091,25.049,0.5188,raw,0,-,0,-,-,236.73,309.11
2026-07-04_Mark-Liversedge_Wrist_01__swing_0007,460,3086225,-3333,5.75979,158.64,17,1,1,,0.6701,0.8143,1,0.5804,0.3349,0.7422,-2.71769,-0.42390,0,-,-,-,0,-,-,-,ray,283.000,0,-,0.20908,139.75,219.20,557.69,346.73,230.52,11.33,0.52360,68.799,28.686,0.8941,raw,0,-,0,-,-,236.73,309.11
2026-07-04_Mark-Liversedge_Wrist_01__swing_0007,461,3092990,-3354,5.76381,172.91,17,1,1,,0.7304,0.7733,1,0.6341,0.3625,0.6830,-2.65363,-0.48796,0,-,-,-,0,-,-,-,pred,292.000,0,-,0.20607,139.78,216.05,561.99,341.74,224.47,8.42,0.54105,76.635,39.541,0.8941,raw,0,-,0,-,-,236.73,309.11
2026-07-04_Mark-Liversedge_Wrist_01__swing_0007,462,3099662,-3275,5.79876,187.13,17,1,1,,0.7905,0.7146,1,0.6995,0.3681,0.6125,-2.60041,-0.54119,0,-,-,-,0,-,-,-,pred,301.000,0,-,0.24014,140.09,213.04,565.42,337.54,219.38,6.35,0.55851,76.483,41.190,0.8941,raw,0,-,0,-,-,236.73,309.11
2026-07-04_Mark-Liversedge_Wrist_01__swing_0007,463,3106345,-3357,5.84232,201.38,17,1,1,,0.8507,0.6389,1,0.7693,0.3630,0.5257,-2.53727,-0.60432,0,-,-,-,0,-,-,-,pred,310.000,0,-,-,140.69,210.15,568.25,334.00,215.09,4.94,0.55851,82.758,48.689,0.8941,raw,0,-,0,-,-,236.73,309.11
2026-07-04_Mark-Liversedge_Wrist_01__swing_0007,464,3113081,-3342,5.89007,215.48,17,1,1,,0.9102,0.5413,1,0.8408,0.3487,0.4141,-2.44174,-0.69985,0,-,-,-,0,-,-,-,pred,319.000,0,-,0.20607,141.55,207.41,570.78,331.03,211.50,4.09,0.57596,73.055,44.750,0.8941,raw,0,-,0,-,-,236.73,309.11
2026-07-04_Mark-Liversedge_Wrist_01__swing_0007,465,3119819,-3233,5.92488,229.67,17,1,1,,0.9702,0.4177,1,0.9086,0.3402,0.2423,-2.18970,-0.95189,0,-,-,-,0,-,-,-,pred,328.000,0,-,0.24946,142.59,204.88,573.39,328.38,208.29,3.41,0.57596,78.470,49.003,0.8941,raw,0,-,0,-,-,236.73,309.11
2026-07-04_Mark-Liversedge_Wrist_01__swing_0007,466,3126494,-3248,5.95585,236.99,17,1,1,,1.0000,0.3215,0,0.9469,0.3215,0.0000,-1.57080,-1.57080,0,-,-,-,0,-,-,-,pred,337.000,0,-,0.25163,143.69,202.56,576.26,325.81,205.17,2.62,0.59341,76.313,49.779,0.8941,raw,0,-,0,-,-,236.73,309.11
2026-07-04_Mark-Liversedge_Wrist_01__swing_0007,467,3133224,3266,5.97798,236.99,17,1,1,,1.0000,0.3005,0,0.9538,0.3005,0.0000,-1.57080,-1.57080,0,-,-,-,0,-,-,-,pred,346.000,0,-,0.20607,144.81,200.43,579.54,323.01,201.78,1.36,0.59341,83.571,52.291,0.8941,raw,0,-,0,-,-,236.73,309.11
2026-07-04_Mark-Liversedge_Wrist_01__swing_0007,468,3139944,3254,6.00895,236.95,17,1,1,,1.0000,0.2708,0,0.9626,0.2708,0.0000,-1.57080,-1.57080,0,-,-,-,0,-,-,-,pred,355.000,0,-,0.22342,145.89,198.56,583.03,319.93,198.05,0.51,0.61087,77.498,45.811,0.8941,raw,0,-,0,-,-,236.73,309.11
2026-07-04_Mark-Liversedge_Wrist_01__swing_0007,469,3146595,3199,6.04360,236.83,17,1,1,,1.0000,0.2373,0,0.9714,0.2373,0.0000,-1.57080,-1.57080,0,-,-,-,0,-,-,-,pred,4.000,0,-,0.22222,146.92,197.02,586.51,316.61,194.03,2.99,0.61087,73.475,46.303,0.8941,raw,0,-,0,-,-,236.73,309.11
2026-07-04_Mark-Liversedge_Wrist_01__swing_0007,470,3153373,3299,6.06992,236.58,17,1,1,,0.9994,0.2145,0,0.9767,0.2115,0.0355,-1.73700,-1.40459,0,-,-,-,0,-,-,-,pred,13.000,0,-,0.20607,147.94,195.86,589.90,313.12,189.80,6.05,0.61087,74.597,44.593,0.8941,raw,0,-,0,-,-,236.73,309.11
2026-07-04_Mark-Liversedge_Wrist_01__swing_0007,471,3159982,-3310,6.09555,236.12,17,1,1,,0.9974,0.1993,0,0.9799,0.1861,0.0715,-1.93785,-1.20374,0,-,-,-,0,-,-,-,pred,22.000,0,-,0.17896,148.91,195.00,593.03,309.79,185.77,9.23,0.61087,69.658,37.298,0.8941,raw,0,-,0,-,-,236.73,309.11
2026-07-04_Mark-Liversedge_Wrist_01__swing_0007,472,3166665,3265,6.12195,235.35,17,1,1,,0.9942,0.1925,0,0.9813,0.1596,0.1076,-2.16392,-0.97767,0,-,-,-,0,-,-,-,pred,29.000,0,-,0.17921,149.90,194.29,596.03,306.69,182.02,12.28,0.62832,72.791,36.953,0.8941,raw,0,-,0,-,-,236.73,309.11
2026-07-04_Mark-Liversedge_Wrist_01__swing_0007,473,3173417,3265,6.14385,234.22,17,1,1,,0.9894,0.1998,0,0.9798,0.1374,0.1451,-2.38338,-0.75821,0,-,-,-,0,-,-,-,ray,38.000,0,-,0.18041,150.91,193.60,598.93,303.88,178.61,14.99,0.62832,72.336,37.377,0.8941,raw,0,-,0,-,-,236.73,309.11
2026-07-04_Mark-Liversedge_Wrist_01__swing_0007,474,3180071,-3389,6.16087,232.78,17,1,1,,0.9833,0.2178,0,0.9760,0.1200,0.1818,-2.55830,-0.58330,0,-,-,-,0,-,-,-,ray,39.000,0,-,0.17204,151.94,192.85,601.61,301.43,175.64,17.20,0.62832,65.090,33.704,0.8941,raw,0,-,0,-,-,236.73,309.11
2026-07-04_Mark-Liversedge_Wrist_01__swing_0007,475,3186769,-3194,6.17817,231.08,17,1,1,,0.9761,0.2401,0,0.9708,0.1023,0.2172,-2.70129,-0.44030,0,-,-,-,0,-,-,-,ray,39.000,0,-,0.15771,153.00,191.97,604.05,299.26,173.01,18.95,0.62832,67.946,35.614,0.8941,raw,0,-,0,-,-,236.73,309.11
2026-07-04_Mark-Liversedge_Wrist_01__swing_0007,476,3193525,3257,6.19161,229.30,17,1,1,,0.9686,0.2638,0,0.9646,0.0886,0.2484,-2.79911,-0.34249,0,-,-,-,0,-,-,-,ray,39.000,0,-,0.15771,154.08,190.99,606.19,297.32,170.67,20.33,0.62832,64.506,32.811,0.8941,raw,0,-,0,-,-,236.73,309.11
2026-07-04_Mark-Liversedge_Wrist_01__swing_0007,477,3200115,3298,6.20469,227.80,17,1,1,,0.9623,0.2824,0,0.9593,0.0755,0.2721,-2.87108,-0.27052,0,-,-,-,0,-,-,-,ray,39.000,0,-,0.15293,155.14,190.03,607.89,295.71,168.72,21.31,0.64577,67.641,34.350,0.8941,raw,0,-,0,-,-,236.73,309.11
2026-07-04_Mark-Liversedge_Wrist_01__swing_0007,478,3206851,3312,6.21782,226.56,17,1,1,,0.9570,0.2966,0,0.9550,0.0625,0.2900,-2.92924,-0.21235,0,-,-,-,0,-,-,-,ray,39.000,0,-,0.15054,156.19,189.12,609.22,294.36,167.08,22.04,0.64577,64.620,32.021,0.8941,raw,0,-,0,-,-,236.73,309.11
2026-07-04_Mark-Liversedge_Wrist_01__swing_0007,479,3213562,-3399,6.22210,225.53,17,1,1,,0.9527,0.3094,0,0.9509,0.0582,0.3039,-2.95246,-0.18913,0,-,-,-,0,-,-,-,ray,39.000,0,-,0.15054,157.16,188.39,610.06,293.38,165.88,22.51,0.64577,58.449,26.789,0.8941,raw,0,-,0,-,-,236.73,309.11
2026-07-04_Mark-Liversedge_Wrist_01__swing_0007,480,3220194,-3037,6.23032,224.62,17,1,1,,0.9489,0.3197,0,0.9475,0.0501,0.3157,-2.98411,-0.15749,0,-,-,-,0,-,-,-,ray,39.000,0,-,-,158.04,187.92,610.36,292.80,165.18,22.73,0.66323,56.053,23.313,0.8941,raw,0,-,0,-,-,236.73,309.11
2026-07-04_Mark-Liversedge_Wrist_01__swing_0007,481,3226931,-3327,6.23955,223.96,1,1,2,,0.9461,0.3266,0,0.9452,0.0413,0.3240,-3.01489,-0.12670,0,-,-,-,0,-,-,-,ray,40.000,0,-,0.08408,158.88,187.67,610.23,292.58,164.92,22.75,0.66323,58.164,27.798,0.8941,raw,0,-,0,-,-,236.73,309.11
2026-07-04_Mark-Liversedge_Wrist_01__swing_0007,482,3233630,-3325,6.23955,223.91,17,1,2,,0.9459,0.3271,0,0.9450,0.0413,0.3245,-3.01513,-0.12646,0,-,-,-,0,-,-,-,ray,40.000,0,-,0.14337,159.72,187.61,609.75,292.71,165.08,22.53,0.64577,58.642,25.808,0.8941,raw,0,-,0,-,-,236.73,309.11
2026-07-04_Mark-Liversedge_Wrist_01__swing_0007,483,3240356,3301,6.23955,224.66,1,1,2,,0.9490,0.3180,0,0.9481,0.0414,0.3153,-3.01103,-0.13056,0,-,-,-,0,-,-,-,ray,40.000,0,-,-,160.63,187.69,608.98,293.12,165.57,22.11,0.64577,60.150,27.408,0.8941,raw,0,-,0,-,-,236.73,309.11
2026-07-04_Mark-Liversedge_Wrist_01__swing_0007,484,3247088,3209,6.23955,226.17,17,1,2,,0.9554,0.2982,0,0.9545,0.0417,0.2953,-3.00137,-0.14022,0,-,-,-,0,-,-,-,ray,40.000,0,-,0.15293,161.60,187.83,607.86,293.79,166.38,21.45,0.64577,56.158,24.478,0.8941,raw,0,-,0,-,-,236.73,309.11
2026-07-04_Mark-Liversedge_Wrist_01__swing_0007,485,3253744,3402,6.23516,228.17,1,1,2,,0.9639,0.2704,0,0.9627,0.0463,0.2664,-2.96964,-0.17195,0,-,-,-,0,-,-,-,ray,40.000,0,-,-,162.64,188.01,606.18,294.74,167.54,20.47,0.66323,54.711,24.876,0.8941,raw,0,-,0,-,-,236.73,309.11
2026-07-04_Mark-Liversedge_Wrist_01__swing_0007,486,3260437,-3291,6.22234,230.31,1,1,4,,0.9729,0.2386,0,0.9711,0.0592,0.2312,-2.89107,-0.25053,0,-,-,-,0,-,-,-,ray,40.000,0,-,0.14208,163.72,188.22,603.85,295.97,169.03,19.20,0.68068,51.788,23.133,0.8941,raw,0,-,0,-,-,236.73,309.11
2026-07-04_Mark-Liversedge_Wrist_01__swing_0007,487,3267186,3215,6.20897,232.35,1,1,4,,0.9815,0.2048,0,0.9788,0.0728,0.1915,-2.77837,-0.36322,0,-,-,-,0,-,-,-,ray,40.000,0,-,-,164.85,188.54,600.71,297.51,170.89,17.64,0.68068,54.210,21.507,0.8941,raw,0,-,0,-,-,236.73,309.11
2026-07-04_Mark-Liversedge_Wrist_01__swing_0007,488,3273869,3327,6.19574,233.96,17,1,4,,0.9883,0.1752,0,0.9845,0.0863,0.1524,-2.62633,-0.51526,0,-,-,-,0,-,-,-,ray,40.000,0,-,0.14534,166.01,189.08,596.88,299.29,173.05,16.04,0.68068,56.447,25.052,0.8941,raw,0,-,0,-,-,236.73,309.11
2026-07-04_Mark-Liversedge_Wrist_01__swing_0007,489,3280563,3245,6.17830,235.09,17,1,4,,0.9931,0.1568,0,0.9876,0.1040,0.1174,-2.41684,-0.72476,0,-,-,-,0,-,-,-,ray,40.000,0,-,0.14859,167.21,190.01,592.43,301.30,175.48,14.53,0.68068,55.496,27.004,0.8941,raw,0,-,0,-,-,236.73,309.11
2026-07-04_Mark-Liversedge_Wrist_01__swing_0007,490,3287246,3368,6.15651,235.72,17,1,4,,0.9958,0.1558,0,0.9878,0.1258,0.0919,-2.20172,-0.93988,0,-,-,-,0,-,-,-,ray,40.000,0,-,0.20607,168.49,191.50,587.46,303.60,178.27,13.23,0.68068,50.737,19.909,0.8941,raw,0,-,0,-,-,236.73,309.11
2026-07-04_Mark-Liversedge_Wrist_01__swing_0007,491,3294130,3129,6.13432,235.89,1,1,4,downswing,0.9965,0.1701,0,0.9854,0.1478,0.0841,-2.08830,-1.05330,0,-,-,-,0,-,-,-,ray,40.000,0,-,-,169.93,193.69,582.01,306.30,181.54,12.15,0.68068,48.344,14.934,0.8941,raw,0,-,0,-,-,236.73,309.11
2026-07-04_Mark-Liversedge_Wrist_01__swing_0007,492,3300618,3270,6.10842,235.62,17,1,4,downswing,0.9953,0.1981,0,0.9802,0.1731,0.0964,-2.07899,-1.06261,0,-,-,-,0,-,-,-,ray,40.000,0,-,0.19197,171.42,196.32,576.69,309.22,185.08,11.24,0.68068,50.822,6.363,0.8941,raw,0,-,0,-,-,236.73,309.11
2026-07-04_Mark-Liversedge_Wrist_01__swing_0007,493,3307362,3254,6.06416,235.00,17,1,4,downswing,0.9927,0.2471,0,0.9690,0.2157,0.1206,-2.08071,-1.06089,0,-,-,-,0,-,-,-,ray,40.000,0,-,0.19957,173.17,199.69,571.08,312.71,189.30,10.39,1.65806,49.689,1.875,0.1500,raw,0,-,0,-,-,236.73,309.11
2026-07-04_Mark-Liversedge_Wrist_01__swing_0007,494,3314070,-3454,6.01716,234.15,17,1,4,downswing,0.9891,0.2988,0,0.9543,0.2600,0.1472,-2.08587,-1.05572,0,-,-,-,0,-,-,-,ray,40.000,0,-,0.20065,175.02,203.59,565.51,316.70,194.14,9.45,1.65806,53.320,8.018,0.8941,raw,0,-,0,-,-,236.73,309.11
2026-07-04_Mark-Liversedge_Wrist_01__swing_0007,495,3320832,3212,6.00840,233.18,17,1,4,downswing,0.9850,0.3181,0,0.9481,0.2673,0.1724,-2.14367,-0.99792,0,-,-,-,0,-,-,-,ray,40.000,0,-,0.10872,176.97,208.13,560.00,321.54,200.00,8.13,1.69297,53.241,10.981,0.8941,raw,0,-,0,-,-,236.73,309.11
2026-07-04_Mark-Liversedge_Wrist_01__swing_0007,496,3327427,3282,5.99481,232.35,17,1,4,downswing,0.9815,0.3384,0,0.9410,0.2791,0.1913,-2.17166,-0.96993,0,-,-,-,0,-,-,-,ray,40.000,0,-,0.12903,178.97,213.18,554.82,327.20,206.86,6.33,1.69297,57.802,19.010,0.8941,raw,0,-,0,-,-,236.73,309.11
2026-07-04_Mark-Liversedge_Wrist_01__swing_0007,497,3334102,3331,5.94260,231.89,17,1,4,downswing,0.9795,0.3841,1,0.9233,0.3272,0.2012,-2.12212,-1.01948,0,-,-,-,0,-,-,-,ray,40.000,0,-,-,181.18,218.98,549.89,334.13,215.25,3.73,1.71042,62.237,25.455,0.8811,raw,0,-,0,-,-,236.73,309.11
2026-07-04_Mark-Liversedge_Wrist_01__swing_0007,498,3340845,3292,5.87669,231.84,17,1,4,downswing,0.9793,0.4368,1,0.8995,0.3872,0.2022,-2.05199,-1.08961,0,-,-,-,0,-,-,-,ray,40.000,0,-,0.09809,183.84,225.85,545.30,342.53,225.43,0.42,1.95477,61.324,38.011,0.3829,mot,0,-,0,-,-,236.73,309.11
2026-07-04_Mark-Liversedge_Wrist_01__swing_0007,499,3347504,3275,5.80716,232.11,17,1,4,downswing,0.9805,0.4904,1,0.8715,0.4493,0.1966,-1.98324,-1.15836,0,-,-,-,1,0.69813,0.12989,95.31,seg,39.000,0,-,0.12903,187.02,233.80,541.14,352.13,237.07,3.27,1.91986,63.710,18.137,0.8941,raw,0,-,0,-,-,236.73,309.11
2026-07-04_Mark-Liversedge_Wrist_01__swing_0007,500,3354165,-3386,5.71677,232.53,17,1,4,downswing,0.9823,0.5595,1,0.8289,0.5271,0.1875,-1.91265,-1.22895,0,-,-,-,1,0.68068,0.11379,13.03,seg,38.000,0,-,-,190.96,243.36,537.35,363.22,250.49,7.13,1.95477,71.265,23.601,0.8941,raw,0,-,0,-,-,236.73,309.11
2026-07-04_Mark-Liversedge_Wrist_01__swing_0007,501,3360883,-3240,5.61329,232.96,1,1,4,downswing,0.9841,0.6363,1,0.7714,0.6110,0.1776,-1.85370,-1.28789,0,-,-,-,0,-,-,-,ray,34.000,0,-,-,195.90,255.02,533.86,375.57,265.46,10.44,2.00713,65.807,26.308,0.8941,raw,0,-,0,-,-,236.73,309.11
2026-07-04_Mark-Liversedge_Wrist_01__swing_0007,502,3367588,-3144,5.52617,233.36,1,1,4,downswing,0.9858,0.6975,1,0.7165,0.6770,0.1681,-1.81417,-1.32742,0,-,-,-,0,-,-,-,pred,23.000,0,-,0.14023,201.93,268.75,530.78,389.05,281.79,13.04,0.05236,59.937,0.673,0.8941,raw,0,-,0,-,-,236.73,309.11
2026-07-04_Mark-Liversedge_Wrist_01__swing_0007,503,3374299,-3233,5.42436,233.73,17,1,4,downswing,0.9873,0.7641,1,0.6450,0.7475,0.1587,-1.78004,-1.36155,0,-,-,-,0,-,-,-,pred,14.000,0,-,0.08621,209.48,284.91,528.39,403.63,299.44,14.54,0.03491,80.565,9.699,0.8941,raw,0,-,0,-,-,236.73,309.11
2026-07-04_Mark-Liversedge_Wrist_01__swing_0007,504,3380955,-3337,5.31118,234.09,17,1,4,downswing,0.9889,0.8303,1,0.5574,0.8168,0.1489,-1.75110,-1.39050,0,-,-,-,1,0.07854,0.24078,67.86,seg,4.000,0,-,-,218.41,302.80,526.98,418.96,318.03,15.23,3.07178,85.249,2.175,0.8229,raw,0,-,0,-,-,236.73,309.11
2026-07-04_Mark-Liversedge_Wrist_01__swing_0007,505,3387662,-3248,5.18577,234.47,1,1,4,downswing,0.9905,0.8922,1,0.4516,0.8815,0.1377,-1.72579,-1.41581,0,-,-,-,0,-,-,-,ray,359.000,0,-,-,228.91,322.39,527.11,435.25,337.75,15.36,0.08727,90.904,52.420,0.8941,raw,0,-,0,-,-,236.73,309.11
2026-07-04_Mark-Liversedge_Wrist_01__swing_0007,506,3394513,3225,5.03771,234.88,1,1,4,downswing,0.9922,0.9484,1,0.3171,0.9402,0.1247,-1.70263,-1.43897,0,-,-,-,0,-,-,-,pred,351.000,0,-,-,240.88,343.53,529.06,452.36,358.48,14.95,-2.05949,165.066,93.674,0.7970,raw,0,-,0,-,-,236.73,309.11
2026-07-04_Mark-Liversedge_Wrist_01__swing_0007,507,3401113,3311,4.83331,235.27,17,1,4,downswing,0.9939,0.9928,1,0.1199,0.9866,0.1107,-1.68254,-1.45905,0,-,-,-,0,-,-,-,ray,344.000,0,-,0.14859,252.92,364.31,532.81,468.96,378.59,14.28,-2.07694,236.178,194.946,0.8941,mot,0,-,0,-,-,236.73,309.11
2026-07-04_Mark-Liversedge_Wrist_01__swing_0007,508,3407804,3298,4.56232,235.64,1,1,4,downswing,0.9954,0.9889,1,-0.1488,0.9842,0.0956,-1.66759,-1.47400,0,-,-,-,0,-,-,-,wedge,332.000,0,-,-,264.81,385.19,538.37,485.42,398.53,13.34,-2.09439,179.161,106.262,0.8941,raw,0,-,0,-,-,236.73,309.11
2026-07-04_Mark-Liversedge_Wrist_01__swing_0007,509,3414482,3264,4.42885,235.97,17,1,4,downswing,0.9968,0.9603,1,-0.2789,0.9570,0.0800,-1.65415,-1.48744,0,-,-,-,0,-,-,-,ray,321.000,0,-,0.22451,275.68,405.31,545.07,501.16,417.60,12.28,-2.09439,191.204,137.009,0.8941,raw,0,-,0,-,-,236.73,309.11
2026-07-04_Mark-Liversedge_Wrist_01__swing_0007,510,3421184,3352,4.25639,236.23,17,1,3,downswing,0.9979,0.8983,1,-0.4394,0.8959,0.0647,-1.64292,-1.49867,0,-,-,-,0,-,-,-,ray,310.341,0,-,0.23102,285.02,424.34,552.69,515.90,435.46,11.12,-2.09439,177.016,114.890,0.8941,raw,0,-,0,-,-,236.73,309.11
2026-07-04_Mark-Liversedge_Wrist_01__swing_0007,511,3427946,-3410,3.99715,236.42,17,1,3,downswing,0.9987,0.7557,1,-0.6550,0.7540,0.0505,-1.63771,-1.50388,0,-,-,-,0,-,-,-,recon,287.447,0,-,0.24946,292.41,441.86,561.11,529.66,452.13,10.27,-2.09439,93.192,41.033,0.8941,raw,0,-,0,-,-,236.73,309.11
2026-07-04_Mark-Liversedge_Wrist_01__swing_0007,512,3434608,-3225,3.82619,236.55,17,1,3,,0.9993,0.6330,1,-0.7741,0.6319,0.0381,-1.63109,-1.51050,0,-,-,-,0,-,-,-,recon,265.894,0,-,0.26464,297.82,457.37,570.36,542.09,467.19,9.82,-2.11185,56.284,2.044,0.8682,raw,0,-,0,-,-,236.73,309.11
2026-07-04_Mark-Liversedge_Wrist_01__swing_0007,513,3441281,-3145,3.65030,236.63,17,1,3,,0.9996,0.4877,1,-0.8730,0.4868,0.0288,-1.62996,-1.51163,0,-,-,-,0,-,-,-,recon,249.864,0,-,-,301.27,470.76,581.08,553.31,480.78,10.02,0.06981,61.333,7.713,0.8229,raw,0,-,0,-,-,236.73,309.11
2026-07-04_Mark-Liversedge_Wrist_01__swing_0007,514,3448056,3262,3.45297,236.64,1,1,3,,0.9996,0.3074,0,-0.9516,0.3063,0.0266,-1.65739,-1.48420,0,-,-,-,0,-,-,-,recon,239.064,0,-,-,303.11,482.25,593.56,563.57,493.20,10.96,0.00000,63.257,1.331,0.8876,raw,0,-,0,-,-,236.73,309.11
2026-07-04_Mark-Liversedge_Wrist_01__swing_0007,515,3454839,3194,3.23206,236.60,17,1,3,,0.9995,0.0962,0,-0.9954,0.0903,0.0331,-1.92254,-1.21906,0,-,-,-,0,-,-,-,recon,231.892,0,-,0.20607,303.63,491.76,607.73,572.65,504.20,12.44,-2.25147,58.911,5.483,0.8876,raw,0,-,0,-,-,236.73,309.11
2026-07-04_Mark-Liversedge_Wrist_01__swing_0007,516,3461379,3247,3.04442,236.49,17,1,3,,0.9990,0.1068,0,-0.9943,-0.0969,0.0448,2.00400,1.13760,0,-,-,-,0,-,-,-,ray,227.103,0,-,0.20499,303.08,499.03,622.51,580.35,513.54,14.51,-2.19912,61.027,9.607,0.8682,raw,0,-,0,-,-,236.73,309.11
2026-07-04_Mark-Liversedge_Wrist_01__swing_0007,517,3468087,3291,2.88104,236.31,1,1,3,,0.9982,0.2640,0,-0.9645,-0.2572,0.0596,1.79843,1.34317,0,-,-,-,0,-,-,-,ray,223.905,0,-,-,301.94,505.07,638.22,587.20,521.84,16.77,-2.26893,68.030,0.071,0.8941,raw,0,-,0,-,-,236.73,309.11
2026-07-04_Mark-Liversedge_Wrist_01__swing_0007,518,3474796,3307,2.76035,236.04,17,1,3,,0.9971,0.3787,1,-0.9255,-0.3710,0.0758,1.77244,1.36915,0,-,-,-,1,3.96190,0.28391,-24.29,seg,226.000,0,-,0.17586,300.50,509.78,653.78,592.73,528.53,18.75,1.04720,112.177,68.681,0.8941,mot,0,-,0,-,-,236.73,309.11
2026-07-04_Mark-Liversedge_Wrist_01__swing_0007,519,3481583,3450,2.63507,235.70,17,1,3,impact,0.9956,0.4919,1,-0.8706,-0.4830,0.0932,1.76141,1.38018,0,-,-,-,0,-,-,-,ray,220.000,0,-,0.17126,299.01,513.43,668.98,597.03,533.75,20.31,1.02974,133.072,92.307,0.8941,mot,1,1.68995,1,1.02974,133.59,236.73,309.11
2026-07-04_Mark-Liversedge_Wrist_01__swing_0007,520,3488278,3208,2.42531,235.25,1,1,3,impact,0.9938,0.6619,1,-0.7496,-0.6525,0.1114,1.73992,1.40167,0,-,-,-,0,-,-,-,ray,217.833,0,-,-,297.69,516.11,683.34,599.94,537.27,21.16,1.02974,145.462,87.287,0.8941,raw,1,1.68718,1,1.02974,146.65,236.73,309.11
2026-07-04_Mark-Liversedge_Wrist_01__swing_0007,521,3494973,3338,2.17899,234.70,24,0,3,impact,0.9914,0.8241,1,-0.5665,-0.8137,0.1305,1.72987,1.41172,0,-,-,-,0,-,-,-,ray,216.986,0,-,-,296.66,517.73,697.23,601.45,539.09,21.37,1.02974,70.677,10.758,0.8941,raw,1,1.68482,1,1.05592,75.28,236.73,309.11
2026-07-04_Mark-Liversedge_Wrist_01__swing_0007,522,3501598,-3287,1.97234,234.02,24,0,3,impact,0.9885,0.9223,1,-0.3864,-0.9099,0.1509,1.73514,1.40645,0,-,-,-,0,-,-,-,ray,216.181,0,-,0.17679,295.82,518.30,710.75,601.66,539.35,21.05,1.93732,61.601,4.876,0.1500,raw,1,1.68266,1,1.08210,45.12,236.73,309.11
2026-07-04_Mark-Liversedge_Wrist_01__swing_0007,523,3508321,-3427,1.82823,233.11,17,1,3,impact,0.9847,0.9681,1,-0.2507,-0.9523,0.1740,1.75156,1.39003,0,-,-,-,0,-,-,-,ray,213.708,0,-,-,295.02,517.52,724.35,600.17,537.55,20.02,1.88496,55.860,4.585,0.8941,raw,1,1.68017,1,1.04720,38.10,236.73,309.11
2026-07-04_Mark-Liversedge_Wrist_01__swing_0007,524,3514954,-3205,1.73357,231.99,24,0,3,impact,0.9800,0.9873,1,-0.1588,-0.9671,0.1990,1.77370,1.36789,0,-,-,-,1,3.68264,0.13448,-20.77,seg,210.000,0,-,0.20607,294.07,515.28,737.67,597.19,533.94,18.66,1.85005,66.942,24.650,0.8941,raw,1,1.67683,1,1.07338,35.15,236.73,309.11
2026-07-04_Mark-Liversedge_Wrist_01__swing_0007,525,3521653,-3267,1.64577,230.62,17,1,3,impact,0.9742,0.9973,1,-0.0730,-0.9714,0.2257,1.79913,1.34247,0,-,-,-,0,-,-,-,ray,211.597,0,-,-,292.77,511.70,750.98,592.48,528.23,16.53,1.88496,82.309,43.561,0.8941,raw,1,1.67218,1,1.08210,25.80,236.73,309.11
2026-07-04_Mark-Liversedge_Wrist_01__swing_0007,526,3528484,3190,1.55132,229.02,24,0,3,impact,0.9674,0.9998,1,0.0188,-0.9673,0.2531,1.82672,1.31487,0,-,-,-,1,3.62156,0.26092,114.85,seg,207.000,0,-,-,290.79,506.72,764.30,585.90,520.26,13.54,1.83260,80.379,34.185,0.8941,raw,1,1.66542,1,1.09956,31.78,236.73,309.11
2026-07-04_Mark-Liversedge_Wrist_01__swing_0007,527,3535106,3339,1.34576,227.37,532,0,3,,0.9605,0.9768,1,0.2143,-0.9362,0.2784,1.85985,1.28174,0,-,-,-,1,3.55175,0.12484,88.78,seg,204.000,0,-,-,288.13,500.94,776.86,577.93,510.61,9.66,1.81514,78.649,34.833,0.8941,raw,0,-,0,-,-,236.73,309.11
2026-07-04_Mark-Liversedge_Wrist_01__swing_0007,528,3541829,3252,1.39608,284.96,580,0,3,,1.0000,0.9848,1,0.1738,-0.9848,0.0000,1.57080,1.57080,0,-,-,-,0,-,-,-,recon,207.043,0,-,-,284.53,494.05,788.98,568.12,498.72,4.67,1.78024,68.953,19.228,0.8941,raw,0,-,0,-,-,236.73,309.11
2026-07-04_Mark-Liversedge_Wrist_01__swing_0007,529,3548520,3266,1.21662,280.64,20,0,3,,1.0000,0.9379,1,0.3468,-0.9379,0.0000,1.57080,1.57080,0,-,-,-,1,3.49066,0.12989,41.42,seg,199.000,0,-,-,280.09,486.00,800.21,557.05,485.32,0.68,1.95477,68.527,8.918,0.8941,raw,0,-,0,-,-,236.73,309.11
2026-07-04_Mark-Liversedge_Wrist_01__swing_0007,530,3555122,-3336,0.76854,222.33,20,0,3,,0.9392,0.7376,1,0.6752,-0.6528,0.3434,2.05508,1.08651,0,-,-,-,0,-,-,-,recon,202.885,0,-,-,275.23,476.86,810.31,545.20,470.95,5.91,1.95477,91.865,49.929,0.8941,raw,0,-,0,-,-,236.73,309.11
2026-07-04_Mark-Liversedge_Wrist_01__swing_0007,531,3561911,3315,0.62176,220.41,1,1,3,,0.9311,0.6536,1,0.7568,-0.5423,0.3649,2.16304,0.97855,0,-,-,-,1,3.29867,0.22414,108.62,seg,189.000,0,-,-,270.28,465.94,819.59,532.56,455.64,10.30,1.86750,81.832,25.362,0.8941,raw,0,-,0,-,-,236.73,309.11
2026-07-04_Mark-Liversedge_Wrist_01__swing_0007,532,3568624,3393,0.52041,218.07,20,0,3,,0.9212,0.6010,1,0.7992,-0.4580,0.3892,2.27506,0.86653,0,-,-,-,0,-,-,-,recon,197.248,0,-,-,266.12,453.65,827.86,520.06,440.50,13.16,1.81514,69.708,32.445,0.8941,raw,0,-,0,-,-,236.73,309.11
2026-07-04_Mark-Liversedge_Wrist_01__swing_0007,533,3575261,-3244,0.43043,215.10,20,0,3,,0.9086,0.5640,1,0.8258,-0.3791,0.4176,2.40442,0.73717,0,-,-,-,0,-,-,-,recon,193.321,0,-,-,263.38,439.82,835.17,507.90,425.76,14.06,1.78024,61.331,40.061,0.8941,mot,0,-,0,-,-,236.73,309.11
2026-07-04_Mark-Liversedge_Wrist_01__swing_0007,534,3581876,-3319,0.33620,211.44,20,0,3,,0.8932,0.5376,1,0.8432,-0.2947,0.4497,2.56156,0.58004,0,-,-,-,1,3.08923,0.20382,58.94,seg,178.000,0,-,-,262.65,424.09,841.75,495.87,411.19,12.90,-2.91470,63.218,7.436,0.8941,raw,0,-,0,-,-,236.73,309.11
2026-07-04_Mark-Liversedge_Wrist_01__swing_0007,535,3588798,3223,0.20218,206.80,20,0,5,,0.8736,0.5173,1,0.8558,-0.1754,0.4867,2.79565,0.34594,0,-,-,-,0,-,-,-,ray,169.000,0,-,-,264.01,405.70,848.04,483.11,395.74,9.97,1.72788,54.593,2.707,0.8941,raw,0,-,0,-,-,236.73,309.11
2026-07-04_Mark-Liversedge_Wrist_01__swing_0007,536,3595360,-3339,0.07060,201.62,20,0,5,,0.8517,0.5274,1,0.8496,-0.0601,0.5240,3.02743,0.11416,0,-,-,-,0,-,-,-,ray,161.000,0,-,-,267.31,386.47,853.52,470.47,380.43,6.04,1.97222,45.552,14.911,0.8941,mot,0,-,0,-,-,236.73,309.11
2026-07-04_Mark-Liversedge_Wrist_01__swing_0007,537,3602132,3223,-0.00916,195.67,24,0,5,,0.8266,0.5629,1,0.8265,0.0076,0.5628,-3.12814,-0.01345,0,-,-,-,0,-,-,-,ray,157.000,0,-,-,272.09,365.41,858.90,456.81,363.87,1.54,1.88496,48.926,27.834,0.8941,mot,0,-,0,-,-,236.73,309.11
2026-07-04_Mark-Liversedge_Wrist_01__swing_0007,538,3608778,3249,-0.10654,189.38,24,0,5,,0.8000,0.6060,1,0.7955,0.0851,0.6000,-3.00074,-0.14085,0,-,-,-,0,-,-,-,pred,150.000,0,-,-,277.33,344.28,863.94,442.70,346.78,2.49,0.05236,80.889,38.614,0.8941,raw,0,-,0,-,-,236.73,309.11
2026-07-04_Mark-Liversedge_Wrist_01__swing_0007,539,3615417,3334,-0.20973,182.98,20,0,5,,0.7730,0.6545,1,0.7560,0.1609,0.6344,-2.89318,-0.24841,0,-,-,-,0,-,-,-,ray,144.000,0,-,-,282.22,323.63,868.64,428.09,329.08,5.45,0.12217,87.916,34.884,0.8941,raw,0,-,0,-,-,236.73,309.11
2026-07-04_Mark-Liversedge_Wrist_01__swing_0007,540,3622189,3362,-0.34141,176.53,1,1,5,,0.7457,0.7115,1,0.7027,0.2497,0.6663,-2.78306,-0.35853,0,-,-,-,0,-,-,-,pred,144.000,0,-,-,286.00,303.85,872.78,412.88,310.66,6.81,-0.12217,75.340,4.823,0.8941,raw,0,-,0,-,-,236.73,309.11
2026-07-04_Mark-Liversedge_Wrist_01__swing_0007,541,3628895,3278,-0.49803,170.34,24,0,5,,0.7196,0.7748,1,0.6322,0.3437,0.6944,-2.68195,-0.45964,0,-,-,-,0,-,-,-,ray,144.000,0,-,-,287.67,286.48,875.52,397.92,292.53,6.05,-0.03491,73.864,1.444,0.8941,raw,0,-,0,-,-,236.73,309.11
2026-07-04_Mark-Liversedge_Wrist_01__swing_0007,542,3635621,3263,-0.62128,164.65,20,0,5,,0.6955,0.8247,1,0.5656,0.4049,0.7185,-2.62846,-0.51313,0,-,-,-,0,-,-,-,ray,141.000,0,-,-,286.89,271.74,876.44,383.45,275.00,3.26,0.12217,64.949,22.680,0.8682,raw,0,-,0,-,-,236.73,309.11
2026-07-04_Mark-Liversedge_Wrist_01__swing_0007,543,3642396,3181,-0.74479,159.77,20,0,5,,0.6749,0.8682,1,0.4962,0.4575,0.7379,-2.58664,-0.55495,0,-,-,-,0,-,-,-,ray,139.000,0,-,-,283.53,259.79,874.91,369.92,258.61,1.18,0.15708,64.648,3.182,0.1500,raw,0,-,0,-,-,236.73,309.11
2026-07-04_Mark-Liversedge_Wrist_01__swing_0007,544,3649044,3266,-0.85677,155.92,24,0,5,,0.6586,0.9022,1,0.4313,0.4978,0.7525,-2.55717,-0.58442,0,-,-,-,0,-,-,-,ray,137.000,0,-,-,277.47,251.38,870.94,357.98,244.15,7.23,2.86234,48.716,5.801,0.8941,raw,0,-,0,-,-,236.73,309.11
2026-07-04_Mark-Liversedge_Wrist_01__swing_0007,545,3655624,-3314,-0.95931,153.03,24,0,5,,0.6465,0.9286,1,0.3711,0.5293,0.7629,-2.53505,-0.60654,0,-,-,-,0,-,-,-,ray,133.000,0,-,0.07267,269.43,245.72,865.09,347.40,231.33,14.38,2.84489,43.827,14.381,0.8811,raw,0,-,0,-,-,236.73,309.11
2026-07-04_Mark-Liversedge_Wrist_01__swing_0007,546,3662384,-3367,-1.06425,150.93,17,1,5,,0.6376,0.9510,1,0.3093,0.5575,0.7704,-2.51518,-0.62641,0,-,-,-,0,-,-,-,ray,129.000,0,-,-,259.29,242.65,857.61,337.86,219.77,22.87,0.50615,37.093,5.236,0.1500,raw,0,-,0,-,-,236.73,309.11
2026-07-04_Mark-Liversedge_Wrist_01__swing_0007,547,3669008,-3205,-1.15127,149.51,24,0,5,,0.6316,0.9663,1,0.2573,0.5768,0.7753,-2.50198,-0.63961,0,-,-,-,0,-,-,-,ray,127.000,0,-,-,248.12,241.87,849.78,329.43,209.56,32.31,2.75762,37.767,3.533,0.8941,raw,0,-,0,-,-,236.73,309.11
2026-07-04_Mark-Liversedge_Wrist_01__swing_0007,548,3675773,3339,-1.23996,148.56,20,0,5,,0.6275,0.9790,1,0.2039,0.5935,0.7786,-2.49026,-0.65133,0,-,-,-,0,-,-,-,ray,125.000,0,-,-,236.13,242.75,841.85,321.64,200.12,42.63,2.74017,45.532,13.500,0.8941,raw,0,-,0,-,-,236.73,309.11
2026-07-04_Mark-Liversedge_Wrist_01__swing_0007,549,3682442,-3330,-1.34351,147.90,20,0,5,,0.6248,0.9900,1,0.1408,0.6087,0.7808,-2.47941,-0.66218,0,-,-,-,0,-,-,-,pred,124.000,0,-,-,224.38,244.91,834.66,314.48,191.45,53.46,2.68781,47.129,0.243,0.8358,raw,0,-,0,-,-,236.73,309.11
2026-07-04_Mark-Liversedge_Wrist_01__swing_0007,550,3689117,-3294,-1.43924,147.31,24,0,5,,0.6223,0.9967,1,0.0816,0.6169,0.7828,-2.47418,-0.66741,0,-,-,-,0,-,-,-,ray,123.000,0,-,-,213.27,247.65,828.29,307.59,183.10,64.55,2.05949,48.460,2.044,0.8941,raw,0,-,0,-,-,236.73,309.11
2026-07-04_Mark-Liversedge_Wrist_01__swing_0007,551,3695899,3232,-1.52819,146.60,24,0,5,,0.6193,0.9997,1,0.0264,0.6187,0.7852,-2.47423,-0.66736,0,-,-,-,0,-,-,-,ray,121.000,0,-,-,203.25,250.52,822.86,300.63,174.67,75.85,2.00713,62.484,29.967,0.7582,raw,0,-,0,-,-,236.73,309.11
2026-07-04_Mark-Liversedge_Wrist_01__swing_0007,552,3702557,3288,-1.65095,145.74,1,1,5,,0.6156,0.9988,1,-0.0493,0.6137,0.7880,-2.47994,-0.66165,0,-,-,-,0,-,-,-,ray,119.000,0,-,-,195.08,252.93,818.29,293.60,166.15,86.78,1.93732,58.069,21.799,0.7970,raw,0,-,0,-,-,236.73,309.11
2026-07-04_Mark-Liversedge_Wrist_01__swing_0007,553,3709262,3304,-1.77224,144.80,1,1,5,,0.6117,0.9925,1,-0.1224,0.5993,0.7911,-2.49328,-0.64831,0,-,-,-,0,-,-,-,ray,116.000,0,-,-,188.62,254.60,814.25,286.20,157.19,97.41,1.90241,61.352,14.331,0.8941,raw,0,-,0,-,-,236.73,309.11
2026-07-04_Mark-Liversedge_Wrist_01__swing_0007,554,3716044,3232,-1.86038,143.90,17,1,5,,0.6079,0.9848,1,-0.1736,0.5826,0.7940,-2.50862,-0.63297,0,-,-,-,0,-,-,-,ray,116.000,0,-,0.07011,184.21,255.10,810.36,278.38,147.72,107.38,1.86750,64.353,17.716,0.8553,raw,0,-,0,-,-,236.73,309.11
2026-07-04_Mark-Liversedge_Wrist_01__swing_0007,555,3722841,3103,-1.93973,143.15,17,1,6,,0.6047,0.9759,1,-0.2181,0.5640,0.7964,-2.52539,-0.61620,0,-,-,-,0,-,-,-,pred,116.000,0,-,0.08506,181.53,254.35,806.34,270.34,137.98,116.37,1.83260,65.964,20.000,0.8617,raw,0,-,0,-,-,236.73,309.11
2026-07-04_Mark-Liversedge_Wrist_01__swing_0007,556,3729338,3302,-1.99876,142.61,17,1,6,,0.6024,0.9682,1,-0.2500,0.5481,0.7982,-2.53987,-0.60172,0,-,-,-,0,-,-,-,pred,115.000,0,-,0.11724,180.38,252.37,802.14,262.58,128.58,123.79,1.85005,55.626,25.777,0.7711,raw,0,-,0,-,-,236.73,309.11
2026-07-04_Mark-Liversedge_Wrist_01__swing_0007,557,3736056,3336,-2.05107,142.17,17,1,6,,0.6006,0.9607,1,-0.2775,0.5326,0.7996,-2.55395,-0.58764,0,-,-,-,0,-,-,-,pred,114.000,0,-,0.07816,180.32,248.98,796.77,254.81,119.16,129.82,1.71042,60.093,30.611,0.8941,raw,0,-,0,-,-,236.73,309.11
2026-07-04_Mark-Liversedge_Wrist_01__swing_0007,558,3742763,-3371,-2.09433,141.79,17,1,6,,0.5989,0.9541,1,-0.2994,0.5187,0.8008,-2.56679,-0.57480,0,-,-,-,0,-,-,-,pred,113.000,0,-,-,180.92,244.47,790.85,247.01,109.72,134.75,1.71042,63.227,16.388,0.8941,raw,0,-,0,-,-,236.73,309.11
2026-07-04_Mark-Liversedge_Wrist_01__swing_0007,559,3749538,3208,-2.13871,141.37,20,0,6,,0.5972,0.9470,1,-0.3212,0.5034,0.8021,-2.58111,-0.56048,0,-,-,-,0,-,-,-,pred,113.000,0,-,-,181.89,238.84,784.62,239.76,100.93,137.91,1.69297,63.448,14.816,0.8941,raw,0,-,0,-,-,236.73,309.11
2026-07-04_Mark-Liversedge_Wrist_01__swing_0007,560,3756122,3334,-2.17299,140.88,1,1,6,,0.5951,0.9415,1,-0.3371,0.4904,0.8036,-2.59367,-0.54792,0,-,-,-,0,-,-,-,pred,112.000,0,-,-,182.91,232.66,778.27,233.76,93.66,139.00,1.78024,55.154,37.747,0.8941,mot,0,-,0,-,-,236.73,309.11
2026-07-04_Mark-Liversedge_Wrist_01__swing_0007,561,3762887,3264,-2.18166,140.29,17,1,6,,0.5926,0.9405,1,-0.3399,0.4855,0.8055,-2.59920,-0.54239,0,-,-,-,0,-,-,-,pred,111.000,0,-,-,183.90,225.77,771.19,228.13,86.84,138.93,1.78024,52.453,19.612,0.8941,raw,0,-,0,-,-,236.73,309.11
2026-07-04_Mark-Liversedge_Wrist_01__swing_0007,562,3769560,-3409,-2.23319,139.65,17,1,6,,0.5899,0.9319,1,-0.3628,0.4652,0.8075,-2.61895,-0.52264,0,-,-,-,0,-,-,-,pred,110.000,0,-,-,184.87,218.80,764.21,223.20,80.87,137.93,1.76278,48.889,16.323,0.8941,raw,0,-,0,-,-,236.73,309.11
2026-07-04_Mark-Liversedge_Wrist_01__swing_0007,563,3776300,-3221,-2.29506,138.95,1,1,6,,0.5870,0.9213,1,-0.3889,0.4396,0.8096,-2.64413,-0.49746,0,-,-,-,0,-,-,-,pred,110.000,0,-,-,185.86,211.99,757.72,219.20,76.02,135.97,1.78024,47.756,6.820,0.8941,raw,0,-,0,-,-,236.73,309.11
2026-07-04_Mark-Liversedge_Wrist_01__swing_0007,564,3782903,3322,-2.30383,138.25,20,0,6,,0.5840,0.9205,1,-0.3908,0.4340,0.8117,-2.65060,-0.49100,0,-,-,-,0,-,-,-,pred,109.000,0,-,-,186.84,205.98,752.56,216.77,73.07,132.90,1.85005,50.704,7.272,0.8811,raw,0,-,0,-,-,236.73,309.11
2026-07-04_Mark-Liversedge_Wrist_01__swing_0007,565,3789696,3411,-2.30383,137.59,20,0,6,,0.5812,0.9213,1,-0.3889,0.4319,0.8137,-2.65360,-0.48799,0,-,-,-,0,-,-,-,pred,103.000,0,-,-,187.92,200.43,748.21,215.70,71.78,128.64,1.78024,53.350,9.935,0.8941,raw,0,-,0,-,-,236.73,309.11
2026-07-04_Mark-Liversedge_Wrist_01__swing_0007,566,3796318,-3211,-2.30383,136.98,20,0,6,,0.5786,0.9220,1,-0.3872,0.4300,0.8156,-2.65639,-0.48521,0,-,-,-,0,-,-,-,pred,102.000,0,-,-,189.03,195.48,744.62,215.65,71.73,123.75,1.78024,40.352,8.129,0.8941,raw,0,-,0,-,-,236.73,309.11
2026-07-04_Mark-Liversedge_Wrist_01__swing_0007,567,3803103,3438,-2.30383,136.39,20,0,6,,0.5761,0.9227,1,-0.3855,0.4282,0.8174,-2.65907,-0.48253,0,-,-,-,0,-,-,-,pred,102.000,0,-,-,190.09,191.04,741.24,215.90,72.02,119.02,1.78024,38.540,10.435,0.8941,raw,0,-,0,-,-,236.73,309.11
2026-07-04_Mark-Liversedge_Wrist_01__swing_0007,568,3809724,-3183,-2.30383,135.85,20,0,6,,0.5739,0.9233,1,-0.3840,0.4265,0.8189,-2.66148,-0.48011,0,-,-,-,0,-,-,-,pred,99.000,0,-,-,190.94,187.37,737.98,215.99,72.13,115.24,1.79769,47.726,10.215,0.8941,raw,0,-,0,-,-,236.73,309.11
2026-07-04_Mark-Liversedge_Wrist_01__swing_0007,569,3816572,3156,-2.30383,135.34,20,0,6,,0.5717,0.9239,1,-0.3826,0.4249,0.8204,-2.66375,-0.47784,0,-,-,-,0,-,-,-,pred,99.000,0,-,-,191.51,184.49,734.91,216.30,72.51,111.98,2.05949,45.389,8.785,0.8941,raw,0,-,0,-,-,236.73,309.11
2026-07-04_Mark-Liversedge_Wrist_01__swing_0007,570,3823139,-3411,-2.30383,134.91,20,0,6,,0.5699,0.9244,1,-0.3813,0.4235,0.8217,-2.66568,-0.47592,0,-,-,-,0,-,-,-,pred,99.000,0,-,-,191.87,182.46,732.15,216.74,73.05,109.41,2.05949,44.381,5.036,0.8941,raw,0,-,0,-,-,236.73,309.11
2026-07-04_Mark-Liversedge_Wrist_01__swing_0007,571,3829867,-3224,-2.31223,134.50,20,0,6,,0.5682,0.9235,1,-0.3837,0.4190,0.8229,-2.67063,-0.47096,0,-,-,-,0,-,-,-,pred,99.000,0,-,-,192.19,180.82,729.36,217.18,73.58,107.24,2.05949,36.278,6.440,0.8941,raw,0,-,0,-,-,236.73,309.11
2026-07-04_Mark-Liversedge_Wrist_01__swing_0007,572,3836619,-3274,-2.33871,134.07,20,0,6,,0.5664,0.9194,1,-0.3934,0.4074,0.8242,-2.68248,-0.45911,0,-,-,-,0,-,-,-,pred,99.000,0,-,-,192.64,179.35,726.44,217.39,73.84,105.52,1.95477,37.145,24.985,0.8941,mot,0,-,0,-,-,236.73,309.11
2026-07-04_Mark-Liversedge_Wrist_01__swing_0007,573,3843251,3286,-2.38261,133.64,20,0,6,,0.5645,0.9123,1,-0.4096,0.3885,0.8254,-2.70168,-0.43991,0,-,-,-,0,-,-,-,pred,99.000,0,-,-,193.24,178.15,723.46,217.36,73.80,104.35,1.79769,40.146,2.458,0.7129,raw,0,-,0,-,-,236.73,309.11
2026-07-04_Mark-Liversedge_Wrist_01__swing_0007,574,3849887,3286,-2.51428,133.17,20,0,6,,0.5626,0.8903,1,-0.4555,0.3302,0.8268,-2.76160,-0.37999,0,-,-,-,0,-,-,-,pred,99.000,0,-,-,193.92,177.29,720.50,217.31,73.74,103.55,2.05949,46.595,7.304,0.8941,raw,0,-,0,-,-,236.73,309.11
2026-07-04_Mark-Liversedge_Wrist_01__swing_0007,575,3856623,3317,-2.73367,132.65,17,1,6,,0.5604,0.8576,1,-0.5144,0.2223,0.8282,-2.87937,-0.26222,0,-,-,-,0,-,-,-,pred,99.000,0,-,-,194.65,176.46,717.62,217.49,73.95,102.51,2.02458,41.702,14.459,0.3441,raw,0,-,0,-,-,236.73,309.11
2026-07-04_Mark-Liversedge_Wrist_01__swing_0007,576,3863335,3219,-2.86280,132.05,20,0,6,,0.5578,0.8441,1,-0.5363,0.1535,0.8300,-2.95871,-0.18288,0,-,-,-,0,-,-,-,pred,99.000,0,-,-,195.37,175.43,715.03,218.12,74.71,100.71,2.05949,32.784,22.373,0.8941,raw,0,-,0,-,-,236.73,309.11
2026-07-04_Mark-Liversedge_Wrist_01__swing_0007,577,3870152,3143,-2.94500,131.29,20,0,6,,0.5546,0.8391,1,-0.5439,0.1083,0.8321,-3.01213,-0.12946,0,-,-,-,0,-,-,-,pred,99.000,0,-,-,196.09,173.82,712.83,219.15,75.96,97.86,1.79769,30.741,11.751,0.7388,raw,0,-,0,-,-,236.73,309.11
2026-07-04_Mark-Liversedge_Wrist_01__swing_0007,578,3876738,3318,-3.07307,130.41,1,1,6,,0.5509,0.8354,1,-0.5496,0.0377,0.8346,-3.09643,-0.04516,0,-,-,-,0,-,-,-,pred,99.000,0,-,-,196.79,172.02,710.78,220.38,77.46,94.56,2.05949,31.625,21.973,0.3053,raw,0,-,0,-,-,236.73,309.11
2026-07-04_Mark-Liversedge_Wrist_01__swing_0007,579,3883378,-3322,-3.18399,129.37,1,1,6,,0.5465,0.8378,1,-0.5460,-0.0232,0.8375,3.11394,0.02765,0,-,-,-,0,-,-,-,pred,99.000,0,-,-,197.51,170.35,708.32,221.80,79.17,91.18,1.79769,42.139,20.162,0.2341,raw,0,-,0,-,-,236.73,309.11
2026-07-04_Mark-Liversedge_Wrist_01__swing_0007,580,3890069,-3175,-3.27864,128.18,1,1,6,,0.5415,0.8440,1,-0.5364,-0.0740,0.8407,3.05383,0.08776,0,-,-,-,0,-,-,-,pred,99.000,0,-,-,198.26,169.28,705.17,223.31,81.00,88.28,1.79769,43.262,20.782,0.2147,raw,0,-,0,-,-,236.73,309.11
2026-07-04_Mark-Liversedge_Wrist_01__swing_0007,581,3896976,3094,-3.35186,126.86,1,1,6,,0.5359,0.8517,1,-0.5241,-0.1118,0.8443,3.00988,0.13171,0,-,-,-,0,-,-,-,pred,99.000,0,-,-,198.92,168.83,701.31,225.02,83.08,85.75,1.79769,42.269,25.289,0.2212,raw,0,-,0,-,-,236.73,309.11
2026-07-04_Mark-Liversedge_Wrist_01__swing_0007,582,3903606,3187,-3.38684,125.65,1,1,6,,0.5308,0.8573,1,-0.5149,-0.1289,0.8475,2.99069,0.15090,0,-,-,-,0,-,-,-,pred,99.000,0,-,-,199.46,168.88,697.16,226.81,85.25,83.63,1.79769,41.692,26.693,0.2147,raw,0,-,0,-,-,236.73,309.11
2026-07-04_Mark-Liversedge_Wrist_01__swing_0007,583,3910213,-3420,-3.42073,124.66,1,1,6,,0.5266,0.8624,1,-0.5062,-0.1451,0.8501,2.97255,0.16904,0,-,-,-,0,-,-,-,pred,99.000,0,-,-,200.27,169.37,692.71,228.68,87.51,81.86,1.79769,35.574,19.079,0.2082,raw,0,-,0,-,-,236.73,309.11
2026-07-04_Mark-Liversedge_Wrist_01__swing_0007,584,3916895,-3218,-3.46389,123.96,1,1,6,,0.5236,0.8679,1,-0.4967,-0.1659,0.8520,2.94932,0.19227,0,-,-,-,0,-,-,-,pred,99.000,0,-,-,201.67,170.33,687.73,230.63,89.87,80.46,2.09440,34.932,24.078,0.8941,raw,0,-,0,-,-,236.73,309.11
2026-07-04_Mark-Liversedge_Wrist_01__swing_0007,585,3923603,-3343,-3.51636,123.63,1,1,6,,0.5223,0.8740,1,-0.4860,-0.1912,0.8528,2.92106,0.22053,0,-,-,-,0,-,-,-,pred,99.000,0,-,-,203.76,171.99,681.82,232.65,92.32,79.67,1.81514,37.757,19.406,0.8941,raw,0,-,0,-,-,236.73,309.11
2026-07-04_Mark-Liversedge_Wrist_01__swing_0007,586,3930312,-3242,-3.56824,123.70,17,1,6,,0.5225,0.8796,1,-0.4757,-0.2162,0.8526,2.89322,0.24838,0,-,-,-,0,-,-,-,pred,99.000,0,-,-,206.33,174.20,675.72,234.76,94.87,79.33,1.83260,38.752,21.740,0.8941,raw,0,-,0,-,-,236.73,309.11
2026-07-04_Mark-Liversedge_Wrist_01__swing_0007,587,3936920,-3120,-3.62038,124.11,17,1,6,,0.5243,0.8851,1,-0.4653,-0.2415,0.8515,2.86521,0.27638,0,-,-,-,0,-,-,-,pred,99.000,0,-,-,209.36,176.61,670.68,236.97,97.55,79.07,1.86750,39.768,22.142,0.8941,raw,0,-,0,-,-,236.73,309.11
2026-07-04_Mark-Liversedge_Wrist_01__swing_0007,588,3943783,3336,-3.64774,124.85,1,1,6,,0.5274,0.8873,1,-0.4613,-0.2557,0.8496,2.84926,0.29233,0,-,-,-,0,-,-,-,pred,99.000,0,-,-,213.05,178.99,667.11,239.44,100.54,78.45,1.81514,31.588,12.460,0.8941,raw,0,-,0,-,-,236.73,309.11
2026-07-04_Mark-Liversedge_Wrist_01__swing_0007,589,3950346,-3227,-3.64774,125.80,1,1,6,,0.5314,0.8854,1,-0.4648,-0.2576,0.8471,2.84634,0.29525,0,-,-,-,0,-,-,-,pred,99.000,0,-,-,217.43,181.12,664.92,242.03,103.68,77.44,1.85005,38.438,15.038,0.8941,raw,0,-,0,-,-,236.73,309.11
2026-07-04_Mark-Liversedge_Wrist_01__swing_0007,590,3957103,3335,-3.68313,126.97,20,0,6,,0.5364,0.8881,1,-0.4596,-0.2765,0.8440,2.82503,0.31656,0,-,-,-,0,-,-,-,pred,99.000,0,-,-,222.77,183.34,663.78,244.80,107.03,76.30,1.90241,39.215,20.239,0.8941,raw,0,-,0,-,-,236.73,309.11
2026-07-04_Mark-Liversedge_Wrist_01__swing_0007,591,3963811,3323,-3.76151,128.26,20,0,6,,0.5418,0.8975,1,-0.4410,-0.3148,0.8405,2.78327,0.35832,0,-,-,-,0,-,-,-,pred,99.000,0,-,-,227.98,185.43,663.91,247.52,110.33,75.09,1.86750,36.531,7.964,0.1500,raw,0,-,0,-,-,236.73,309.11
2026-07-04_Mark-Liversedge_Wrist_01__swing_0007,592,3970509,3325,-3.91911,129.68,20,0,6,,0.5478,0.9206,1,-0.3904,-0.3843,0.8366,2.71099,0.43061,0,-,-,-,0,-,-,-,pred,99.000,0,-,-,232.17,187.25,665.59,250.11,113.47,73.79,2.02458,33.055,9.560,0.8811,mot,0,-,0,-,-,236.73,309.11
2026-07-04_Mark-Liversedge_Wrist_01__swing_0007,593,3977214,3279,-4.16460,131.31,532,0,6,,0.5547,0.9574,1,-0.2889,-0.4735,0.8321,2.62422,0.51738,0,-,-,-,0,-,-,-,pred,99.000,0,-,-,235.35,188.77,668.64,252.67,116.57,72.20,0.55851,51.166,18.522,0.8941,raw,0,-,0,-,-,236.73,309.11
2026-07-04_Mark-Liversedge_Wrist_01__swing_0007,594,3983803,-3310,-4.31926,133.15,532,0,6,,0.5625,0.9765,1,-0.2155,-0.5196,0.8268,2.58056,0.56104,0,-,-,-,0,-,-,-,pred,99.000,0,-,-,237.84,190.05,672.95,255.12,119.54,70.51,0.59341,55.189,20.941,0.8941,raw,0,-,0,-,-,236.73,309.11
2026-07-04_Mark-Liversedge_Wrist_01__swing_0007,595,3990592,3366,-4.37206,135.30,1,1,6,,0.5716,0.9816,1,-0.1908,-0.5388,0.8206,2.56060,0.58099,0,-,-,-,0,-,-,-,pred,99.000,0,-,-,239.54,191.19,678.53,257.47,122.39,68.80,0.62832,53.295,16.179,0.8941,raw,0,-,0,-,-,236.73,309.11
2026-07-04_Mark-Liversedge_Wrist_01__swing_0007,596,3997241,-3283,-4.42374,137.58,1,1,6,,0.5812,0.9862,1,-0.1654,-0.5571,0.8138,2.54127,0.60033,0,-,-,-,0,-,-,-,pred,99.000,0,-,-,240.26,192.23,685.04,259.53,124.88,67.35,0.66323,50.666,14.350,0.8941,raw,0,-,0,-,-,236.73,309.11
2026-07-04_Mark-Liversedge_Wrist_01__swing_0007,597,4003937,-3240,-4.45059,139.92,1,1,6,,0.5910,0.9882,1,-0.1530,-0.5709,0.8066,2.52568,0.61591,0,-,-,-,0,-,-,-,pred,99.000,0,-,-,239.67,193.09,693.07,261.30,127.03,66.07,1.97222,33.591,4.383,0.1500,raw,0,-,0,-,-,236.73,309.11
2026-07-04_Mark-Liversedge_Wrist_01__swing_0007,598,4010658,3322,-4.45059,142.08,1,1,6,,0.6002,0.9879,1,-0.1553,-0.5797,0.7999,2.51442,0.62718,0,-,-,-,0,-,-,-,pred,99.000,0,-,-,237.97,193.79,702.10,262.93,129.00,64.79,1.95477,35.079,7.490,0.1500,raw,0,-,0,-,-,236.73,309.11
2026-07-04_Mark-Liversedge_Wrist_01__swing_0007,599,4017356,3291,-4.45059,143.82,1,1,6,,0.6075,0.9876,1,-0.1572,-0.5868,0.7943,2.50530,0.63630,0,-,-,-,0,-,-,-,pred,99.000,0,-,-,235.77,194.52,711.72,264.51,130.91,63.61,1.95477,34.701,7.129,0.1500,raw,0,-,0,-,-,236.73,309.11
2026-07-04_Mark-Liversedge_Wrist_01__swing_0007,600,4024081,-3434,-4.45059,145.06,1,1,6,,0.6128,0.9873,1,-0.1586,-0.5919,0.7903,2.49874,0.64285,0,-,-,-,0,-,-,-,pred,99.000,0,-,-,233.66,195.53,721.76,266.12,132.86,62.67,1.95477,35.779,10.331,0.1500,raw,0,-,0,-,-,236.73,309.11
2026-07-04_Mark-Liversedge_Wrist_01__swing_0007,601,4030789,-3210,-4.45059,145.91,1,1,6,,0.6164,0.9872,1,-0.1595,-0.5954,0.7875,2.49423,0.64737,0,-,-,-,0,-,-,-,pred,99.000,0,-,-,231.41,196.87,732.63,267.65,134.72,62.15,1.93732,40.476,20.728,0.1500,raw,0,-,0,-,-,236.73,309.11
2026-07-04_Mark-Liversedge_Wrist_01__swing_0007,602,4037487,3317,-4.45059,146.41,1,1,6,,0.6185,0.9871,1,-0.1601,-0.5974,0.7858,2.49155,0.65004,0,-,-,-,0,-,-,-,pred,99.000,0,-,-,228.86,198.44,743.87,269.19,136.58,61.86,1.93732,39.377,13.228,0.1500,raw,0,-,0,-,-,236.73,309.11
2026-07-04_Mark-Liversedge_Wrist_01__swing_0007,603,4044146,-3342,-4.45059,146.55,1,1,6,,0.6191,0.9871,1,-0.1602,-0.5980,0.7853,2.49080,0.65079,0,-,-,-,0,-,-,-,pred,99.000,0,-,-,226.72,200.11,754.65,270.83,138.57,61.54,1.90241,44.527,21.821,0.1500,raw,0,-,0,-,-,236.73,309.11
2026-07-04_Mark-Liversedge_Wrist_01__swing_0007,604,4050849,3323,-4.45059,146.30,20,0,6,,0.6180,0.9871,1,-0.1599,-0.5969,0.7862,2.49217,0.64942,0,-,-,-,0,-,-,-,pred,99.000,0,-,-,225.54,201.81,764.65,272.71,140.85,60.96,1.90241,52.736,24.502,0.1500,raw,0,-,0,-,-,236.73,309.11
2026-07-04_Mark-Liversedge_Wrist_01__swing_0007,605,4057598,-3426,-4.45922,145.61,20,0,6,,0.6151,0.9881,1,-0.1541,-0.5955,0.7884,2.49471,0.64689,0,-,-,-,0,-,-,-,pred,99.000,0,-,-,225.81,203.60,774.51,274.85,143.44,60.16,1.90241,44.806,18.511,0.1500,raw,0,-,0,-,-,236.73,309.11
2026-07-04_Mark-Liversedge_Wrist_01__swing_0007,606,4064193,-3091,-4.46804,144.55,20,0,6,,0.6106,0.9890,1,-0.1477,-0.5925,0.7919,2.49928,0.64231,0,-,-,-,0,-,-,-,pred,99.000,0,-,-,226.95,205.44,783.55,277.05,146.11,59.33,1.93732,47.404,17.442,0.1500,raw,0,-,0,-,-,236.73,309.11
2026-07-04_Mark-Liversedge_Wrist_01__swing_0007,607,4071005,3228,-4.46804,143.08,20,0,6,,0.6044,0.9893,1,-0.1462,-0.5865,0.7967,2.50700,0.63459,0,-,-,-,0,-,-,-,pred,99.000,0,-,-,228.74,207.26,791.25,279.34,148.87,58.38,1.93732,45.141,25.309,0.1500,raw,0,-,0,-,-,236.73,309.11
2026-07-04_Mark-Liversedge_Wrist_01__swing_0007,608,4077643,3306,-4.54780,141.46,1,1,6,,0.5976,0.9952,1,-0.0979,-0.5895,0.8018,2.50763,0.63396,0,-,-,-,0,-,-,-,pred,99.000,0,-,-,230.75,208.76,796.78,281.55,151.56,57.21,1.95477,57.755,36.166,0.1500,raw,0,-,0,-,-,236.73,309.11
2026-07-04_Mark-Liversedge_Wrist_01__swing_0007,609,4084467,3407,-4.70492,139.76,1,1,6,,0.5904,1.0000,1,-0.0044,-0.5904,0.8071,2.51006,0.63153,0,-,-,-,0,-,-,-,pred,99.000,0,-,-,233.27,210.07,800.84,284.00,154.52,55.55,1.97222,54.296,26.738,0.1500,raw,0,-,0,-,-,236.73,309.11
2026-07-04_Mark-Liversedge_Wrist_01__swing_0007,610,4091129,-3255,-4.84222,138.23,1,1,6,,0.5839,0.9971,1,0.0756,-0.5790,0.8118,2.52204,0.61955,0,-,-,-,0,-,-,-,pred,99.000,0,-,-,236.28,211.15,803.06,286.30,157.32,53.84,1.98968,48.668,19.661,0.1500,raw,0,-,0,-,-,236.73,309.11
2026-07-04_Mark-Liversedge_Wrist_01__swing_0007,611,4097733,-3233,-4.99042,136.92,1,1,6,,0.5784,0.9873,1,0.1588,-0.5562,0.8157,2.54317,0.59842,0,-,-,-,0,-,-,-,pred,99.000,0,-,-,239.22,211.98,803.51,288.23,159.65,52.33,1.98968,56.925,24.587,0.1500,raw,0,-,0,-,-,236.73,309.11
2026-07-04_Mark-Liversedge_Wrist_01__swing_0007,612,4104415,-3357,-5.09585,135.91,20,0,6,,0.5741,0.9767,1,0.2148,-0.5324,0.8188,2.56503,0.57656,0,-,-,-,0,-,-,-,pred,99.000,0,-,-,241.61,212.48,801.78,289.49,161.17,51.30,2.00713,43.128,22.416,0.1500,raw,0,-,0,-,-,236.73,309.11
2026-07-04_Mark-Liversedge_Wrist_01__swing_0007,613,4111198,-3223,-5.13112,135.10,20,0,6,,0.5707,0.9727,1,0.2320,-0.5214,0.8212,2.57589,0.56570,0,-,-,-,0,-,-,-,pred,99.000,0,-,-,243.42,212.58,798.06,290.21,162.05,50.54,2.00713,46.343,19.607,0.1500,raw,0,-,0,-,-,236.73,309.11
2026-07-04_Mark-Liversedge_Wrist_01__swing_0007,614,4117915,3398,-5.15750,134.38,1,1,6,,0.5676,0.9697,1,0.2444,-0.5123,0.8233,2.58492,0.55667,0,-,-,-,0,-,-,-,pred,99.000,0,-,-,244.85,212.38,792.45,290.50,162.39,49.98,2.02458,35.792,8.256,0.1500,raw,0,-,0,-,-,236.73,309.11
2026-07-04_Mark-Liversedge_Wrist_01__swing_0007,615,4124666,3201,-5.16617,133.61,1,1,6,,0.5644,0.9689,1,0.2474,-0.5073,0.8255,2.59056,0.55103,0,-,-,-,0,-,-,-,pred,99.000,0,-,-,245.75,211.88,784.70,290.43,162.31,49.56,2.18166,40.244,22.112,0.8941,mot,0,-,0,-,-,236.73,309.11
2026-07-04_Mark-Liversedge_Wrist_01__swing_0007,616,4131446,3155,-5.16617,132.72,20,0,6,,0.5606,0.9693,1,0.2458,-0.5039,0.8281,2.59492,0.54667,0,-,-,-,0,-,-,-,pred,99.000,0,-,-,245.96,211.15,774.83,290.10,161.92,49.23,2.18166,36.590,18.669,0.8941,mot,0,-,0,-,-,236.73,309.11
2026-07-04_Mark-Liversedge_Wrist_01__swing_0007,617,4137987,3286,-5.16617,131.83,20,0,6,,0.5569,0.9697,1,0.2441,-0.5005,0.8306,2.59927,0.54232,0,-,-,-,0,-,-,-,pred,99.000,0,-,-,245.39,210.18,762.86,289.47,161.15,49.03,2.18166,33.414,16.126,0.8941,mot,0,-,0,-,-,236.73,309.11
2026-07-04_Mark-Liversedge_Wrist_01__swing_0007,618,4144666,3257,-5.16617,131.03,20,0,6,,0.5535,0.9701,1,0.2426,-0.4975,0.8329,2.60315,0.53845,0,-,-,-,0,-,-,-,pred,99.000,0,-,-,244.06,208.88,748.89,288.53,160.01,48.87,2.00713,36.300,10.552,0.1500,raw,0,-,0,-,-,236.73,309.11
2026-07-04_Mark-Liversedge_Wrist_01__swing_0007,619,4151495,3331,-5.16617,130.50,20,0,6,,0.5513,0.9704,1,0.2417,-0.4955,0.8343,2.60568,0.53591,0,-,-,-,0,-,-,-,pred,99.000,0,-,-,242.22,207.44,733.62,287.30,158.52,48.92,1.98968,41.711,16.029,0.1500,raw,0,-,0,-,-,236.73,309.11
2026-07-04_Mark-Liversedge_Wrist_01__swing_0007,620,4158057,-3231,-5.16617,130.38,20,0,6,,0.5508,0.9704,1,0.2414,-0.4950,0.8347,2.60628,0.53531,0,-,-,-,0,-,-,-,pred,99.000,0,-,-,240.17,206.15,718.35,285.87,156.79,49.36,1.98968,39.517,11.996,0.1500,raw,0,-,0,-,-,236.73,309.11
2026-07-04_Mark-Liversedge_Wrist_01__swing_0007,621,4164788,-3303,-5.16617,130.76,20,0,6,,0.5524,0.9702,1,0.2421,-0.4965,0.8336,2.60446,0.53714,0,-,-,-,0,-,-,-,pred,99.000,0,-,-,237.64,204.86,701.31,284.12,154.68,50.18,1.97222,54.871,29.697,0.1500,raw,0,-,0,-,-,236.73,309.11
2026-07-04_Mark-Liversedge_Wrist_01__swing_0007,622,4171495,3267,-5.16617,131.73,20,0,6,,0.5564,0.9698,1,0.2439,-0.5001,0.8309,2.59975,0.54184,0,-,-,-,0,-,-,-,pred,99.000,0,-,-,234.67,203.56,683.63,282.13,152.26,51.30,1.95477,45.123,27.380,0.1500,raw,0,-,0,-,-,236.73,309.11
2026-07-04_Mark-Liversedge_Wrist_01__swing_0007,623,4178101,-3339,-5.16617,133.18,20,0,6,,0.5626,0.9691,1,0.2466,-0.5056,0.8267,2.59268,0.54891,0,-,-,-,0,-,-,-,pred,99.000,0,-,-,231.71,202.41,666.89,279.99,149.67,52.74,1.95477,33.130,14.878,0.1500,raw,0,-,0,-,-,236.73,309.11
2026-07-04_Mark-Liversedge_Wrist_01__swing_0007,624,4184899,-3220,-5.16617,135.05,1,1,6,,0.5705,0.9682,1,0.2501,-0.5128,0.8213,2.58347,0.55813,0,-,-,-,0,-,-,-,pred,99.000,0,-,-,229.01,201.48,651.12,277.62,146.80,54.67,1.93732,47.853,37.646,0.1500,raw,0,-,0,-,-,236.73,309.11
2026-07-04_Mark-Liversedge_Wrist_01__swing_0007,625,4191619,3389,-5.16617,137.07,17,1,6,,0.5790,0.9672,1,0.2538,-0.5204,0.8153,2.57346,0.56813,0,-,-,-,0,-,-,-,pred,99.000,0,-,0.12425,226.79,200.91,636.19,274.95,143.57,57.35,1.88496,43.840,31.943,0.1500,raw,0,-,0,-,-,236.73,309.11
2026-07-04_Mark-Liversedge_Wrist_01__swing_0007,626,4198383,3237,-5.16617,139.06,17,1,6,,0.5874,0.9663,1,0.2575,-0.5280,0.8093,2.56355,0.57805,0,-,-,-,0,-,-,-,pred,99.000,0,-,0.12425,224.78,200.61,622.20,272.14,140.16,60.44,1.91986,48.629,35.134,0.1500,raw,0,-,0,-,-,236.73,309.11
2026-07-04_Mark-Liversedge_Wrist_01__swing_0007,627,4205012,3327,-5.16617,140.83,17,1,6,,0.5949,0.9654,1,0.2608,-0.5347,0.8038,2.55457,0.58702,0,-,-,-,0,-,-,-,pred,99.000,0,-,0.12186,223.08,200.44,610.38,269.48,136.94,63.50,1.86750,48.672,34.741,0.1500,raw,0,-,0,-,-,236.73,309.11
2026-07-04_Mark-Liversedge_Wrist_01__swing_0007,628,4211587,-3248,-5.16617,142.27,17,1,6,,0.6010,0.9647,1,0.2635,-0.5402,0.7992,2.54726,0.59434,0,-,-,-,0,-,-,-,pred,99.000,0,-,0.14777,221.77,200.27,601.25,267.10,134.05,66.22,1.90241,46.606,27.494,0.1500,raw,0,-,0,-,-,236.73,309.11
2026-07-04_Mark-Liversedge_Wrist_01__swing_0007,629,4218374,-3218,-5.16617,143.36,17,1,6,,0.6056,0.9641,1,0.2655,-0.5443,0.7958,2.54168,0.59992,0,-,-,-,0,-,-,-,pred,99.000,0,-,0.28408,220.88,200.09,593.91,264.74,131.20,68.89,1.90241,48.764,26.001,0.8941,raw,0,-,0,-,-,236.73,309.11
2026-07-04_Mark-Liversedge_Wrist_01__swing_0007,630,4225128,3402,-5.16617,143.94,17,1,6,,0.6080,0.9638,1,0.2665,-0.5465,0.7939,2.53871,0.60288,0,-,-,-,0,-,-,-,pred,99.000,0,-,0.23567,220.41,199.95,588.90,262.57,128.56,71.39,1.90241,47.996,17.039,0.8941,raw,0,-,0,-,-,236.73,309.11
2026-07-04_Mark-Liversedge_Wrist_01__swing_0007,631,4231849,3199,-5.16617,143.95,17,1,6,,0.6081,0.9638,1,0.2666,-0.5465,0.7939,2.53866,0.60293,0,-,-,-,0,-,-,-,pred,99.000,0,-,0.28535,220.09,199.85,586.03,260.68,126.27,73.58,1.91986,46.573,25.848,0.1500,raw,0,-,0,-,-,236.73,309.11
2026-07-04_Mark-Liversedge_Wrist_01__swing_0007,632,4238407,-3359,-5.16617,143.42,17,1,6,,0.6058,0.9641,1,0.2656,-0.5445,0.7956,2.54140,0.60019,0,-,-,-,0,-,-,-,pred,99.000,0,-,0.28535,219.71,199.77,585.50,259.18,124.45,75.32,1.90241,46.585,16.381,0.1500,raw,0,-,0,-,-,236.73,309.11
2026-07-04_Mark-Liversedge_Wrist_01__swing_0007,633,4245185,-3312,-5.16617,142.44,17,1,6,,0.6017,0.9646,1,0.2638,-0.5408,0.7987,2.54638,0.59522,0,-,-,-,0,-,-,-,pred,99.000,0,-,0.27898,219.14,199.70,587.61,257.96,122.98,76.72,1.91986,42.215,14.366,0.8941,raw,0,-,0,-,-,236.73,309.11
2026-07-04_Mark-Liversedge_Wrist_01__swing_0007,634,4251805,-3110,-5.16617,141.23,17,1,6,,0.5966,0.9652,1,0.2615,-0.5362,0.8025,2.55255,0.58904,0,-,-,-,0,-,-,-,pred,99.000,0,-,0.27134,218.55,199.64,591.59,257.03,121.86,77.78,1.85005,48.006,23.726,0.1500,raw,0,-,0,-,-,236.73,309.11
2026-07-04_Mark-Liversedge_Wrist_01__swing_0007,635,4258544,-3325,-5.16617,139.97,17,1,6,,0.5913,0.9658,1,0.2592,-0.5314,0.8065,2.55893,0.58266,0,-,-,-,0,-,-,-,pred,99.000,0,-,0.21983,218.01,199.62,597.14,256.37,121.05,78.57,1.85005,53.902,21.659,0.1500,raw,0,-,0,-,-,236.73,309.11
2026-07-04_Mark-Liversedge_Wrist_01__swing_0007,636,4265311,-3308,-5.18322,138.92,17,1,6,,0.5868,0.9639,1,0.2662,-0.5230,0.8097,2.56812,0.57347,0,-,-,-,0,-,-,-,pred,99.000,0,-,-,217.63,199.68,603.70,255.91,120.50,79.19,1.88496,52.103,7.769,0.8941,raw,0,-,0,-,-,236.73,309.11
2026-07-04_Mark-Liversedge_Wrist_01__swing_0007,637,4272035,3201,-5.31553,138.16,20,0,6,,0.5836,0.9436,1,0.3311,-0.4807,0.8120,2.60712,0.53447,0,-,-,-,0,-,-,-,pred,99.000,0,-,-,217.36,199.87,611.74,255.64,120.17,79.70,1.88496,51.674,15.422,0.8941,raw,0,-,0,-,-,236.73,309.11
2026-07-04_Mark-Liversedge_Wrist_01__swing_0007,638,4278681,3363,-5.55162,137.74,20,0,6,,0.5818,0.9014,1,0.4330,-0.3887,0.8133,2.69577,0.44582,0,-,-,-,0,-,-,-,pred,99.000,0,-,-,217.20,200.15,620.94,255.67,120.20,79.96,1.90241,54.734,18.241,0.1500,raw,0,-,0,-,-,236.73,309.11
2026-07-04_Mark-Liversedge_Wrist_01__swing_0007,639,4285435,3191,-5.79821,137.53,20,0,6,,0.5810,0.8578,1,0.5140,-0.2708,0.8139,2.82035,0.32124,0,-,-,-,0,-,-,-,pred,99.000,0,-,-,217.24,200.43,630.84,256.06,120.68,79.75,1.90241,53.249,10.517,0.1500,raw,0,-,0,-,-,236.73,309.11
2026-07-04_Mark-Liversedge_Wrist_01__swing_0007,640,4292026,3337,-5.91667,137.42,20,0,6,,0.5805,0.8404,1,0.5419,-0.2080,0.8143,2.89146,0.25013,0,-,-,-,0,-,-,-,pred,99.000,0,-,-,217.56,200.57,640.75,256.94,121.74,78.83,1.88496,52.572,15.530,0.8941,raw,0,-,0,-,-,236.73,309.11
2026-07-04_Mark-Liversedge_Wrist_01__swing_0007,641,4298838,3346,-5.91667,137.24,20,0,6,,0.5797,0.8409,1,0.5412,-0.2078,0.8148,2.89194,0.24965,0,-,-,-,0,-,-,-,pred,99.000,0,-,-,218.36,200.53,651.69,258.31,123.40,77.13,1.85005,48.336,10.613,0.1500,raw,0,-,0,-,-,236.73,309.11
2026-07-04_Mark-Liversedge_Wrist_01__swing_0007,642,4305531,3200,-5.91667,136.85,20,0,6,,0.5781,0.8419,1,0.5397,-0.2072,0.8160,2.89295,0.24864,0,-,-,-,0,-,-,-,pred,99.000,0,-,-,219.46,200.40,662.84,260.03,125.49,74.91,1.91986,42.328,7.464,0.8941,raw,0,-,0,-,-,236.73,309.11
2026-07-04_Mark-Liversedge_Wrist_01__swing_0007,643,4312228,3287,-5.91667,136.19,20,0,6,,0.5753,0.8435,1,0.5371,-0.2062,0.8180,2.89469,0.24691,0,-,-,-,0,-,-,-,pred,99.000,0,-,-,220.68,200.19,673.81,262.06,127.94,72.25,1.90241,40.476,13.302,0.8941,raw,0,-,0,-,-,236.73,309.11
2026-07-04_Mark-Liversedge_Wrist_01__swing_0007,644,4318751,-3236,-5.91667,135.32,20,0,6,,0.5716,0.8457,1,0.5337,-0.2049,0.8205,2.89692,0.24467,0,-,-,-,0,-,-,-,pred,99.000,0,-,-,221.74,199.97,684.00,264.27,130.62,69.35,1.86750,43.213,14.053,0.1500,raw,0,-,0,-,-,236.73,309.11
2026-07-04_Mark-Liversedge_Wrist_01__swing_0007,645,4325618,-3203,-5.91667,134.31,20,0,6,,0.5674,0.8482,1,0.5297,-0.2033,0.8235,2.89951,0.24208,0,-,-,-,0,-,-,-,pred,99.000,0,-,-,222.83,199.70,694.60,267.02,133.96,65.74,1.86750,62.853,30.549,0.1500,raw,0,-,0,-,-,236.73,309.11
2026-07-04_Mark-Liversedge_Wrist_01__swing_0007,646,4332248,-3301,-5.91667,133.52,20,0,6,,0.5640,0.8501,1,0.5266,-0.2021,0.8258,2.90154,0.24006,0,-,-,-,0,-,-,-,pred,99.000,0,-,-,223.93,199.38,704.49,269.91,137.46,61.92,1.86750,40.624,18.116,0.1500,raw,0,-,0,-,-,236.73,309.11
2026-07-04_Mark-Liversedge_Wrist_01__swing_0007,647,4338975,-3287,-5.91667,133.19,20,0,6,,0.5626,0.8509,1,0.5253,-0.2016,0.8267,2.90236,0.23923,0,-,-,-,0,-,-,-,pred,99.000,0,-,-,224.78,199.07,713.87,272.84,141.01,58.06,1.93732,36.892,6.237,0.1500,raw,0,-,0,-,-,236.73,309.11
2026-07-04_Mark-Liversedge_Wrist_01__swing_0007,648,4345741,3236,-5.91667,133.53,20,0,6,,0.5641,0.8501,1,0.5266,-0.2021,0.8257,2.90150,0.24009,0,-,-,-,0,-,-,-,pred,99.000,0,-,-,225.03,198.80,722.29,275.56,144.30,54.50,1.93732,33.428,9.825,0.8941,raw,0,-,0,-,-,236.73,309.11
2026-07-04_Mark-Liversedge_Wrist_01__swing_0007,649,4352419,3205,-5.91667,134.50,20,0,6,,0.5682,0.8477,1,0.5304,-0.2036,0.8229,2.89903,0.24256,0,-,-,-,0,-,-,-,pred,99.000,0,-,-,224.39,198.60,730.02,278.10,147.38,51.23,1.91986,36.137,14.931,0.8941,raw,0,-,0,-,-,236.73,309.11
2026-07-04_Mark-Liversedge_Wrist_01__swing_0007,650,4359057,3300,-5.91667,135.86,20,0,6,,0.5739,0.8443,1,0.5358,-0.2057,0.8189,2.89552,0.24607,0,-,-,-,0,-,-,-,pred,99.000,0,-,-,223.12,198.45,736.88,280.59,150.40,48.05,1.86750,46.250,23.470,0.1500,raw,0,-,0,-,-,236.73,309.11
2026-07-04_Mark-Liversedge_Wrist_01__swing_0007,651,4365781,3187,-5.91667,137.32,20,0,6,,0.5801,0.8407,1,0.5416,-0.2079,0.8146,2.89172,0.24988,0,-,-,-,0,-,-,-,pred,99.000,0,-,-,221.70,198.32,742.59,283.21,153.57,44.75,1.90241,36.957,6.061,0.8941,raw,0,-,0,-,-,236.73,309.11
2026-07-04_Mark-Liversedge_Wrist_01__swing_0007,652,4372344,3324,-5.91667,138.49,20,0,6,,0.5850,0.8377,1,0.5462,-0.2097,0.8110,2.88863,0.25297,0,-,-,-,0,-,-,-,pred,99.000,0,-,-,220.67,198.22,746.75,285.96,156.90,41.32,1.90241,44.165,14.397,0.1500,raw,0,-,0,-,-,236.73,309.11
2026-07-04_Mark-Liversedge_Wrist_01__swing_0007,653,4379069,3337,-5.91667,139.17,20,0,6,,0.5879,0.8359,1,0.5489,-0.2107,0.8089,2.88681,0.25479,0,-,-,-,0,-,-,-,pred,99.000,0,-,-,220.08,198.13,749.37,289.02,160.61,37.52,1.90241,42.522,19.681,0.8941,raw,0,-,0,-,-,236.73,309.11
2026-07-04_Mark-Liversedge_Wrist_01__swing_0007,654,4385796,-3390,-5.91667,139.22,20,0,6,,0.5881,0.8358,1,0.5491,-0.2108,0.8088,2.88666,0.25493,0,-,-,-,0,-,-,-,pred,99.000,0,-,-,219.69,198.07,750.87,292.15,164.40,33.67,1.90241,43.380,23.351,0.8941,raw,0,-,0,-,-,236.73,309.11
2026-07-04_Mark-Liversedge_Wrist_01__swing_0007,655,4392512,-3298,-5.91667,138.66,20,0,6,,0.5857,0.8372,1,0.5468,-0.2099,0.8105,2.88817,0.25342,0,-,-,-,0,-,-,-,pred,99.000,0,-,-,219.55,198.02,751.48,295.18,168.07,29.95,1.90241,50.006,33.469,0.1500,raw,0,-,0,-,-,236.73,309.11
2026-07-04_Mark-Liversedge_Wrist_01__swing_0007,656,4399172,-3314,-5.91667,137.62,20,0,6,,0.5813,0.8399,1,0.5427,-0.2083,0.8137,2.89094,0.25066,0,-,-,-,0,-,-,-,pred,99.000,0,-,-,219.78,198.00,751.34,298.10,171.61,26.39,1.90241,47.161,34.019,0.1500,raw,0,-,0,-,-,236.73,309.11
2026-07-04_Mark-Liversedge_Wrist_01__swing_0007,657,4405870,-3308,-5.91667,136.32,20,0,6,,0.5759,0.8432,1,0.5376,-0.2064,0.8175,2.89433,0.24727,0,-,-,-,0,-,-,-,pred,99.000,0,-,-,220.67,197.98,750.03,301.32,175.51,22.47,1.90241,43.220,30.192,0.8941,raw,0,-,0,-,-,236.73,309.11
2026-07-04_Mark-Liversedge_Wrist_01__swing_0007,658,4412556,-3343,-5.91667,135.03,20,0,6,,0.5704,0.8464,1,0.5325,-0.2044,0.8214,2.89768,0.24391,0,-,-,-,0,-,-,-,pred,99.000,0,-,-,222.09,197.97,747.98,304.27,179.08,18.88,1.91986,43.191,32.412,0.8941,raw,0,-,0,-,-,236.73,309.11
2026-07-04_Mark-Liversedge_Wrist_01__swing_0007,659,4419298,-3235,-5.91667,133.85,17,1,6,,0.5654,0.8493,1,0.5278,-0.2026,0.8248,2.90070,0.24089,0,-,-,-,0,-,-,-,pred,99.000,0,-,-,223.35,198.00,746.10,306.27,181.51,16.49,2.05949,35.609,23.746,0.8941,mot,0,-,0,-,-,236.73,309.11
2026-07-04_Mark-Liversedge_Wrist_01__swing_0007,660,4425989,-3428,-5.91667,132.94,17,1,6,,0.5616,0.8515,1,0.5243,-0.2013,0.8274,2.90300,0.23860,0,-,-,-,0,-,-,-,pred,99.000,0,-,-,223.81,198.11,744.93,306.71,182.04,16.07,1.88496,33.082,21.315,0.1500,raw,0,-,0,-,-,236.73,309.11
2026-07-04_Mark-Liversedge_Wrist_01__swing_0007,661,4432831,3169,-5.93476,132.42,20,0,6,,0.5594,0.8506,1,0.5258,-0.1910,0.8289,2.91513,0.22646,0,-,-,-,0,-,-,-,pred,99.000,0,-,-,223.10,198.30,744.08,305.74,180.86,17.44,1.91986,35.177,22.485,0.8941,raw,0,-,0,-,-,236.73,309.11
2026-07-04_Mark-Liversedge_Wrist_01__swing_0007,662,4439469,3281,-5.96951,132.38,1,1,6,,0.5592,0.8468,1,0.5319,-0.1726,0.8290,2.93638,0.20521,0,-,-,-,0,-,-,-,pred,99.000,0,-,-,221.75,198.53,743.55,303.79,178.51,20.03,1.91986,41.613,29.520,0.8941,raw,0,-,0,-,-,236.73,309.11
2026-07-04_Mark-Liversedge_Wrist_01__swing_0007,663,4446194,3147,-5.98648,132.71,20,0,6,,0.5606,0.8442,1,0.5361,-0.1639,0.8281,2.94619,0.19540,0,-,-,-,0,-,-,-,pred,99.000,0,-,-,219.91,198.85,743.52,300.92,175.02,23.83,1.90241,39.709,27.341,0.8941,raw,0,-,0,-,-,236.73,309.11
2026-07-04_Mark-Liversedge_Wrist_01__swing_0007,664,4452825,3285,-5.98648,133.17,1,1,6,,0.5625,0.8430,1,0.5380,-0.1645,0.8268,2.94522,0.19637,0,-,-,-,0,-,-,-,pred,99.000,0,-,-,217.82,199.27,744.16,297.21,170.53,28.74,1.88496,38.923,27.295,0.8941,raw,0,-,0,-,-,236.73,309.11
2026-07-04_Mark-Liversedge_Wrist_01__swing_0007,665,4459486,-3376,-5.99518,133.46,1,1,6,,0.5638,0.8413,1,0.5406,-0.1601,0.8259,2.95007,0.19152,0,-,-,-,0,-,-,-,pred,99.000,0,-,-,215.28,199.82,745.57,292.15,164.40,35.42,1.88496,48.540,36.253,0.8941,raw,0,-,0,-,-,236.73,309.11
2026-07-04_Mark-Liversedge_Wrist_01__swing_0007,666,4466231,-3348,-6.01265,133.59,17,1,6,,0.5643,0.8392,1,0.5438,-0.1508,0.8256,2.96091,0.18068,0,-,-,-,0,-,-,-,pred,99.000,0,-,-,212.19,200.49,747.44,286.36,157.38,43.11,1.88496,49.545,36.569,0.1500,raw,0,-,0,-,-,236.73,309.11
2026-07-04_Mark-Liversedge_Wrist_01__swing_0007,667,4472846,-3259,-6.02139,133.71,20,0,6,,0.5648,0.8381,1,0.5456,-0.1462,0.8252,2.96626,0.17533,0,-,-,-,0,-,-,-,pred,99.000,0,-,-,209.21,201.20,749.32,281.00,150.89,50.30,1.83260,61.276,50.467,0.8941,raw,0,-,0,-,-,236.73,309.11
2026-07-04_Mark-Liversedge_Wrist_01__swing_0007,668,4479570,-3371,-6.03000,133.83,20,0,6,,0.5653,0.8369,1,0.5473,-0.1416,0.8249,2.97157,0.17002,0,-,-,-,0,-,-,-,pred,99.000,0,-,-,206.76,201.90,750.99,276.60,145.56,56.34,1.85005,44.588,34.544,0.8941,raw,0,-,0,-,-,236.73,309.11
2026-07-04_Mark-Liversedge_Wrist_01__swing_0007,669,4486285,-3256,-6.03884,133.95,20,0,6,,0.5659,0.8358,1,0.5491,-0.1369,0.8245,2.97706,0.16453,0,-,-,-,0,-,-,-,pred,99.000,0,-,-,205.02,202.64,752.69,272.61,140.73,61.92,1.85005,45.341,34.463,0.1500,raw,0,-,0,-,-,236.73,309.11
2026-07-04_Mark-Liversedge_Wrist_01__swing_0007,670,4492993,3302,-6.03884,134.08,17,1,6,,0.5664,0.8355,1,0.5496,-0.1370,0.8241,2.97684,0.16475,0,-,-,-,0,-,-,-,pred,99.000,0,-,-,203.67,203.43,754.33,269.17,136.56,66.87,1.81514,62.889,51.754,0.1500,raw,0,-,0,-,-,236.73,309.11
2026-07-04_Mark-Liversedge_Wrist_01__swing_0007,671,4499657,3337,-6.03884,134.20,17,1,6,,0.5669,0.8351,1,0.5501,-0.1371,0.8238,2.97663,0.16497,0,-,-,-,0,-,-,-,pred,99.000,0,-,-,202.79,204.12,755.68,266.88,133.79,70.33,1.79769,63.498,52.478,0.1500,raw,0,-,0,-,-,236.73,309.11
2026-07-04_Mark-Liversedge_Wrist_01__swing_0007,672,4506311,-3317,-6.06473,134.32,17,1,6,,0.5674,0.8326,1,0.5539,-0.1230,0.8234,2.99335,0.14824,0,-,-,-,0,-,-,-,pred,99.000,0,-,-,202.33,204.60,756.57,266.01,132.73,71.87,1.79769,65.682,53.325,0.1500,raw,0,-,0,-,-,236.73,309.11
2026-07-04_Mark-Liversedge_Wrist_01__swing_0007,673,4513013,-3312,-6.09983,134.44,20,0,6,,0.5679,0.8296,1,0.5584,-0.1036,0.8231,3.01644,0.12515,0,-,-,-,0,-,-,-,pred,99.000,0,-,-,202.18,204.92,756.83,266.78,133.66,71.25,1.79769,46.978,36.422,0.8811,raw,0,-,0,-,-,236.73,309.11
2026-07-04_Mark-Liversedge_Wrist_01__swing_0007,674,4519735,-3334,-6.17677,134.56,20,0,6,,0.5684,0.8249,1,0.5652,-0.0604,0.8227,3.06834,0.07325,0,-,-,-,0,-,-,-,pred,99.000,0,-,-,202.18,205.18,756.89,268.55,135.80,69.38,1.79769,40.773,28.537,0.1500,raw,0,-,0,-,-,236.73,309.11
2026-07-04_Mark-Liversedge_Wrist_01__swing_0007,675,4526505,-3270,-6.31631,134.69,20,0,6,,0.5690,0.8226,1,0.5686,0.0188,0.8224,-3.11868,-0.02291,0,-,-,-,0,-,-,-,pred,99.000,0,-,-,202.28,205.42,757.15,270.70,138.42,67.00,1.79769,56.389,45.302,0.1500,raw,0,-,0,-,-,236.73,309.11
2026-07-04_Mark-Liversedge_Wrist_01__swing_0007,676,4533116,-3170,-6.47241,134.81,20,0,6,,0.5695,0.8290,1,0.5593,0.1071,0.8220,-3.01201,-0.12958,0,-,-,-,0,-,-,-,pred,99.000,0,-,-,202.45,205.63,757.97,272.71,140.85,64.78,1.79769,57.152,42.918,0.1500,raw,0,-,0,-,-,236.73,309.11
2026-07-04_Mark-Liversedge_Wrist_01__swing_0007,677,4539801,-3308,-6.66482,134.93,20,0,6,,0.5700,0.8486,1,0.5290,0.2123,0.8217,-2.88876,-0.25284,0,-,-,-,0,-,-,-,pred,99.000,0,-,-,202.68,205.82,759.05,275.01,143.63,62.19,1.79769,54.752,40.283,0.1500,raw,0,-,0,-,-,236.73,309.11
2026-07-04_Mark-Liversedge_Wrist_01__swing_0007,678,4546613,-3353,-6.88271,135.05,20,0,6,,0.5705,0.8821,1,0.4710,0.3219,0.8213,-2.76804,-0.37355,0,-,-,-,0,-,-,-,pred,99.000,0,-,-,202.93,206.00,760.51,277.58,146.75,59.26,1.81514,36.314,25.061,0.1500,raw,0,-,0,-,-,236.73,309.11
2026-07-04_Mark-Liversedge_Wrist_01__swing_0007,679,4553284,-3160,-7.10100,135.18,20,0,6,,0.5710,0.9206,1,0.3905,0.4166,0.8209,-2.67194,-0.46965,0,-,-,-,0,-,-,-,pred,99.000,0,-,-,203.17,206.17,762.50,280.02,149.70,56.47,1.81514,40.285,27.884,0.1500,raw,0,-,0,-,-,236.73,309.11
2026-07-04_Mark-Liversedge_Wrist_01__swing_0007,680,4559970,3276,-7.34100,135.30,20,0,6,,0.5715,0.9599,1,0.2805,0.4980,0.8206,-2.59614,-0.54546,0,-,-,-,0,-,-,-,pred,99.000,0,-,-,203.37,206.35,765.25,282.19,152.33,54.01,1.81514,43.843,30.972,0.1500,raw,0,-,0,-,-,236.73,309.11
2026-07-04_Mark-Liversedge_Wrist_01__swing_0007,681,4566720,3236,-7.61459,135.42,20,0,6,,0.5721,0.9908,1,0.1356,0.5558,0.8202,-2.54607,-0.59552,0,-,-,-,0,-,-,-,pred,99.000,0,-,-,203.50,206.53,769.07,284.16,154.72,51.81,1.81514,50.882,32.036,0.1500,raw,0,-,0,-,-,236.73,309.11
2026-07-04_Mark-Liversedge_Wrist_01__swing_0007,682,4573335,3300,-7.89054,135.54,20,0,6,,0.5726,0.9998,1,-0.0209,0.5722,0.8198,-2.53226,-0.60934,0,-,-,-,0,-,-,-,pred,99.000,0,-,-,203.53,206.73,773.24,286.00,156.95,49.78,1.81514,49.750,33.061,0.1500,raw,0,-,0,-,-,236.73,309.11
2026-07-04_Mark-Liversedge_Wrist_01__swing_0007,683,4580099,3286,-8.17182,135.67,20,0,6,,0.5731,0.9838,1,-0.1791,0.5444,0.8195,-2.55522,-0.58637,0,-,-,-,0,-,-,-,pred,99.000,0,-,-,203.45,206.95,777.44,287.86,159.20,47.75,1.81514,41.524,26.732,0.1500,raw,0,-,0,-,-,236.73,309.11
2026-07-04_Mark-Liversedge_Wrist_01__swing_0007,684,4586837,3347,-8.40524,135.79,20,0,6,,0.5736,0.9538,1,-0.3004,0.4886,0.8191,-2.60372,-0.53787,0,-,-,-,0,-,-,-,pred,99.000,0,-,-,203.20,207.20,781.28,289.92,161.70,45.50,1.81514,34.866,19.075,0.1500,raw,0,-,0,-,-,236.73,309.11
2026-07-04_Mark-Liversedge_Wrist_01__swing_0007,685,4593484,-3300,-8.57731,135.91,20,0,6,,0.5741,0.9250,1,-0.3800,0.4304,0.8188,-2.65765,-0.48394,0,-,-,-,0,-,-,-,pred,99.000,0,-,-,202.77,207.44,785.34,292.46,164.78,42.66,1.79769,33.362,14.641,0.8941,raw,0,-,0,-,-,236.73,309.11
2026-07-04_Mark-Liversedge_Wrist_01__swing_0007,686,4600307,3088,-8.68442,142.15,20,0,6,,0.6005,0.8964,1,-0.4433,0.4051,0.7996,-2.67272,-0.46888,0,-,-,-,0,-,-,-,pred,99.000,0,-,-,202.13,207.65,789.15,294.90,167.73,39.92,1.79769,49.056,23.099,0.1500,raw,0,-,0,-,-,236.73,309.11
2026-07-04_Mark-Liversedge_Wrist_01__swing_0007,687,4606902,3325,-8.76295,153.81,20,0,6,,0.6497,0.8587,1,-0.5125,0.3993,0.7602,-2.65794,-0.48366,0,-,-,-,0,-,-,-,pred,99.000,0,-,-,201.36,207.84,791.56,296.21,169.32,38.52,1.79769,54.282,26.127,0.1500,raw,0,-,0,-,-,236.73,309.11
2026-07-04_Mark-Liversedge_Wrist_01__swing_0007,688,4613633,-3406,-8.81391,165.48,20,0,6,,0.6990,0.8198,1,-0.5726,0.4009,0.7151,-2.63058,-0.51102,0,-,-,-,0,-,-,-,pred,99.000,0,-,-,200.47,208.02,792.14,295.97,169.03,38.99,1.79769,43.599,25.732,0.1500,raw,0,-,0,-,-,236.73,309.11
2026-07-04_Mark-Liversedge_Wrist_01__swing_0007,689,4620305,-3223,-8.81391,177.11,20,0,6,,0.7482,0.7902,1,-0.6129,0.4291,0.6635,-2.56749,-0.57410,0,-,-,-,0,-,-,-,pred,99.000,0,-,-,199.52,208.21,791.25,294.66,167.44,40.77,1.79769,35.349,15.485,0.8617,raw,0,-,0,-,-,236.73,309.11
2026-07-04_Mark-Liversedge_Wrist_01__swing_0007,690,4627014,3330,-8.81391,188.52,1,1,6,,0.7964,0.7579,1,-0.6523,0.4568,0.6048,-2.49476,-0.64683,0,-,-,-,0,-,-,-,pred,99.000,0,-,-,198.54,208.42,788.93,292.12,164.36,44.06,1.78024,37.876,16.567,0.6094,raw,0,-,0,-,-,236.73,309.11
2026-07-04_Mark-Liversedge_Wrist_01__swing_0007,691,4633791,3239,-8.81391,199.29,1,1,6,,0.8419,0.7242,1,-0.6896,0.4829,0.5397,-2.41170,-0.72989,0,-,-,-,0,-,-,-,pred,99.000,0,-,-,197.56,208.67,784.60,287.56,158.84,49.83,1.78024,40.605,8.933,0.6482,raw,0,-,0,-,-,236.73,309.11
2026-07-04_Mark-Liversedge_Wrist_01__swing_0007,692,4640360,-3330,-8.81391,208.82,1,1,6,,0.8821,0.6913,1,-0.7226,0.5060,0.4711,-2.32049,-0.82110,0,-,-,-,0,-,-,-,pred,99.000,0,-,-,196.67,208.97,778.06,280.66,150.48,58.50,1.78024,46.556,12.144,0.6417,raw,0,-,0,-,-,236.73,309.11
2026-07-04_Mark-Liversedge_Wrist_01__swing_0007,693,4647118,3265,-8.81391,217.15,1,1,6,,0.9173,0.6598,1,-0.7514,0.5261,0.3982,-2.21867,-0.92292,0,-,-,-,0,-,-,-,pred,99.000,0,-,-,195.85,209.35,768.49,270.63,138.33,71.01,1.78024,33.180,3.508,0.8617,raw,0,-,0,-,-,236.73,309.11
2026-07-04_Mark-Liversedge_Wrist_01__swing_0007,694,4653738,-3355,-8.81391,223.53,1,1,6,,0.9442,0.6338,1,-0.7735,0.5416,0.3292,-2.11701,-1.02458,0,-,-,-,0,-,-,-,pred,99.000,0,-,-,195.18,209.80,757.38,259.06,124.31,85.49,1.76278,34.620,3.088,0.6482,raw,0,-,0,-,-,236.73,309.11
2026-07-04_Mark-Liversedge_Wrist_01__swing_0007,695,4660457,-3280,-8.81391,228.35,17,1,6,,0.9646,0.6129,1,-0.7902,0.5533,0.2636,-2.01546,-1.12613,0,-,-,-,0,-,-,-,pred,99.000,0,-,-,194.68,210.35,746.02,247.22,109.97,100.38,2.56563,37.915,1.728,0.7323,raw,0,-,0,-,-,236.73,309.11
2026-07-04_Mark-Liversedge_Wrist_01__swing_0007,696,4667162,-3200,-8.81391,231.88,17,1,6,,0.9795,0.5968,1,-0.8024,0.5618,0.2013,-1.91484,-1.22675,0,-,-,-,0,-,-,-,pred,99.000,0,-,0.13859,194.40,211.01,735.57,236.31,96.76,114.26,2.56563,44.627,8.474,0.7258,raw,0,-,0,-,-,236.73,309.11
2026-07-04_Mark-Liversedge_Wrist_01__swing_0007,697,4673884,-3369,-8.81391,234.33,17,1,6,,0.9899,0.5852,1,-0.8109,0.5678,0.1419,-1.81567,-1.32592,0,-,-,-,0,-,-,-,pred,99.000,0,-,-,194.37,211.83,724.87,225.16,83.24,128.58,2.58309,47.037,9.234,0.4282,raw,0,-,0,-,-,236.73,309.11
2026-07-04_Mark-Liversedge_Wrist_01__swing_0007,698,4680540,-3255,-8.81391,235.95,17,1,6,,0.9967,0.5774,1,-0.8165,0.5717,0.0809,-1.71139,-1.43021,0,-,-,-,0,-,-,-,pred,99.000,0,-,0.20607,194.54,212.76,714.55,214.40,70.21,142.55,2.58309,45.168,3.186,0.4282,raw,0,-,0,-,-,236.73,309.11
2026-07-04_Mark-Liversedge_Wrist_01__swing_0007,699,4687217,-3320,-8.81391,237.00,17,1,6,,1.0000,0.5736,1,-0.8192,0.5736,0.0000,-1.57080,-1.57080,0,-,-,-,0,-,-,-,pred,99.000,0,-,0.24612,194.89,213.82,705.86,205.28,59.16,154.66,2.58309,37.115,4.926,0.4347,raw,0,-,0,-,-,236.73,309.11
2026-07-04_Mark-Liversedge_Wrist_01__swing_0007,700,4693955,-3336,-8.81391,237.62,17,1,6,,1.0000,0.5736,1,-0.8192,0.5736,0.0000,-1.57080,-1.57080,0,-,-,-,0,-,-,-,pred,99.000,0,-,0.21783,195.38,214.98,699.44,198.45,50.89,164.09,2.60054,33.607,1.105,0.4153,raw,0,-,0,-,-,236.73,309.11
2026-07-04_Mark-Liversedge_Wrist_01__swing_0008,366,2455415,-3318,1.74533,340.01,20,0,0,address,1.0000,0.9848,1,-0.1736,-0.9848,0.0000,1.57080,1.57080,0,-,-,-,0,-,-,-,pred,208.000,0,-,-,274.04,532.08,723.03,577.12,508.47,23.61,1.90241,45.239,6.625,0.8952,raw,1,1.88476,1,1.03847,35.40,307.35,340.86
2026-07-04_Mark-Liversedge_Wrist_01__swing_0008,367,2462068,-3330,1.74533,342.12,20,0,0,address,1.0000,0.9848,1,-0.1736,-0.9848,0.0000,1.57080,1.57080,0,-,-,-,1,2.02549,0.25977,-39.42,pred,208.000,0,-,-,274.07,531.93,722.38,578.79,510.53,21.40,1.90241,49.532,4.333,0.8952,raw,1,1.88471,1,1.03847,38.46,307.35,340.86
2026-07-04_Mark-Liversedge_Wrist_01__swing_0008,368,2468752,-3310,1.74533,344.30,20,0,0,address,1.0000,0.9848,1,-0.1736,-0.9848,0.0000,1.57080,1.57080,0,-,-,-,0,-,-,-,pred,208.000,0,-,-,274.02,531.61,721.35,581.08,513.37,18.24,1.90241,48.197,3.337,0.8952,raw,1,1.88431,1,1.03847,35.87,307.35,340.86
2026-07-04_Mark-Liversedge_Wrist_01__swing_0008,369,2475544,3354,1.74533,346.33,17,1,0,address,1.0000,0.9848,1,-0.1736,-0.9848,0.0000,1.57080,1.57080,0,-,-,-,0,-,-,-,pred,208.000,0,-,0.18471,273.85,531.02,719.82,584.16,517.18,13.84,1.90241,44.487,0.825,0.8952,raw,1,1.88338,1,1.09083,34.09,307.35,340.86
2026-07-04_Mark-Liversedge_Wrist_01__swing_0008,370,2482168,-3270,1.74533,347.93,17,1,0,address,1.0000,0.9848,1,-0.1736,-0.9848,0.0000,1.57080,1.57080,0,-,-,-,1,2.02032,0.30115,126.87,pred,208.000,0,-,-,273.60,530.22,717.96,587.86,521.76,8.45,2.11185,46.960,3.492,0.8952,raw,0,-,0,-,-,307.35,340.86
2026-07-04_Mark-Liversedge_Wrist_01__swing_0008,371,2488952,3243,1.74533,349.12,17,1,0,address,1.0000,0.9848,1,-0.1736,-0.9848,0.0000,1.57080,1.57080,0,-,-,-,0,-,-,-,pred,208.000,0,-,0.16178,273.35,529.45,715.92,592.07,526.97,2.48,2.11185,46.173,3.956,0.8952,raw,0,-,0,-,-,307.35,340.86
2026-07-04_Mark-Liversedge_Wrist_01__swing_0008,372,2495602,3403,1.74533,349.85,17,1,0,address,1.0000,0.9848,1,-0.1736,-0.9848,0.0000,1.57080,1.57080,0,-,-,-,1,2.01519,0.30805,128.06,pred,208.000,0,-,0.14013,273.19,528.97,713.83,596.73,532.74,3.77,-2.51327,49.899,3.808,0.8952,raw,0,-,0,-,-,307.35,340.86
2026-07-04_Mark-Liversedge_Wrist_01__swing_0008,373,2502231,-3226,1.74533,350.22,17,1,0,address,1.0000,0.9848,1,-0.1736,-0.9848,0.0000,1.57080,1.57080,0,-,-,-,0,-,-,-,pred,208.000,0,-,0.18854,273.16,528.94,711.45,602.49,539.87,10.93,-2.51327,49.030,3.878,0.8952,raw,0,-,0,-,-,307.35,340.86
2026-07-04_Mark-Liversedge_Wrist_01__swing_0008,374,2508918,-3158,1.75368,350.35,17,1,0,address,1.0000,0.9833,1,-0.1819,-0.9833,0.0000,1.57080,1.57080,0,-,-,-,0,-,-,-,pred,208.000,0,-,-,273.20,529.17,708.97,608.54,547.36,18.19,-2.51327,47.168,5.774,0.8952,raw,0,-,0,-,-,307.35,340.86
2026-07-04_Mark-Liversedge_Wrist_01__swing_0008,375,2515650,-3287,1.77117,350.38,20,0,0,address,1.0000,0.9800,1,-0.1990,-0.9800,0.0000,1.57080,1.57080,0,-,-,-,1,2.02153,0.30690,124.61,pred,208.000,0,-,-,273.28,529.50,706.81,613.45,553.44,23.94,-2.51327,48.117,2.686,0.8952,raw,0,-,0,-,-,307.35,340.86
2026-07-04_Mark-Liversedge_Wrist_01__swing_0008,376,2522345,-3146,1.78872,350.49,20,0,0,address,1.0000,0.9763,1,-0.2162,-0.9763,0.0000,1.57080,1.57080,0,-,-,-,0,-,-,-,pred,208.000,0,-,0.14013,273.37,529.74,705.19,616.39,557.07,27.33,2.11185,47.391,2.359,0.1500,raw,0,-,0,-,-,307.35,340.86
2026-07-04_Mark-Liversedge_Wrist_01__swing_0008,377,2529139,3244,1.79769,350.77,20,0,0,address,1.0000,0.9744,1,-0.2250,-0.9744,0.0000,1.57080,1.57080,0,-,-,-,1,2.02389,0.30115,123.55,pred,208.000,0,-,-,273.47,529.89,703.92,617.94,558.99,29.10,-2.51327,47.805,2.929,0.8952,raw,0,-,0,-,-,307.35,340.86
2026-07-04_Mark-Liversedge_Wrist_01__swing_0008,378,2535833,-3450,1.79769,351.18,20,0,0,address,1.0000,0.9744,1,-0.2250,-0.9744,0.0000,1.57080,1.57080,0,-,-,-,0,-,-,-,pred,208.000,0,-,-,273.59,530.00,703.08,617.98,559.05,29.05,-2.51327,49.904,4.471,0.8952,raw,0,-,0,-,-,307.35,340.86
2026-07-04_Mark-Liversedge_Wrist_01__swing_0008,379,2542467,-3177,1.79769,351.68,20,0,0,address,1.0000,0.9744,1,-0.2250,-0.9744,0.0000,1.57080,1.57080,0,-,-,-,0,-,-,-,pred,208.000,0,-,-,273.72,530.09,702.76,616.42,557.11,27.02,-2.51327,47.741,2.195,0.8952,raw,0,-,0,-,-,307.35,340.86
2026-07-04_Mark-Liversedge_Wrist_01__swing_0008,380,2549254,3228,1.80668,352.24,17,1,0,address,1.0000,0.9723,1,-0.2337,-0.9723,0.0000,1.57080,1.57080,0,-,-,-,0,-,-,-,pred,208.000,0,-,-,273.85,530.18,703.24,612.39,552.12,21.95,-2.51327,47.685,4.756,0.8952,raw,0,-,0,-,-,307.35,340.86
2026-07-04_Mark-Liversedge_Wrist_01__swing_0008,381,2555920,3318,1.81514,352.78,17,1,0,address,1.0000,0.9703,1,-0.2419,-0.9703,0.0000,1.57080,1.57080,0,-,-,-,0,-,-,-,pred,208.000,0,-,0.16726,273.95,530.22,704.51,605.88,544.07,13.84,-2.51327,47.370,3.187,0.8952,raw,0,-,0,-,-,307.35,340.86
2026-07-04_Mark-Liversedge_Wrist_01__swing_0008,382,2562611,3326,1.89423,353.27,17,1,0,address,1.0000,0.9481,1,-0.3178,-0.9481,0.0000,1.57080,1.57080,0,-,-,-,0,-,-,-,ray,208.000,0,-,0.18757,274.05,530.24,706.29,597.79,534.06,3.82,-2.51327,47.419,2.279,0.8952,raw,0,-,0,-,-,307.35,340.86
2026-07-04_Mark-Liversedge_Wrist_01__swing_0008,383,2569299,-3362,1.96787,353.69,17,1,0,address,1.0000,0.9222,1,-0.3867,-0.9222,0.0000,1.57080,1.57080,0,-,-,-,1,2.02548,0.25862,-52.00,ray,208.000,0,-,0.21584,274.17,530.29,708.17,589.56,523.86,6.43,-2.84489,44.387,0.173,0.8600,raw,0,-,0,-,-,307.35,340.86
2026-07-04_Mark-Liversedge_Wrist_01__swing_0008,384,2575907,-3236,1.94288,354.00,17,1,0,address,1.0000,0.9316,1,-0.3636,-0.9316,0.0000,1.57080,1.57080,0,-,-,-,1,2.02578,0.25402,-52.26,ray,208.000,0,-,0.21783,274.33,530.45,709.86,582.19,514.75,15.70,1.90241,43.996,1.745,0.8952,raw,0,-,0,-,-,307.35,340.86
2026-07-04_Mark-Liversedge_Wrist_01__swing_0008,385,2582652,-3131,1.93664,354.22,17,1,0,address,1.0000,0.9338,1,-0.3577,-0.9338,0.0000,1.57080,1.57080,0,-,-,-,0,-,-,-,ray,208.000,0,-,0.34777,274.57,530.77,711.69,574.85,505.66,25.10,-2.51327,39.259,2.364,0.8952,raw,0,-,0,-,-,307.35,340.86
2026-07-04_Mark-Liversedge_Wrist_01__swing_0008,386,2589444,3326,1.96360,354.34,17,1,0,address,1.0000,0.9238,1,-0.3828,-0.9238,0.0000,1.57080,1.57080,0,-,-,-,0,-,-,-,ray,208.000,0,-,0.35159,274.87,531.20,713.51,567.57,496.65,34.56,-2.51327,41.634,4.351,0.8952,raw,0,-,0,-,-,307.35,340.86
2026-07-04_Mark-Liversedge_Wrist_01__swing_0008,387,2596064,-3294,1.98088,354.37,17,1,0,address,1.0000,0.9171,1,-0.3987,-0.9171,0.0000,1.57080,1.57080,0,-,-,-,0,-,-,-,ray,208.000,0,-,0.34522,275.17,531.65,715.06,560.80,488.26,43.39,1.90241,42.128,2.375,0.8952,raw,0,-,0,-,-,307.35,340.86
2026-07-04_Mark-Liversedge_Wrist_01__swing_0008,388,2602790,3351,1.97653,354.30,17,1,0,address,1.0000,0.9188,1,-0.3947,-0.9188,0.0000,1.57080,1.57080,0,-,-,-,0,-,-,-,ray,209.000,0,-,0.32866,275.44,532.02,716.23,554.49,480.45,51.57,-2.53073,42.116,1.311,0.8952,raw,0,-,0,-,-,307.35,340.86
2026-07-04_Mark-Liversedge_Wrist_01__swing_0008,389,2609431,-3290,1.95066,354.15,17,1,0,address,1.0000,0.9287,1,-0.3708,-0.9287,0.0000,1.57080,1.57080,0,-,-,-,0,-,-,-,ray,210.000,0,-,0.32866,275.69,532.38,717.23,548.69,473.28,59.10,1.93732,42.154,0.339,0.8952,raw,0,-,0,-,-,307.35,340.86
2026-07-04_Mark-Liversedge_Wrist_01__swing_0008,390,2616228,-3375,1.95905,353.93,17,1,0,address,1.0000,0.9256,1,-0.3786,-0.9256,0.0000,1.57080,1.57080,0,-,-,-,0,-,-,-,pred,210.000,0,-,0.21529,275.94,532.76,717.91,543.16,466.43,66.33,-2.53073,43.102,3.307,0.8952,raw,0,-,0,-,-,307.35,340.86
2026-07-04_Mark-Liversedge_Wrist_01__swing_0008,391,2622812,-3185,2.04844,353.66,17,1,0,address,1.0000,0.8881,1,-0.4597,-0.8881,0.0000,1.57080,1.57080,0,-,-,-,0,-,-,-,pred,210.000,0,-,0.20892,276.14,532.95,717.99,538.07,460.14,72.82,-2.14676,43.725,2.952,0.8952,raw,0,-,0,-,-,307.35,340.86
2026-07-04_Mark-Liversedge_Wrist_01__swing_0008,392,2629566,3340,2.09873,353.35,17,1,0,,1.0000,0.8639,1,-0.5037,-0.8639,0.0000,1.57080,1.57080,0,-,-,-,0,-,-,-,pred,210.000,0,-,0.19833,276.27,532.86,717.37,532.95,453.79,79.07,-2.14676,49.868,3.527,0.8952,raw,0,-,0,-,-,307.35,340.86
2026-07-04_Mark-Liversedge_Wrist_01__swing_0008,393,2636221,-3315,2.05956,353.05,17,1,0,,1.0000,0.8829,1,-0.4695,-0.8829,0.0000,1.57080,1.57080,0,-,-,-,0,-,-,-,pred,210.000,0,-,-,276.32,532.30,716.08,527.62,447.19,85.11,-2.16421,50.639,4.490,0.8952,raw,0,-,0,-,-,307.35,340.86
2026-07-04_Mark-Liversedge_Wrist_01__swing_0008,394,2642909,-3345,2.02480,352.80,1,1,0,,1.0000,0.8987,1,-0.4386,-0.8987,0.0000,1.57080,1.57080,0,-,-,-,0,-,-,-,ray,209.000,0,-,0.21584,276.31,531.41,714.20,522.69,441.09,90.32,1.15192,54.477,4.817,0.8600,raw,0,-,0,-,-,307.35,340.86
2026-07-04_Mark-Liversedge_Wrist_01__swing_0008,395,2649720,3208,1.99817,352.63,17,1,0,,1.0000,0.9101,1,-0.4145,-0.9101,0.0000,1.57080,1.57080,0,-,-,-,0,-,-,-,ray,209.000,0,-,-,276.23,530.41,711.54,519.03,436.56,93.85,1.16937,63.357,18.068,0.8952,raw,0,-,0,-,-,307.35,340.86
2026-07-04_Mark-Liversedge_Wrist_01__swing_0008,396,2656367,3360,2.08678,352.55,17,1,0,,1.0000,0.8698,1,-0.4934,-0.8698,0.0000,1.57080,1.57080,0,-,-,-,0,-,-,-,ray,208.000,0,-,-,276.10,529.57,708.16,517.45,434.60,94.97,1.16937,63.731,13.677,0.8952,raw,0,-,0,-,-,307.35,340.86
2026-07-04_Mark-Liversedge_Wrist_01__swing_0008,397,2663034,-3307,2.21641,352.47,17,1,1,,1.0000,0.7987,1,-0.6017,-0.7987,0.0000,1.57080,1.57080,0,-,-,-,0,-,-,-,ray,208.000,0,-,0.21584,275.90,528.92,704.03,517.27,434.39,94.53,1.16937,61.089,7.365,0.8952,raw,0,-,0,-,-,307.35,340.86
2026-07-04_Mark-Liversedge_Wrist_01__swing_0008,398,2669729,3322,2.26902,352.29,17,1,1,,1.0000,0.7660,1,-0.6429,-0.7660,0.0000,1.57080,1.57080,0,-,-,-,0,-,-,-,ray,208.000,0,-,0.21584,275.64,528.34,699.14,518.69,436.14,92.20,1.16937,60.158,2.625,0.8952,raw,0,-,0,-,-,307.35,340.86
2026-07-04_Mark-Liversedge_Wrist_01__swing_0008,399,2676427,-3376,2.29933,351.93,17,1,1,,1.0000,0.7462,1,-0.6658,-0.7462,0.0000,1.57080,1.57080,0,-,-,-,1,3.63028,0.26092,214.49,seg,208.000,0,-,0.19655,275.32,527.81,693.69,521.59,439.73,88.09,1.18682,73.346,18.449,0.8952,raw,0,-,0,-,-,307.35,340.86
2026-07-04_Mark-Liversedge_Wrist_01__swing_0008,400,2683132,-3253,2.32930,351.32,17,1,1,,1.0000,0.7259,1,-0.6878,-0.7259,0.0000,1.57080,1.57080,0,-,-,-,0,-,-,-,ray,208.000,0,-,0.31149,274.95,527.32,687.67,526.32,445.59,81.74,1.18682,71.868,14.460,0.8952,raw,0,-,0,-,-,307.35,340.86
2026-07-04_Mark-Liversedge_Wrist_01__swing_0008,401,2689820,-3158,2.36806,350.39,17,1,1,,1.0000,0.6987,1,-0.7154,-0.6987,0.0000,1.57080,1.57080,0,-,-,-,0,-,-,-,ray,211.000,0,-,0.31149,274.49,526.89,680.97,533.26,454.18,72.71,1.20428,69.203,12.200,0.8952,raw,0,-,0,-,-,307.35,340.86
2026-07-04_Mark-Liversedge_Wrist_01__swing_0008,402,2696575,-3221,2.40839,349.02,17,1,1,,1.0000,0.6693,1,-0.7430,-0.6693,0.0000,1.57080,1.57080,0,-,-,-,1,3.68264,0.24598,131.21,seg,211.000,0,-,0.28736,273.97,526.52,673.67,541.69,464.61,61.91,-2.26893,59.460,7.696,0.8952,raw,0,-,0,-,-,307.35,340.86
2026-07-04_Mark-Liversedge_Wrist_01__swing_0008,403,2703185,-3327,2.44701,347.25,17,1,1,,1.0000,0.6401,1,-0.7683,-0.6401,0.0000,1.57080,1.57080,0,-,-,-,0,-,-,-,ray,211.000,0,-,0.30690,273.42,526.15,666.21,550.44,475.45,50.71,-2.26893,58.675,11.910,0.8952,raw,0,-,0,-,-,307.35,340.86
2026-07-04_Mark-Liversedge_Wrist_01__swing_0008,404,2709985,-3214,2.48681,344.94,17,1,1,,1.0000,0.6090,1,-0.7932,-0.6090,0.0000,1.57080,1.57080,0,-,-,-,1,3.68264,0.24253,118.15,seg,211.000,0,-,0.20230,272.84,525.72,658.35,559.37,486.49,39.23,-2.25147,56.771,5.516,0.8952,raw,0,-,0,-,-,307.35,340.86
2026-07-04_Mark-Liversedge_Wrist_01__swing_0008,405,2716642,3267,2.52218,342.10,17,1,1,,1.0000,0.5806,1,-0.8142,-0.5806,0.0000,1.57080,1.57080,0,-,-,-,0,-,-,-,ray,211.000,0,-,0.31020,272.27,525.35,650.21,568.92,498.31,27.04,-2.32129,56.384,11.423,0.8952,raw,0,-,0,-,-,307.35,340.86
2026-07-04_Mark-Liversedge_Wrist_01__swing_0008,406,2723320,-3411,2.55662,338.84,17,1,1,,1.0000,0.5522,1,-0.8337,-0.5522,0.0000,1.57080,1.57080,0,-,-,-,0,-,-,-,ray,211.000,0,-,0.30911,271.68,525.02,641.83,578.60,510.29,14.73,-2.32129,55.943,5.944,0.8952,raw,0,-,0,-,-,307.35,340.86
2026-07-04_Mark-Liversedge_Wrist_01__swing_0008,407,2730131,-3287,2.59614,335.04,17,1,1,,1.0000,0.5188,1,-0.8549,-0.5188,0.0000,1.57080,1.57080,0,-,-,-,0,-,-,-,ray,211.000,0,-,0.30911,271.04,524.47,633.47,587.44,521.24,3.23,1.25664,64.242,6.791,0.8952,raw,0,-,0,-,-,307.35,340.86
2026-07-04_Mark-Liversedge_Wrist_01__swing_0008,408,2736813,3373,2.64422,330.91,17,1,1,,1.0000,0.4771,1,-0.8788,-0.4771,0.0000,1.57080,1.57080,0,-,-,-,1,3.68264,0.26092,241.32,seg,211.000,0,-,0.21584,270.34,523.48,625.74,594.12,529.50,6.03,1.29154,72.209,12.845,0.8952,raw,0,-,0,-,-,307.35,340.86
2026-07-04_Mark-Liversedge_Wrist_01__swing_0008,409,2743377,-3191,2.68718,326.62,17,1,1,,1.0000,0.4389,1,-0.8985,-0.4389,0.0000,1.57080,1.57080,0,-,-,-,1,3.68264,0.26092,245.15,seg,211.000,0,-,0.21584,269.62,521.85,618.28,599.50,536.17,14.32,1.32645,78.139,13.581,0.8952,raw,0,-,0,-,-,307.35,340.86
2026-07-04_Mark-Liversedge_Wrist_01__swing_0008,410,2750071,-3265,2.73093,322.12,17,1,1,,1.0000,0.3992,1,-0.9169,-0.3992,0.0000,1.57080,1.57080,0,-,-,-,0,-,-,-,ray,211.000,0,-,-,268.85,519.76,610.97,603.72,541.40,21.64,1.36136,70.247,6.039,0.8952,raw,0,-,0,-,-,307.35,340.86
2026-07-04_Mark-Liversedge_Wrist_01__swing_0008,411,2756822,-3357,2.77895,317.70,1,1,1,,1.0000,0.3547,1,-0.9350,-0.3547,0.0000,1.57080,1.57080,0,-,-,-,0,-,-,-,ray,211.000,0,-,0.12690,267.94,517.42,604.25,606.18,544.44,27.02,-2.00713,67.033,14.246,0.8600,raw,0,-,0,-,-,307.35,340.86
2026-07-04_Mark-Liversedge_Wrist_01__swing_0008,412,2763509,-3178,2.82207,313.47,17,1,1,,1.0000,0.3141,0,-0.9494,-0.3141,0.0000,1.57080,1.57080,0,-,-,-,0,-,-,-,ray,211.000,0,-,0.16322,266.80,515.14,598.46,606.60,544.95,29.81,-2.00713,65.193,16.622,0.8541,raw,0,-,0,-,-,307.35,340.86
2026-07-04_Mark-Liversedge_Wrist_01__swing_0008,413,2770241,-3250,2.87073,309.34,17,1,1,,1.0000,0.2676,0,-0.9635,-0.2676,0.0000,1.57080,1.57080,0,-,-,-,0,-,-,-,ray,211.000,0,-,0.12473,265.42,512.96,593.69,604.45,542.30,29.34,-2.02458,66.901,5.301,0.8482,raw,0,-,0,-,-,307.35,340.86
2026-07-04_Mark-Liversedge_Wrist_01__swing_0008,414,2776873,-3297,2.94004,305.58,17,1,1,,0.9942,0.2261,0,-0.9741,-0.1990,0.1072,2.06474,1.07686,0,-,-,-,0,-,-,-,ray,216.000,0,-,0.15632,263.85,510.79,589.57,600.79,537.76,26.97,-2.05949,68.105,8.670,0.8306,raw,0,-,0,-,-,307.35,340.86
2026-07-04_Mark-Liversedge_Wrist_01__swing_0008,415,2783675,-3375,3.01445,302.14,17,1,1,,0.9830,0.2217,0,-0.9751,-0.1247,0.1834,2.54456,0.59703,0,-,-,-,0,-,-,-,ray,224.000,0,-,0.12039,262.05,508.49,585.52,596.35,532.27,23.78,-2.05949,66.407,14.689,0.8306,raw,0,-,0,-,-,307.35,340.86
2026-07-04_Mark-Liversedge_Wrist_01__swing_0008,416,2790465,3241,3.06754,298.98,17,1,1,,0.9728,0.2426,0,-0.9701,-0.0720,0.2317,2.84041,0.30119,0,-,-,-,0,-,-,-,ray,227.000,0,-,0.14425,260.02,506.04,581.35,591.90,526.76,20.71,-2.05949,56.140,6.116,0.7896,raw,0,-,0,-,-,307.35,340.86
2026-07-04_Mark-Liversedge_Wrist_01__swing_0008,417,2797046,3287,3.12002,296.16,17,1,1,,0.9636,0.2682,0,-0.9634,-0.0208,0.2674,3.06400,0.07759,0,-,-,-,0,-,-,-,ray,227.000,0,-,0.15172,257.82,503.70,577.58,586.89,520.56,16.86,-2.05949,51.979,7.463,0.7896,raw,0,-,0,-,-,307.35,340.86
2026-07-04_Mark-Liversedge_Wrist_01__swing_0008,418,2803699,-3366,3.18070,293.59,17,1,1,,0.9552,0.2982,0,-0.9545,0.0373,0.2959,-3.01604,-0.12556,0,-,-,-,0,-,-,-,ray,227.000,0,-,0.13883,255.38,501.32,573.78,581.45,513.83,12.51,-2.05949,47.343,15.417,0.8893,mot,0,-,0,-,-,307.35,340.86
2026-07-04_Mark-Liversedge_Wrist_01__swing_0008,419,2810441,3298,3.23775,291.14,17,1,1,,0.9473,0.3331,0,-0.9429,0.0909,0.3204,-2.86504,-0.27656,0,-,-,-,0,-,-,-,ray,227.000,0,-,0.13991,252.70,498.52,569.39,576.39,507.56,9.04,-0.12217,46.522,0.971,0.8952,raw,0,-,0,-,-,307.35,340.86
2026-07-04_Mark-Liversedge_Wrist_01__swing_0008,420,2817177,3324,3.29482,288.76,17,1,1,,0.9395,0.3713,1,-0.9285,0.1434,0.3425,-2.74507,-0.39652,0,-,-,-,0,-,-,-,ray,227.000,0,-,0.15184,249.87,495.04,564.00,572.37,502.59,7.55,-2.54818,43.781,7.303,0.8952,raw,0,-,0,-,-,307.35,340.86
2026-07-04_Mark-Liversedge_Wrist_01__swing_0008,421,2823774,-3273,3.35002,286.42,17,1,1,,0.9319,0.4108,1,-0.9117,0.1928,0.3627,-2.65292,-0.48868,0,-,-,-,1,3.97935,0.26092,122.51,seg,227.000,0,-,0.15510,247.02,490.92,557.43,569.57,499.12,8.19,-0.05236,52.779,14.594,0.8952,raw,0,-,0,-,-,307.35,340.86
2026-07-04_Mark-Liversedge_Wrist_01__swing_0008,422,2830560,-3251,3.40649,283.93,17,1,1,,0.9238,0.4529,1,-0.8916,0.2419,0.3829,-2.57818,-0.56341,0,-,-,-,1,3.97935,0.26092,80.35,seg,227.000,0,-,0.17787,243.96,486.11,550.30,567.05,496.01,9.89,1.98968,43.769,14.222,0.8952,mot,0,-,0,-,-,307.35,340.86
2026-07-04_Mark-Liversedge_Wrist_01__swing_0008,423,2837346,3252,3.46885,281.28,17,1,1,,0.9152,0.4990,1,-0.8666,0.2942,0.4031,-2.51110,-0.63049,0,-,-,-,1,3.95317,0.21839,-12.32,seg,227.000,0,-,0.16594,240.65,480.64,543.61,564.31,492.61,11.97,-0.05236,52.764,11.064,0.8952,raw,0,-,0,-,-,307.35,340.86
2026-07-04_Mark-Liversedge_Wrist_01__swing_0008,424,2844037,3245,3.52632,278.57,17,1,1,,0.9064,0.5424,1,-0.8401,0.3402,0.4225,-2.46371,-0.67788,0,-,-,-,1,3.94444,0.26092,191.50,seg,227.000,0,-,0.17028,236.97,474.34,538.16,560.86,488.34,14.00,-0.01745,53.063,6.027,0.8952,raw,0,-,0,-,-,307.35,340.86
2026-07-04_Mark-Liversedge_Wrist_01__swing_0008,425,2850606,-3324,3.58590,275.96,17,1,1,,0.8979,0.5855,1,-0.8107,0.3859,0.4402,-2.42181,-0.71978,0,-,-,-,1,3.96190,0.15862,85.43,seg,227.000,0,-,0.17354,233.08,467.29,533.42,557.10,483.69,16.40,1.88496,48.832,15.301,0.8952,mot,0,-,0,-,-,307.35,340.86
2026-07-04_Mark-Liversedge_Wrist_01__swing_0008,426,2857238,-3162,3.65784,273.42,17,1,1,,0.8896,0.6336,1,-0.7737,0.4391,0.4567,-2.37583,-0.76577,0,-,-,-,0,-,-,-,ray,227.000,0,-,0.19523,228.89,459.34,529.30,552.92,478.51,19.16,-2.33874,71.150,22.732,0.8952,raw,0,-,0,-,-,307.35,340.86
2026-07-04_Mark-Liversedge_Wrist_01__swing_0008,427,2863943,-3023,3.73290,270.90,17,1,1,,0.8814,0.6816,1,-0.7318,0.4913,0.4723,-2.33648,-0.80511,0,-,-,-,0,-,-,-,ray,227.000,0,-,0.23908,224.11,450.59,525.90,548.24,472.72,22.13,-2.32129,81.532,36.065,0.8541,raw,0,-,0,-,-,307.35,340.86
2026-07-04_Mark-Liversedge_Wrist_01__swing_0008,428,2870652,-3298,3.80288,268.53,17,1,1,mid-backswing,0.8737,0.7243,1,-0.6895,0.5366,0.4865,-2.30728,-0.83431,0,-,-,-,0,-,-,-,ray,228.000,0,-,0.21494,218.59,441.28,523.62,542.93,466.15,24.86,1.71042,69.827,35.015,0.8952,mot,0,-,0,-,-,307.35,340.86
2026-07-04_Mark-Liversedge_Wrist_01__swing_0008,429,2877418,-3080,3.88566,266.23,17,1,1,mid-backswing,0.8662,0.7706,1,-0.6373,0.5867,0.4997,-2.27627,-0.86532,0,-,-,-,0,-,-,-,ray,229.000,0,-,0.22777,211.72,431.00,522.89,536.80,458.56,27.55,1.65806,57.441,37.026,0.8952,mot,0,-,0,-,-,307.35,340.86
2026-07-04_Mark-Liversedge_Wrist_01__swing_0008,430,2884066,-3291,3.97448,263.91,17,1,1,mid-backswing,0.8587,0.8163,1,-0.5777,0.6353,0.5125,-2.24964,-0.89195,0,-,-,-,0,-,-,-,wedge,231.000,0,-,0.22668,204.09,420.16,522.80,530.37,450.60,30.44,1.65806,61.315,34.038,0.8952,mot,0,-,0,-,-,307.35,340.86
2026-07-04_Mark-Liversedge_Wrist_01__swing_0008,431,2890734,-3291,4.05274,261.51,17,1,1,mid-backswing,0.8509,0.8533,1,-0.5214,0.6724,0.5254,-2.23408,-0.90751,0,-,-,-,0,-,-,-,ray,235.000,0,-,0.22668,196.27,409.08,522.14,523.92,442.62,33.54,1.60570,54.834,33.162,0.8952,mot,0,-,0,-,-,307.35,340.86
2026-07-04_Mark-Liversedge_Wrist_01__swing_0008,432,2897589,3373,4.12799,258.86,17,1,1,mid-backswing,0.8422,0.8855,1,-0.4647,0.7025,0.5391,-2.22537,-0.91622,0,-,-,-,0,-,-,-,ray,236.000,0,-,0.22343,188.95,398.14,519.92,517.65,434.85,36.72,1.58825,52.374,22.027,0.8952,mot,0,-,0,-,-,307.35,340.86
2026-07-04_Mark-Liversedge_Wrist_01__swing_0008,433,2904266,-3304,4.19623,256.05,17,1,1,mid-backswing,0.8331,0.9116,1,-0.4112,0.7246,0.5531,-2.22280,-0.91879,0,-,-,-,0,-,-,-,ray,238.000,0,-,0.22126,182.46,387.89,516.42,511.77,427.57,39.68,1.60570,48.399,8.752,0.8952,mot,0,-,0,-,-,307.35,340.86
2026-07-04_Mark-Liversedge_Wrist_01__swing_0008,434,2910941,-3118,4.27051,252.93,17,1,1,mid-backswing,0.8230,0.9360,1,-0.3519,0.7439,0.5681,-2.22299,-0.91860,0,-,-,-,0,-,-,-,ray,240.000,0,-,0.21584,176.35,377.84,512.29,505.94,420.36,42.52,-0.13963,52.573,0.003,0.8952,raw,0,-,0,-,-,307.35,340.86
2026-07-04_Mark-Liversedge_Wrist_01__swing_0008,435,2917607,-3354,4.34920,249.65,17,1,1,mid-backswing,0.8123,0.9575,1,-0.2886,0.7593,0.5833,-2.22586,-0.91573,0,-,-,-,0,-,-,-,ray,241.000,0,-,0.20933,170.87,368.17,508.23,500.06,413.08,44.91,-2.07694,117.521,73.356,0.8952,raw,0,-,0,-,-,307.35,340.86
2026-07-04_Mark-Liversedge_Wrist_01__swing_0008,436,2924209,-3066,4.42198,246.36,17,1,1,mid-backswing,0.8016,0.9733,1,-0.2295,0.7680,0.5979,-2.23230,-0.90929,0,-,-,-,0,-,-,-,ray,242.000,0,-,0.20716,166.30,359.14,504.69,494.07,405.67,46.53,-2.05949,137.080,86.208,0.8952,raw,0,-,0,-,-,307.35,340.86
2026-07-04_Mark-Liversedge_Wrist_01__swing_0008,437,2931084,3257,4.49029,242.90,17,1,1,mid-backswing,0.7903,0.9847,1,-0.1741,0.7709,0.6127,-2.24237,-0.89923,0,-,-,-,0,-,-,-,ray,244.000,0,-,0.20607,162.79,350.54,500.93,487.76,397.86,47.32,-2.04204,181.123,123.550,0.8952,raw,0,-,0,-,-,307.35,340.86
2026-07-04_Mark-Liversedge_Wrist_01__swing_0008,438,2937622,-3281,4.55489,239.78,17,1,1,mid-backswing,0.7801,0.9925,1,-0.1224,0.7705,0.6256,-2.25278,-0.88882,0,-,-,-,0,-,-,-,ray,246.000,0,-,0.17137,160.30,342.90,497.61,481.66,390.31,47.40,-2.02458,193.712,130.038,0.8952,raw,0,-,0,-,-,307.35,340.86
2026-07-04_Mark-Liversedge_Wrist_01__swing_0008,439,2944498,3258,4.63098,236.83,17,1,1,mid-backswing,0.7706,0.9980,1,-0.0627,0.7680,0.6374,-2.26349,-0.87810,0,-,-,-,0,-,-,-,ray,248.000,0,-,0.15944,158.27,335.21,495.24,475.05,382.12,46.91,-2.02458,236.478,160.475,0.8952,raw,0,-,0,-,-,307.35,340.86
2026-07-04_Mark-Liversedge_Wrist_01__swing_0008,440,2951002,-3246,4.68995,234.47,17,1,1,mid-backswing,0.7629,0.9999,1,-0.0171,0.7627,0.6465,-2.27397,-0.86762,0,-,-,-,0,-,-,-,ray,250.000,0,-,0.14751,156.50,327.96,494.57,468.57,374.10,46.14,-2.00713,235.387,189.300,0.8952,mot,0,-,0,-,-,307.35,340.86
2026-07-04_Mark-Liversedge_Wrist_01__swing_0008,441,2957781,-3342,4.72104,232.56,17,1,1,mid-backswing,0.7567,1.0000,1,0.0065,0.7567,0.6538,-2.28339,-0.85820,0,-,-,-,1,4.38078,0.26092,17.37,seg,251.000,0,-,0.14317,154.92,320.49,495.69,461.53,365.39,44.91,-2.00713,237.169,160.354,0.8952,raw,0,-,0,-,-,307.35,340.86
2026-07-04_Mark-Liversedge_Wrist_01__swing_0008,442,2964462,-3281,4.73825,231.39,17,1,1,mid-backswing,0.7529,0.9998,1,0.0195,0.7526,0.6582,-2.28935,-0.85224,0,-,-,-,0,-,-,-,ray,251.000,0,-,0.14100,153.80,313.33,497.78,454.43,356.61,43.28,-1.98968,230.281,185.566,0.8952,mot,0,-,0,-,-,307.35,340.86
2026-07-04_Mark-Liversedge_Wrist_01__swing_0008,443,2971287,3218,4.74730,231.02,1,1,1,mid-backswing,0.7517,0.9997,1,0.0262,0.7512,0.6595,-2.29130,-0.85029,0,-,-,-,0,-,-,-,ray,251.000,0,-,-,152.60,305.96,500.15,447.10,347.52,41.57,-1.98968,194.534,152.034,0.8600,mot,0,-,0,-,-,307.35,340.86
2026-07-04_Mark-Liversedge_Wrist_01__swing_0008,444,2977874,-3369,4.82539,231.60,1,1,1,mid-backswing,0.7536,0.9964,1,0.0850,0.7488,0.6574,-2.29131,-0.85029,0,-,-,-,0,-,-,-,ray,252.000,0,-,0.11063,150.96,298.55,502.14,439.94,338.66,40.11,-1.97222,111.825,67.994,0.8306,mot,0,-,0,-,-,307.35,340.86
2026-07-04_Mark-Liversedge_Wrist_01__swing_0008,445,2984640,3304,4.98356,233.15,1,1,1,mid-backswing,0.7586,0.9791,1,0.2032,0.7309,0.6516,-2.29889,-0.84270,0,-,-,-,0,-,-,-,ray,252.000,0,-,-,148.61,290.55,504.36,432.37,329.29,38.74,2.89725,76.126,6.374,0.4786,raw,0,-,0,-,-,307.35,340.86
2026-07-04_Mark-Liversedge_Wrist_01__swing_0008,446,2991322,3334,5.10537,235.49,17,1,1,mid-backswing,0.7662,0.9560,1,0.2934,0.7078,0.6426,-2.30794,-0.83365,0,-,-,-,0,-,-,-,ray,252.000,0,-,0.10690,145.87,282.39,506.14,424.90,320.05,37.66,0.26180,67.407,12.694,0.8952,raw,0,-,0,-,-,307.35,340.86
2026-07-04_Mark-Liversedge_Wrist_01__swing_0008,447,2997987,-3331,5.18339,238.35,17,1,1,mid-backswing,0.7755,0.9360,1,0.3519,0.6911,0.6313,-2.31104,-0.83055,0,-,-,-,0,-,-,-,ray,253.000,0,-,-,142.95,274.12,507.19,417.55,310.95,36.83,0.29671,71.125,26.427,0.8952,raw,0,-,0,-,-,307.35,340.86
2026-07-04_Mark-Liversedge_Wrist_01__swing_0008,448,3004663,-3300,5.24861,241.50,1,1,1,mid-backswing,0.7858,0.9159,1,0.4014,0.6755,0.6185,-2.31221,-0.82938,0,-,-,-,0,-,-,-,ray,253.000,0,-,-,140.10,265.84,507.85,410.29,301.97,36.13,0.33161,72.745,23.689,0.8952,raw,0,-,0,-,-,307.35,340.86
2026-07-04_Mark-Liversedge_Wrist_01__swing_0008,449,3011383,-3317,5.30992,244.78,1,1,1,mid-backswing,0.7964,0.8940,1,0.4481,0.6584,0.6047,-2.31370,-0.82789,0,-,-,-,1,4.45059,0.16594,29.35,seg,254.000,0,-,-,137.36,257.41,508.30,403.08,293.04,35.64,0.36652,74.394,25.735,0.8952,raw,0,-,0,-,-,307.35,340.86
2026-07-04_Mark-Liversedge_Wrist_01__swing_0008,450,3018002,-3248,5.36202,248.04,17,1,1,mid-backswing,0.8070,0.8727,1,0.4882,0.6427,0.5905,-2.31393,-0.82767,0,-,-,-,1,4.47677,0.15835,66.33,seg,256.000,0,-,-,135.03,249.34,508.80,396.01,284.28,34.95,0.54105,95.486,47.232,0.7015,raw,0,-,0,-,-,307.35,340.86
2026-07-04_Mark-Liversedge_Wrist_01__swing_0008,451,3024771,-3367,5.40612,251.35,1,1,1,mid-backswing,0.8178,0.8524,1,0.5229,0.6288,0.5755,-2.31195,-0.82964,0,-,-,-,1,4.48550,0.14317,89.20,seg,258.000,0,-,-,133.07,241.61,509.56,388.73,275.27,33.67,0.55851,89.554,43.830,0.7133,raw,0,-,0,-,-,307.35,340.86
2026-07-04_Mark-Liversedge_Wrist_01__swing_0008,452,3031495,-3344,5.45399,254.61,1,1,1,mid-backswing,0.8284,0.8288,1,0.5596,0.6109,0.5601,-2.31289,-0.82870,0,-,-,-,0,-,-,-,ray,260.000,0,-,-,131.58,234.78,510.76,381.42,266.23,31.45,0.55851,88.534,37.683,0.7133,raw,0,-,0,-,-,307.35,340.86
2026-07-04_Mark-Liversedge_Wrist_01__swing_0008,453,3038269,3235,5.50711,257.88,1,1,1,mid-backswing,0.8391,0.8009,1,0.5988,0.5878,0.5440,-2.31758,-0.82401,0,-,-,-,0,-,-,-,ray,261.000,0,-,-,130.42,228.73,512.57,374.05,257.10,28.37,0.57596,91.623,16.103,0.7192,raw,0,-,0,-,-,307.35,340.86
2026-07-04_Mark-Liversedge_Wrist_01__swing_0008,454,3044849,-3345,5.55392,260.96,1,1,1,mid-backswing,0.8491,0.7741,1,0.6331,0.5658,0.5283,-2.32195,-0.81964,0,-,-,-,0,-,-,-,ray,262.000,0,-,-,129.56,223.57,515.18,367.05,248.44,24.87,0.50615,83.835,33.940,0.8952,raw,0,-,0,-,-,307.35,340.86
2026-07-04_Mark-Liversedge_Wrist_01__swing_0008,455,3051504,-3125,5.59728,263.98,1,1,1,mid-backswing,0.8589,0.7471,1,0.6647,0.5440,0.5121,-2.32603,-0.81557,0,-,-,-,0,-,-,-,pred,262.000,0,-,-,128.92,218.94,518.70,360.40,240.21,21.28,0.50615,82.525,31.667,0.8952,raw,0,-,0,-,-,307.35,340.86
2026-07-04_Mark-Liversedge_Wrist_01__swing_0008,456,3058293,3353,5.66834,266.96,17,1,1,mid-backswing,0.8686,0.7047,1,0.7095,0.5010,0.4956,-2.35070,-0.79089,0,-,-,-,0,-,-,-,ray,271.000,0,-,0.13262,128.48,214.61,523.20,354.32,232.68,18.07,0.52360,76.188,34.717,0.8952,raw,0,-,0,-,-,307.35,340.86
2026-07-04_Mark-Liversedge_Wrist_01__swing_0008,457,3064982,-3336,5.73770,269.69,17,1,1,mid-backswing,0.8775,0.6613,1,0.7501,0.4553,0.4796,-2.38222,-0.75937,0,-,-,-,0,-,-,-,ray,280.000,0,-,0.13620,128.31,210.70,528.27,349.15,226.28,15.58,0.54105,76.915,34.532,0.8952,raw,0,-,0,-,-,307.35,340.86
2026-07-04_Mark-Liversedge_Wrist_01__swing_0008,458,3071657,-3319,5.75959,272.28,17,1,1,mid-backswing,0.8859,0.6414,1,0.7672,0.4429,0.4639,-2.37928,-0.76231,0,-,-,-,0,-,-,-,ray,289.000,0,-,0.21584,128.41,207.05,533.52,344.65,220.72,13.67,0.54105,76.589,26.812,0.8952,raw,0,-,0,-,-,307.35,340.86
2026-07-04_Mark-Liversedge_Wrist_01__swing_0008,459,3078330,3327,5.80330,274.68,17,1,1,mid-backswing,0.8937,0.6095,1,0.7928,0.4126,0.4487,-2.39805,-0.74354,0,-,-,-,0,-,-,-,pred,298.000,0,-,-,128.77,203.63,538.47,340.72,215.85,12.22,0.55851,83.442,34.263,0.8952,raw,0,-,0,-,-,307.35,340.86
2026-07-04_Mark-Liversedge_Wrist_01__swing_0008,460,3085086,3318,5.83355,276.88,17,1,1,mid-backswing,0.9009,0.5846,1,0.8113,0.3916,0.4341,-2.40765,-0.73394,0,-,-,-,0,-,-,-,pred,306.000,0,-,0.26464,129.38,200.43,542.80,337.05,211.31,10.88,0.57596,78.544,28.984,0.8952,raw,0,-,0,-,-,307.35,340.86
2026-07-04_Mark-Liversedge_Wrist_01__swing_0008,461,3091851,3268,5.84307,278.87,17,1,1,,0.9073,0.5711,1,0.8209,0.3866,0.4204,-2.39807,-0.74353,0,-,-,-,0,-,-,-,pred,315.000,0,-,0.26247,130.10,197.46,546.28,333.54,206.96,9.50,0.57596,74.026,36.265,0.8952,raw,0,-,0,-,-,307.35,340.86
2026-07-04_Mark-Liversedge_Wrist_01__swing_0008,462,3098475,-3356,5.88588,280.63,17,1,1,,0.9131,0.5396,1,0.8419,0.3533,0.4078,-2.42769,-0.71390,0,-,-,-,0,-,-,-,pred,324.000,0,-,0.26573,130.82,194.84,548.83,330.10,202.71,7.86,0.57596,71.452,31.815,0.8952,raw,0,-,0,-,-,307.35,340.86
2026-07-04_Mark-Liversedge_Wrist_01__swing_0008,463,3105142,-3234,5.92928,282.28,17,1,1,,0.9184,0.5077,1,0.8615,0.3183,0.3956,-2.46405,-0.67755,0,-,-,-,0,-,-,-,pred,333.000,0,-,0.26139,131.51,192.52,550.87,326.59,198.36,5.84,0.59341,78.293,31.234,0.8952,raw,0,-,0,-,-,307.35,340.86
2026-07-04_Mark-Liversedge_Wrist_01__swing_0008,464,3111847,-3328,5.96901,283.89,17,1,1,,0.9237,0.4778,1,0.8785,0.2854,0.3832,-2.50137,-0.64023,0,-,-,-,0,-,-,-,pred,342.000,0,-,0.25813,132.17,190.48,552.63,323.03,193.96,3.48,0.59341,80.008,30.763,0.8952,raw,0,-,0,-,-,307.35,340.86
2026-07-04_Mark-Liversedge_Wrist_01__swing_0008,465,3118666,3449,5.99964,285.48,17,1,1,,0.9288,0.4525,1,0.8918,0.2599,0.3705,-2.52990,-0.61170,0,-,-,-,0,-,-,-,pred,351.000,0,-,0.25488,132.85,188.63,554.47,319.55,189.64,1.01,0.59341,78.010,27.542,0.8952,raw,0,-,0,-,-,307.35,340.86
2026-07-04_Mark-Liversedge_Wrist_01__swing_0008,466,3125180,-3065,6.02908,287.03,17,1,1,,0.9339,0.4277,1,0.9039,0.2348,0.3575,-2.56054,-0.58106,0,-,-,-,0,-,-,-,pred,0.000,0,-,0.25597,133.57,186.96,556.43,316.47,185.83,1.13,0.59341,67.574,27.821,0.8952,raw,0,-,0,-,-,307.35,340.86
2026-07-04_Mark-Liversedge_Wrist_01__swing_0008,467,3132032,3311,6.06083,288.71,17,1,1,,0.9393,0.4007,1,0.9162,0.2072,0.3430,-2.59824,-0.54335,0,-,-,-,0,-,-,-,pred,9.000,0,-,0.25922,134.50,185.25,558.86,313.61,182.29,2.96,0.61087,65.531,23.340,0.8952,raw,0,-,0,-,-,307.35,340.86
2026-07-04_Mark-Liversedge_Wrist_01__swing_0008,468,3138629,-3286,6.08674,290.27,17,1,1,,0.9444,0.3769,1,0.9263,0.1843,0.3287,-2.63048,-0.51111,0,-,-,-,0,-,-,-,pred,17.000,0,-,0.21800,135.58,183.66,561.60,311.11,179.20,4.46,0.61087,65.095,22.510,0.8952,raw,0,-,0,-,-,307.35,340.86
2026-07-04_Mark-Liversedge_Wrist_01__swing_0008,469,3145330,-3365,6.11298,291.78,17,1,1,,0.9493,0.3530,1,0.9356,0.1608,0.3143,-2.66864,-0.47295,0,-,-,-,0,-,-,-,pred,24.000,0,-,0.22342,136.88,182.18,564.90,308.73,176.26,5.92,0.62832,70.884,22.656,0.8952,raw,0,-,0,-,-,307.35,340.86
2026-07-04_Mark-Liversedge_Wrist_01__swing_0008,470,3152061,3343,6.13920,293.14,17,1,1,,0.9538,0.3302,0,0.9439,0.1369,0.3005,-2.71420,-0.42739,0,-,-,-,0,-,-,-,pred,32.000,0,-,0.21584,138.43,180.93,568.69,306.34,173.29,7.64,0.62832,67.155,17.449,0.8952,raw,0,-,0,-,-,307.35,340.86
2026-07-04_Mark-Liversedge_Wrist_01__swing_0008,471,3158694,-3290,6.16087,294.28,17,1,1,,0.9575,0.3113,0,0.9503,0.1168,0.2885,-2.75688,-0.38472,0,-,-,-,0,-,-,-,ray,40.000,0,-,0.20430,140.13,179.99,572.73,303.90,170.27,9.72,0.61087,58.478,32.346,0.8717,mot,0,-,0,-,-,307.35,340.86
2026-07-04_Mark-Liversedge_Wrist_01__swing_0008,472,3165444,-3348,6.18276,295.08,17,1,1,,0.9601,0.2959,0,0.9552,0.0963,0.2798,-2.81023,-0.33137,0,-,-,-,0,-,-,-,ray,40.000,0,-,0.21584,141.98,179.35,576.85,301.32,167.08,12.28,0.61087,63.952,24.265,0.8952,raw,0,-,0,-,-,307.35,340.86
2026-07-04_Mark-Liversedge_Wrist_01__swing_0008,473,3172185,3356,6.20028,295.38,17,1,1,,0.9611,0.2875,0,0.9578,0.0796,0.2763,-2.86116,-0.28044,0,-,-,-,0,-,-,-,ray,40.000,0,-,0.20191,143.83,179.02,580.60,298.74,163.89,15.13,0.61087,63.798,25.546,0.8952,raw,0,-,0,-,-,307.35,340.86
2026-07-04_Mark-Liversedge_Wrist_01__swing_0008,474,3178816,-3275,6.21321,295.04,17,1,1,,0.9600,0.2881,0,0.9576,0.0671,0.2802,-2.90645,-0.23514,0,-,-,-,0,-,-,-,ray,40.000,0,-,0.19713,145.57,178.89,583.64,296.34,160.92,17.97,0.61087,63.814,21.366,0.8952,raw,0,-,0,-,-,307.35,340.86
2026-07-04_Mark-Liversedge_Wrist_01__swing_0008,475,3185502,-3288,6.22634,293.86,17,1,1,,0.9561,0.2980,0,0.9546,0.0543,0.2930,-2.95828,-0.18331,0,-,-,-,0,-,-,-,ray,40.000,0,-,0.18996,147.12,178.89,585.88,294.20,158.26,20.63,0.61087,62.969,21.198,0.8952,raw,0,-,0,-,-,307.35,340.86
2026-07-04_Mark-Liversedge_Wrist_01__swing_0008,476,3192168,-3191,6.23499,291.67,17,1,1,,0.9490,0.3186,0,0.9479,0.0457,0.3153,-2.99757,-0.14402,0,-,-,-,0,-,-,-,ray,40.000,0,-,0.18160,148.45,178.89,587.37,292.38,156.02,22.87,0.62832,60.096,30.802,0.8600,mot,0,-,0,-,-,307.35,340.86
2026-07-04_Mark-Liversedge_Wrist_01__swing_0008,477,3198927,-3259,6.24379,288.28,17,1,1,,0.9380,0.3487,0,0.9372,0.0369,0.3468,-3.03546,-0.10613,0,-,-,-,0,-,-,-,ray,40.000,0,-,0.16129,149.54,178.80,588.19,291.01,154.31,24.49,0.62832,58.339,22.968,0.8952,raw,0,-,0,-,-,307.35,340.86
2026-07-04_Mark-Liversedge_Wrist_01__swing_0008,478,3205551,-3174,6.24828,283.70,17,1,1,,0.9231,0.3860,1,0.9225,0.0322,0.3846,-3.05803,-0.08356,0,-,-,-,0,-,-,-,ray,41.000,0,-,-,150.38,178.58,588.60,290.09,153.18,25.40,0.62832,58.187,23.007,0.8952,raw,0,-,0,-,-,307.35,340.86
2026-07-04_Mark-Liversedge_Wrist_01__swing_0008,479,3212304,-3349,6.25254,277.89,1,1,1,,0.9042,0.4281,1,0.9037,0.0277,0.4272,-3.07683,-0.06477,0,-,-,-,0,-,-,-,ray,41.000,0,-,-,151.10,178.26,588.73,289.66,152.65,25.61,0.64577,60.682,20.908,0.8952,raw,0,-,0,-,-,307.35,340.86
2026-07-04_Mark-Liversedge_Wrist_01__swing_0008,480,3218987,-3168,6.26127,271.01,1,1,1,,0.8818,0.4721,1,0.8816,0.0193,0.4717,-3.10066,-0.04094,0,-,-,-,0,-,-,-,ray,41.000,0,-,0.16129,151.76,177.90,588.69,289.75,152.76,25.14,0.62832,57.792,18.646,0.8952,raw,0,-,0,-,-,307.35,340.86
2026-07-04_Mark-Liversedge_Wrist_01__swing_0008,481,3225716,3379,6.26573,263.07,17,1,1,,0.8560,0.5173,1,0.8558,0.0149,0.5171,-3.11271,-0.02888,0,-,-,-,0,-,-,-,ray,41.000,0,-,0.17204,152.48,177.56,588.48,290.30,153.44,24.12,0.64577,56.298,27.335,0.8776,mot,0,-,0,-,-,307.35,340.86
2026-07-04_Mark-Liversedge_Wrist_01__swing_0008,482,3232421,-3326,6.25702,254.46,17,1,2,,0.8279,0.5613,1,0.8276,0.0217,0.5609,-3.10299,-0.03860,0,-,-,-,0,-,-,-,ray,41.000,0,-,0.16815,153.32,177.21,587.94,291.25,154.61,22.59,0.64577,55.473,28.229,0.8952,mot,0,-,0,-,-,307.35,340.86
2026-07-04_Mark-Liversedge_Wrist_01__swing_0008,483,3239160,3265,6.24828,245.07,17,1,2,,0.7974,0.6041,1,0.7969,0.0278,0.6035,-3.09551,-0.04608,0,-,-,-,0,-,-,-,ray,41.000,0,-,0.17921,154.30,176.82,586.92,292.47,156.13,20.69,0.66323,56.377,24.870,0.8952,mot,0,-,0,-,-,307.35,340.86
2026-07-04_Mark-Liversedge_Wrist_01__swing_0008,484,3245819,-3394,6.24397,235.60,17,1,2,,0.7666,0.6429,1,0.7660,0.0301,0.6422,-3.09483,-0.04676,0,-,-,-,0,-,-,-,ray,42.000,0,-,0.18280,155.34,176.43,585.26,293.86,157.85,18.58,0.66323,56.104,22.846,0.8893,mot,0,-,0,-,-,307.35,340.86
2026-07-04_Mark-Liversedge_Wrist_01__swing_0008,485,3252521,-3219,6.23540,235.69,17,1,2,,0.7669,0.6429,1,0.7660,0.0366,0.6418,-3.08458,-0.05701,0,-,-,-,0,-,-,-,ray,42.000,0,-,0.18519,156.36,176.14,582.75,295.33,159.67,16.47,0.75049,55.172,16.639,0.7896,raw,0,-,0,-,-,307.35,340.86
2026-07-04_Mark-Liversedge_Wrist_01__swing_0008,486,3259128,-3064,6.22262,246.18,17,1,2,,0.8010,0.6007,1,0.7995,0.0485,0.5987,-3.06079,-0.08080,0,-,-,-,0,-,-,-,ray,42.000,0,-,0.19355,157.31,176.05,579.49,296.79,161.47,14.58,0.76794,65.296,39.714,0.8189,mot,0,-,0,-,-,307.35,340.86
2026-07-04_Mark-Liversedge_Wrist_01__swing_0008,487,3265891,3290,6.20900,257.06,17,1,4,,0.8364,0.5516,1,0.8341,0.0620,0.5481,-3.02898,-0.11262,0,-,-,-,0,-,-,-,ray,42.000,0,-,0.19952,158.22,176.24,575.35,298.27,163.31,12.93,0.76794,62.880,34.562,0.8365,mot,0,-,0,-,-,307.35,340.86
2026-07-04_Mark-Liversedge_Wrist_01__swing_0008,488,3272625,3295,6.19573,267.71,17,1,4,,0.8710,0.4971,1,0.8677,0.0761,0.4912,-2.98792,-0.15367,0,-,-,-,0,-,-,-,ray,42.000,0,-,0.20311,159.11,176.75,570.73,299.84,165.25,11.50,0.76794,61.401,33.727,0.8306,mot,0,-,0,-,-,307.35,340.86
2026-07-04_Mark-Liversedge_Wrist_01__swing_0008,489,3279308,3324,6.17838,278.20,17,1,4,,0.9052,0.4355,1,0.9002,0.0947,0.4251,-2.92242,-0.21917,0,-,-,-,0,-,-,-,ray,42.000,0,-,0.19848,160.09,177.58,565.88,301.62,167.45,10.13,0.76794,61.561,34.984,0.8306,mot,0,-,0,-,-,307.35,340.86
2026-07-04_Mark-Liversedge_Wrist_01__swing_0008,490,3285948,-3316,6.16125,288.55,17,1,4,,0.9388,0.3628,1,0.9319,0.1142,0.3443,-2.82139,-0.32020,0,-,-,-,0,-,-,-,ray,42.000,0,-,0.23536,161.27,178.83,561.13,303.81,170.16,8.67,0.76794,66.483,37.190,0.8130,mot,0,-,0,-,-,307.35,340.86
2026-07-04_Mark-Liversedge_Wrist_01__swing_0008,491,3292622,-3170,6.13982,293.10,17,1,4,,0.9536,0.3304,0,0.9438,0.1363,0.3010,-2.71649,-0.42510,0,-,-,-,0,-,-,-,pred,29.000,0,-,0.21584,162.73,180.59,556.59,306.53,173.53,7.06,0.76794,67.323,33.484,0.8541,mot,0,-,0,-,-,307.35,340.86
2026-07-04_Mark-Liversedge_Wrist_01__swing_0008,492,3299446,3292,6.10414,291.19,17,1,4,,0.9474,0.3617,1,0.9323,0.1687,0.3199,-2.65628,-0.48532,0,-,-,-,0,-,-,-,pred,14.000,0,-,0.22451,164.55,183.02,552.28,310.07,177.91,5.11,0.76794,65.624,25.840,0.8600,mot,0,-,0,-,-,307.35,340.86
2026-07-04_Mark-Liversedge_Wrist_01__swing_0008,493,3306162,3292,6.06023,289.25,17,1,4,,0.9411,0.3970,1,0.9178,0.2081,0.3381,-2.58982,-0.55177,0,-,-,-,0,-,-,-,pred,359.000,0,-,0.22126,166.67,186.22,548.17,314.30,183.15,3.07,0.76794,66.015,24.589,0.8306,mot,0,-,0,-,-,307.35,340.86
2026-07-04_Mark-Liversedge_Wrist_01__swing_0008,494,3312776,-3322,6.01778,287.21,17,1,4,,0.9345,0.4323,1,0.9017,0.2451,0.3560,-2.53867,-0.60293,0,-,-,-,0,-,-,-,pred,343.000,0,-,0.20460,169.00,190.13,543.97,319.15,189.15,0.97,0.76794,50.137,14.710,0.8717,mot,0,-,0,-,-,307.35,340.86
2026-07-04_Mark-Liversedge_Wrist_01__swing_0008,495,3319429,-3093,5.99937,284.85,17,1,4,downswing,0.9268,0.4565,1,0.8897,0.2595,0.3755,-2.53686,-0.60474,0,-,-,-,0,-,-,-,pred,327.000,0,-,0.14217,171.57,194.90,539.23,324.77,196.11,1.21,1.71042,45.162,0.394,0.8952,raw,0,-,0,-,-,307.35,340.86
2026-07-04_Mark-Liversedge_Wrist_01__swing_0008,496,3326201,-3382,5.97783,282.11,17,1,4,downswing,0.9179,0.4834,1,0.8754,0.2759,0.3968,-2.53399,-0.60760,0,-,-,-,0,-,-,-,pred,311.000,0,-,0.14456,174.38,200.58,533.79,331.26,204.14,3.56,1.88496,48.504,6.577,0.1500,raw,0,-,0,-,-,307.35,340.86
2026-07-04_Mark-Liversedge_Wrist_01__swing_0008,497,3332872,-3269,5.92147,279.11,17,1,4,downswing,0.9081,0.5278,1,0.8494,0.3214,0.4187,-2.48692,-0.65467,0,-,-,-,0,-,-,-,pred,295.000,0,-,0.14217,177.38,206.98,527.87,338.61,213.23,6.26,1.72788,52.576,11.882,0.8952,raw,0,-,0,-,-,307.35,340.86
2026-07-04_Mark-Liversedge_Wrist_01__swing_0008,498,3339550,-3313,5.82511,275.76,17,1,4,downswing,0.8972,0.5937,1,0.8047,0.3968,0.4416,-2.40958,-0.73201,0,-,-,-,0,-,-,-,pred,280.000,0,-,-,180.78,214.41,521.74,347.03,223.66,9.25,1.76278,58.217,11.082,0.8952,raw,0,-,0,-,-,307.35,340.86
2026-07-04_Mark-Liversedge_Wrist_01__swing_0008,499,3346291,3379,5.72446,272.11,1,1,4,downswing,0.8854,0.6606,1,0.7507,0.4693,0.4649,-2.35148,-0.79011,0,-,-,-,0,-,-,-,pred,265.000,0,-,-,184.70,223.08,515.71,356.63,235.54,12.47,1.78024,51.923,8.406,0.8952,raw,0,-,0,-,-,307.35,340.86
2026-07-04_Mark-Liversedge_Wrist_01__swing_0008,500,3352980,-3310,5.65516,268.28,1,1,4,downswing,0.8729,0.7079,1,0.7063,0.5129,0.4879,-2.33125,-0.81035,0,-,-,-,0,-,-,-,ray,249.000,0,-,-,189.24,233.33,510.39,367.45,248.94,15.61,1.86750,49.378,0.671,0.8952,raw,0,-,0,-,-,307.35,340.86
2026-07-04_Mark-Liversedge_Wrist_01__swing_0008,501,3359753,3305,5.58010,264.39,1,1,4,downswing,0.8602,0.7546,1,0.6562,0.5562,0.5099,-2.31278,-0.82882,0,-,-,-,0,-,-,-,ray,247.000,0,-,-,194.65,245.79,506.00,379.62,264.00,18.21,0.43633,53.895,4.666,0.8952,raw,0,-,0,-,-,307.35,340.86
2026-07-04_Mark-Liversedge_Wrist_01__swing_0008,502,3366339,-3281,5.48668,261.02,1,1,4,downswing,0.8493,0.8046,1,0.5938,0.6072,0.5280,-2.28655,-0.85504,0,-,-,-,1,4.25860,0.13232,-46.72,seg,245.000,0,-,-,200.82,259.97,503.02,392.72,280.21,20.24,2.05949,61.678,3.657,0.8600,raw,0,-,0,-,-,307.35,340.86
2026-07-04_Mark-Liversedge_Wrist_01__swing_0008,503,3373051,-3193,5.37714,258.35,1,1,4,downswing,0.8406,0.8551,1,0.5185,0.6616,0.5417,-2.25685,-0.88474,0,-,-,-,0,-,-,-,ray,245.000,0,-,-,208.45,276.88,501.49,407.26,298.21,21.33,0.33161,57.029,0.584,0.8952,raw,0,-,0,-,-,307.35,340.86
2026-07-04_Mark-Liversedge_Wrist_01__swing_0008,504,3379790,-3354,5.26677,256.84,1,1,4,downswing,0.8357,0.8980,1,0.4399,0.7105,0.5492,-2.22884,-0.91276,0,-,-,-,0,-,-,-,ray,245.000,0,-,-,217.55,295.83,501.52,422.84,317.50,21.67,-0.01745,80.815,3.081,0.8952,raw,0,-,0,-,-,307.35,340.86
2026-07-04_Mark-Liversedge_Wrist_01__swing_0008,505,3386470,-3298,5.12805,256.75,1,1,4,downswing,0.8354,0.9414,1,0.3373,0.7643,0.5497,-2.19431,-0.94728,0,-,-,-,0,-,-,-,ray,245.000,0,-,-,228.18,316.30,503.39,439.06,337.57,21.27,0.17453,83.085,36.549,0.8952,raw,0,-,0,-,-,307.35,340.86
2026-07-04_Mark-Liversedge_Wrist_01__swing_0008,506,3393134,-3274,4.93777,258.15,1,1,4,downswing,0.8399,0.9822,1,0.1877,0.8187,0.5427,-2.15615,-0.98544,0,-,-,-,0,-,-,-,ray,243.000,0,-,-,240.23,337.96,506.76,455.51,357.94,19.98,-1.98968,128.880,49.755,0.8893,raw,0,-,0,-,-,307.35,340.86
2026-07-04_Mark-Liversedge_Wrist_01__swing_0008,507,3399882,-3298,4.72586,261.11,1,1,4,downswing,0.8496,0.9999,1,0.0114,0.8495,0.5275,-2.12645,-1.01514,0,-,-,-,0,-,-,-,ray,240.000,0,-,-,253.21,360.53,511.53,472.16,378.55,18.02,-2.02458,222.404,161.301,0.8952,raw,0,-,0,-,-,307.35,340.86
2026-07-04_Mark-Liversedge_Wrist_01__swing_0008,508,3406568,-3363,4.53034,265.42,1,1,4,downswing,0.8636,0.9877,1,-0.1563,0.8493,0.5042,-2.10653,-1.03506,0,-,-,-,0,-,-,-,ray,239.000,0,-,0.21692,266.06,383.04,517.31,488.31,398.54,15.51,-2.04204,165.958,118.475,0.8952,mot,0,-,0,-,-,307.35,340.86
2026-07-04_Mark-Liversedge_Wrist_01__swing_0008,509,3413309,-3292,4.32142,270.93,17,1,4,downswing,0.8815,0.9419,1,-0.3359,0.8150,0.4722,-2.09589,-1.04571,0,-,-,-,0,-,-,-,ray,239.000,0,-,0.22668,278.23,405.41,523.93,504.08,418.06,12.65,-2.04204,185.350,131.449,0.8952,raw,0,-,0,-,-,307.35,340.86
2026-07-04_Mark-Liversedge_Wrist_01__swing_0008,510,3419936,-3233,4.11333,277.31,17,1,3,downswing,0.9023,0.8609,1,-0.5088,0.7451,0.4312,-2.09537,-1.04622,0,-,-,-,0,-,-,-,recon,271.327,0,-,0.23427,288.80,426.64,531.37,518.73,436.19,9.55,-2.04204,95.797,24.222,0.8952,raw,0,-,0,-,-,307.35,340.86
2026-07-04_Mark-Liversedge_Wrist_01__swing_0008,511,3426657,-3274,3.92013,284.35,17,1,3,,0.9252,0.7524,1,-0.6587,0.6497,0.3795,-2.09950,-1.04209,0,-,-,-,0,-,-,-,recon,253.134,0,-,-,297.63,446.89,540.02,532.49,453.22,6.34,-2.87979,53.958,12.024,0.8952,raw,0,-,0,-,-,307.35,340.86
2026-07-04_Mark-Liversedge_Wrist_01__swing_0008,512,3433525,3199,3.74968,291.77,1,1,3,,0.9493,0.6269,1,-0.7791,0.5423,0.3144,-2.09612,-1.04547,0,-,-,-,0,-,-,-,recon,239.678,0,-,-,304.70,465.91,550.37,545.13,468.87,2.96,-2.79253,57.207,15.189,0.8952,raw,0,-,0,-,-,307.35,340.86
2026-07-04_Mark-Liversedge_Wrist_01__swing_0008,513,3440047,-3323,3.57984,298.69,1,1,3,,0.9718,0.4750,1,-0.8800,0.4124,0.2357,-2.08996,-1.05163,0,-,-,-,0,-,-,-,recon,230.122,0,-,0.21584,309.43,481.89,562.18,555.54,481.76,0.13,0.00000,51.356,1.772,0.7015,raw,0,-,0,-,-,307.35,340.86
2026-07-04_Mark-Liversedge_Wrist_01__swing_0008,514,3446780,-3286,3.37009,305.61,17,1,3,,0.9943,0.2491,0,-0.9685,0.2252,0.1063,-2.01182,-1.12977,0,-,-,-,0,-,-,-,ray,223.423,0,-,0.21584,312.49,496.12,576.30,564.93,493.37,2.75,-2.37365,62.418,19.920,0.8952,raw,0,-,0,-,-,307.35,340.86
2026-07-04_Mark-Liversedge_Wrist_01__swing_0008,515,3453425,-3257,3.15242,312.18,17,1,3,,1.0000,0.0108,0,-0.9999,0.0108,0.0000,-1.57080,-1.57080,0,-,-,-,0,-,-,-,ray,218.803,0,-,0.17462,313.90,507.81,592.16,572.88,503.22,4.58,-2.32129,79.814,28.357,0.8952,raw,0,-,0,-,-,307.35,340.86
2026-07-04_Mark-Liversedge_Wrist_01__swing_0008,516,3460166,-3361,2.93239,318.43,17,1,3,,1.0000,0.2077,0,-0.9782,-0.2077,0.0000,1.57080,1.57080,0,-,-,-,1,3.87463,0.29195,-59.76,seg,222.000,0,-,0.17701,313.77,517.00,609.34,580.02,512.06,4.94,-2.28638,78.635,24.002,0.8952,raw,0,-,0,-,-,307.35,340.86
2026-07-04_Mark-Liversedge_Wrist_01__swing_0008,517,3466971,3220,2.71042,324.30,17,1,3,,1.0000,0.4179,1,-0.9085,-0.4179,0.0000,1.57080,1.57080,0,-,-,-,0,-,-,-,ray,213.679,0,-,0.12907,312.48,523.86,627.07,586.40,519.95,3.91,-2.14676,66.259,12.499,0.8600,raw,0,-,0,-,-,307.35,340.86
2026-07-04_Mark-Liversedge_Wrist_01__swing_0008,518,3473554,-3363,2.48179,329.46,17,1,3,,1.0000,0.6130,1,-0.7901,-0.6130,0.0000,1.57080,1.57080,0,-,-,-,0,-,-,-,ray,212.381,0,-,-,310.32,527.99,643.88,591.50,526.27,1.72,1.04720,131.720,66.058,0.8952,raw,1,1.97104,1,1.04720,130.01,307.35,340.86
2026-07-04_Mark-Liversedge_Wrist_01__swing_0008,519,3480286,-3175,2.24542,334.26,17,1,3,impact,1.0000,0.7809,1,-0.6246,-0.7809,0.0000,1.57080,1.57080,0,-,-,-,0,-,-,-,ray,211.524,0,-,-,307.51,529.88,660.39,595.57,531.30,1.42,1.04720,154.282,95.347,0.8952,raw,1,1.96621,1,1.04720,153.36,307.35,340.86
2026-07-04_Mark-Liversedge_Wrist_01__swing_0008,520,3486905,-3291,2.04339,338.46,24,0,3,impact,1.0000,0.8904,1,-0.4552,-0.8904,0.0000,1.57080,1.57080,0,-,-,-,0,-,-,-,ray,210.901,0,-,-,304.47,529.69,675.70,598.00,534.31,4.62,1.04720,107.540,35.759,0.8952,raw,1,1.95867,1,1.04720,107.54,307.35,340.86
2026-07-04_Mark-Liversedge_Wrist_01__swing_0008,521,3493593,-3293,1.91241,341.84,24,0,3,impact,1.0000,0.9422,1,-0.3350,-0.9422,0.0000,1.57080,1.57080,0,-,-,-,0,-,-,-,ray,210.376,0,-,-,301.29,527.47,690.20,598.77,535.27,7.80,-2.28638,64.589,11.205,0.8952,raw,1,1.94879,1,1.05592,40.19,307.35,340.86
2026-07-04_Mark-Liversedge_Wrist_01__swing_0008,522,3500310,-3226,1.77577,344.26,24,0,3,impact,1.0000,0.9791,1,-0.2035,-0.9791,0.0000,1.57080,1.57080,0,-,-,-,0,-,-,-,ray,209.866,0,-,-,298.10,523.69,703.85,597.85,534.13,10.44,1.98968,64.378,4.220,0.8952,raw,1,1.93747,1,1.01229,40.52,307.35,340.86
2026-07-04_Mark-Liversedge_Wrist_01__swing_0008,523,3507119,-3283,1.61474,345.64,1,1,3,impact,1.0000,0.9990,1,-0.0439,-0.9990,0.0000,1.57080,1.57080,0,-,-,-,1,3.68264,0.14828,-42.56,seg,210.000,0,-,-,294.86,518.45,716.86,595.08,530.70,12.25,1.93732,70.838,18.571,0.8952,raw,1,1.92486,1,1.08210,34.44,307.35,340.86
2026-07-04_Mark-Liversedge_Wrist_01__swing_0008,524,3513747,-3311,1.44120,345.97,1,1,3,impact,1.0000,0.9916,1,0.1292,-0.9916,0.0000,1.57080,1.57080,0,-,-,-,0,-,-,-,ray,208.668,0,-,-,291.62,512.33,729.08,590.99,525.64,13.31,1.91986,91.362,49.319,0.8952,raw,1,1.91174,1,1.09083,21.72,307.35,340.86
2026-07-04_Mark-Liversedge_Wrist_01__swing_0008,525,3520457,-3322,1.19253,345.49,17,1,3,impact,1.0000,0.9293,1,0.3693,-0.9293,0.0000,1.57080,1.57080,0,-,-,-,1,3.62156,0.24943,71.75,seg,207.000,0,-,-,288.15,505.57,741.16,585.50,518.84,13.27,1.86750,72.690,23.675,0.8952,raw,1,1.89787,1,1.10828,30.30,307.35,340.86
2026-07-04_Mark-Liversedge_Wrist_01__swing_0008,526,3527186,-3124,0.98788,344.42,532,0,3,,1.0000,0.8349,1,0.5505,-0.8349,0.0000,1.57080,1.57080,0,-,-,-,1,3.56047,0.15172,2.05,seg,204.000,0,-,-,284.34,498.56,752.98,578.72,510.45,11.89,1.81514,80.059,31.449,0.8952,raw,0,-,0,-,-,307.35,340.86
2026-07-04_Mark-Liversedge_Wrist_01__swing_0008,527,3533805,-3309,0.87480,343.01,17,1,3,,1.0000,0.7674,1,0.6412,-0.7674,0.0000,1.57080,1.57080,0,-,-,-,0,-,-,-,ray,205.489,0,-,-,280.25,491.64,764.21,570.79,500.63,8.99,1.79769,73.546,26.892,0.8952,raw,0,-,0,-,-,307.35,340.86
2026-07-04_Mark-Liversedge_Wrist_01__swing_0008,528,3540595,-3200,0.76865,341.36,17,1,3,,1.0000,0.6952,1,0.7188,-0.6952,0.0000,1.57080,1.57080,0,-,-,-,0,-,-,-,ray,203.752,0,-,-,275.70,484.31,775.08,561.15,488.70,4.39,1.97222,63.729,8.623,0.8952,raw,0,-,0,-,-,307.35,340.86
2026-07-04_Mark-Liversedge_Wrist_01__swing_0008,529,3547246,3239,0.67359,339.47,17,1,3,,1.0000,0.6238,1,0.7816,-0.6238,0.0000,1.57080,1.57080,0,-,-,-,0,-,-,-,ray,201.563,0,-,-,271.06,476.45,785.08,550.49,475.50,0.94,1.91986,75.684,30.021,0.8952,raw,0,-,0,-,-,307.35,340.86
2026-07-04_Mark-Liversedge_Wrist_01__swing_0008,530,3553962,3272,0.59193,337.29,20,0,3,,1.0000,0.5580,1,0.8299,-0.5580,0.0000,1.57080,1.57080,0,-,-,-,0,-,-,-,ray,198.857,0,-,-,266.46,467.41,794.45,538.67,460.87,6.54,1.88496,71.716,19.154,0.8952,raw,0,-,0,-,-,307.35,340.86
2026-07-04_Mark-Liversedge_Wrist_01__swing_0008,531,3560900,3067,0.50742,334.55,20,0,3,,1.0000,0.4859,1,0.8740,-0.4859,0.0000,1.57080,1.57080,0,-,-,-,1,3.24631,0.24076,219.31,seg,187.000,0,-,-,262.30,456.28,803.33,525.80,444.95,11.33,1.85005,68.528,27.960,0.8952,raw,0,-,0,-,-,307.35,340.86
2026-07-04_Mark-Liversedge_Wrist_01__swing_0008,532,3567427,3292,0.42486,331.17,24,0,3,,1.0000,0.4122,1,0.9111,-0.4122,0.0000,1.57080,1.57080,0,-,-,-,0,-,-,-,recon,191.372,0,-,-,259.32,444.05,810.94,513.47,429.68,14.37,1.79769,59.145,21.706,0.8952,raw,0,-,0,-,-,307.35,340.86
2026-07-04_Mark-Liversedge_Wrist_01__swing_0008,533,3574043,-3324,0.33759,326.68,24,0,3,,1.0000,0.3312,0,0.9436,-0.3312,0.0000,1.57080,1.57080,0,-,-,-,0,-,-,-,recon,186.117,0,-,-,257.60,429.76,817.76,500.96,414.20,15.56,1.78024,51.744,8.451,0.8952,raw,0,-,0,-,-,307.35,340.86
2026-07-04_Mark-Liversedge_Wrist_01__swing_0008,534,3580744,-3180,0.22719,320.68,24,0,3,,1.0000,0.2252,0,0.9743,-0.2252,0.0000,1.57080,1.57080,0,-,-,-,0,-,-,-,ray,179.456,0,-,-,257.49,413.24,823.87,488.40,398.65,14.59,-2.91470,55.314,7.828,0.7720,raw,0,-,0,-,-,307.35,340.86
2026-07-04_Mark-Liversedge_Wrist_01__swing_0008,535,3587476,-3191,0.11413,312.75,24,0,5,,1.0000,0.1139,0,0.9935,-0.1139,0.0000,1.57080,1.57080,0,-,-,-,0,-,-,-,ray,167.000,0,-,-,258.88,394.91,829.29,475.86,383.12,11.79,1.91986,49.526,22.458,0.8952,mot,0,-,0,-,-,307.35,340.86
2026-07-04_Mark-Liversedge_Wrist_01__swing_0008,536,3594137,-3368,0.01764,303.23,24,0,5,,0.9866,0.1640,0,0.9865,-0.0174,0.1631,3.03532,0.10628,0,-,-,-,0,-,-,-,ray,162.000,0,-,-,261.65,375.24,834.05,463.35,367.64,7.60,1.91986,50.433,27.204,0.8952,mot,0,-,0,-,-,307.35,340.86
2026-07-04_Mark-Liversedge_Wrist_01__swing_0008,537,3600970,3216,-0.08001,292.20,24,0,5,,0.9507,0.3192,0,0.9477,0.0760,0.3100,-2.90122,-0.24037,0,-,-,-,0,-,-,-,ray,158.000,0,-,-,265.36,354.18,838.45,450.26,351.44,2.73,-0.06981,62.691,21.810,0.7954,raw,0,-,0,-,-,307.35,340.86
2026-07-04_Mark-Liversedge_Wrist_01__swing_0008,538,3607498,-3312,-0.17361,280.75,24,0,5,,0.9135,0.4364,1,0.8997,0.1578,0.4069,-2.77165,-0.36994,0,-,-,-,0,-,-,-,ray,147.000,0,-,-,269.18,333.91,842.07,437.39,335.50,1.60,0.05236,95.635,53.386,0.7426,raw,0,-,0,-,-,307.35,340.86
2026-07-04_Mark-Liversedge_Wrist_01__swing_0008,539,3614323,3264,-0.23579,268.23,24,0,5,,0.8727,0.5291,1,0.8486,0.2039,0.4882,-2.74600,-0.39559,0,-,-,-,0,-,-,-,ray,147.000,0,-,-,272.82,313.37,845.13,423.59,318.42,5.05,0.19199,78.292,21.392,0.8482,raw,0,-,0,-,-,307.35,340.86
2026-07-04_Mark-Liversedge_Wrist_01__swing_0008,540,3620938,-3351,-0.32236,255.90,24,0,5,,0.8326,0.6135,1,0.7897,0.2638,0.5539,-2.69714,-0.44445,0,-,-,-,0,-,-,-,ray,146.000,0,-,-,275.47,294.73,847.16,410.00,301.61,6.87,-0.01745,90.377,13.535,0.8482,raw,0,-,0,-,-,307.35,340.86
2026-07-04_Mark-Liversedge_Wrist_01__swing_0008,541,3627824,3189,-0.50174,243.21,17,1,5,,0.7913,0.7202,1,0.6938,0.3806,0.6114,-2.58481,-0.55678,0,-,-,-,0,-,-,-,ray,146.000,0,-,-,276.72,277.47,847.90,395.95,284.21,6.74,0.03491,87.328,26.580,0.8482,raw,0,-,0,-,-,307.35,340.86
2026-07-04_Mark-Liversedge_Wrist_01__swing_0008,542,3634308,-3295,-0.64442,231.72,17,1,5,,0.7539,0.7980,1,0.6027,0.4529,0.6570,-2.53802,-0.60358,0,-,-,-,0,-,-,-,pred,146.000,0,-,-,276.31,263.49,847.26,383.04,268.23,4.74,0.13963,69.591,20.833,0.7368,raw,0,-,0,-,-,307.35,340.86
2026-07-04_Mark-Liversedge_Wrist_01__swing_0008,543,3641039,-3262,-0.76631,220.56,17,1,5,,0.7176,0.8560,1,0.5170,0.4977,0.6964,-2.52116,-0.62044,0,-,-,-,0,-,-,-,pred,146.000,0,-,-,274.20,251.44,844.95,370.34,252.52,1.08,0.48869,40.347,10.817,0.8717,raw,0,-,0,-,-,307.35,340.86
2026-07-04_Mark-Liversedge_Wrist_01__swing_0008,544,3647692,-3235,-0.85473,210.54,17,1,5,,0.6850,0.8932,1,0.4497,0.5168,0.7285,-2.52463,-0.61697,0,-,-,-,0,-,-,-,ray,146.000,0,-,-,270.32,242.25,841.13,358.83,238.26,3.99,2.82743,32.863,0.406,0.8189,raw,0,-,0,-,-,307.35,340.86
2026-07-04_Mark-Liversedge_Wrist_01__swing_0008,545,3654380,-3268,-0.91470,201.97,24,0,5,,0.6571,0.9161,1,0.4009,0.5207,0.7538,-2.53708,-0.60451,0,-,-,-,0,-,-,-,ray,143.000,0,-,-,265.00,235.27,835.94,348.48,225.46,9.81,2.75762,39.319,13.581,0.8717,raw,0,-,0,-,-,307.35,340.86
2026-07-04_Mark-Liversedge_Wrist_01__swing_0008,546,3661104,-3207,-1.00219,195.10,17,1,5,,0.6348,0.9398,1,0.3418,0.5349,0.7727,-2.53608,-0.60551,0,-,-,-,0,-,-,-,pred,135.000,0,-,-,258.36,230.49,829.80,339.44,214.27,16.22,2.74017,34.838,12.166,0.8952,raw,0,-,0,-,-,307.35,340.86
2026-07-04_Mark-Liversedge_Wrist_01__swing_0008,547,3667933,3257,-1.13652,190.24,1,1,5,,0.6190,0.9655,1,0.2604,0.5615,0.7854,-2.52090,-0.62069,0,-,-,-,0,-,-,-,ray,134.000,0,-,-,250.68,227.50,823.39,331.26,204.14,23.36,2.70526,33.597,12.952,0.8952,raw,0,-,0,-,-,307.35,340.86
2026-07-04_Mark-Liversedge_Wrist_01__swing_0008,548,3674487,-3297,-1.29877,187.93,1,1,5,,0.6114,0.9864,1,0.1643,0.5890,0.7913,-2.50174,-0.63985,0,-,-,-,0,-,-,-,ray,132.000,0,-,-,242.77,225.96,817.62,324.06,195.23,30.74,2.23402,36.087,15.716,0.8952,mot,0,-,0,-,-,307.35,340.86
2026-07-04_Mark-Liversedge_Wrist_01__swing_0008,549,3681200,-3288,-1.44773,187.89,1,1,5,,0.6113,0.9972,1,0.0750,0.6067,0.7914,-2.48750,-0.65409,0,-,-,-,0,-,-,-,ray,130.000,0,-,-,234.41,225.51,812.44,316.94,186.42,39.10,2.19911,33.962,13.199,0.8952,mot,0,-,0,-,-,307.35,340.86
2026-07-04_Mark-Liversedge_Wrist_01__swing_0008,550,3687937,3329,-1.57984,189.92,1,1,5,,0.6179,1.0000,1,-0.0056,0.6179,0.7862,-2.47548,-0.66611,0,-,-,-,0,-,-,-,ray,127.000,0,-,-,226.06,225.73,807.97,309.84,177.63,48.11,2.65290,43.139,8.388,0.7720,raw,0,-,0,-,-,307.35,340.86
2026-07-04_Mark-Liversedge_Wrist_01__swing_0008,551,3694606,-3340,-1.69263,193.39,1,1,5,,0.6292,0.9971,1,-0.0765,0.6246,0.7772,-2.46466,-0.67693,0,-,-,-,0,-,-,-,ray,124.000,0,-,0.17324,218.09,226.36,804.21,302.72,168.81,57.55,2.11185,44.650,2.006,0.8952,raw,0,-,0,-,-,307.35,340.86
2026-07-04_Mark-Liversedge_Wrist_01__swing_0008,552,3701328,-3338,-1.76264,197.70,17,1,5,,0.6432,0.9925,1,-0.1226,0.6314,0.7657,-2.45196,-0.68963,0,-,-,-,0,-,-,-,ray,124.000,0,-,0.21584,210.55,227.13,800.77,295.46,159.82,67.31,2.65290,45.641,4.486,0.7192,raw,0,-,0,-,-,307.35,340.86
2026-07-04_Mark-Liversedge_Wrist_01__swing_0008,553,3708076,3285,-1.78905,202.21,17,1,5,,0.6579,0.9898,1,-0.1425,0.6423,0.7531,-2.43540,-0.70619,0,-,-,-,0,-,-,-,ray,122.000,0,-,0.18851,203.59,227.82,797.40,288.11,150.73,77.09,2.07694,42.017,16.755,0.8952,mot,0,-,0,-,-,307.35,340.86
2026-07-04_Mark-Liversedge_Wrist_01__swing_0008,554,3714720,3343,-1.81518,206.27,17,1,5,,0.6711,0.9867,1,-0.1624,0.6512,0.7413,-2.42085,-0.72075,0,-,-,-,0,-,-,-,ray,117.000,0,-,0.17896,197.55,228.21,793.81,280.83,141.71,86.49,2.05949,39.324,14.250,0.8952,mot,0,-,0,-,-,307.35,340.86
2026-07-04_Mark-Liversedge_Wrist_01__swing_0008,555,3721386,-3323,-1.84984,209.57,17,1,5,,0.6819,0.9822,1,-0.1878,0.6555,0.7315,-2.41093,-0.73066,0,-,-,-,0,-,-,-,ray,115.000,0,-,-,192.27,228.20,789.66,273.39,132.51,95.69,2.46091,46.608,4.970,0.7544,raw,0,-,0,-,-,307.35,340.86
2026-07-04_Mark-Liversedge_Wrist_01__swing_0008,556,3728092,-3301,-1.88475,211.98,1,1,5,,0.6897,0.9771,1,-0.2130,0.6560,0.7241,-2.40549,-0.73610,0,-,-,-,0,-,-,-,ray,115.000,0,-,-,187.84,227.65,784.63,265.59,122.85,104.80,2.51327,43.058,4.850,0.6839,raw,0,-,0,-,-,307.35,340.86
2026-07-04_Mark-Liversedge_Wrist_01__swing_0008,557,3734792,-3319,-1.92831,213.47,1,1,6,,0.6946,0.9700,1,-0.2431,0.6506,0.7194,-2.40637,-0.73522,0,-,-,-,0,-,-,-,pred,114.000,0,-,-,184.32,226.48,777.97,257.17,112.43,114.05,2.60054,44.240,10.719,0.3026,raw,0,-,0,-,-,307.35,340.86
2026-07-04_Mark-Liversedge_Wrist_01__swing_0008,558,3741497,-3314,-1.98944,214.14,1,1,6,,0.6967,0.9590,1,-0.2832,0.6366,0.7173,-2.41576,-0.72583,0,-,-,-,0,-,-,-,pred,113.000,0,-,-,181.62,224.69,770.45,248.19,101.32,123.37,2.47837,32.262,4.916,0.6957,raw,0,-,0,-,-,307.35,340.86
2026-07-04_Mark-Liversedge_Wrist_01__swing_0008,559,3748220,-3364,-2.05017,214.21,1,1,6,,0.6970,0.9469,1,-0.3215,0.6184,0.7171,-2.42997,-0.71162,0,-,-,-,0,-,-,-,pred,112.000,0,-,-,179.79,222.21,762.32,239.57,90.64,131.57,2.46091,29.679,4.067,0.6957,raw,0,-,0,-,-,307.35,340.86
2026-07-04_Mark-Liversedge_Wrist_01__swing_0008,560,3754894,-3155,-2.08538,213.91,1,1,6,,0.6960,0.9395,1,-0.3425,0.6059,0.7180,-2.44072,-0.70087,0,-,-,-,0,-,-,-,pred,112.000,0,-,-,178.74,219.10,753.33,231.88,81.12,137.98,2.44346,42.101,11.184,0.5079,raw,0,-,0,-,-,307.35,340.86
2026-07-04_Mark-Liversedge_Wrist_01__swing_0008,561,3761674,3272,-2.11220,213.47,1,1,6,,0.6946,0.9337,1,-0.3579,0.5952,0.7194,-2.45039,-0.69120,0,-,-,-,0,-,-,-,pred,112.000,0,-,-,178.80,214.96,743.08,224.36,71.81,143.15,2.47837,42.771,5.141,0.6722,raw,0,-,0,-,-,307.35,340.86
2026-07-04_Mark-Liversedge_Wrist_01__swing_0008,562,3768263,-3317,-2.14661,213.09,1,1,6,,0.6933,0.9260,1,-0.3775,0.5815,0.7206,-2.46260,-0.67899,0,-,-,-,0,-,-,-,pred,111.000,0,-,-,179.03,210.76,732.84,217.59,63.44,147.32,2.46091,42.364,6.667,0.3026,raw,0,-,0,-,-,307.35,340.86
2026-07-04_Mark-Liversedge_Wrist_01__swing_0008,563,3775050,3357,-2.20821,212.85,17,1,6,,0.6925,0.9111,1,-0.4121,0.5566,0.7214,-2.48446,-0.65713,0,-,-,-,0,-,-,-,pred,106.000,0,-,-,179.39,206.39,722.72,211.77,56.23,150.16,2.11185,31.053,3.591,0.8952,raw,0,-,0,-,-,307.35,340.86
2026-07-04_Mark-Liversedge_Wrist_01__swing_0008,564,3781799,3322,-2.26029,212.76,17,1,6,,0.6922,0.8978,1,-0.4404,0.5341,0.7217,-2.50444,-0.63715,0,-,-,-,0,-,-,-,pred,95.000,0,-,-,179.91,202.06,713.73,207.82,51.34,150.72,-1.43117,27.952,0.325,0.6605,raw,0,-,0,-,-,307.35,340.86
2026-07-04_Mark-Liversedge_Wrist_01__swing_0009,369,2473546,-3314,1.76278,231.30,20,0,0,address,0.9945,0.9818,1,-0.1898,-0.9763,0.1044,1.67730,1.46430,0,-,-,-,0,-,-,-,pred,207.000,0,-,0.16178,270.80,532.78,710.04,613.42,537.95,5.18,-2.82743,48.553,4.216,0.8951,raw,0,-,1,1.02974,45.36,232.57,279.15
2026-07-04_Mark-Liversedge_Wrist_01__swing_0009,370,2480292,-3208,1.76278,231.27,17,1,0,address,0.9944,0.9818,1,-0.1897,-0.9762,0.1054,1.67840,1.46319,0,-,-,-,0,-,-,-,pred,207.000,0,-,0.19355,270.43,532.30,710.59,612.62,536.98,4.69,-2.84489,51.317,3.007,0.8951,raw,0,-,1,1.02974,48.19,232.57,279.15
2026-07-04_Mark-Liversedge_Wrist_01__swing_0009,371,2486950,-3278,1.77130,231.27,17,1,0,address,0.9944,0.9802,1,-0.1980,-0.9745,0.1056,1.67873,1.46286,0,-,-,-,0,-,-,-,pred,207.000,0,-,-,270.10,531.80,711.16,611.73,535.92,4.12,-2.84489,51.633,3.203,0.8951,raw,0,-,1,1.02974,46.70,232.57,279.15
2026-07-04_Mark-Liversedge_Wrist_01__swing_0009,372,2493691,-3301,1.78024,231.29,1,1,0,address,0.9945,0.9784,1,-0.2068,-0.9728,0.1048,1.67807,1.46352,0,-,-,-,0,-,-,-,pred,207.000,0,-,-,269.93,531.45,711.50,611.15,535.23,3.78,-2.84489,51.865,5.047,0.8951,raw,0,-,1,1.02974,45.52,232.57,279.15
2026-07-04_Mark-Liversedge_Wrist_01__swing_0009,373,2500320,-3002,1.78024,231.32,1,1,0,address,0.9946,0.9784,1,-0.2068,-0.9729,0.1033,1.67659,1.46501,0,-,-,-,0,-,-,-,pred,207.000,0,-,-,270.03,531.36,711.35,611.32,535.43,4.06,-2.84489,50.642,4.699,0.8951,raw,0,-,0,-,-,232.57,279.15
2026-07-04_Mark-Liversedge_Wrist_01__swing_0009,374,2506988,-3152,1.78024,231.36,1,1,0,address,0.9948,0.9784,1,-0.2068,-0.9731,0.1016,1.67486,1.46674,0,-,-,-,0,-,-,-,pred,207.000,0,-,0.19355,270.28,531.41,710.65,612.37,536.69,5.28,-2.84489,48.675,0.843,0.8951,raw,0,-,0,-,-,232.57,279.15
2026-07-04_Mark-Liversedge_Wrist_01__swing_0009,375,2513692,-3127,1.78024,231.40,17,1,0,address,0.9950,0.9784,1,-0.2069,-0.9732,0.1000,1.67323,1.46836,0,-,-,-,0,-,-,-,pred,207.000,0,-,0.17682,270.62,531.50,709.69,613.77,538.37,6.87,-2.84489,49.171,2.748,0.8951,raw,0,-,0,-,-,232.57,279.15
2026-07-04_Mark-Liversedge_Wrist_01__swing_0009,376,2520415,-3123,1.78848,231.43,17,1,0,address,0.9951,0.9766,1,-0.2149,-0.9716,0.0987,1.67201,1.46958,0,-,-,-,0,-,-,-,pred,207.000,0,-,0.16688,270.94,531.53,708.74,614.84,539.65,8.12,-2.84489,46.601,1.019,0.8951,raw,0,-,0,-,-,232.57,279.15
2026-07-04_Mark-Liversedge_Wrist_01__swing_0009,377,2527153,-3250,1.80615,231.45,17,1,0,address,0.9952,0.9727,1,-0.2321,-0.9678,0.0977,1.67137,1.47022,0,-,-,-,0,-,-,-,pred,207.000,0,-,0.15924,271.27,531.50,708.01,615.13,540.00,8.51,-2.84489,47.494,4.617,0.8951,raw,0,-,0,-,-,232.57,279.15
2026-07-04_Mark-Liversedge_Wrist_01__swing_0009,378,2533931,-3326,1.81514,231.47,17,1,0,address,0.9953,0.9706,1,-0.2408,-0.9657,0.0971,1.67097,1.47062,0,-,-,-,0,-,-,-,pred,207.000,0,-,0.15032,271.64,531.43,707.35,614.95,539.78,8.35,-2.84489,51.523,7.837,0.8951,raw,0,-,0,-,-,232.57,279.15
2026-07-04_Mark-Liversedge_Wrist_01__swing_0009,379,2540536,-3023,1.81514,231.47,17,1,0,address,0.9953,0.9706,1,-0.2408,-0.9657,0.0970,1.67090,1.47070,0,-,-,-,0,-,-,-,pred,207.000,0,-,0.17070,271.98,531.36,706.79,614.30,539.00,7.64,-2.86234,47.156,1.351,0.8951,raw,0,-,0,-,-,232.57,279.15
2026-07-04_Mark-Liversedge_Wrist_01__swing_0009,380,2547366,3320,1.81077,231.46,17,1,0,address,0.9952,0.9716,1,-0.2365,-0.9667,0.0976,1.67144,1.47016,0,-,-,-,0,-,-,-,ray,207.000,0,-,0.15159,272.25,531.28,706.37,613.05,537.51,6.22,-2.86234,51.134,2.111,0.8951,raw,0,-,0,-,-,232.57,279.15
2026-07-04_Mark-Liversedge_Wrist_01__swing_0009,381,2553931,-3245,1.81059,231.42,17,1,0,address,0.9951,0.9717,1,-0.2363,-0.9666,0.0991,1.67292,1.46867,0,-,-,-,0,-,-,-,ray,207.000,0,-,-,272.40,531.19,706.31,610.90,534.93,3.74,-2.86234,51.386,4.216,0.8951,raw,0,-,0,-,-,232.57,279.15
2026-07-04_Mark-Liversedge_Wrist_01__swing_0009,382,2560636,-3170,1.81928,231.36,1,1,0,address,0.9948,0.9696,1,-0.2447,-0.9643,0.1016,1.67574,1.46585,0,-,-,-,0,-,-,-,ray,207.000,0,-,-,272.48,531.08,706.72,607.35,530.67,0.41,-2.86234,46.387,0.232,0.8951,raw,0,-,0,-,-,232.57,279.15
2026-07-04_Mark-Liversedge_Wrist_01__swing_0009,383,2567415,-3264,1.83237,231.27,1,1,0,address,0.9944,0.9664,1,-0.2572,-0.9606,0.1053,1.67999,1.46160,0,-,-,-,0,-,-,-,ray,207.000,0,-,-,272.54,531.00,707.26,603.30,525.81,5.20,-2.86234,51.324,3.985,0.8951,raw,0,-,0,-,-,232.57,279.15
2026-07-04_Mark-Liversedge_Wrist_01__swing_0009,384,2574132,-3280,1.90564,231.15,1,1,0,address,0.9939,0.9452,1,-0.3266,-0.9387,0.1102,1.68764,1.45395,0,-,-,-,0,-,-,-,ray,207.000,0,-,-,272.67,531.00,707.36,600.28,522.18,8.82,-2.86234,50.633,4.161,0.8951,raw,0,-,0,-,-,232.57,279.15
2026-07-04_Mark-Liversedge_Wrist_01__swing_0009,385,2580762,-3235,1.95558,231.00,17,1,0,address,0.9933,0.9279,1,-0.3728,-0.9206,0.1160,1.69608,1.44551,0,-,-,-,0,-,-,-,ray,207.000,0,-,0.22420,272.87,531.12,706.72,599.21,520.89,10.23,-2.86234,51.717,6.935,0.8951,raw,0,-,0,-,-,232.57,279.15
2026-07-04_Mark-Liversedge_Wrist_01__swing_0009,386,2587540,-3229,1.93732,230.81,17,1,0,address,0.9925,0.9346,1,-0.3557,-0.9265,0.1226,1.70238,1.43921,0,-,-,-,0,-,-,-,ray,207.000,0,-,0.37197,273.14,531.33,705.40,600.05,521.90,9.43,-2.84489,49.009,5.997,0.8951,raw,0,-,0,-,-,232.57,279.15
2026-07-04_Mark-Liversedge_Wrist_01__swing_0009,387,2594270,-3263,1.93305,230.60,17,1,0,address,0.9915,0.9362,1,-0.3514,-0.9272,0.1297,1.70982,1.43178,0,-,-,-,0,-,-,-,ray,207.000,0,-,0.30318,273.41,531.56,703.61,601.89,524.11,7.45,-2.86234,51.089,4.668,0.8951,raw,0,-,0,-,-,232.57,279.15
2026-07-04_Mark-Liversedge_Wrist_01__swing_0009,388,2600786,-3096,1.93682,230.39,17,1,0,address,0.9907,0.9350,1,-0.3546,-0.9250,0.1364,1.71717,1.42442,0,-,-,-,0,-,-,-,ray,207.000,0,-,0.27121,273.64,531.74,701.48,603.97,526.60,5.13,-2.86234,52.410,3.107,0.8951,raw,0,-,0,-,-,232.57,279.15
2026-07-04_Mark-Liversedge_Wrist_01__swing_0009,389,2607555,-3301,1.96306,230.22,17,1,0,address,0.9899,0.9256,1,-0.3784,-0.9147,0.1418,1.72464,1.41695,0,-,-,-,0,-,-,-,ray,207.000,0,-,0.26404,273.88,531.93,698.78,606.07,529.12,2.81,-2.14676,48.272,0.342,0.8951,raw,0,-,0,-,-,232.57,279.15
2026-07-04_Mark-Liversedge_Wrist_01__swing_0009,390,2614203,-3178,1.96837,230.11,17,1,0,address,0.9894,0.9237,1,-0.3831,-0.9123,0.1449,1.72833,1.41326,0,-,-,-,0,-,-,-,ray,207.000,0,-,0.35159,274.10,532.14,695.55,608.85,532.47,0.33,-2.16421,52.854,5.685,0.8951,raw,0,-,0,-,-,232.57,279.15
2026-07-04_Mark-Liversedge_Wrist_01__swing_0009,391,2620828,-3190,1.97531,230.09,17,1,0,address,0.9894,0.9211,1,-0.3894,-0.9095,0.1454,1.72937,1.41222,0,-,-,-,0,-,-,-,ray,208.000,0,-,0.21529,274.27,532.24,691.94,611.63,535.80,3.56,-2.16421,56.984,4.622,0.8951,raw,0,-,0,-,-,232.57,279.15
2026-07-04_Mark-Liversedge_Wrist_01__swing_0009,392,2627706,-3292,2.01136,230.16,17,1,0,address,0.9896,0.9066,1,-0.4220,-0.8951,0.1435,1.72978,1.41181,0,-,-,-,0,-,-,-,ray,208.000,0,-,0.18981,274.36,532.13,688.23,613.15,537.63,5.50,-2.18166,63.060,4.824,0.8951,raw,0,-,0,-,-,232.57,279.15
2026-07-04_Mark-Liversedge_Wrist_01__swing_0009,393,2634442,-3377,2.05055,230.29,17,1,0,,0.9902,0.8894,1,-0.4570,-0.8784,0.1396,1.72845,1.41314,0,-,-,-,0,-,-,-,ray,207.000,0,-,0.33908,274.32,531.71,684.87,612.35,536.66,4.95,-2.18166,65.972,1.393,0.8951,raw,0,-,0,-,-,232.57,279.15
2026-07-04_Mark-Liversedge_Wrist_01__swing_0009,394,2640994,-3120,2.08095,230.44,17,1,0,,0.9909,0.8751,1,-0.4839,-0.8647,0.1348,1.72544,1.41615,0,-,-,-,0,-,-,-,ray,206.000,0,-,-,274.19,531.08,681.75,609.17,532.85,1.77,-2.19912,67.460,3.913,0.8951,raw,0,-,0,-,-,232.57,279.15
2026-07-04_Mark-Liversedge_Wrist_01__swing_0009,395,2647667,-3008,2.06562,230.60,17,1,1,,0.9915,0.8822,1,-0.4709,-0.8726,0.1299,1.71852,1.42307,0,-,-,-,0,-,-,-,ray,206.000,0,-,0.19355,274.00,530.36,678.65,604.73,527.52,2.84,1.15192,68.940,3.010,0.8951,raw,0,-,0,-,-,232.57,279.15
2026-07-04_Mark-Liversedge_Wrist_01__swing_0009,396,2654484,-3279,2.04204,230.71,17,1,1,,0.9920,0.8928,1,-0.4504,-0.8839,0.1263,1.71269,1.42890,0,-,-,-,0,-,-,-,ray,206.000,0,-,-,273.77,529.68,675.55,599.69,521.48,8.20,1.13446,70.732,2.741,0.8951,raw,0,-,0,-,-,232.57,279.15
2026-07-04_Mark-Liversedge_Wrist_01__swing_0009,397,2661157,-3141,2.07945,230.74,1,1,1,,0.9921,0.8755,1,-0.4832,-0.8665,0.1251,1.71420,1.42739,0,-,-,-,0,-,-,-,ray,206.000,0,-,-,273.49,529.05,672.63,594.90,515.72,13.33,1.15192,75.924,0.414,0.8951,raw,0,-,0,-,-,232.57,279.15
2026-07-04_Mark-Liversedge_Wrist_01__swing_0009,398,2667888,-3279,2.20210,230.70,1,1,1,,0.9920,0.8107,1,-0.5855,-0.8008,0.1263,1.72723,1.41436,0,-,-,-,1,3.57792,0.22343,96.67,seg,206.000,0,-,-,273.15,528.40,669.85,589.45,509.18,19.23,1.15192,76.957,6.949,0.8951,raw,0,-,0,-,-,232.57,279.15
2026-07-04_Mark-Liversedge_Wrist_01__swing_0009,399,2674641,-3363,2.29061,230.63,1,1,1,,0.9917,0.7567,1,-0.6538,-0.7457,0.1287,1.74167,1.39992,0,-,-,-,0,-,-,-,ray,206.000,0,-,0.31839,272.82,527.83,667.12,583.83,502.43,25.40,1.15192,81.699,3.456,0.8951,raw,0,-,0,-,-,232.57,279.15
2026-07-04_Mark-Liversedge_Wrist_01__swing_0009,400,2681186,-2974,2.31122,230.57,17,1,1,,0.9914,0.7434,1,-0.6688,-0.7318,0.1308,1.74759,1.39400,0,-,-,-,0,-,-,-,ray,209.000,0,-,0.30805,272.54,527.43,664.36,579.15,496.82,30.61,1.15192,80.020,6.015,0.8951,raw,0,-,0,-,-,232.57,279.15
2026-07-04_Mark-Liversedge_Wrist_01__swing_0009,401,2688127,3330,2.34783,230.54,17,1,1,,0.9913,0.7189,1,-0.6951,-0.7068,0.1316,1.75484,1.38675,0,-,-,-,1,3.66519,0.22343,105.62,seg,210.000,0,-,0.31149,272.39,527.27,661.21,575.75,492.73,34.54,1.16937,79.100,2.945,0.8951,raw,0,-,0,-,-,232.57,279.15
2026-07-04_Mark-Liversedge_Wrist_01__swing_0009,402,2694589,-3132,2.38091,230.57,17,1,1,,0.9914,0.6959,1,-0.7182,-0.6835,0.1306,1.75961,1.38198,0,-,-,-,1,3.66519,0.22343,145.90,seg,210.000,0,-,0.28046,272.31,527.29,658.17,573.76,490.35,36.93,1.18682,78.032,2.855,0.8951,raw,0,-,0,-,-,232.57,279.15
2026-07-04_Mark-Liversedge_Wrist_01__swing_0009,403,2701320,-3027,2.41605,230.66,17,1,1,,0.9918,0.6704,1,-0.7420,-0.6581,0.1279,1.76275,1.37884,0,-,-,-,1,3.66519,0.24483,122.82,seg,210.000,0,-,0.29080,272.19,527.32,654.86,572.56,488.90,38.42,-1.93732,75.872,8.064,0.8951,raw,0,-,0,-,-,232.57,279.15
2026-07-04_Mark-Liversedge_Wrist_01__swing_0009,404,2708019,-3211,2.45997,230.77,17,1,1,,0.9923,0.6374,1,-0.7706,-0.6252,0.1240,1.76652,1.37507,0,-,-,-,1,3.66519,0.24598,123.08,seg,210.000,0,-,0.28966,271.87,527.22,651.28,572.21,488.49,38.73,-1.93732,83.458,14.143,0.8880,raw,0,-,0,-,-,232.57,279.15
2026-07-04_Mark-Liversedge_Wrist_01__swing_0009,405,2714642,-3172,2.50340,230.89,17,1,1,,0.9928,0.6035,1,-0.7974,-0.5915,0.1197,1.77055,1.37104,0,-,-,-,1,3.66519,0.24713,119.30,seg,210.000,0,-,0.17931,271.36,527.08,647.43,572.61,488.97,38.12,-1.95477,85.043,13.068,0.8951,raw,0,-,0,-,-,232.57,279.15
2026-07-04_Mark-Liversedge_Wrist_01__swing_0009,406,2721368,-3109,2.53771,231.00,17,1,1,,0.9933,0.5758,1,-0.8176,-0.5640,0.1158,1.77326,1.36833,0,-,-,-,1,3.67392,0.24368,118.44,seg,210.000,0,-,0.20345,270.69,526.94,643.23,574.01,490.65,36.29,-1.97222,92.819,25.637,0.8665,raw,0,-,0,-,-,232.57,279.15
2026-07-04_Mark-Liversedge_Wrist_01__swing_0009,407,2728092,-2924,2.57287,231.09,17,1,1,,0.9937,0.5468,1,-0.8372,-0.5351,0.1124,1.77783,1.36376,0,-,-,-,1,3.67392,0.24598,114.95,seg,210.000,0,-,0.17931,269.87,526.50,638.73,576.17,493.23,33.27,-1.97222,93.956,21.982,0.8593,raw,0,-,0,-,-,232.57,279.15
2026-07-04_Mark-Liversedge_Wrist_01__swing_0009,408,2734736,-3172,2.61259,231.16,17,1,1,,0.9939,0.5135,1,-0.8581,-0.5016,0.1100,1.78662,1.35497,0,-,-,-,1,3.67392,0.22414,95.23,seg,210.000,0,-,0.30805,268.90,525.49,633.99,578.58,496.14,29.35,1.25664,95.679,1.597,0.8951,raw,0,-,0,-,-,232.57,279.15
2026-07-04_Mark-Liversedge_Wrist_01__swing_0009,409,2741495,-3270,2.66081,231.19,17,1,1,,0.9941,0.4724,1,-0.8814,-0.4597,0.1086,1.80284,1.33875,0,-,-,-,1,3.66519,0.22069,84.84,seg,210.000,0,-,0.19355,267.68,523.58,628.74,581.20,499.27,24.31,1.27409,103.897,9.489,0.8951,raw,0,-,0,-,-,232.57,279.15
2026-07-04_Mark-Liversedge_Wrist_01__swing_0009,410,2748213,-3238,2.70856,231.20,17,1,1,,0.9941,0.4310,1,-0.9024,-0.4172,0.1083,1.82478,1.31681,0,-,-,-,1,3.65646,0.22343,81.53,seg,210.000,0,-,0.19355,266.29,521.10,622.95,584.48,503.21,17.89,1.30900,98.479,9.025,0.8951,raw,0,-,0,-,-,232.57,279.15
2026-07-04_Mark-Liversedge_Wrist_01__swing_0009,411,2754910,-3127,2.75537,231.19,17,1,1,,0.9941,0.3899,1,-0.9208,-0.3745,0.1087,1.85334,1.28826,0,-,-,-,1,3.73500,0.22343,136.95,seg,213.000,0,-,0.17701,264.81,518.36,616.92,587.87,507.28,11.08,-2.02458,94.928,28.667,0.8951,raw,0,-,0,-,-,232.57,279.15
2026-07-04_Mark-Liversedge_Wrist_01__swing_0009,412,2761576,-2951,2.80405,231.16,17,1,1,,0.9940,0.3470,0,-0.9379,-0.3292,0.1096,1.89227,1.24932,0,-,-,-,1,3.84845,0.22234,49.57,seg,220.000,0,-,0.19355,263.34,515.73,611.18,590.33,510.23,5.49,-2.02458,94.757,28.255,0.8951,raw,0,-,0,-,-,232.57,279.15
2026-07-04_Mark-Liversedge_Wrist_01__swing_0009,413,2768283,-3298,2.87875,231.14,17,1,1,,0.9939,0.2809,0,-0.9597,-0.2582,0.1107,1.97566,1.16593,0,-,-,-,1,3.84845,0.22343,77.06,seg,220.000,0,-,0.19355,261.89,513.21,605.97,591.32,511.42,1.79,-2.02458,93.661,26.151,0.8951,raw,0,-,0,-,-,232.57,279.15
2026-07-04_Mark-Liversedge_Wrist_01__swing_0009,414,2775049,-3334,2.96224,231.12,17,1,1,,0.9938,0.2093,0,-0.9778,-0.1773,0.1113,2.13144,1.01016,0,-,-,-,1,3.83100,0.21800,37.80,seg,220.000,0,-,0.12256,260.40,510.64,601.18,591.01,511.05,0.42,-2.05949,98.042,30.355,0.8951,raw,0,-,0,-,-,232.57,279.15
2026-07-04_Mark-Liversedge_Wrist_01__swing_0009,415,2781661,-3177,3.02199,231.12,17,1,1,,0.9938,0.1626,0,-0.9867,-0.1186,0.1112,2.32405,0.81754,0,-,-,-,1,3.83100,0.22343,65.34,seg,220.000,0,-,0.15977,258.90,508.16,596.80,589.75,509.54,1.38,-2.07694,95.782,26.247,0.8951,raw,0,-,0,-,-,232.57,279.15
2026-07-04_Mark-Liversedge_Wrist_01__swing_0009,416,2788413,-3178,3.07504,231.15,17,1,1,,0.9939,0.1285,0,-0.9917,-0.0661,0.1102,2.60149,0.54011,0,-,-,-,1,3.82227,0.21041,32.67,seg,220.000,0,-,0.15632,257.30,505.76,592.55,587.62,506.98,1.22,-2.07694,98.827,22.523,0.8951,raw,0,-,0,-,-,232.57,279.15
2026-07-04_Mark-Liversedge_Wrist_01__swing_0009,417,2795227,-3299,3.13272,231.19,17,1,1,,0.9941,0.1090,0,-0.9940,-0.0088,0.1086,3.06061,0.08098,0,-,-,-,0,-,-,-,ray,225.000,0,-,0.13449,255.70,503.70,588.57,584.37,503.09,0.61,-2.07694,97.005,28.251,0.8951,raw,0,-,0,-,-,232.57,279.15
2026-07-04_Mark-Liversedge_Wrist_01__swing_0009,418,2801910,3356,3.19396,231.24,17,1,1,,0.9943,0.1188,0,-0.9929,0.0520,0.1068,-2.68809,-0.45350,0,-,-,-,1,3.94444,0.25977,-43.27,seg,225.000,0,-,0.20690,254.12,501.91,585.24,579.80,497.60,4.31,-2.09439,87.181,15.687,0.8951,raw,0,-,0,-,-,232.57,279.15
2026-07-04_Mark-Liversedge_Wrist_01__swing_0009,419,2808504,-3238,3.24514,231.28,17,1,1,,0.9945,0.1469,0,-0.9892,0.1028,0.1049,-2.36655,-0.77504,0,-,-,-,1,3.94444,0.25402,-52.26,seg,225.000,0,-,0.15618,252.35,499.91,582.08,574.55,491.30,8.61,-2.09439,93.204,23.600,0.8880,raw,0,-,0,-,-,232.57,279.15
2026-07-04_Mark-Liversedge_Wrist_01__swing_0009,420,2815104,-3058,3.29279,231.32,17,1,1,,0.9947,0.1820,0,-0.9833,0.1498,0.1033,-2.17430,-0.96729,0,-,-,-,0,-,-,-,ray,225.000,0,-,0.14751,250.20,497.29,578.36,569.62,485.38,11.91,-2.09439,87.177,29.963,0.8665,raw,0,-,0,-,-,232.57,279.15
2026-07-04_Mark-Liversedge_Wrist_01__swing_0009,421,2821902,-3281,3.34585,231.36,17,1,1,,0.9948,0.2260,0,-0.9741,0.2018,0.1019,-2.03830,-1.10329,0,-,-,-,0,-,-,-,ray,225.000,0,-,0.15835,247.62,493.99,573.43,565.64,480.60,13.39,-2.11185,72.575,25.026,0.8593,raw,0,-,0,-,-,232.57,279.15
2026-07-04_Mark-Liversedge_Wrist_01__swing_0009,422,2828647,-3284,3.40690,231.38,17,1,1,,0.9949,0.2797,0,-0.9601,0.2609,0.1009,-1.93993,-1.20166,0,-,-,-,1,3.91826,0.25517,35.00,seg,225.000,0,-,0.16377,244.76,490.27,567.31,562.65,477.01,13.26,-2.14676,76.852,34.612,0.8378,raw,0,-,0,-,-,232.57,279.15
2026-07-04_Mark-Liversedge_Wrist_01__swing_0009,423,2835382,-3261,3.46833,231.39,17,1,1,,0.9950,0.3347,0,-0.9423,0.3193,0.1004,-1.87533,-1.26626,0,-,-,-,1,3.91826,0.24368,3.54,seg,225.000,0,-,0.16703,241.46,485.85,560.68,560.07,473.91,11.94,-2.14676,69.438,11.442,0.8378,raw,0,-,0,-,-,232.57,279.15
2026-07-04_Mark-Liversedge_Wrist_01__swing_0009,424,2841972,-3217,3.52456,231.40,17,1,1,,0.9950,0.3850,1,-0.9229,0.3718,0.1001,-1.83383,-1.30776,0,-,-,-,0,-,-,-,ray,225.000,0,-,0.17354,237.51,480.36,554.15,557.63,470.98,9.37,-2.14676,60.450,3.340,0.8378,raw,0,-,0,-,-,232.57,279.15
2026-07-04_Mark-Liversedge_Wrist_01__swing_0009,425,2848694,-3249,3.58547,231.40,17,1,1,,0.9950,0.4388,1,-0.8986,0.4273,0.1000,-1.80062,-1.34097,0,-,-,-,0,-,-,-,ray,225.000,0,-,0.18547,232.73,473.63,547.80,555.07,467.91,5.73,0.00000,57.819,2.990,0.8951,raw,0,-,0,-,-,232.57,279.15
2026-07-04_Mark-Liversedge_Wrist_01__swing_0009,426,2855438,-3267,3.65578,231.41,17,1,1,,0.9950,0.4994,1,-0.8664,0.4894,0.0997,-1.77170,-1.36990,0,-,-,-,1,3.92699,0.22343,190.66,seg,225.000,0,-,0.18655,227.24,465.85,541.27,552.80,465.19,0.65,-2.33874,69.625,17.444,0.8951,raw,0,-,0,-,-,232.57,279.15
2026-07-04_Mark-Liversedge_Wrist_01__swing_0009,427,2862131,-3296,3.72474,231.43,17,1,1,,0.9951,0.5568,1,-0.8306,0.5480,0.0989,-1.74935,-1.39224,0,-,-,-,0,-,-,-,ray,227.000,0,-,0.23448,221.30,457.12,534.96,550.49,462.41,5.30,-2.30383,102.668,50.556,0.8951,raw,0,-,0,-,-,232.57,279.15
2026-07-04_Mark-Liversedge_Wrist_01__swing_0009,428,2868706,-2975,3.80081,231.46,17,1,1,,0.9953,0.6173,1,-0.7867,0.6096,0.0973,-1.72910,-1.41249,0,-,-,-,0,-,-,-,ray,228.000,0,-,0.23427,215.20,447.70,529.44,547.57,458.91,11.21,-2.32129,84.525,24.906,0.8951,raw,0,-,0,-,-,232.57,279.15
2026-07-04_Mark-Liversedge_Wrist_01__swing_0009,429,2875511,-3229,3.89086,231.53,17,1,1,mid-backswing,0.9955,0.6846,1,-0.7289,0.6781,0.0943,-1.70900,-1.43259,0,-,-,-,0,-,-,-,ray,229.000,0,-,0.22777,208.34,436.40,524.98,543.35,453.85,17.45,1.69297,62.529,29.473,0.8951,mot,0,-,0,-,-,232.57,279.15
2026-07-04_Mark-Liversedge_Wrist_01__swing_0009,430,2882230,-3303,3.97376,231.63,17,1,1,mid-backswing,0.9960,0.7418,1,-0.6706,0.7364,0.0896,-1.69184,-1.44975,0,-,-,-,0,-,-,-,ray,231.000,0,-,0.21954,201.10,424.03,521.89,538.07,447.51,23.47,1.74533,52.094,19.452,0.8951,mot,0,-,0,-,-,232.57,279.15
2026-07-04_Mark-Liversedge_Wrist_01__swing_0009,431,2888843,-3097,4.05097,231.77,17,1,1,mid-backswing,0.9966,0.7908,1,-0.6121,0.7864,0.0826,-1.67549,-1.46610,0,-,-,-,0,-,-,-,ray,233.000,0,-,0.22451,193.95,411.66,519.53,532.19,440.45,28.78,1.69297,51.922,22.455,0.8951,mot,0,-,0,-,-,232.57,279.15
2026-07-04_Mark-Liversedge_Wrist_01__swing_0009,432,2895640,-3268,4.13040,231.95,17,1,1,mid-backswing,0.9974,0.8363,1,-0.5482,0.8332,0.0727,-1.65778,-1.48381,0,-,-,-,0,-,-,-,ray,236.000,0,-,0.22126,187.12,399.92,517.30,525.67,432.62,32.69,1.58825,51.323,17.150,0.8951,mot,0,-,0,-,-,232.57,279.15
2026-07-04_Mark-Liversedge_Wrist_01__swing_0009,433,2902195,-2997,4.20323,232.14,17,1,1,mid-backswing,0.9982,0.8736,1,-0.4866,0.8716,0.0603,-1.63982,-1.50178,0,-,-,-,0,-,-,-,ray,238.000,0,-,0.21800,181.17,389.41,514.86,519.14,424.79,35.38,-2.14676,51.623,2.821,0.8951,raw,0,-,0,-,-,232.57,279.15
2026-07-04_Mark-Liversedge_Wrist_01__swing_0009,434,2908975,-3216,4.27897,232.32,17,1,1,mid-backswing,0.9989,0.9077,1,-0.4195,0.9066,0.0458,-1.62130,-1.52029,0,-,-,-,0,-,-,-,ray,239.000,0,-,0.21475,175.48,379.02,512.17,511.85,416.04,37.02,-2.12930,91.846,36.625,0.8951,raw,0,-,0,-,-,232.57,279.15
2026-07-04_Mark-Liversedge_Wrist_01__swing_0009,435,2915583,-3146,4.34791,232.40,17,1,1,mid-backswing,0.9993,0.9344,1,-0.3562,0.9337,0.0374,-1.61079,-1.53080,0,-,-,-,0,-,-,-,ray,240.000,0,-,0.20607,170.08,369.79,509.65,504.41,407.11,37.31,-2.11185,170.755,132.029,0.8736,mot,0,-,0,-,-,232.57,279.15
2026-07-04_Mark-Liversedge_Wrist_01__swing_0009,436,2922379,-3133,4.41409,232.29,17,1,1,mid-backswing,0.9988,0.9559,1,-0.2935,0.9547,0.0484,-1.62142,-1.52017,0,-,-,-,0,-,-,-,ray,240.000,0,-,0.17896,164.47,361.69,507.35,496.81,397.98,36.29,-2.07694,214.590,153.874,0.8951,raw,0,-,0,-,-,232.57,279.15
2026-07-04_Mark-Liversedge_Wrist_01__swing_0009,437,2929107,-3296,4.48939,231.84,17,1,1,mid-backswing,0.9969,0.9754,1,-0.2205,0.9722,0.0789,-1.65178,-1.48982,0,-,-,-,0,-,-,-,ray,243.000,0,-,0.16811,158.63,355.82,505.53,489.65,389.39,33.57,-2.04204,214.473,171.521,0.8951,mot,0,-,0,-,-,232.57,279.15
2026-07-04_Mark-Liversedge_Wrist_01__swing_0009,438,2935862,-3380,4.57235,230.89,17,1,1,mid-backswing,0.9928,0.9904,1,-0.1386,0.9831,0.1199,-1.69214,-1.44945,0,-,-,-,0,-,-,-,ray,246.000,0,-,0.16052,152.67,351.43,503.98,482.68,381.02,29.59,-2.00713,140.320,94.151,0.8951,mot,0,-,0,-,-,232.57,279.15
2026-07-04_Mark-Liversedge_Wrist_01__swing_0009,439,2942472,-3166,4.65742,229.31,17,1,1,mid-backswing,0.9860,0.9985,1,-0.0542,0.9845,0.1668,-1.73865,-1.40294,0,-,-,-,0,-,-,-,ray,248.000,0,-,0.14751,147.06,347.72,502.80,475.97,372.97,25.25,-1.98968,109.597,43.435,0.8951,raw,0,-,0,-,-,232.57,279.15
2026-07-04_Mark-Liversedge_Wrist_01__swing_0009,440,2949230,-3190,4.73721,226.82,17,1,1,mid-backswing,0.9753,0.9997,1,0.0242,0.9750,0.2209,-1.79365,-1.34794,0,-,-,-,0,-,-,-,ray,251.000,0,-,0.13232,141.88,343.44,502.20,469.21,364.86,21.42,-1.95477,119.998,77.455,0.8951,mot,0,-,0,-,-,232.57,279.15
2026-07-04_Mark-Liversedge_Wrist_01__swing_0009,441,2955807,-3128,4.79387,223.43,17,1,1,mid-backswing,0.9607,0.9969,1,0.0782,0.9575,0.2776,-1.85297,-1.28863,0,-,-,-,1,4.39823,0.22343,34.01,seg,251.000,0,-,-,137.38,338.85,502.34,462.71,357.05,18.20,-1.91986,120.561,58.472,0.8951,raw,0,-,0,-,-,232.57,279.15
2026-07-04_Mark-Liversedge_Wrist_01__swing_0009,442,2962599,-3228,4.82548,218.90,1,1,1,mid-backswing,0.9412,0.9943,1,0.1062,0.9352,0.3377,-1.91736,-1.22424,0,-,-,-,1,4.39823,0.20607,121.77,seg,251.000,0,-,-,133.22,334.09,503.46,456.15,349.18,15.09,-1.88496,116.952,46.598,0.8951,mot,0,-,0,-,-,232.57,279.15
2026-07-04_Mark-Liversedge_Wrist_01__swing_0009,443,2969195,-3096,4.85890,213.52,1,1,1,mid-backswing,0.9181,0.9910,1,0.1340,0.9083,0.3963,-1.98221,-1.15938,0,-,-,-,0,-,-,-,ray,251.000,0,-,-,129.61,329.00,505.06,449.84,341.61,12.60,-1.88496,113.836,41.075,0.8951,mot,0,-,0,-,-,232.57,279.15
2026-07-04_Mark-Liversedge_Wrist_01__swing_0009,444,2975947,-3187,4.92890,207.14,1,1,1,mid-backswing,0.8906,0.9815,1,0.1913,0.8699,0.4547,-2.05246,-1.08914,0,-,-,-,0,-,-,-,ray,251.000,0,-,0.12581,126.46,322.80,506.72,443.34,333.80,11.00,-1.81514,98.071,33.424,0.8235,mot,0,-,0,-,-,232.57,279.15
2026-07-04_Mark-Liversedge_Wrist_01__swing_0009,445,2982630,-3245,5.04070,200.30,17,1,1,mid-backswing,0.8613,0.9607,1,0.2777,0.8153,0.5082,-2.12819,-1.01340,0,-,-,-,0,-,-,-,ray,251.000,0,-,-,124.27,314.94,507.74,436.53,325.63,10.70,0.08727,88.234,8.263,0.8951,raw,0,-,0,-,-,232.57,279.15
2026-07-04_Mark-Liversedge_Wrist_01__swing_0009,446,2989293,-3096,5.14626,193.26,1,1,1,mid-backswing,0.8310,0.9370,1,0.3493,0.7540,0.5563,-2.20648,-0.93511,0,-,-,-,0,-,-,-,ray,251.000,0,-,-,122.92,305.75,508.07,429.11,316.73,10.98,0.12217,81.625,10.222,0.8951,raw,0,-,0,-,-,232.57,279.15
2026-07-04_Mark-Liversedge_Wrist_01__swing_0009,447,2996033,-3175,5.21715,186.15,1,1,1,mid-backswing,0.8004,0.9220,1,0.3871,0.7006,0.5994,-2.27855,-0.86304,0,-,-,-,0,-,-,-,ray,251.000,0,-,-,121.85,296.04,508.21,421.15,307.17,11.13,0.17453,93.158,35.081,0.8951,raw,0,-,0,-,-,232.57,279.15
2026-07-04_Mark-Liversedge_Wrist_01__swing_0009,448,3002814,-3344,5.28334,179.63,1,1,1,mid-backswing,0.7724,0.9087,1,0.4174,0.6499,0.6351,-2.34472,-0.79688,0,-,-,-,1,4.39823,0.17787,11.34,seg,252.000,0,-,-,121.53,285.36,508.66,412.82,297.17,11.82,0.22689,85.269,39.627,0.8951,raw,0,-,0,-,-,232.57,279.15
2026-07-04_Mark-Liversedge_Wrist_01__swing_0009,449,3009470,-3167,5.33104,174.15,1,1,1,mid-backswing,0.7488,0.9008,1,0.4343,0.6100,0.6628,-2.39761,-0.74398,0,-,-,-,1,4.41568,0.16161,43.87,seg,254.000,0,-,0.07816,121.77,274.55,509.69,404.61,287.32,12.77,0.27925,86.908,30.432,0.8951,raw,0,-,0,-,-,232.57,279.15
2026-07-04_Mark-Liversedge_Wrist_01__swing_0009,450,3016126,-3127,5.37440,169.69,17,1,1,mid-backswing,0.7296,0.8938,1,0.4485,0.5755,0.6838,-2.44201,-0.69959,0,-,-,-,1,4.46804,0.14967,59.74,seg,255.000,0,-,-,122.38,263.90,511.56,396.80,277.94,14.04,0.34907,88.949,20.324,0.8951,raw,0,-,0,-,-,232.57,279.15
2026-07-04_Mark-Liversedge_Wrist_01__swing_0009,451,3022899,-3342,5.42741,166.52,1,1,1,mid-backswing,0.7160,0.8830,1,0.4694,0.5406,0.6981,-2.48261,-0.65898,0,-,-,-,1,4.45059,0.14317,82.21,seg,256.000,0,-,-,123.17,253.53,514.07,389.60,269.30,15.77,0.47124,96.874,36.715,0.8235,raw,0,-,0,-,-,232.57,279.15
2026-07-04_Mark-Liversedge_Wrist_01__swing_0009,452,3029542,-3154,5.47927,164.80,17,1,1,mid-backswing,0.7086,0.8708,1,0.4917,0.5103,0.7056,-2.51550,-0.62609,0,-,-,-,1,4.51168,0.12581,84.62,seg,259.000,0,-,-,123.87,244.15,516.94,383.41,261.87,17.72,-1.78024,109.594,17.548,0.7303,mot,0,-,0,-,-,232.57,279.15
2026-07-04_Mark-Liversedge_Wrist_01__swing_0009,453,3036266,-3302,5.52809,164.48,17,1,1,mid-backswing,0.7072,0.8572,1,0.5150,0.4847,0.7070,-2.54058,-0.60101,0,-,-,-,1,4.55531,0.10629,38.88,seg,262.000,0,-,-,124.38,235.54,520.01,377.96,255.33,19.79,0.55851,92.619,30.200,0.8450,raw,0,-,0,-,-,232.57,279.15
2026-07-04_Mark-Liversedge_Wrist_01__swing_0009,454,3042959,-3317,5.57576,165.62,17,1,1,mid-backswing,0.7121,0.8409,1,0.5412,0.4628,0.7020,-2.55877,-0.58282,0,-,-,-,1,4.59022,0.09002,-8.84,seg,264.000,0,-,-,124.59,227.99,523.07,373.03,249.41,21.42,0.50615,91.291,30.522,0.8951,raw,0,-,0,-,-,232.57,279.15
2026-07-04_Mark-Liversedge_Wrist_01__swing_0009,455,3049575,-3153,5.61062,168.15,17,1,1,mid-backswing,0.7230,0.8247,1,0.5656,0.4504,0.6908,-2.56380,-0.57779,0,-,-,-,1,4.62512,0.07484,-47.16,seg,266.000,0,-,-,124.46,221.63,526.14,368.40,243.86,22.23,0.52360,88.720,24.813,0.8951,raw,0,-,0,-,-,232.57,279.15
2026-07-04_Mark-Liversedge_Wrist_01__swing_0009,456,3056292,-3087,5.67265,172.22,17,1,1,mid-backswing,0.7405,0.7949,1,0.6067,0.4245,0.6720,-2.57817,-0.56342,0,-,-,-,0,-,-,-,ray,273.000,0,-,-,124.08,216.15,529.39,363.72,238.24,22.09,0.54105,85.488,36.509,0.8951,raw,0,-,0,-,-,232.57,279.15
2026-07-04_Mark-Liversedge_Wrist_01__swing_0009,457,3063018,-3166,5.71259,177.83,17,1,1,mid-backswing,0.7647,0.7654,1,0.6435,0.4130,0.6444,-2.57165,-0.56994,0,-,-,-,0,-,-,-,ray,282.000,0,-,-,123.61,211.69,532.85,358.99,232.56,20.87,0.55851,81.356,48.734,0.8951,raw,0,-,0,-,-,232.57,279.15
2026-07-04_Mark-Liversedge_Wrist_01__swing_0009,458,3069752,-3264,5.71530,184.71,17,1,1,mid-backswing,0.7942,0.7428,1,0.6696,0.4272,0.6076,-2.52884,-0.61275,0,-,-,-,0,-,-,-,pred,291.000,0,-,0.25163,123.26,207.98,536.47,354.23,226.85,18.87,0.57596,81.552,43.741,0.8951,raw,0,-,0,-,-,232.57,279.15
2026-07-04_Mark-Liversedge_Wrist_01__swing_0009,459,3076572,3307,5.76421,192.52,17,1,1,,0.8278,0.6952,1,0.7188,0.4106,0.5610,-2.50983,-0.63177,0,-,-,-,0,-,-,-,pred,300.000,0,-,0.26356,123.21,204.81,540.20,349.45,221.11,16.29,0.73304,84.754,34.223,0.8951,raw,0,-,0,-,-,232.57,279.15
2026-07-04_Mark-Liversedge_Wrist_01__swing_0009,460,3083022,-3143,5.80601,200.20,17,1,1,,0.8608,0.6444,1,0.7647,0.3954,0.5089,-2.48113,-0.66046,0,-,-,-,0,-,-,-,pred,309.000,0,-,-,123.57,202.26,543.80,345.03,215.80,13.54,0.73304,92.620,46.414,0.8880,raw,0,-,0,-,-,232.57,279.15
2026-07-04_Mark-Liversedge_Wrist_01__swing_0009,461,3089804,-3149,5.84950,208.04,17,1,1,,0.8945,0.5841,1,0.8117,0.3759,0.4470,-2.44242,-0.69917,0,-,-,-,0,-,-,-,pred,318.000,0,-,0.19355,124.25,199.88,547.68,340.56,210.44,10.55,0.75049,93.899,47.420,0.8665,raw,0,-,0,-,-,232.57,279.15
2026-07-04_Mark-Liversedge_Wrist_01__swing_0009,462,3096652,-3161,5.89002,215.39,17,1,1,,0.9261,0.5178,1,0.8555,0.3548,0.3772,-2.38675,-0.75484,0,-,-,-,0,-,-,-,pred,327.000,0,-,0.26464,125.13,197.75,551.74,336.27,205.29,7.54,0.75049,95.006,66.141,0.8450,raw,0,-,0,-,-,232.57,279.15
2026-07-04_Mark-Liversedge_Wrist_01__swing_0009,463,3103272,-3286,5.91217,221.37,17,1,1,,0.9518,0.4616,1,0.8871,0.3451,0.3066,-2.29716,-0.84443,0,-,-,-,0,-,-,-,pred,336.000,0,-,-,126.03,195.78,555.67,332.35,200.58,4.80,0.75049,87.776,58.791,0.8378,raw,0,-,0,-,-,232.57,279.15
2026-07-04_Mark-Liversedge_Wrist_01__swing_0009,464,3109948,-3187,5.94527,225.88,1,1,1,,0.9712,0.4005,1,0.9163,0.3220,0.2381,-2.20759,-0.93400,0,-,-,-,0,-,-,-,pred,345.000,0,-,0.25488,126.92,193.74,559.45,328.56,196.03,2.29,0.59341,87.705,50.452,0.8951,raw,0,-,0,-,-,232.57,279.15
2026-07-04_Mark-Liversedge_Wrist_01__swing_0009,465,3116561,-2995,5.98978,229.06,17,1,1,,0.9849,0.3332,0,0.9428,0.2849,0.1729,-2.11641,-1.02518,0,-,-,-,0,-,-,-,pred,354.000,0,-,0.25597,127.82,191.58,562.83,324.98,191.74,0.16,0.59341,87.393,49.226,0.8951,raw,0,-,0,-,-,232.57,279.15
2026-07-04_Mark-Liversedge_Wrist_01__swing_0009,466,3123227,-3141,6.01608,231.10,17,1,1,,0.9937,0.2853,0,0.9584,0.2623,0.1122,-1.97507,-1.16652,0,-,-,-,0,-,-,-,pred,3.000,0,-,0.25597,128.75,189.38,565.84,321.60,187.68,1.70,0.61087,85.495,43.407,0.8951,raw,0,-,0,-,-,232.57,279.15
2026-07-04_Mark-Liversedge_Wrist_01__swing_0009,467,3129996,-3138,6.04238,232.20,17,1,1,,0.9984,0.2447,0,0.9696,0.2381,0.0562,-1.80269,-1.33891,0,-,-,-,0,-,-,-,pred,12.000,0,-,0.22126,129.77,187.29,568.54,318.40,183.84,3.46,0.61087,81.771,46.068,0.8951,raw,0,-,0,-,-,232.57,279.15
2026-07-04_Mark-Liversedge_Wrist_01__swing_0009,468,3136824,-3270,6.06876,232.64,17,1,1,,1.0000,0.2128,0,0.9771,0.2128,0.0000,-1.57080,-1.57080,0,-,-,-,0,-,-,-,pred,21.000,0,-,0.20933,130.86,185.54,571.05,315.48,180.34,5.20,0.62832,81.341,41.510,0.8951,raw,0,-,0,-,-,232.57,279.15
2026-07-04_Mark-Liversedge_Wrist_01__swing_0009,469,3143490,-3069,6.09482,232.68,17,1,1,,1.0000,0.1873,0,0.9823,0.1873,0.0000,-1.57080,-1.57080,0,-,-,-,0,-,-,-,pred,30.000,0,-,0.21266,131.99,184.21,573.49,312.94,177.29,6.92,0.62832,83.049,45.914,0.8951,raw,0,-,0,-,-,232.57,279.15
2026-07-04_Mark-Liversedge_Wrist_01__swing_0009,470,3150039,-3112,6.12100,232.50,17,1,2,,0.9997,0.1632,0,0.9866,0.1614,0.0239,-1.71807,-1.42352,0,-,-,-,0,-,-,-,pred,35.000,0,-,-,133.18,183.25,575.98,310.79,174.70,8.55,0.62832,82.513,46.469,0.8951,raw,0,-,0,-,-,232.57,279.15
2026-07-04_Mark-Liversedge_Wrist_01__swing_0009,471,3156720,-3196,6.14302,232.24,1,1,2,,0.9986,0.1492,0,0.9888,0.1395,0.0530,-1.93395,-1.20764,0,-,-,-,0,-,-,-,ray,40.000,0,-,0.20311,134.48,182.42,578.62,308.85,172.37,10.05,0.62832,79.823,39.670,0.8951,raw,0,-,0,-,-,232.57,279.15
2026-07-04_Mark-Liversedge_Wrist_01__swing_0009,472,3163542,-3204,6.16043,231.98,17,1,2,,0.9975,0.1413,0,0.9900,0.1221,0.0711,-2.09798,-1.04361,0,-,-,-,0,-,-,-,ray,40.000,0,-,0.20191,135.92,181.56,581.33,307.01,170.16,11.40,0.80285,72.728,45.326,0.8951,raw,0,-,0,-,-,232.57,279.15
2026-07-04_Mark-Liversedge_Wrist_01__swing_0009,473,3170229,-3028,6.17798,231.76,17,1,2,,0.9965,0.1338,0,0.9910,0.1046,0.0834,-2.24393,-0.89766,0,-,-,-,0,-,-,-,ray,41.000,0,-,0.19116,137.44,180.63,583.78,305.23,168.03,12.60,0.62832,73.056,38.099,0.8951,mot,0,-,0,-,-,232.57,279.15
2026-07-04_Mark-Liversedge_Wrist_01__swing_0009,474,3177014,3373,6.19595,231.59,17,1,2,,0.9958,0.1263,0,0.9920,0.0868,0.0918,-2.38424,-0.75736,0,-,-,-,0,-,-,-,ray,41.000,0,-,0.19355,139.08,179.61,585.88,303.37,165.80,13.81,0.64577,76.597,43.080,0.8951,mot,0,-,0,-,-,232.57,279.15
2026-07-04_Mark-Liversedge_Wrist_01__swing_0009,475,3183627,-3240,6.20888,231.48,17,1,4,,0.9953,0.1217,0,0.9926,0.0739,0.0968,-2.48944,-0.65215,0,-,-,-,0,-,-,-,ray,41.000,0,-,0.18757,140.76,178.63,587.43,301.52,163.57,15.06,0.64577,76.855,34.791,0.8951,raw,0,-,0,-,-,232.57,279.15
2026-07-04_Mark-Liversedge_Wrist_01__swing_0009,476,3190325,-3268,6.21761,231.41,17,1,4,,0.9950,0.1192,0,0.9929,0.0652,0.0997,-2.56267,-0.57892,0,-,-,-,0,-,-,-,ray,41.000,0,-,0.18399,142.46,177.77,588.49,299.68,161.37,16.40,0.64577,73.844,38.679,0.8951,mot,0,-,0,-,-,232.57,279.15
2026-07-04_Mark-Liversedge_Wrist_01__swing_0009,477,3197104,-3325,6.23076,231.37,17,1,4,,0.9949,0.1139,0,0.9935,0.0521,0.1013,-2.66632,-0.47527,0,-,-,-,0,-,-,-,ray,41.000,0,-,0.18041,144.11,177.17,589.19,297.99,159.34,17.84,0.66323,66.407,33.848,0.8951,mot,0,-,0,-,-,232.57,279.15
2026-07-04_Mark-Liversedge_Wrist_01__swing_0009,478,3203696,-3217,6.23955,231.36,17,1,4,,0.9948,0.1107,0,0.9938,0.0434,0.1019,-2.73895,-0.40264,0,-,-,-,0,-,-,-,ray,41.000,0,-,0.15771,145.55,176.91,589.67,296.67,157.76,19.15,0.66323,67.647,36.156,0.8951,mot,0,-,0,-,-,232.57,279.15
2026-07-04_Mark-Liversedge_Wrist_01__swing_0009,479,3210450,-3347,6.23955,231.36,17,1,4,,0.9948,0.1107,0,0.9939,0.0434,0.1018,-2.73882,-0.40277,0,-,-,-,0,-,-,-,ray,41.000,0,-,0.15651,146.84,176.94,590.05,295.79,156.70,20.23,0.66323,70.935,43.137,0.8951,mot,0,-,0,-,-,232.57,279.15
2026-07-04_Mark-Liversedge_Wrist_01__swing_0009,480,3217139,-3137,6.23955,231.37,17,1,4,,0.9948,0.1103,0,0.9939,0.0434,0.1014,-2.73727,-0.40433,0,-,-,-,0,-,-,-,ray,41.000,0,-,0.16368,147.90,177.21,590.23,295.48,156.33,20.88,0.66323,69.953,43.255,0.8951,mot,0,-,0,-,-,232.57,279.15
2026-07-04_Mark-Liversedge_Wrist_01__swing_0009,481,3223870,-3333,6.24383,231.38,17,1,4,,0.9949,0.1081,0,0.9941,0.0391,0.1008,-2.77106,-0.37053,0,-,-,-,0,-,-,-,ray,41.000,0,-,0.17197,148.82,177.62,589.97,295.81,156.73,20.89,0.66323,70.514,42.830,0.8951,mot,0,-,0,-,-,232.57,279.15
2026-07-04_Mark-Liversedge_Wrist_01__swing_0009,482,3230486,-3153,6.24412,231.40,17,1,4,,0.9950,0.1074,0,0.9942,0.0389,0.1001,-2.77120,-0.37040,0,-,-,-,0,-,-,-,ray,41.000,0,-,0.15890,149.66,178.00,589.18,296.64,157.72,20.28,0.76794,67.093,44.283,0.8951,mot,0,-,0,-,-,232.57,279.15
2026-07-04_Mark-Liversedge_Wrist_01__swing_0009,483,3237169,-3226,6.23535,231.41,17,1,4,,0.9950,0.1102,0,0.9939,0.0476,0.0995,-2.69531,-0.44628,0,-,-,-,0,-,-,-,ray,41.000,0,-,0.18160,150.53,178.22,587.68,297.91,159.25,18.98,0.76794,68.328,46.830,0.8951,mot,0,-,0,-,-,232.57,279.15
2026-07-04_Mark-Liversedge_Wrist_01__swing_0009,484,3244018,3369,6.23083,231.43,17,1,4,,0.9951,0.1118,0,0.9937,0.0521,0.0989,-2.65708,-0.48451,0,-,-,-,0,-,-,-,ray,41.000,0,-,0.18399,151.49,178.25,585.46,299.45,161.09,17.16,0.76794,70.028,45.650,0.8951,mot,0,-,0,-,-,232.57,279.15
2026-07-04_Mark-Liversedge_Wrist_01__swing_0009,485,3250568,-3181,6.22277,231.43,17,1,4,,0.9951,0.1155,0,0.9933,0.0601,0.0986,-2.59429,-0.54730,0,-,-,-,0,-,-,-,ray,41.000,0,-,0.18877,152.51,178.08,582.65,301.01,162.97,15.11,0.76794,72.932,50.543,0.8951,mot,0,-,0,-,-,232.57,279.15
2026-07-04_Mark-Liversedge_Wrist_01__swing_0009,486,3257337,-3061,6.20515,231.44,17,1,4,,0.9951,0.1253,0,0.9921,0.0776,0.0984,-2.47390,-0.66769,0,-,-,-,0,-,-,-,ray,41.000,0,-,0.19833,153.66,177.87,578.97,302.60,164.88,12.99,0.76794,71.972,51.052,0.8951,mot,0,-,0,-,-,232.57,279.15
2026-07-04_Mark-Liversedge_Wrist_01__swing_0009,487,3263967,-3190,6.19183,231.44,17,1,4,,0.9952,0.1338,0,0.9910,0.0908,0.0983,-2.39578,-0.74581,0,-,-,-,0,-,-,-,ray,41.000,0,-,0.20550,154.85,177.84,574.64,304.05,166.62,11.22,0.78540,71.993,45.921,0.8951,mot,0,-,0,-,-,232.57,279.15
2026-07-04_Mark-Liversedge_Wrist_01__swing_0009,488,3270658,-3068,6.17525,231.44,17,1,4,,0.9952,0.1454,0,0.9894,0.1072,0.0982,-2.31258,-0.82902,0,-,-,-,0,-,-,-,pred,32.000,0,-,0.19355,156.15,178.30,569.52,305.36,168.19,10.11,0.78540,72.841,48.518,0.8951,mot,0,-,0,-,-,232.57,279.15
2026-07-04_Mark-Liversedge_Wrist_01__swing_0009,489,3277382,-3069,6.14883,231.44,17,1,4,,0.9952,0.1656,0,0.9862,0.1333,0.0983,-2.20601,-0.93558,0,-,-,-,0,-,-,-,pred,19.000,0,-,0.19355,157.58,179.40,563.77,306.59,169.66,9.74,0.78540,73.220,46.339,0.8951,mot,0,-,0,-,-,232.57,279.15
2026-07-04_Mark-Liversedge_Wrist_01__swing_0009,490,3284187,-3279,6.11320,231.44,17,1,4,,0.9952,0.1949,0,0.9808,0.1683,0.0983,-2.09933,-1.04226,0,-,-,-,0,-,-,-,pred,6.000,0,-,0.20607,159.26,181.38,557.49,307.91,171.24,10.14,0.78540,73.885,37.500,0.8951,mot,0,-,0,-,-,232.57,279.15
2026-07-04_Mark-Liversedge_Wrist_01__swing_0009,491,3290874,-3351,6.07824,231.44,17,1,4,,0.9952,0.2251,0,0.9743,0.2025,0.0983,-2.02283,-1.11876,0,-,-,-,0,-,-,-,pred,352.000,0,-,0.20933,161.20,184.11,551.06,309.71,173.41,10.71,0.78540,75.804,34.819,0.8951,mot,0,-,0,-,-,232.57,279.15
2026-07-04_Mark-Liversedge_Wrist_01__swing_0009,492,3297451,-3158,6.07730,231.44,17,1,4,,0.9952,0.2260,0,0.9741,0.2034,0.0983,-2.02107,-1.12053,0,-,-,-,0,-,-,-,pred,338.000,0,-,-,163.39,187.42,544.82,312.32,176.55,10.87,0.78540,66.558,27.907,0.8450,raw,0,-,0,-,-,232.57,279.15
2026-07-04_Mark-Liversedge_Wrist_01__swing_0009,493,3304204,-3179,6.06602,231.44,17,1,4,downswing,0.9952,0.2359,0,0.9718,0.2144,0.0983,-2.00058,-1.14101,0,-,-,-,0,-,-,-,pred,324.000,0,-,0.11111,165.94,191.38,538.86,316.41,181.45,9.94,0.68068,59.283,21.054,0.8951,raw,0,-,0,-,-,232.57,279.15
2026-07-04_Mark-Liversedge_Wrist_01__swing_0009,494,3310902,-3266,5.99204,231.44,17,1,4,downswing,0.9952,0.3020,0,0.9533,0.2857,0.0981,-1.90168,-1.23991,0,-,-,-,0,-,-,-,pred,311.000,0,-,0.08134,168.65,195.78,533.70,322.07,188.25,7.53,0.68068,51.070,5.819,0.8951,raw,0,-,0,-,-,232.57,279.15
2026-07-04_Mark-Liversedge_Wrist_01__swing_0009,495,3317719,3290,5.91630,231.45,1,1,4,downswing,0.9952,0.3702,1,0.9290,0.3570,0.0979,-1.83833,-1.30326,0,-,-,-,0,-,-,-,pred,298.000,0,-,-,171.60,200.86,529.27,329.39,197.03,3.83,0.68068,49.400,3.621,0.8951,raw,0,-,0,-,-,232.57,279.15
2026-07-04_Mark-Liversedge_Wrist_01__swing_0009,496,3324343,-3334,5.89477,231.46,1,1,4,downswing,0.9952,0.3893,1,0.9211,0.3769,0.0974,-1.82380,-1.31780,0,-,-,-,0,-,-,-,pred,286.000,0,-,0.13859,174.73,206.65,525.75,337.96,207.32,0.67,1.74533,55.270,11.736,0.8951,raw,0,-,0,-,-,232.57,279.15
2026-07-04_Mark-Liversedge_Wrist_01__swing_0009,497,3330929,-3135,5.83918,231.47,17,1,4,downswing,0.9953,0.4384,1,0.8988,0.4275,0.0969,-1.79369,-1.34791,0,-,-,-,0,-,-,-,pred,273.000,0,-,-,178.22,213.58,522.63,347.42,218.67,5.08,1.78024,62.693,7.557,0.2646,raw,0,-,0,-,-,232.57,279.15
2026-07-04_Mark-Liversedge_Wrist_01__swing_0009,498,3337704,-3074,5.73541,231.49,1,1,4,downswing,0.9954,0.5272,1,0.8497,0.5184,0.0962,-1.75425,-1.38734,0,-,-,-,0,-,-,-,pred,260.000,0,-,-,182.38,222.66,519.49,357.93,231.28,8.62,1.85005,69.212,20.306,0.8951,raw,0,-,0,-,-,232.57,279.15
2026-07-04_Mark-Liversedge_Wrist_01__swing_0009,499,3344389,-3237,5.66474,231.51,1,1,4,downswing,0.9954,0.5849,1,0.8111,0.5771,0.0953,-1.73445,-1.40714,0,-,-,-,0,-,-,-,ray,246.000,0,-,-,187.08,233.72,516.08,368.89,244.45,10.72,1.91986,73.853,24.032,0.8951,raw,0,-,0,-,-,232.57,279.15
2026-07-04_Mark-Liversedge_Wrist_01__swing_0009,500,3351150,-3305,5.59164,231.53,1,1,4,downswing,0.9955,0.6419,1,0.7668,0.6349,0.0943,-1.71828,-1.42331,0,-,-,-,0,-,-,-,ray,246.000,0,-,-,192.63,247.43,512.18,380.59,258.48,11.05,1.98968,63.674,8.613,0.8951,raw,0,-,0,-,-,232.57,279.15
2026-07-04_Mark-Liversedge_Wrist_01__swing_0009,501,3357782,-2931,5.51107,231.55,1,1,4,downswing,0.9956,0.7008,1,0.7133,0.6946,0.0933,-1.70426,-1.43734,0,-,-,-,0,-,-,-,pred,246.000,0,-,-,199.08,263.34,508.09,392.95,273.32,9.98,0.43633,66.496,3.417,0.8951,raw,0,-,0,-,-,232.57,279.15
2026-07-04_Mark-Liversedge_Wrist_01__swing_0009,502,3364603,-3206,5.40750,231.58,1,1,4,downswing,0.9958,0.7702,1,0.6377,0.7647,0.0921,-1.69061,-1.45098,0,-,-,-,0,-,-,-,ray,246.000,0,-,-,206.93,281.69,504.30,406.73,289.86,8.17,0.00000,70.254,11.037,0.8951,raw,0,-,0,-,-,232.57,279.15
2026-07-04_Mark-Liversedge_Wrist_01__swing_0009,503,3371094,-3130,5.28908,231.60,1,1,4,downswing,0.9959,0.8397,1,0.5430,0.8348,0.0910,-1.67936,-1.46224,0,-,-,-,0,-,-,-,ray,246.000,0,-,-,215.91,300.61,501.88,420.96,306.94,6.33,0.22689,77.622,27.993,0.8951,raw,0,-,0,-,-,232.57,279.15
2026-07-04_Mark-Liversedge_Wrist_01__swing_0009,504,3377897,-3144,5.13431,231.62,1,1,4,downswing,0.9959,0.9130,1,0.4079,0.9086,0.0900,-1.66951,-1.47208,0,-,-,-,0,-,-,-,ray,246.000,0,-,-,226.67,321.13,501.43,436.87,326.04,4.91,0.10472,90.946,19.452,0.8951,raw,0,-,0,-,-,232.57,279.15
2026-07-04_Mark-Liversedge_Wrist_01__swing_0009,505,3384609,-3341,4.94970,231.64,1,1,4,downswing,0.9960,0.9722,1,0.2342,0.9681,0.0893,-1.66277,-1.47882,0,-,-,-,0,-,-,-,ray,246.000,0,-,0.13991,238.34,341.48,503.35,453.21,345.65,4.17,-2.04204,116.899,34.228,0.8951,raw,0,-,0,-,-,232.57,279.15
2026-07-04_Mark-Liversedge_Wrist_01__swing_0009,506,3391227,-3157,4.75248,231.64,17,1,4,downswing,0.9960,0.9992,1,0.0399,0.9952,0.0891,-1.66007,-1.48153,0,-,-,-,0,-,-,-,ray,244.000,0,-,0.18330,250.23,361.25,507.85,469.62,365.35,4.11,-2.00713,133.899,58.578,0.8951,raw,0,-,0,-,-,232.57,279.15
2026-07-04_Mark-Liversedge_Wrist_01__swing_0009,507,3397999,-3286,4.60818,231.63,17,1,4,downswing,0.9960,0.9946,1,-0.1036,0.9906,0.0896,-1.66101,-1.48058,0,-,-,-,0,-,-,-,ray,244.000,0,-,0.20805,261.99,381.02,514.60,486.33,385.41,4.39,-2.00713,153.797,82.186,0.8450,raw,0,-,0,-,-,232.57,279.15
2026-07-04_Mark-Liversedge_Wrist_01__swing_0009,508,3404626,-3243,4.40433,231.60,17,1,4,downswing,0.9958,0.9533,1,-0.3019,0.9490,0.0912,-1.66660,-1.47500,0,-,-,-,0,-,-,-,ray,243.000,0,-,0.23427,272.28,399.79,522.94,502.30,404.58,4.79,-2.02458,171.112,97.081,0.8951,raw,0,-,0,-,-,232.57,279.15
2026-07-04_Mark-Liversedge_Wrist_01__swing_0009,509,3411347,-3243,4.13936,231.53,17,1,3,downswing,0.9955,0.8418,1,-0.5398,0.8365,0.0943,-1.68307,-1.45852,0,-,-,-,0,-,-,-,recon,270.256,0,-,0.23861,281.16,418.16,532.61,517.74,423.11,4.95,-2.02458,107.950,37.287,0.8951,raw,0,-,0,-,-,232.57,279.15
2026-07-04_Mark-Liversedge_Wrist_01__swing_0009,510,3418148,-3333,3.97081,231.41,17,1,3,downswing,0.9950,0.7405,1,-0.6721,0.7337,0.0996,-1.70570,-1.43589,0,-,-,-,0,-,-,-,ray,247.737,0,-,0.26139,288.38,435.76,543.19,532.42,440.72,4.96,-2.02458,55.054,1.594,0.8951,raw,0,-,0,-,-,232.57,279.15
2026-07-04_Mark-Liversedge_Wrist_01__swing_0009,511,3424728,-3231,3.80982,231.23,17,1,3,,0.9943,0.6253,1,-0.7804,0.6160,0.1070,-1.74282,-1.39878,0,-,-,-,0,-,-,-,recon,235.387,0,-,-,293.63,451.35,554.16,545.35,456.24,4.90,-2.02458,66.859,2.802,0.2718,raw,0,-,0,-,-,232.57,279.15
2026-07-04_Mark-Liversedge_Wrist_01__swing_0009,512,3431523,-3171,3.61594,230.96,1,1,3,,0.9931,0.4685,1,-0.8834,0.4536,0.1174,-1.82409,-1.31750,0,-,-,-,0,-,-,-,recon,228.123,0,-,-,297.61,465.76,566.26,557.33,470.62,4.86,-2.39110,67.679,5.835,0.8951,raw,0,-,0,-,-,232.57,279.15
2026-07-04_Mark-Liversedge_Wrist_01__swing_0009,513,3438048,-3160,3.41164,230.60,1,1,3,,0.9915,0.2946,0,-0.9556,0.2645,0.1298,-2.02685,-1.11475,0,-,-,-,1,4.25860,0.22343,16.11,seg,243.000,0,-,0.19355,300.01,477.60,578.73,567.34,482.65,5.04,-2.32129,73.202,13.559,0.8951,raw,0,-,0,-,-,232.57,279.15
2026-07-04_Mark-Liversedge_Wrist_01__swing_0009,514,3444884,-3136,3.18987,230.12,17,1,3,,0.9895,0.1523,0,-0.9883,0.0478,0.1446,-2.82263,-0.31897,0,-,-,-,0,-,-,-,recon,220.298,0,-,0.19355,301.20,488.06,592.80,576.10,493.16,5.09,-2.28638,81.432,13.320,0.8951,raw,0,-,0,-,-,232.57,279.15
2026-07-04_Mark-Liversedge_Wrist_01__swing_0009,515,3451507,-3219,2.94577,229.55,17,1,3,,0.9870,0.2503,0,-0.9682,-0.1920,0.1605,2.26683,0.87476,0,-,-,-,0,-,-,-,recon,218.139,0,-,0.17245,301.16,496.46,607.31,582.97,501.40,4.93,-2.23402,86.923,12.798,0.8951,raw,0,-,0,-,-,232.57,279.15
2026-07-04_Mark-Liversedge_Wrist_01__swing_0009,516,3458242,-3266,2.64432,228.91,17,1,3,,0.9843,0.5016,1,-0.8651,-0.4695,0.1766,1.93049,1.21111,0,-,-,-,0,-,-,-,recon,216.691,0,-,-,300.05,503.32,622.88,588.25,507.74,4.43,-2.18166,84.919,0.286,0.8951,raw,0,-,0,-,-,232.57,279.15
2026-07-04_Mark-Liversedge_Wrist_01__swing_0009,517,3464976,-3118,2.35498,228.24,1,1,3,,0.9814,0.7208,1,-0.6931,-0.6948,0.1920,1.84046,1.30113,0,-,-,-,0,-,-,-,recon,215.752,0,-,-,298.36,508.81,638.86,592.22,512.51,3.69,1.01229,106.114,27.653,0.8951,raw,0,-,1,1.01229,104.95,232.57,279.15
2026-07-04_Mark-Liversedge_Wrist_01__swing_0009,518,3471682,-3146,2.15005,227.57,24,0,3,impact,0.9785,0.8444,1,-0.5356,-0.8189,0.2062,1.81746,1.32413,0,-,-,-,1,4.01426,0.28506,-12.94,seg,229.000,0,-,-,296.44,512.88,654.82,595.15,516.02,3.14,1.02974,126.659,41.493,0.8951,raw,0,-,1,1.03847,136.39,232.57,279.15
2026-07-04_Mark-Liversedge_Wrist_01__swing_0009,519,3478380,-3145,2.01549,226.90,24,0,3,impact,0.9757,0.9077,1,-0.4197,-0.8808,0.2193,1.81483,1.32676,0,-,-,-,0,-,-,-,recon,214.755,0,-,0.22414,294.60,515.57,670.33,597.22,518.50,2.93,1.04720,127.918,66.576,0.8951,raw,0,-,1,1.03847,130.77,232.57,279.15
2026-07-04_Mark-Liversedge_Wrist_01__swing_0009,520,3485042,-3236,1.92138,226.12,17,1,3,impact,0.9723,0.9426,1,-0.3339,-0.9132,0.2337,1.82139,1.32020,0,-,-,-,0,-,-,-,ray,214.438,0,-,0.21149,292.93,516.87,685.12,598.51,520.05,3.18,1.06465,62.330,2.393,0.8951,raw,0,-,1,1.06465,59.06,232.57,279.15
2026-07-04_Mark-Liversedge_Wrist_01__swing_0009,521,3491736,-3265,1.77456,225.02,17,1,3,impact,0.9675,0.9806,1,-0.1958,-0.9475,0.2528,1.83148,1.31011,0,-,-,-,0,-,-,-,ray,214.109,0,-,0.08621,291.38,516.51,699.25,598.64,520.20,3.70,1.91986,57.891,0.508,0.1715,raw,0,-,1,1.11701,50.59,232.57,279.15
2026-07-04_Mark-Liversedge_Wrist_01__swing_0009,522,3498412,-3197,1.63620,223.40,17,1,3,impact,0.9606,0.9980,1,-0.0628,-0.9585,0.2780,1.85305,1.28855,0,-,-,-,0,-,-,-,ray,213.685,0,-,-,289.77,514.67,712.82,597.11,518.37,3.70,-2.25147,63.042,3.766,0.8951,raw,0,-,1,1.09083,40.83,232.57,279.15
2026-07-04_Mark-Liversedge_Wrist_01__swing_0009,523,3505201,-3224,1.52345,221.15,1,1,3,impact,0.9509,0.9990,1,0.0450,-0.9498,0.3095,1.88579,1.25580,0,-,-,-,0,-,-,-,ray,213.080,0,-,-,287.81,511.30,726.34,593.63,514.20,2.90,1.91986,75.688,11.918,0.8951,raw,0,-,1,1.09956,27.73,232.57,279.15
2026-07-04_Mark-Liversedge_Wrist_01__swing_0009,524,3511818,-3116,1.33274,218.40,1,1,3,impact,0.9391,0.9752,1,0.2214,-0.9126,0.3437,1.93103,1.21056,0,-,-,-,1,3.62156,0.24598,82.43,seg,207.000,0,-,-,285.32,506.84,739.31,587.95,507.38,0.54,1.88496,75.571,15.319,0.8951,raw,0,-,1,1.16064,23.18,232.57,279.15
2026-07-04_Mark-Liversedge_Wrist_01__swing_0009,525,3518556,-3284,1.13660,215.33,1,1,3,,0.9259,0.9210,1,0.3895,-0.8400,0.3778,1.99351,1.14808,0,-,-,-,0,-,-,-,ray,210.960,0,-,-,282.05,501.39,752.27,580.23,498.12,3.27,1.81514,68.655,12.949,0.8951,raw,0,-,0,-,-,232.57,279.15
2026-07-04_Mark-Liversedge_Wrist_01__swing_0009,526,3525223,-3176,1.01495,212.38,1,1,3,,0.9132,0.8762,1,0.4819,-0.7757,0.4075,2.05448,1.08711,0,-,-,-,1,3.54302,0.23218,76.63,seg,203.000,0,-,-,277.83,495.01,764.60,570.76,486.75,8.26,-2.91470,65.202,0.116,0.8951,raw,0,-,0,-,-,232.57,279.15
2026-07-04_Mark-Liversedge_Wrist_01__swing_0009,527,3532010,-3271,0.90070,209.68,1,1,3,,0.9016,0.8285,1,0.5600,-0.7066,0.4326,2.12009,1.02150,0,-,-,-,1,3.48193,0.22759,96.52,seg,200.000,0,-,-,272.73,487.56,776.27,559.61,473.36,14.20,1.98968,77.737,16.343,0.8951,raw,0,-,0,-,-,232.57,279.15
2026-07-04_Mark-Liversedge_Wrist_01__swing_0009,528,3538668,-3182,0.76173,207.36,1,1,3,,0.8916,0.7640,1,0.6452,-0.6154,0.4528,2.20516,0.93643,0,-,-,-,1,3.44703,0.22343,74.29,seg,197.000,0,-,-,267.21,479.01,786.65,547.66,459.02,19.99,1.93732,77.826,24.514,0.8951,raw,0,-,0,-,-,232.57,279.15
2026-07-04_Mark-Liversedge_Wrist_01__swing_0009,529,3545351,-3291,0.58789,205.19,20,0,3,,0.8823,0.6790,1,0.7342,-0.4893,0.4707,2.33680,0.80479,0,-,-,-,0,-,-,-,recon,201.165,0,-,-,261.62,468.85,795.69,535.03,443.86,25.00,1.88496,64.249,15.576,0.8951,raw,0,-,0,-,-,232.57,279.15
2026-07-04_Mark-Liversedge_Wrist_01__swing_0009,530,3551981,-3175,0.44840,202.96,17,1,3,,0.8727,0.6177,1,0.7864,-0.3783,0.4882,2.48235,0.65924,0,-,-,-,0,-,-,-,recon,197.354,0,-,-,256.58,457.01,803.47,522.31,428.60,28.41,1.83260,55.014,11.766,0.8951,raw,0,-,0,-,-,232.57,279.15
2026-07-04_Mark-Liversedge_Wrist_01__swing_0009,531,3558705,-3110,0.35537,200.31,24,0,3,,0.8613,0.5899,1,0.8075,-0.2997,0.5081,2.60873,0.53286,0,-,-,-,1,3.33358,0.11828,19.82,seg,191.000,0,-,-,252.82,442.59,810.20,509.37,413.06,29.53,1.55334,47.720,8.327,0.8951,raw,0,-,0,-,-,232.57,279.15
2026-07-04_Mark-Liversedge_Wrist_01__swing_0009,532,3565415,-3227,0.25659,197.11,24,0,3,,0.8475,0.5727,1,0.8198,-0.2151,0.5307,2.75654,0.38505,0,-,-,-,0,-,-,-,ray,187.262,0,-,-,250.89,425.91,815.88,496.40,397.49,28.42,2.93215,61.282,12.225,0.7447,raw,0,-,0,-,-,232.57,279.15
2026-07-04_Mark-Liversedge_Wrist_01__swing_0009,533,3572081,-3085,0.16548,193.36,24,0,3,,0.8314,0.5723,1,0.8201,-0.1370,0.5556,2.89992,0.24168,0,-,-,-,0,-,-,-,ray,180.492,0,-,-,251.24,406.95,820.78,483.38,381.87,25.09,1.97222,52.433,19.933,0.8951,mot,0,-,0,-,-,232.57,279.15
2026-07-04_Mark-Liversedge_Wrist_01__swing_0009,534,3578804,-3166,0.06405,189.00,24,0,5,,0.8127,0.5850,1,0.8110,-0.0520,0.5827,3.05256,0.08903,0,-,-,-,0,-,-,-,ray,179.000,0,-,-,254.03,385.58,825.10,469.99,365.79,19.79,1.97222,47.815,21.174,0.8951,mot,0,-,0,-,-,232.57,279.15
2026-07-04_Mark-Liversedge_Wrist_01__swing_0009,535,3585633,-3340,-0.06004,184.25,24,0,5,,0.7922,0.6121,1,0.7908,0.0475,0.6102,-3.06384,-0.07775,0,-,-,-,0,-,-,-,ray,175.000,0,-,-,258.84,362.29,829.10,456.05,349.06,13.23,1.90241,48.519,24.204,0.8951,mot,0,-,0,-,-,232.57,279.15
2026-07-04_Mark-Liversedge_Wrist_01__swing_0009,536,3592195,-3106,-0.21167,179.55,24,0,5,,0.7721,0.6559,1,0.7548,0.1622,0.6356,-2.89171,-0.24988,0,-,-,-,0,-,-,-,ray,174.000,0,-,-,264.95,339.06,832.59,442.32,332.58,6.48,0.08727,85.936,34.690,0.8951,raw,0,-,0,-,-,232.57,279.15
2026-07-04_Mark-Liversedge_Wrist_01__swing_0009,537,3598853,-3101,-0.33002,174.90,24,0,5,,0.7521,0.7027,1,0.7115,0.2437,0.6591,-2.78741,-0.35418,0,-,-,-,0,-,-,-,ray,173.000,0,-,-,271.85,315.56,835.53,428.07,315.47,0.09,0.22689,84.103,17.982,0.8951,raw,0,-,0,-,-,232.57,279.15
2026-07-04_Mark-Liversedge_Wrist_01__swing_0009,538,3605740,-3162,-0.40813,170.50,24,0,5,,0.7331,0.7397,1,0.6729,0.2910,0.6801,-2.73729,-0.40430,0,-,-,-,0,-,-,-,ray,167.000,0,-,-,278.95,292.24,837.72,413.11,297.52,5.27,0.00000,72.797,17.730,0.8951,raw,0,-,0,-,-,232.57,279.15
2026-07-04_Mark-Liversedge_Wrist_01__swing_0009,539,3612373,-3255,-0.59586,167.06,1,1,5,,0.7183,0.8041,1,0.5945,0.4031,0.6957,-2.61640,-0.52520,0,-,-,-,0,-,-,-,ray,155.000,0,-,-,284.98,271.68,838.51,398.65,280.16,8.48,0.12217,65.623,26.488,0.8951,raw,0,-,0,-,-,232.57,279.15
2026-07-04_Mark-Liversedge_Wrist_01__swing_0009,540,3618971,-3015,-0.81222,164.77,1,1,5,,0.7085,0.8732,1,0.4873,0.5142,0.7057,-2.51192,-0.62967,0,-,-,-,0,-,-,-,pred,154.000,0,-,-,289.72,253.44,837.83,384.48,263.16,9.72,0.19199,37.228,2.261,0.1500,raw,0,-,0,-,-,232.57,279.15
2026-07-04_Mark-Liversedge_Wrist_01__swing_0009,541,3625756,-3154,-0.97466,163.77,1,1,5,,0.7042,0.9185,1,0.3954,0.5827,0.7100,-2.45436,-0.68724,0,-,-,-,0,-,-,-,pred,144.000,0,-,-,292.61,237.73,835.57,370.37,246.21,8.48,2.82743,35.379,1.190,0.2216,raw,0,-,0,-,-,232.57,279.15
2026-07-04_Mark-Liversedge_Wrist_01__swing_0009,542,3632392,-3226,-1.10453,164.21,1,1,5,,0.7061,0.9483,1,0.3174,0.6307,0.7081,-2.41393,-0.72766,0,-,-,-,0,-,-,-,pred,134.000,0,-,-,293.31,225.39,831.95,357.35,230.59,5.20,2.77507,27.714,4.001,0.1715,raw,0,-,0,-,-,232.57,279.15
2026-07-04_Mark-Liversedge_Wrist_01__swing_0009,543,3639285,-3245,-1.22097,165.97,1,1,5,,0.7137,0.9696,1,0.2446,0.6704,0.7005,-2.37811,-0.76349,0,-,-,-,0,-,-,-,pred,133.000,0,-,-,291.77,215.71,827.25,344.77,215.49,0.22,2.82743,29.016,9.942,0.8020,raw,0,-,0,-,-,232.57,279.15
2026-07-04_Mark-Liversedge_Wrist_01__swing_0009,544,3645823,-3197,-1.32479,168.63,1,1,5,,0.7251,0.9843,1,0.1766,0.7033,0.6886,-2.34569,-0.79590,0,-,-,-,0,-,-,-,ray,131.000,0,-,-,287.93,209.72,822.18,333.98,202.54,7.18,2.68781,29.020,8.124,0.8951,raw,0,-,0,-,-,232.57,279.15
2026-07-04_Mark-Liversedge_Wrist_01__swing_0009,545,3652450,-3221,-1.42915,171.82,1,1,5,,0.7388,0.9945,1,0.1043,0.7314,0.6739,-2.31529,-0.82630,0,-,-,-,0,-,-,-,ray,127.000,0,-,-,282.15,206.18,816.84,324.16,190.75,15.42,2.67035,31.342,17.885,0.8951,raw,0,-,0,-,-,232.57,279.15
2026-07-04_Mark-Liversedge_Wrist_01__swing_0009,546,3659215,-3286,-1.53339,175.02,1,1,5,,0.7526,0.9996,1,0.0281,0.7520,0.6585,-2.29000,-0.85159,0,-,-,-,0,-,-,-,ray,126.000,0,-,0.19355,274.35,205.10,811.37,315.10,179.87,25.23,2.67035,35.165,21.980,0.8951,raw,0,-,0,-,-,232.57,279.15
2026-07-04_Mark-Liversedge_Wrist_01__swing_0009,547,3665914,-3084,-1.62987,177.74,17,1,5,,0.7643,0.9990,1,-0.0451,0.7629,0.6449,-2.27255,-0.86904,0,-,-,-,0,-,-,-,ray,126.000,0,-,0.19355,265.15,206.04,806.09,306.80,169.91,36.13,2.63545,41.575,29.471,0.8951,raw,0,-,0,-,-,232.57,279.15
2026-07-04_Mark-Liversedge_Wrist_01__swing_0009,548,3672561,-3265,-1.70881,179.59,17,1,5,,0.7722,0.9943,1,-0.1062,0.7649,0.6353,-2.26395,-0.87764,0,-,-,-,0,-,-,-,ray,122.000,0,-,0.19355,255.03,208.40,800.99,298.85,160.37,48.04,2.61799,36.637,24.505,0.8951,raw,0,-,0,-,-,232.57,279.15
2026-07-04_Mark-Liversedge_Wrist_01__swing_0009,549,3679352,-3209,-1.77925,180.40,17,1,5,,0.7757,0.9870,1,-0.1605,0.7589,0.6311,-2.26450,-0.87709,0,-,-,-,0,-,-,-,ray,120.000,0,-,-,244.02,211.90,795.90,290.85,150.77,61.12,2.60054,35.661,17.933,0.8951,raw,0,-,0,-,-,232.57,279.15
2026-07-04_Mark-Liversedge_Wrist_01__swing_0009,550,3685981,-3233,-1.84947,180.20,17,1,5,,0.7748,0.9770,1,-0.2131,0.7449,0.6322,-2.27452,-0.86707,0,-,-,-,0,-,-,-,ray,117.000,0,-,0.19355,233.13,215.72,790.95,283.18,141.56,74.16,2.72271,37.210,14.273,0.6515,raw,0,-,0,-,-,232.57,279.15
2026-07-04_Mark-Liversedge_Wrist_01__swing_0009,551,3692688,-3365,-1.92717,179.17,17,1,5,,0.7704,0.9632,1,-0.2688,0.7220,0.6375,-2.29413,-0.84746,0,-,-,-,0,-,-,-,ray,116.000,0,-,0.20230,222.42,219.53,785.86,275.71,132.59,86.94,2.68781,57.324,17.180,0.8880,raw,0,-,0,-,-,232.57,279.15
2026-07-04_Mark-Liversedge_Wrist_01__swing_0009,552,3699322,-3042,-2.02117,177.57,17,1,5,,0.7635,0.9432,1,-0.3324,0.6874,0.6458,-2.32500,-0.81659,0,-,-,-,0,-,-,-,ray,115.000,0,-,0.19355,212.53,222.78,780.63,268.90,124.42,98.36,2.68781,56.780,20.186,0.5369,raw,0,-,0,-,-,232.57,279.15
2026-07-04_Mark-Liversedge_Wrist_01__swing_0009,553,3706055,-3267,-2.10209,175.47,17,1,5,,0.7545,0.9240,1,-0.3823,0.6505,0.6563,-2.36061,-0.78098,0,-,-,-,0,-,-,-,ray,114.000,0,-,0.22234,203.46,225.21,775.03,262.65,116.92,108.29,2.65290,49.988,14.407,0.8235,raw,0,-,0,-,-,232.57,279.15
2026-07-04_Mark-Liversedge_Wrist_01__swing_0009,554,3712768,-3177,-2.20191,173.08,17,1,6,,0.7442,0.8984,1,-0.4391,0.6009,0.6679,-2.40901,-0.73258,0,-,-,-,0,-,-,-,ray,113.000,0,-,0.07158,195.86,226.29,769.03,257.06,110.21,116.08,2.58309,39.325,3.486,0.8951,raw,0,-,0,-,-,232.57,279.15
2026-07-04_Mark-Liversedge_Wrist_01__swing_0009,555,3719390,-2926,-2.28638,170.29,17,1,6,,0.7322,0.8771,1,-0.4804,0.5526,0.6811,-2.45995,-0.68164,0,-,-,-,0,-,-,-,ray,112.000,0,-,-,189.71,226.04,762.62,252.01,104.15,121.89,2.60054,40.707,2.244,0.8020,raw,0,-,0,-,-,232.57,279.15
2026-07-04_Mark-Liversedge_Wrist_01__swing_0009,556,3726210,-3123,-2.29454,166.90,1,1,6,,0.7176,0.8799,1,-0.4752,0.5377,0.6964,-2.48406,-0.65754,0,-,-,-,1,1.91986,0.17834,208.93,seg,111.000,0,-,0.19355,184.93,224.27,755.55,247.09,98.25,126.02,2.54818,45.078,4.690,0.8235,raw,0,-,0,-,-,232.57,279.15
