run,frame,phase,tier,theta_out,theta_dp,span,seg_mode,seg_pass,seg_theta,seg_s,seg_r0,seg_n,seg_sup,seg_distal,seg_stage,seg_rg,seg_rf,seg_onset,band_theta,band_s,band_r0,band_n
2026-09-09_Mark-Liversedge_Wrist_01__swing_0001,0,addr,pred,83,83,False,0,,,,,,,,8,,,,,,,
2026-09-09_Mark-Liversedge_Wrist_01__swing_0001,1,addr,pred,83,83,False,0,,,,,,,,8,,,,,,,
2026-09-09_Mark-Liversedge_Wrist_01__swing_0001,2,addr,pred,83,83,False,0,,,,,,,,8,,,,,,,
2026-09-09_Mark-Liversedge_Wrist_01__swing_0001,3,addr,pred,83,83,False,0,,,,,,,,8,,,,,,,
2026-09-09_Mark-Liversedge_Wrist_01__swing_0001,4,addr,pred,83,83,False,0,,,,,,,,8,,,,,,,
2026-09-09_Mark-Liversedge_Wrist_01__swing_0001,5,addr,pred,83,83,False,0,,,,,,,,8,,,,,,,
2026-09-09_Mark-Liversedge_Wrist_01__swing_0001,6,addr,pred,83,83,False,0,,,,,,,,8,,,,,,,
2026-09-09_Mark-Liversedge_Wrist_01__swing_0001,7,addr,pred,83,83,False,0,,,,,,,,8,,,,,,,
2026-09-09_Mark-Liversedge_Wrist_01__swing_0001,8,addr,pred,83,83,False,0,,,,,,,,8,,,,,,,
2026-09-09_Mark-Liversedge_Wrist_01__swing_0001,9,addr,pred,83,83,False,0,,,,,,,,8,,,,,,,
2026-09-09_Mark-Liversedge_Wrist_01__swing_0001,10,addr,pred,83,83,False,0,,,,,,,,8,,,,,,,
2026-09-09_Mark-Liversedge_Wrist_01__swing_0001,11,addr,pred,83,83,False,0,,,,,,,,8,,,,,,,
2026-09-09_Mark-Liversedge_Wrist_01__swing_0001,12,addr,pred,83,83,False,1,1,99.03020477294922,0.3883333206176758,215.622314453125,2,0.688034176826477,1,9,25,258,1,,,,
2026-09-09_Mark-Liversedge_Wrist_01__swing_0001,13,addr,pred,83,83,False,0,,,,,,,,8,,,,,,,
2026-09-09_Mark-Liversedge_Wrist_01__swing_0001,14,addr,pred,83,83,False,0,,,,,,,,8,,,,,,,
2026-09-09_Mark-Liversedge_Wrist_01__swing_0001,15,addr,pred,83,83,False,0,,,,,,,,8,,,,,,,
2026-09-09_Mark-Liversedge_Wrist_01__swing_0001,16,addr,pred,83,83,False,0,,,,,,,,8,,,,,,,
2026-09-09_Mark-Liversedge_Wrist_01__swing_0001,17,addr,pred,83,83,False,0,,,,,,,,8,,,,,,,
2026-09-09_Mark-Liversedge_Wrist_01__swing_0001,18,addr,pred,83,83,False,0,,,,,,,,8,,,,,,,
2026-09-09_Mark-Liversedge_Wrist_01__swing_0001,19,addr,pred,83,83,False,0,,,,,,,,8,,,,,,,
2026-09-09_Mark-Liversedge_Wrist_01__swing_0001,20,addr,pred,83,83,False,0,,,,,,,,8,,,,,,,
2026-09-09_Mark-Liversedge_Wrist_01__swing_0001,21,addr,pred,83,83,False,0,,,,,,,,8,,,,,,,
2026-09-09_Mark-Liversedge_Wrist_01__swing_0001,22,addr,pred,83,83,False,0,,,,,,,,8,,,,,,,
2026-09-09_Mark-Liversedge_Wrist_01__swing_0001,23,addr,pred,83,83,False,0,,,,,,,,8,,,,,,,
2026-09-09_Mark-Liversedge_Wrist_01__swing_0001,24,addr,pred,83,83,False,0,,,,,,,,8,,,,,,,
2026-09-09_Mark-Liversedge_Wrist_01__swing_0001,25,addr,pred,83,83,False,0,,,,,,,,8,,,,,,,
2026-09-09_Mark-Liversedge_Wrist_01__swing_0001,26,addr,pred,83,83,False,0,,,,,,,,8,,,,,,,
2026-09-09_Mark-Liversedge_Wrist_01__swing_0001,27,addr,pred,83,83,False,0,,,,,,,,8,,,,,,,
2026-09-09_Mark-Liversedge_Wrist_01__swing_0001,28,addr,pred,83,83,False,0,,,,,,,,8,,,,,,,
2026-09-09_Mark-Liversedge_Wrist_01__swing_0001,29,addr,pred,83,83,False,0,,,,,,,,8,,,,,,,
2026-09-09_Mark-Liversedge_Wrist_01__swing_0001,30,addr,pred,83,83,False,0,,,,,,,,8,,,,,,,
2026-09-09_Mark-Liversedge_Wrist_01__swing_0001,31,addr,pred,83,83,False,0,,,,,,,,8,,,,,,,
2026-09-09_Mark-Liversedge_Wrist_01__swing_0001,32,addr,pred,83,83,False,0,,,,,,,,8,,,,,,,
2026-09-09_Mark-Liversedge_Wrist_01__swing_0001,33,addr,pred,83,83,False,0,,,,,,,,8,,,,,,,
2026-09-09_Mark-Liversedge_Wrist_01__swing_0001,34,addr,pred,83,83,False,0,,,,,,,,8,,,,,,,
2026-09-09_Mark-Liversedge_Wrist_01__swing_0001,35,addr,pred,83,83,False,0,,,,,,,,8,,,,,,,
2026-09-09_Mark-Liversedge_Wrist_01__swing_0001,36,addr,pred,83,83,False,0,,,,,,,,8,,,,,,,
2026-09-09_Mark-Liversedge_Wrist_01__swing_0001,37,addr,pred,83,83,False,0,,,,,,,,8,,,,,,,
2026-09-09_Mark-Liversedge_Wrist_01__swing_0001,38,addr,pred,83,83,False,0,,,,,,,,8,,,,,,,
2026-09-09_Mark-Liversedge_Wrist_01__swing_0001,39,addr,pred,83,83,False,0,,,,,,,,8,,,,,,,
2026-09-09_Mark-Liversedge_Wrist_01__swing_0001,40,addr,pred,83,83,False,0,,,,,,,,8,,,,,,,
2026-09-09_Mark-Liversedge_Wrist_01__swing_0001,41,addr,pred,83,83,False,0,,,,,,,,8,,,,,,,
2026-09-09_Mark-Liversedge_Wrist_01__swing_0001,42,addr,pred,83,83,False,0,,,,,,,,8,,,,,,,
2026-09-09_Mark-Liversedge_Wrist_01__swing_0001,43,addr,pred,83,83,False,0,,,,,,,,8,,,,,,,
2026-09-09_Mark-Liversedge_Wrist_01__swing_0001,44,addr,pred,83,83,False,0,,,,,,,,8,,,,,,,
2026-09-09_Mark-Liversedge_Wrist_01__swing_0001,45,addr,pred,83,83,False,0,,,,,,,,8,,,,,,,
2026-09-09_Mark-Liversedge_Wrist_01__swing_0001,46,addr,pred,83,83,False,0,,,,,,,,8,,,,,,,
2026-09-09_Mark-Liversedge_Wrist_01__swing_0001,47,addr,pred,83,83,False,0,,,,,,,,8,,,,,,,
2026-09-09_Mark-Liversedge_Wrist_01__swing_0001,48,addr,pred,83,83,False,0,,,,,,,,8,,,,,,,
2026-09-09_Mark-Liversedge_Wrist_01__swing_0001,49,addr,pred,83,83,False,0,,,,,,,,8,,,,,,,
2026-09-09_Mark-Liversedge_Wrist_01__swing_0001,50,addr,pred,83,83,False,0,,,,,,,,8,,,,,,,
2026-09-09_Mark-Liversedge_Wrist_01__swing_0001,51,addr,pred,83,83,False,0,,,,,,,,8,,,,,,,
2026-09-09_Mark-Liversedge_Wrist_01__swing_0001,52,addr,pred,83,83,False,0,,,,,,,,8,,,,,,,
2026-09-09_Mark-Liversedge_Wrist_01__swing_0001,53,addr,pred,83,83,False,0,,,,,,,,8,,,,,,,
2026-09-09_Mark-Liversedge_Wrist_01__swing_0001,54,addr,pred,83,83,False,0,,,,,,,,8,,,,,,,
2026-09-09_Mark-Liversedge_Wrist_01__swing_0001,55,addr,pred,83,83,False,0,,,,,,,,8,,,,,,,
2026-09-09_Mark-Liversedge_Wrist_01__swing_0001,56,addr,pred,83,83,False,0,,,,,,,,8,,,,,,,
2026-09-09_Mark-Liversedge_Wrist_01__swing_0001,57,addr,pred,83,83,False,0,,,,,,,,8,,,,,,,
2026-09-09_Mark-Liversedge_Wrist_01__swing_0001,58,addr,pred,83,83,False,0,,,,,,,,8,,,,,,,
2026-09-09_Mark-Liversedge_Wrist_01__swing_0001,59,addr,pred,83,83,False,0,,,,,,,,8,,,,,,,
2026-09-09_Mark-Liversedge_Wrist_01__swing_0001,60,addr,pred,83,83,False,0,,,,,,,,8,,,,,,,
2026-09-09_Mark-Liversedge_Wrist_01__swing_0001,61,addr,pred,83,83,False,0,,,,,,,,8,,,,,,,
2026-09-09_Mark-Liversedge_Wrist_01__swing_0001,62,addr,pred,83,83,False,0,,,,,,,,8,,,,,,,
2026-09-09_Mark-Liversedge_Wrist_01__swing_0001,63,addr,pred,83,83,False,0,,,,,,,,8,,,,,,,
2026-09-09_Mark-Liversedge_Wrist_01__swing_0001,64,addr,pred,83,83,False,0,,,,,,,,8,,,,,,,
2026-09-09_Mark-Liversedge_Wrist_01__swing_0001,65,addr,pred,83,83,False,0,,,,,,,,8,,,,,,,
2026-09-09_Mark-Liversedge_Wrist_01__swing_0001,66,addr,pred,83,83,False,0,,,,,,,,8,,,,,,,
2026-09-09_Mark-Liversedge_Wrist_01__swing_0001,67,addr,pred,83,83,False,0,,,,,,,,8,,,,,,,
2026-09-09_Mark-Liversedge_Wrist_01__swing_0001,68,addr,pred,83,83,False,0,,,,,,,,8,,,,,,,
2026-09-09_Mark-Liversedge_Wrist_01__swing_0001,69,addr,pred,83,83,False,0,,,,,,,,8,,,,,,,
2026-09-09_Mark-Liversedge_Wrist_01__swing_0001,70,addr,pred,83,83,False,0,,,,,,,,8,,,,,,,
2026-09-09_Mark-Liversedge_Wrist_01__swing_0001,71,addr,pred,83,83,False,0,,,,,,,,8,,,,,,,
2026-09-09_Mark-Liversedge_Wrist_01__swing_0001,72,addr,pred,83,83,False,0,,,,,,,,8,,,,,,,
2026-09-09_Mark-Liversedge_Wrist_01__swing_0001,73,addr,pred,83,83,False,0,,,,,,,,8,,,,,,,
2026-09-09_Mark-Liversedge_Wrist_01__swing_0001,74,addr,pred,83,83,False,0,,,,,,,,8,,,,,,,
2026-09-09_Mark-Liversedge_Wrist_01__swing_0001,75,addr,pred,83,83,False,0,,,,,,,,8,,,,,,,
2026-09-09_Mark-Liversedge_Wrist_01__swing_0001,76,addr,pred,83,83,False,0,,,,,,,,8,,,,,,,
2026-09-09_Mark-Liversedge_Wrist_01__swing_0001,77,addr,pred,83,83,False,0,,,,,,,,8,,,,,,,
2026-09-09_Mark-Liversedge_Wrist_01__swing_0001,78,addr,pred,83,83,False,0,,,,,,,,8,,,,,,,
2026-09-09_Mark-Liversedge_Wrist_01__swing_0001,79,addr,pred,83,83,False,0,,,,,,,,8,,,,,,,
2026-09-09_Mark-Liversedge_Wrist_01__swing_0001,80,addr,pred,83,83,False,0,,,,,,,,8,,,,,,,
2026-09-09_Mark-Liversedge_Wrist_01__swing_0001,81,addr,pred,83,83,False,0,,,,,,,,8,,,,,,,
2026-09-09_Mark-Liversedge_Wrist_01__swing_0001,82,addr,pred,83,83,False,0,,,,,,,,8,,,,,,,
2026-09-09_Mark-Liversedge_Wrist_01__swing_0001,83,addr,pred,83,83,False,0,,,,,,,,8,,,,,,,
2026-09-09_Mark-Liversedge_Wrist_01__swing_0001,84,addr,pred,83,83,False,0,,,,,,,,8,,,,,,,
2026-09-09_Mark-Liversedge_Wrist_01__swing_0001,85,addr,pred,83,83,False,0,,,,,,,,8,,,,,,,
2026-09-09_Mark-Liversedge_Wrist_01__swing_0001,86,addr,pred,83,83,False,0,,,,,,,,8,,,,,,,
2026-09-09_Mark-Liversedge_Wrist_01__swing_0001,87,addr,pred,83,83,False,0,,,,,,,,8,,,,,,,
2026-09-09_Mark-Liversedge_Wrist_01__swing_0001,88,addr,pred,83,83,False,0,,,,,,,,8,,,,,,,
2026-09-09_Mark-Liversedge_Wrist_01__swing_0001,89,addr,pred,83,83,False,0,,,,,,,,8,,,,,,,
2026-09-09_Mark-Liversedge_Wrist_01__swing_0001,90,addr,pred,83,83,False,0,,,,,,,,8,,,,,,,
2026-09-09_Mark-Liversedge_Wrist_01__swing_0001,91,addr,pred,83,83,False,0,,,,,,,,8,,,,,,,
2026-09-09_Mark-Liversedge_Wrist_01__swing_0001,92,addr,pred,83,83,False,0,,,,,,,,8,,,,,,,
2026-09-09_Mark-Liversedge_Wrist_01__swing_0001,93,addr,pred,83,83,False,0,,,,,,,,8,,,,,,,
2026-09-09_Mark-Liversedge_Wrist_01__swing_0001,94,addr,pred,83,83,False,0,,,,,,,,8,,,,,,,
2026-09-09_Mark-Liversedge_Wrist_01__swing_0001,95,addr,pred,83,83,False,0,,,,,,,,7,,,,,,,
2026-09-09_Mark-Liversedge_Wrist_01__swing_0001,96,addr,pred,83,83,False,0,,,,,,,,8,,,,,,,
2026-09-09_Mark-Liversedge_Wrist_01__swing_0001,97,addr,pred,83,83,False,0,,,,,,,,8,,,,,,,
2026-09-09_Mark-Liversedge_Wrist_01__swing_0001,98,addr,pred,83,83,False,0,,,,,,,,8,,,,,,,
2026-09-09_Mark-Liversedge_Wrist_01__swing_0001,99,addr,pred,83,83,False,0,,,,,,,,8,,,,,,,
2026-09-09_Mark-Liversedge_Wrist_01__swing_0001,100,addr,pred,83,83,False,0,,,,,,,,8,,,,,,,
2026-09-09_Mark-Liversedge_Wrist_01__swing_0001,101,addr,pred,83,83,False,0,,,,,,,,8,,,,,,,
2026-09-09_Mark-Liversedge_Wrist_01__swing_0001,102,addr,pred,83,83,False,0,,,,,,,,8,,,,,,,
2026-09-09_Mark-Liversedge_Wrist_01__swing_0001,103,addr,pred,83,83,False,0,,,,,,,,8,,,,,,,
2026-09-09_Mark-Liversedge_Wrist_01__swing_0001,104,addr,pred,83,83,False,0,,,,,,,,8,,,,,,,
2026-09-09_Mark-Liversedge_Wrist_01__swing_0001,105,addr,pred,83,83,False,0,,,,,,,,8,,,,,,,
2026-09-09_Mark-Liversedge_Wrist_01__swing_0001,106,addr,pred,83,83,False,0,,,,,,,,8,,,,,,,
2026-09-09_Mark-Liversedge_Wrist_01__swing_0001,107,addr,pred,83,83,False,0,,,,,,,,7,,,,,,,
2026-09-09_Mark-Liversedge_Wrist_01__swing_0001,108,addr,pred,83,83,False,0,,,,,,,,7,,,,,,,
2026-09-09_Mark-Liversedge_Wrist_01__swing_0001,109,addr,pred,83,83,False,0,,,,,,,,7,,,,,,,
2026-09-09_Mark-Liversedge_Wrist_01__swing_0001,110,addr,pred,83,83,False,0,,,,,,,,7,,,,,,,
2026-09-09_Mark-Liversedge_Wrist_01__swing_0001,111,addr,pred,83,83,False,0,,,,,,,,7,,,,,,,
2026-09-09_Mark-Liversedge_Wrist_01__swing_0001,112,addr,pred,83,83,False,0,,,,,,,,8,,,,,,,
2026-09-09_Mark-Liversedge_Wrist_01__swing_0001,113,addr,pred,83,83,False,0,,,,,,,,8,,,,,,,
2026-09-09_Mark-Liversedge_Wrist_01__swing_0001,114,addr,pred,83,83,False,0,,,,,,,,8,,,,,,,
2026-09-09_Mark-Liversedge_Wrist_01__swing_0001,115,addr,ray,83,83,True,0,,,,,,,,8,,,,,,,
2026-09-09_Mark-Liversedge_Wrist_01__swing_0001,116,addr,ray,83,83,True,0,,,,,,,,8,,,,,,,
2026-09-09_Mark-Liversedge_Wrist_01__swing_0001,117,addr,ray,83,83,True,0,,,,,,,,7,,,,,,,
2026-09-09_Mark-Liversedge_Wrist_01__swing_0001,118,addr,ray,83,83,True,0,,,,,,,,7,,,,,,,
2026-09-09_Mark-Liversedge_Wrist_01__swing_0001,119,addr,ray,83,83,True,0,,,,,,,,7,,,,,,,
2026-09-09_Mark-Liversedge_Wrist_01__swing_0001,120,addr,ray,83,83,True,0,,,,,,,,4,,,,,,,
2026-09-09_Mark-Liversedge_Wrist_01__swing_0001,121,addr,ray,83,83,True,0,,,,,,,,7,,,,,,,
2026-09-09_Mark-Liversedge_Wrist_01__swing_0001,122,addr,ray,83,83,True,0,,,,,,,,7,,,,,,,
2026-09-09_Mark-Liversedge_Wrist_01__swing_0001,123,addr,ray,83,83,True,0,,,,,,,,7,,,,,,,
2026-09-09_Mark-Liversedge_Wrist_01__swing_0001,124,addr,ray,83,83,True,0,,,,,,,,8,,,,,,,
2026-09-09_Mark-Liversedge_Wrist_01__swing_0001,125,addr,ray,83,83,True,0,,,,,,,,8,,,,,,,
2026-09-09_Mark-Liversedge_Wrist_01__swing_0001,126,addr,ray,83,83,True,0,,,,,,,,8,,,,,,,
2026-09-09_Mark-Liversedge_Wrist_01__swing_0001,127,addr,ray,83,83,True,0,,,,,,,,8,,,,,,,
2026-09-09_Mark-Liversedge_Wrist_01__swing_0001,128,addr,ray,83,83,True,0,,,,,,,,8,,,,,,,
2026-09-09_Mark-Liversedge_Wrist_01__swing_0001,129,addr,ray,83,83,True,0,,,,,,,,7,,,,,,,
2026-09-09_Mark-Liversedge_Wrist_01__swing_0001,130,back,seg,83,83,True,1,1,84,0.15168538689613342,81.55555725097656,2,0.8165137767791748,3,9,21,129,2,,,,
2026-09-09_Mark-Liversedge_Wrist_01__swing_0001,131,back,ray,83,83,True,0,,,,,,,,7,,,,,,,
2026-09-09_Mark-Liversedge_Wrist_01__swing_0001,132,back,ray,83,83,True,0,,,,,,,,7,,,,,,,
2026-09-09_Mark-Liversedge_Wrist_01__swing_0001,133,back,seg,83,83,True,1,1,82,0.31179773807525635,98.12612915039062,2,0.6726457476615906,2,9,38,260,2,,,,
2026-09-09_Mark-Liversedge_Wrist_01__swing_0001,134,back,seg,83,83,True,1,1,82,0.31179773807525635,168.68467712402344,2,0.6905829310417175,2,9,16,238,2,,,,
2026-09-09_Mark-Liversedge_Wrist_01__swing_0001,135,back,seg,83,83,True,1,1,82,0.2730061411857605,140.80899047851562,2,0.7653631567955017,2,9,38,216,1,,,,
2026-09-09_Mark-Liversedge_Wrist_01__swing_0001,136,back,seg,83,83,True,1,1,83,0.2730061411857605,221.3932647705078,2,0.7709497213363647,2,9,16,194,1,,,,
2026-09-09_Mark-Liversedge_Wrist_01__swing_0001,137,back,seg,83,83,True,1,1,83,0.2730061411857605,221.3932647705078,2,0.7709497213363647,2,9,16,194,1,,,,
2026-09-09_Mark-Liversedge_Wrist_01__swing_0001,138,back,seg,83,83,True,1,1,82.5,0.13939394056797028,-38.260868072509766,2,1,1,9,36,128,2,,,,
2026-09-09_Mark-Liversedge_Wrist_01__swing_0001,139,back,seg,83,83,True,1,1,83,0.13939394056797028,-38.260868072509766,2,1,1,9,36,128,2,,,,
2026-09-09_Mark-Liversedge_Wrist_01__swing_0001,140,back,seg,83,83,True,1,1,83.5,0.134848490357399,-54.382022857666016,2,1,1,9,37,126,2,,,,
2026-09-09_Mark-Liversedge_Wrist_01__swing_0001,141,back,seg,83,83,True,1,1,83.5,0.2954545319080353,179.38461303710938,2,0.668367326259613,1,9,12,207,2,,,,
2026-09-09_Mark-Liversedge_Wrist_01__swing_0001,142,back,seg,83,83,True,1,1,83.5,0.28166666626930237,63.43195343017578,2,0.6647058725357056,1,9,61,230,1,,,,
2026-09-09_Mark-Liversedge_Wrist_01__swing_0001,143,back,seg,83,83,True,1,1,82,0.3089887499809265,84.0727310180664,2,0.6832579374313354,2,9,42,262,2,,,,
2026-09-09_Mark-Liversedge_Wrist_01__swing_0001,144,back,seg,83,83,True,1,1,82,0.3089887499809265,12.872727394104004,2,0.6696832776069641,2,9,64,284,2,,,,
2026-09-09_Mark-Liversedge_Wrist_01__swing_0001,145,back,seg,83,83,True,1,1,82,0.3089887499809265,87.30908966064453,2,0.6696832776069641,2,9,41,261,2,,,,
2026-09-09_Mark-Liversedge_Wrist_01__swing_0001,146,back,seg,84,84,True,1,1,83.5,0.31969696283340454,163.69668579101562,2,0.6933962106704712,1,9,18,229,2,,,,
2026-09-09_Mark-Liversedge_Wrist_01__swing_0001,147,back,seg,84,84,True,1,1,83,0.22050562500953674,-47.56687927246094,2,0.753164529800415,2,9,59,216,2,,,,
2026-09-09_Mark-Liversedge_Wrist_01__swing_0001,148,back,seg,84,84,True,1,1,83,0.22191011905670166,62.278480529785156,2,0.7547169923782349,2,9,35,193,2,,,,
2026-09-09_Mark-Liversedge_Wrist_01__swing_0001,149,back,seg,84,84,True,1,1,83.5,0.1409090906381607,-28.387096405029297,2,1,1,9,35,128,2,,,,
2026-09-09_Mark-Liversedge_Wrist_01__swing_0001,150,back,seg,84,84,True,1,1,83.5,0.15909090638160706,75.42857360839844,2,0.9811320900917053,1,9,23,128,2,,,,
2026-09-09_Mark-Liversedge_Wrist_01__swing_0001,151,back,seg,84,84,True,1,1,83.5,0.13939394056797028,-38.260868072509766,2,1,1,9,36,128,2,,,,
2026-09-09_Mark-Liversedge_Wrist_01__swing_0001,152,back,seg,84,84,True,1,1,83.5,0.13939394056797028,-38.260868072509766,2,1,1,9,36,128,2,,,,
2026-09-09_Mark-Liversedge_Wrist_01__swing_0001,153,back,ray,84,84,True,0,,,,,,,,7,,,,,,,
2026-09-09_Mark-Liversedge_Wrist_01__swing_0001,154,back,ray,84,84,True,0,,,,,,,,7,,,,,,,
2026-09-09_Mark-Liversedge_Wrist_01__swing_0001,155,back,seg,84,84,True,2,2,85,0.22050562500953674,47.668819427490234,1,0.9805825352668762,3,9,-1,195,0,,,,
2026-09-09_Mark-Liversedge_Wrist_01__swing_0001,156,back,ray,84,84,True,0,,,,,,,,7,,,,,,,
2026-09-09_Mark-Liversedge_Wrist_01__swing_0001,157,back,seg,84,84,True,2,2,85,0.22050562500953674,47.668819427490234,1,0.9708737730979919,3,9,-1,195,0,,,,
2026-09-09_Mark-Liversedge_Wrist_01__swing_0001,158,back,ray,84,84,True,0,,,,,,,,7,,,,,,,
2026-09-09_Mark-Liversedge_Wrist_01__swing_0001,159,back,ray,84,84,True,0,,,,,,,,7,,,,,,,
2026-09-09_Mark-Liversedge_Wrist_01__swing_0001,160,back,seg,84,84,True,1,1,83.5,0.15909090638160706,62.85714340209961,2,1,1,9,25,130,2,,,,
2026-09-09_Mark-Liversedge_Wrist_01__swing_0001,161,back,seg,84,84,True,1,1,84,0.1560606062412262,59.805824279785156,2,1,1,9,25,128,2,,,,
2026-09-09_Mark-Liversedge_Wrist_01__swing_0001,162,back,seg,84,84,True,1,1,84,0.1560606062412262,59.805824279785156,2,1,1,9,25,128,2,,,,
2026-09-09_Mark-Liversedge_Wrist_01__swing_0001,163,back,seg,84,84,True,2,2,83.5,0.22050562500953674,47.668819427490234,1,0.7719298005104065,2,9,-1,195,0,,,,
2026-09-09_Mark-Liversedge_Wrist_01__swing_0001,164,back,seg,84,84,True,1,1,84,0.2247191071510315,59.79999923706055,2,0.7515528202056885,3,9,36,196,2,,,,
2026-09-09_Mark-Liversedge_Wrist_01__swing_0001,165,back,seg,84,84,True,2,2,85,0.22050562500953674,247.21022033691406,1,0.9523809552192688,3,9,-1,151,0,,,,
2026-09-09_Mark-Liversedge_Wrist_01__swing_0001,166,back,seg,84,84,True,2,2,85,0.22050562500953674,77.29938507080078,1,0.6705202460289001,1,9,-1,177,0,,,,
2026-09-09_Mark-Liversedge_Wrist_01__swing_0001,167,back,ray,84,84,True,0,,,,,,,,7,,,,,,,
2026-09-09_Mark-Liversedge_Wrist_01__swing_0001,168,back,seg,84,84,True,1,1,83,0.2730061411857605,140.80899047851562,2,0.7262569665908813,3,9,38,216,1,,,,
2026-09-09_Mark-Liversedge_Wrist_01__swing_0001,169,back,ray,84,84,True,0,,,,,,,,7,,,,,,,
2026-09-09_Mark-Liversedge_Wrist_01__swing_0001,170,back,ray,84,84,True,0,,,,,,,,7,,,,,,,
2026-09-09_Mark-Liversedge_Wrist_01__swing_0001,171,back,ray,84,84,True,0,,,,,,,,7,,,,,,,
2026-09-09_Mark-Liversedge_Wrist_01__swing_0001,172,back,seg,84,84,True,1,1,83.5,0.24016854166984558,115.90643310546875,2,0.7732558250427246,2,9,25,196,2,,,,
2026-09-09_Mark-Liversedge_Wrist_01__swing_0001,173,back,seg,84,84,True,1,1,83.5,0.24016854166984558,115.90643310546875,2,0.7732558250427246,2,9,25,196,2,,,,
2026-09-09_Mark-Liversedge_Wrist_01__swing_0001,174,back,seg,84,84,True,1,1,83,0.23876404762268066,115.29412078857422,2,0.7836257219314575,2,9,25,195,2,,,,
2026-09-09_Mark-Liversedge_Wrist_01__swing_0001,175,back,seg,84,84,True,1,1,83,0.24016854166984558,115.90643310546875,2,0.7732558250427246,2,9,25,196,2,,,,
2026-09-09_Mark-Liversedge_Wrist_01__swing_0001,176,back,seg,84,84,True,1,1,83,0.24016854166984558,115.90643310546875,2,0.7732558250427246,2,9,25,196,2,,,,
2026-09-09_Mark-Liversedge_Wrist_01__swing_0001,177,back,ray,84,84,True,0,,,,,,,,7,,,,,,,
2026-09-09_Mark-Liversedge_Wrist_01__swing_0001,178,back,ray,84,84,True,0,,,,,,,,7,,,,,,,
2026-09-09_Mark-Liversedge_Wrist_01__swing_0001,179,back,ray,84,84,True,0,,,,,,,,7,,,,,,,
2026-09-09_Mark-Liversedge_Wrist_01__swing_0001,180,back,ray,84,84,True,0,,,,,,,,7,,,,,,,
2026-09-09_Mark-Liversedge_Wrist_01__swing_0001,181,back,ray,84,84,True,0,,,,,,,,7,,,,,,,
2026-09-09_Mark-Liversedge_Wrist_01__swing_0001,182,back,ray,84,84,True,0,,,,,,,,7,,,,,,,
2026-09-09_Mark-Liversedge_Wrist_01__swing_0001,183,back,ray,84,84,True,0,,,,,,,,7,,,,,,,
2026-09-09_Mark-Liversedge_Wrist_01__swing_0001,184,back,seg,84,84,True,1,1,84,0.13636364042758942,-58.66666793823242,2,1,1,9,38,128,2,,,,
2026-09-09_Mark-Liversedge_Wrist_01__swing_0001,185,back,seg,84,84,True,1,1,84,0.13636364042758942,-58.66666793823242,2,1,1,9,38,128,2,,,,
2026-09-09_Mark-Liversedge_Wrist_01__swing_0001,186,back,seg,84,84,True,1,1,84,0.1850000023841858,188.1081085205078,2,1,1,9,17,128,1,,,,
2026-09-09_Mark-Liversedge_Wrist_01__swing_0001,187,back,seg,84,84,True,1,1,84.5,0.18333333730697632,187.27272033691406,2,0.9909909963607788,1,9,17,127,1,,,,
2026-09-09_Mark-Liversedge_Wrist_01__swing_0001,188,back,seg,84,84,True,1,1,83.5,0.2730061411857605,217.73033142089844,2,0.7765362858772278,2,9,17,195,1,,,,
2026-09-09_Mark-Liversedge_Wrist_01__swing_0001,189,back,ray,84,84,True,0,,,,,,,,7,,,,,,,
2026-09-09_Mark-Liversedge_Wrist_01__swing_0001,190,back,ray,84,84,True,0,,,,,,,,7,,,,,,,
2026-09-09_Mark-Liversedge_Wrist_01__swing_0001,191,back,ray,84,84,True,0,,,,,,,,7,,,,,,,
2026-09-09_Mark-Liversedge_Wrist_01__swing_0001,192,back,ray,84,84,True,0,,,,,,,,7,,,,,,,
2026-09-09_Mark-Liversedge_Wrist_01__swing_0001,193,back,ray,84,84,True,0,,,,,,,,7,,,,,,,
2026-09-09_Mark-Liversedge_Wrist_01__swing_0001,194,back,ray,84,84,True,0,,,,,,,,7,,,,,,,
2026-09-09_Mark-Liversedge_Wrist_01__swing_0001,195,back,ray,84,84,True,0,,,,,,,,7,,,,,,,
2026-09-09_Mark-Liversedge_Wrist_01__swing_0001,196,back,seg,84,84,True,1,1,83,0.24016854166984558,120.07017517089844,2,0.7732558250427246,2,9,24,195,2,,,,
2026-09-09_Mark-Liversedge_Wrist_01__swing_0001,197,back,seg,84,84,True,1,1,84,0.2730061411857605,217.73033142089844,2,0.7597765326499939,2,9,17,195,1,,,,
2026-09-09_Mark-Liversedge_Wrist_01__swing_0001,198,back,seg,84,84,True,1,1,84,0.2730061411857605,217.73033142089844,2,0.7653631567955017,2,9,17,195,1,,,,
2026-09-09_Mark-Liversedge_Wrist_01__swing_0001,199,back,seg,84,84,True,1,1,84,0.2730061411857605,217.73033142089844,2,0.7653631567955017,2,9,17,195,1,,,,
2026-09-09_Mark-Liversedge_Wrist_01__swing_0001,200,back,seg,84,84,True,1,1,84,0.27453988790512085,218.07821655273438,2,0.7666666507720947,3,9,17,196,1,,,,
2026-09-09_Mark-Liversedge_Wrist_01__swing_0001,201,back,seg,84,84,True,1,1,85,0.22575756907463074,-32.48322296142578,2,0.653333306312561,1,9,57,206,2,,,,
2026-09-09_Mark-Liversedge_Wrist_01__swing_0001,202,back,ray,84,84,True,0,,,,,,,,7,,,,,,,
2026-09-09_Mark-Liversedge_Wrist_01__swing_0001,203,back,seg,84,84,True,2,2,83,0.22050562500953674,18.343976974487305,1,0.7485029697418213,1,9,-1,190,0,,,,
2026-09-09_Mark-Liversedge_Wrist_01__swing_0001,204,back,ray,84,84,True,0,,,,,,,,7,,,,,,,
2026-09-09_Mark-Liversedge_Wrist_01__swing_0001,205,back,seg,84,84,True,2,2,83,0.22050562500953674,22.87900733947754,1,0.740963876247406,1,9,-1,189,0,,,,
2026-09-09_Mark-Liversedge_Wrist_01__swing_0001,206,back,ray,84,84,True,0,,,,,,,,7,,,,,,,
2026-09-09_Mark-Liversedge_Wrist_01__swing_0001,207,back,ray,84,84,True,0,,,,,,,,7,,,,,,,
2026-09-09_Mark-Liversedge_Wrist_01__swing_0001,208,back,seg,84,84,True,1,1,84,0.2247191071510315,64.25,2,0.7515528202056885,2,9,35,195,2,,,,
2026-09-09_Mark-Liversedge_Wrist_01__swing_0001,209,back,seg,84,84,True,1,1,84,0.2247191071510315,64.25,2,0.7515528202056885,2,9,35,195,2,,,,
2026-09-09_Mark-Liversedge_Wrist_01__swing_0001,210,back,seg,84,84,True,1,1,84.5,0.2415730357170105,116.51162719726562,2,0.7514451146125793,3,9,25,197,2,,,,
2026-09-09_Mark-Liversedge_Wrist_01__swing_0001,211,back,seg,84,84,True,1,1,83.5,0.2261236011981964,69.63975524902344,2,0.7530864477157593,2,9,34,195,2,,,,
2026-09-09_Mark-Liversedge_Wrist_01__swing_0001,212,back,seg,85,85,True,1,1,85,0.24090908467769623,116.2264175415039,2,0.6625000238418579,1,9,25,184,2,,,,
2026-09-09_Mark-Liversedge_Wrist_01__swing_0001,213,back,ray,87,87,True,0,,,,,,,,7,,,,,,,
2026-09-09_Mark-Liversedge_Wrist_01__swing_0001,214,back,seg,89,89,True,1,1,88,0.30337077379226685,173.8518524169922,2,0.7004608511924744,2,9,14,230,2,,,,
2026-09-09_Mark-Liversedge_Wrist_01__swing_0001,215,back,seg,91,91,True,1,1,90,0.3060606122016907,99.1089096069336,2,0.6847290396690369,1,9,37,239,2,,,,
2026-09-09_Mark-Liversedge_Wrist_01__swing_0001,216,back,ray,93,93,True,0,,,,,,,,7,,,,,,,
2026-09-09_Mark-Liversedge_Wrist_01__swing_0001,217,back,ray,95,95,True,0,,,,,,,,7,,,,,,,
2026-09-09_Mark-Liversedge_Wrist_01__swing_0001,218,back,ray,98,98,True,0,,,,,,,,7,,,,,,,
2026-09-09_Mark-Liversedge_Wrist_01__swing_0001,219,back,seg,98,98,True,1,1,97.5,0.4401840567588806,202.75958251953125,2,0.7013888955116272,3,9,34,321,1,,,,
2026-09-09_Mark-Liversedge_Wrist_01__swing_0001,220,back,seg,98,98,True,1,1,97,0.2549999952316284,217.25489807128906,2,0.6558441519737244,1,9,16,169,1,,,,
2026-09-09_Mark-Liversedge_Wrist_01__swing_0001,221,back,seg,98,98,True,1,1,97.5,0.4816666543483734,246.78201293945312,2,0.7241379022598267,1,9,16,305,1,,,,
2026-09-09_Mark-Liversedge_Wrist_01__swing_0001,222,back,seg,98,98,True,1,1,97.5,0.4816666543483734,244.7058868408203,2,0.7241379022598267,1,9,17,306,1,,,,
2026-09-09_Mark-Liversedge_Wrist_01__swing_0001,223,back,seg,98,98,True,1,1,97.5,0.44325152039527893,243.90310668945312,2,0.7241379022598267,3,9,16,305,1,,,,
2026-09-09_Mark-Liversedge_Wrist_01__swing_0001,224,back,seg,98,98,True,1,1,98,0.4816666543483734,246.78201293945312,2,0.7241379022598267,1,9,16,305,1,,,,
2026-09-09_Mark-Liversedge_Wrist_01__swing_0001,225,back,ray,98,98,True,0,,,,,,,,7,,,,,,,
2026-09-09_Mark-Liversedge_Wrist_01__swing_0001,226,back,ray,98,98,True,0,,,,,,,,7,,,,,,,
2026-09-09_Mark-Liversedge_Wrist_01__swing_0001,227,back,ray,98,98,True,0,,,,,,,,7,,,,,,,
2026-09-09_Mark-Liversedge_Wrist_01__swing_0001,228,back,ray,98,98,True,0,,,,,,,,7,,,,,,,
2026-09-09_Mark-Liversedge_Wrist_01__swing_0001,229,back,ray,99,99,True,0,,,,,,,,7,,,,,,,
2026-09-09_Mark-Liversedge_Wrist_01__swing_0001,230,back,ray,100,100,True,0,,,,,,,,7,,,,,,,
2026-09-09_Mark-Liversedge_Wrist_01__swing_0001,231,back,seg,101,101,True,1,1,101,0.4883333444595337,206.2798614501953,2,0.7482993006706238,1,9,36,329,1,,,,
2026-09-09_Mark-Liversedge_Wrist_01__swing_0001,232,back,ray,102,102,True,0,,,,,,,,7,,,,,,,
2026-09-09_Mark-Liversedge_Wrist_01__swing_0001,233,back,ray,103,103,True,0,,,,,,,,7,,,,,,,
2026-09-09_Mark-Liversedge_Wrist_01__swing_0001,234,back,ray,104,104,True,0,,,,,,,,7,,,,,,,
2026-09-09_Mark-Liversedge_Wrist_01__swing_0001,235,back,ray,105,105,True,0,,,,,,,,7,,,,,,,
2026-09-09_Mark-Liversedge_Wrist_01__swing_0001,236,back,ray,106,106,True,0,,,,,,,,7,,,,,,,
2026-09-09_Mark-Liversedge_Wrist_01__swing_0001,237,back,ray,106,106,True,0,,,,,,,,7,,,,,,,
2026-09-09_Mark-Liversedge_Wrist_01__swing_0001,238,back,ray,111,111,True,0,,,,,,,,7,,,,,,,
2026-09-09_Mark-Liversedge_Wrist_01__swing_0001,239,back,pred,119,119,True,0,,,,,,,,7,,,,,,,
2026-09-09_Mark-Liversedge_Wrist_01__swing_0001,240,back,ray,121,121,True,0,,,,,,,,7,,,,,,,
2026-09-09_Mark-Liversedge_Wrist_01__swing_0001,241,back,pred,121,121,True,0,,,,,,,,2,,,,,,,
2026-09-09_Mark-Liversedge_Wrist_01__swing_0001,242,back,ray,121,121,True,0,,,,,,,,7,,,,,,,
2026-09-09_Mark-Liversedge_Wrist_01__swing_0001,243,back,pred,121,121,True,0,,,,,,,,4,,,,,,,
2026-09-09_Mark-Liversedge_Wrist_01__swing_0001,244,back,seg,121,121,True,1,1,120,0.1483333259820938,84.494384765625,2,0.9222221970558167,1,9,29,118,1,,,,
2026-09-09_Mark-Liversedge_Wrist_01__swing_0001,245,back,seg,121,121,True,1,1,120,0.1783333271741867,139.81307983398438,2,0.9722222089767456,1,9,25,132,1,,,,
2026-09-09_Mark-Liversedge_Wrist_01__swing_0001,246,back,seg,122,122,True,1,1,121.5,0.2683333456516266,198.01242065429688,2,0.8333333134651184,1,9,22,183,1,,,,
2026-09-09_Mark-Liversedge_Wrist_01__swing_0001,247,back,seg,122,122,True,1,1,123,0.21666666865348816,196.92308044433594,2,0.8320610523223877,1,9,18,148,1,,,,
2026-09-09_Mark-Liversedge_Wrist_01__swing_0001,248,back,seg,122,122,True,1,1,123,0.3700000047683716,239.45945739746094,2,0.7802690863609314,1,9,15,237,1,,,,
2026-09-09_Mark-Liversedge_Wrist_01__swing_0001,249,back,seg,122,122,True,1,1,122.5,0.19545455276966095,61.395347595214844,2,0.9307692050933838,1,9,31,160,2,,,,
2026-09-09_Mark-Liversedge_Wrist_01__swing_0001,250,back,seg,122,122,True,1,1,121,0.16969697177410126,-56.96428680419922,2,1,1,9,47,159,2,,,,
2026-09-09_Mark-Liversedge_Wrist_01__swing_0001,251,back,ray,124,124,True,0,,,,,,,,7,,,,,,,
2026-09-09_Mark-Liversedge_Wrist_01__swing_0001,252,back,seg,126,126,True,1,1,125,0.34545454382896423,40.52631759643555,2,0.6943231225013733,1,9,62,290,2,,,,
2026-09-09_Mark-Liversedge_Wrist_01__swing_0001,253,back,ray,128,128,True,0,,,,,,,,7,,,,,,,
2026-09-09_Mark-Liversedge_Wrist_01__swing_0001,254,back,ray,131,131,True,0,,,,,,,,7,,,,,,,
2026-09-09_Mark-Liversedge_Wrist_01__swing_0001,255,back,seg,134,134,True,1,1,134.5,0.21910113096237183,-26.461538314819336,2,1,3,9,54,210,2,,,,
2026-09-09_Mark-Liversedge_Wrist_01__swing_0001,256,back,seg,137,137,True,1,1,137.5,0.1994381994009018,29.46478843688965,2,1,3,9,38,180,2,,,,
2026-09-09_Mark-Liversedge_Wrist_01__swing_0001,257,back,seg,140,140,True,1,1,139.5,0.21348313987255096,149.73684692382812,2,1,3,9,15,167,2,,,,
2026-09-09_Mark-Liversedge_Wrist_01__swing_0001,258,back,ray,143,143,True,0,,,,,,,,4,,,,,,,
2026-09-09_Mark-Liversedge_Wrist_01__swing_0001,259,back,ray,146,146,True,0,,,,,,,,4,,,,,,,
2026-09-09_Mark-Liversedge_Wrist_01__swing_0001,260,back,ray,149,149,True,0,,,,,,,,4,,,,,,,
2026-09-09_Mark-Liversedge_Wrist_01__swing_0001,261,back,ray,152,152,True,0,,,,,,,,4,,,,,,,
2026-09-09_Mark-Liversedge_Wrist_01__swing_0001,262,back,ray,154,154,True,0,,,,,,,,4,,,,,,,
2026-09-09_Mark-Liversedge_Wrist_01__swing_0001,263,back,ray,156,156,True,0,,,,,,,,4,,,,,,,
2026-09-09_Mark-Liversedge_Wrist_01__swing_0001,264,back,ray,158,158,True,0,,,,,,,,5,,,,,,,
2026-09-09_Mark-Liversedge_Wrist_01__swing_0001,265,back,seg,160,160,True,2,2,159,0.22050562500953674,70.34397888183594,1,0.9727891087532043,3,9,-1,190,0,,,,
2026-09-09_Mark-Liversedge_Wrist_01__swing_0001,266,back,ray,164,164,True,0,,,,,,,,4,,,,,,,
2026-09-09_Mark-Liversedge_Wrist_01__swing_0001,267,back,ray,168,168,True,0,,,,,,,,4,,,,,,,
2026-09-09_Mark-Liversedge_Wrist_01__swing_0001,268,back,ray,172,172,True,0,,,,,,,,7,,,,,,,
2026-09-09_Mark-Liversedge_Wrist_01__swing_0001,269,back,ray,176,176,True,0,,,,,,,,7,,,,,,,
2026-09-09_Mark-Liversedge_Wrist_01__swing_0001,270,back,ray,180,180,True,0,,,,,,,,7,,,,,,,
2026-09-09_Mark-Liversedge_Wrist_01__swing_0001,271,back,seg,184,184,True,1,1,183,0.30909091234207153,132.64706420898438,2,1,1,9,27,231,2,,,,
2026-09-09_Mark-Liversedge_Wrist_01__swing_0001,272,back,seg,188,188,True,1,1,187,0.2584269642829895,115.52173614501953,2,1,3,9,27,211,2,,,,
2026-09-09_Mark-Liversedge_Wrist_01__swing_0001,273,back,ray,192,192,True,0,,,,,,,,4,,,,,,,
2026-09-09_Mark-Liversedge_Wrist_01__swing_0001,274,back,seg,196,196,True,1,1,196,0.1910112351179123,62.94117736816406,2,1,3,9,30,166,2,,,,
2026-09-09_Mark-Liversedge_Wrist_01__swing_0001,275,back,seg,200,200,True,1,1,200.5,0.18679775297641754,54.04511260986328,2,1,3,9,31,164,2,,,,
2026-09-09_Mark-Liversedge_Wrist_01__swing_0001,276,back,seg,204,204,True,1,1,203.5,0.19522471725940704,45.84172821044922,2,1,3,9,34,173,2,,,,
2026-09-09_Mark-Liversedge_Wrist_01__swing_0001,277,back,seg,208,208,True,1,1,208,0.1994381994009018,59.54929733276367,2,0.9230769276618958,3,9,32,174,2,,,,
2026-09-09_Mark-Liversedge_Wrist_01__swing_0001,278,back,seg,212,212,True,1,1,211,0.21348313987255096,74.78947448730469,2,1,3,9,31,183,2,,,,
2026-09-09_Mark-Liversedge_Wrist_01__swing_0001,279,back,seg,216,216,True,1,1,215.5,0.22050562500953674,83.94904327392578,2,1,3,9,30,187,2,,,,
2026-09-09_Mark-Liversedge_Wrist_01__swing_0001,280,back,ray,220,220,True,0,,,,,,,,4,,,,,,,
2026-09-09_Mark-Liversedge_Wrist_01__swing_0001,281,back,seg,223,223,True,1,1,222.5,0.2590909004211426,100.35087585449219,2,1,1,9,31,202,2,,,,
2026-09-09_Mark-Liversedge_Wrist_01__swing_0001,282,back,ray,226,226,True,0,,,,,,,,5,,,,,,,
2026-09-09_Mark-Liversedge_Wrist_01__swing_0001,283,back,seg,229,229,True,1,1,228.5,0.27106741070747375,101.94818878173828,2,0.9845361113548279,3,9,32,225,2,,,,
2026-09-09_Mark-Liversedge_Wrist_01__swing_0001,284,back,seg,232,232,True,1,1,232.5,0.2651515007019043,99.31428527832031,2,0.9772727489471436,1,9,32,207,2,,,,
2026-09-09_Mark-Liversedge_Wrist_01__swing_0001,285,back,seg,235,235,True,1,1,236,0.26404494047164917,83.65957641601562,2,1,3,9,36,224,2,,,,
2026-09-09_Mark-Liversedge_Wrist_01__swing_0001,286,back,seg,238,238,True,1,1,238.5,0.2590909004211426,73.33333587646484,2,1,1,9,38,209,2,,,,
2026-09-09_Mark-Liversedge_Wrist_01__swing_0001,287,back,seg,241,241,True,1,1,241,0.2560606002807617,67.69230651855469,2,0.8470588326454163,1,9,39,208,2,,,,
2026-09-09_Mark-Liversedge_Wrist_01__swing_0001,288,back,seg,244,244,True,1,1,245,0.2560606002807617,67.69230651855469,2,0.6882352828979492,1,9,39,208,2,,,,
2026-09-09_Mark-Liversedge_Wrist_01__swing_0001,289,back,seg,249,249,True,1,1,250,0.2454545497894287,81.48148345947266,2,0.6441717743873596,1,9,34,196,2,,,,
2026-09-09_Mark-Liversedge_Wrist_01__swing_0001,290,back,seg,254,254,True,1,1,253,0.19803370535373688,73.56028747558594,2,0.8380281925201416,3,9,29,170,2,,,,
2026-09-09_Mark-Liversedge_Wrist_01__swing_0001,291,back,seg,259,259,True,1,1,259.5,0.1825842708349228,77.5999984741211,2,0.9847328066825867,3,9,26,156,2,,,,
2026-09-09_Mark-Liversedge_Wrist_01__swing_0001,292,back,seg,264,264,True,1,1,265,0.16292135417461395,78.82758331298828,2,1,3,9,23,139,2,,,,
2026-09-09_Mark-Liversedge_Wrist_01__swing_0001,293,back,seg,269,269,True,1,1,270,0.14325842261314392,59.45098114013672,2,1,3,9,23,125,2,,,,
2026-09-09_Mark-Liversedge_Wrist_01__swing_0001,294,back,ray,274,274,True,0,,,,,,,,8,,,,,,,
2026-09-09_Mark-Liversedge_Wrist_01__swing_0001,295,back,ray,279,279,True,0,,,,,,,,8,,,,,,,
2026-09-09_Mark-Liversedge_Wrist_01__swing_0001,296,back,seg,283,283,True,1,1,284,0.14325842261314392,31.52941131591797,2,1,3,9,27,129,2,,,,
2026-09-09_Mark-Liversedge_Wrist_01__swing_0001,297,back,seg,287,287,True,1,1,288,0.1488763988018036,18.49056625366211,2,1,3,9,30,136,2,,,,
2026-09-09_Mark-Liversedge_Wrist_01__swing_0001,298,back,seg,291,291,True,1,1,292,0.16432584822177887,31.350427627563477,2,1,3,9,31,148,2,,,,
2026-09-09_Mark-Liversedge_Wrist_01__swing_0001,299,back,seg,295,295,True,1,1,296,0.1741573065519333,36.25806427001953,2,1,3,9,32,156,2,,,,
2026-09-09_Mark-Liversedge_Wrist_01__swing_0001,300,back,seg,299,299,True,1,1,300,0.18679775297641754,70.10526275634766,2,0.9552238583564758,3,9,28,161,2,,,,
2026-09-09_Mark-Liversedge_Wrist_01__swing_0001,301,back,seg,303,303,True,1,1,304,0.19382022321224213,34.260868072509766,2,0.9568345546722412,3,9,36,174,2,,,,
2026-09-09_Mark-Liversedge_Wrist_01__swing_0001,302,back,seg,306,306,True,1,1,306.5,0.21666666865348816,53.846153259277344,2,0.9027777910232544,1,9,36,179,2,,,,
2026-09-09_Mark-Liversedge_Wrist_01__swing_0001,303,back,seg,309,309,True,2,2,309,0.22050562500953674,99.97454833984375,1,0.6710526347160339,1,9,-1,172,0,,,,
2026-09-09_Mark-Liversedge_Wrist_01__swing_0001,304,back,seg,312,312,True,2,2,312,0.22050562500953674,109.04460906982422,1,0.647826075553894,1,9,-1,170,0,,,,
2026-09-09_Mark-Liversedge_Wrist_01__swing_0001,305,back,seg,315,315,True,2,2,316,0.22050562500953674,99.97454833984375,1,0.7083333134651184,1,9,-1,172,0,,,,
2026-09-09_Mark-Liversedge_Wrist_01__swing_0001,306,back,ray,317,317,True,0,,,,,,,,4,,,,,,,
2026-09-09_Mark-Liversedge_Wrist_01__swing_0001,307,back,ray,319,319,True,0,,,,,,,,7,,,,,,,
2026-09-09_Mark-Liversedge_Wrist_01__swing_0001,308,back,seg,321,321,True,2,2,320,0.22050562500953674,220.00001525878906,1,0.9935064911842346,3,9,-1,157,0,,,,
2026-09-09_Mark-Liversedge_Wrist_01__swing_0001,309,back,ray,323,323,True,0,,,,,,,,7,,,,,,,
2026-09-09_Mark-Liversedge_Wrist_01__swing_0001,310,back,seg,325,325,True,2,2,326,0.22050562500953674,233.60511779785156,1,0.7615894079208374,3,9,-1,154,0,,,,
2026-09-09_Mark-Liversedge_Wrist_01__swing_0001,311,back,seg,327,327,True,1,1,327.5,0.1825842708349228,99.5076904296875,2,0.7175572514533997,3,9,22,152,2,,,,
2026-09-09_Mark-Liversedge_Wrist_01__swing_0001,312,back,pred,327,327,True,0,,,,,,,,1,,,,,,,
2026-09-09_Mark-Liversedge_Wrist_01__swing_0001,313,back,ray,331,331,True,0,,,,,,,,7,,,,,,,
2026-09-09_Mark-Liversedge_Wrist_01__swing_0001,314,back,ray,333,333,True,0,,,,,,,,7,,,,,,,
2026-09-09_Mark-Liversedge_Wrist_01__swing_0001,315,back,seg,334,334,True,1,1,333.5,0.16994382441043854,137.6198272705078,2,0.7540983557701111,3,9,14,135,2,,,,
2026-09-09_Mark-Liversedge_Wrist_01__swing_0001,316,back,seg,335,335,True,1,1,335.5,0.16432584822177887,98.29059600830078,2,0.7118644118309021,3,9,20,137,2,,,,
2026-09-09_Mark-Liversedge_Wrist_01__swing_0001,317,back,seg,336,336,True,1,1,336,0.16011236608028412,101.33333587646484,2,0.7217391133308411,3,9,19,133,2,,,,
2026-09-09_Mark-Liversedge_Wrist_01__swing_0001,318,back,seg,337,337,True,1,1,337,0.15589886903762817,123.78378295898438,2,0.7232142686843872,3,9,15,126,2,,,,
2026-09-09_Mark-Liversedge_Wrist_01__swing_0001,319,back,ray,338,338,True,0,,,,,,,,4,,,,,,,
2026-09-09_Mark-Liversedge_Wrist_01__swing_0001,320,back,ray,339,339,True,0,,,,,,,,8,,,,,,,
2026-09-09_Mark-Liversedge_Wrist_01__swing_0001,321,back,ray,340,340,True,0,,,,,,,,8,,,,,,,
2026-09-09_Mark-Liversedge_Wrist_01__swing_0001,322,back,ray,341,341,True,0,,,,,,,,8,,,,,,,
2026-09-09_Mark-Liversedge_Wrist_01__swing_0001,323,back,ray,342,342,True,0,,,,,,,,8,,,,,,,
2026-09-09_Mark-Liversedge_Wrist_01__swing_0001,324,back,ray,343,343,True,0,,,,,,,,7,,,,,,,
2026-09-09_Mark-Liversedge_Wrist_01__swing_0001,325,top,ray,343,343,True,0,,,,,,,,8,,,,,,,
2026-09-09_Mark-Liversedge_Wrist_01__swing_0001,326,top,ray,343,343,True,0,,,,,,,,8,,,,,,,
2026-09-09_Mark-Liversedge_Wrist_01__swing_0001,327,top,ray,343,343,True,0,,,,,,,,8,,,,,,,
2026-09-09_Mark-Liversedge_Wrist_01__swing_0001,328,top,ray,343,343,True,0,,,,,,,,8,,,,,,,
2026-09-09_Mark-Liversedge_Wrist_01__swing_0001,329,top,ray,343,343,True,0,,,,,,,,8,,,,,,,
2026-09-09_Mark-Liversedge_Wrist_01__swing_0001,330,impact,ray,343,343,True,0,,,,,,,,8,,,,,,,
2026-09-09_Mark-Liversedge_Wrist_01__swing_0001,331,impact,ray,343,343,True,0,,,,,,,,8,,,,,,,
2026-09-09_Mark-Liversedge_Wrist_01__swing_0001,332,impact,ray,343,343,True,0,,,,,,,,8,,,,,,,
2026-09-09_Mark-Liversedge_Wrist_01__swing_0001,333,impact,ray,342,342,True,0,,,,,,,,8,,,,,,,
2026-09-09_Mark-Liversedge_Wrist_01__swing_0001,334,impact,ray,341,341,True,0,,,,,,,,8,,,,,,,
2026-09-09_Mark-Liversedge_Wrist_01__swing_0001,335,impact,ray,340,340,True,0,,,,,,,,8,,,,,,,
2026-09-09_Mark-Liversedge_Wrist_01__swing_0001,336,impact,ray,339,339,True,0,,,,,,,,7,,,,,,,
2026-09-09_Mark-Liversedge_Wrist_01__swing_0001,337,impact,ray,338,338,True,0,,,,,,,,8,,,,,,,
2026-09-09_Mark-Liversedge_Wrist_01__swing_0001,338,impact,ray,336,336,True,0,,,,,,,,8,,,,,,,
2026-09-09_Mark-Liversedge_Wrist_01__swing_0001,339,impact,seg,335,335,True,1,1,336,0.16292135417461395,121.79310607910156,2,0.7692307829856873,3,9,16,132,2,,,,
2026-09-09_Mark-Liversedge_Wrist_01__swing_0001,340,impact,seg,333,333,True,1,1,334,0.16994382441043854,131.73553466796875,2,0.7622950673103333,3,9,15,136,2,,,,
2026-09-09_Mark-Liversedge_Wrist_01__swing_0001,341,impact,seg,331,331,True,1,1,332,0.1741573065519333,116.6451644897461,2,0.7839999794960022,3,9,18,142,2,,,,
2026-09-09_Mark-Liversedge_Wrist_01__swing_0001,342,impact,seg,329,329,True,1,1,330,0.17977528274059296,153.25,2,0.8294573426246643,3,9,12,140,2,,,,
2026-09-09_Mark-Liversedge_Wrist_01__swing_0001,343,impact,seg,326,326,True,1,1,327,0.1839887648820877,122.16793823242188,2,0.8484848737716675,3,9,18,149,2,,,,
2026-09-09_Mark-Liversedge_Wrist_01__swing_0001,344,impact,seg,322,322,True,2,2,323,0.22050562500953674,247.21022033691406,1,0.9047619104385376,3,9,-1,151,0,,,,
2026-09-09_Mark-Liversedge_Wrist_01__swing_0001,345,impact,seg,319,319,True,2,2,320,0.22050562500953674,206.39492797851562,1,0.918367326259613,3,9,-1,160,0,,,,
2026-09-09_Mark-Liversedge_Wrist_01__swing_0001,346,impact,ray,317,317,True,0,,,,,,,,2,,,,,,,
2026-09-09_Mark-Liversedge_Wrist_01__swing_0001,347,impact,seg,313,313,True,1,1,314,0.20646066963672638,55.31972885131836,2,0.9391891956329346,3,9,34,181,2,,,,
2026-09-09_Mark-Liversedge_Wrist_01__swing_0001,348,impact,seg,305,305,True,1,1,306,0.20365168154239655,151.2551727294922,2,0.9452054500579834,2,9,14,159,2,,,,
2026-09-09_Mark-Liversedge_Wrist_01__swing_0001,349,impact,seg,300,300,True,1,1,301,0.18484848737716675,36.065574645996094,2,0.8536585569381714,1,9,34,156,2,,,,
2026-09-09_Mark-Liversedge_Wrist_01__swing_0001,350,impact,seg,294,294,True,1,1,295,0.18679775297641754,11.218045234680176,2,1,3,9,39,172,2,,,,
2026-09-09_Mark-Liversedge_Wrist_01__swing_0001,351,impact,seg,287,287,True,1,1,288,0.16994382441043854,14.04958724975586,2,1,3,9,35,156,2,,,,
2026-09-09_Mark-Liversedge_Wrist_01__swing_0001,352,impact,seg,280,280,True,1,1,281,0.15449437499046326,19.345455169677734,2,1,3,9,31,141,2,,,,
2026-09-09_Mark-Liversedge_Wrist_01__swing_0001,353,impact,seg,272,272,True,1,1,273,0.20909090340137482,23.913043975830078,2,1,1,9,41,179,2,,,,
2026-09-09_Mark-Liversedge_Wrist_01__swing_0001,354,impact,seg,264,264,True,1,1,265,0.26123595237731934,101.33333587646484,2,0.9946523904800415,2,9,31,217,2,,,,
2026-09-09_Mark-Liversedge_Wrist_01__swing_0001,355,impact,seg,254,254,True,1,1,254,0.2752808928489685,111.0204086303711,2,0.9847715497016907,3,9,30,226,2,,,,
2026-09-09_Mark-Liversedge_Wrist_01__swing_0001,356,impact,seg,243,243,True,1,1,242,0.28651684522628784,48.98039245605469,2,0.8829268217086792,3,9,49,253,2,,,,
2026-09-09_Mark-Liversedge_Wrist_01__swing_0001,357,down,ray,232,232,True,0,,,,,,,,7,,,,,,,
2026-09-09_Mark-Liversedge_Wrist_01__swing_0001,358,down,ray,222,222,True,0,,,,,,,,7,,,,,,,
2026-09-09_Mark-Liversedge_Wrist_01__swing_0001,359,down,seg,209,209,True,1,1,210,0.27949437499046326,55.417083740234375,2,0.8550000190734863,3,9,46,245,2,,,,
2026-09-09_Mark-Liversedge_Wrist_01__swing_0001,360,down,ray,190.1344449523226,188,True,0,,,,,,,,7,,,,,,,
2026-09-09_Mark-Liversedge_Wrist_01__swing_0001,361,down,ray,185.8655550476774,188,True,0,,,,,,,,2,,,,,,,
2026-09-09_Mark-Liversedge_Wrist_01__swing_0001,362,down,ray,175,175,True,0,,,,,,,,7,,,,,,,
2026-09-09_Mark-Liversedge_Wrist_01__swing_0001,363,down,seg,165,165,True,1,1,164,0.18960674107074738,125.06666564941406,2,0.8602941036224365,3,9,18,153,2,,,,
2026-09-09_Mark-Liversedge_Wrist_01__swing_0001,364,down,ray,153,153,True,0,,,,,,,,7,,,,,,,
2026-09-09_Mark-Liversedge_Wrist_01__swing_0001,365,down,ray,140,140,True,0,,,,,,,,7,,,,,,,
2026-09-09_Mark-Liversedge_Wrist_01__swing_0001,366,down,ray,122.99999999999994,123,True,0,,,,,,,,1,,,,,,,
2026-09-09_Mark-Liversedge_Wrist_01__swing_0001,367,down,ray,113,113,True,0,,,,,,,,7,,,,,,,
2026-09-09_Mark-Liversedge_Wrist_01__swing_0001,368,down,ray,109,109,True,0,,,,,,,,1,,,,,,,
2026-09-09_Mark-Liversedge_Wrist_01__swing_0001,369,down,wedge,99,99,True,0,,,,,,,,1,,,,,,,
2026-09-09_Mark-Liversedge_Wrist_01__swing_0001,370,down,ray,87,87,True,0,,,,,,,,1,,,,,,,
2026-09-09_Mark-Liversedge_Wrist_01__swing_0001,371,down,seg,80,80,True,1,1,79,0.19325153529644012,10.920635223388672,2,0.7401574850082397,2,9,52,178,1,,,,
2026-09-09_Mark-Liversedge_Wrist_01__swing_0001,372,down,ray,73.99999999999994,74,True,0,,,,,,,,1,,,,,,,
2026-09-09_Mark-Liversedge_Wrist_01__swing_0001,373,down,ray,62,62,True,0,,,,,,,,4,,,,,,,
2026-09-09_Mark-Liversedge_Wrist_01__swing_0001,374,down,ray,51,51,True,0,,,,,,,,1,,,,,,,
2026-09-09_Mark-Liversedge_Wrist_01__swing_0001,375,down,ray,45,45,True,0,,,,,,,,7,,,,,,,
2026-09-09_Mark-Liversedge_Wrist_01__swing_0001,376,down,ray,32,32,True,0,,,,,,,,1,,,,,,,
2026-09-09_Mark-Liversedge_Wrist_01__swing_0001,377,down,ray,23,23,True,0,,,,,,,,1,,,,,,,
2026-09-09_Mark-Liversedge_Wrist_01__swing_0001,378,down,ray,17.000000000000057,17,True,0,,,,,,,,1,,,,,,,
2026-09-09_Mark-Liversedge_Wrist_01__swing_0001,379,down,ray,11.680522449412535,11,True,0,,,,,,,,1,,,,,,,
2026-09-09_Mark-Liversedge_Wrist_01__swing_0001,380,down,ray,6.319477550587521,7,True,0,,,,,,,,1,,,,,,,
2026-09-09_Mark-Liversedge_Wrist_01__swing_0001,381,down,ray,0,0,True,0,,,,,,,,1,,,,,,,
2026-09-09_Mark-Liversedge_Wrist_01__swing_0001,382,thru,wedge,353,353,True,0,,,,,,,,1,,,,,,,
2026-09-09_Mark-Liversedge_Wrist_01__swing_0001,383,thru,ray,347,347,True,0,,,,,,,,1,,,,,,,
2026-09-09_Mark-Liversedge_Wrist_01__swing_0001,384,thru,wedge,340,340,True,0,,,,,,,,7,,,,,,,
2026-09-09_Mark-Liversedge_Wrist_01__swing_0001,385,thru,ray,331,331,True,0,,,,,,,,1,,,,,,,
2026-09-09_Mark-Liversedge_Wrist_01__swing_0001,386,thru,ray,319,319,True,0,,,,,,,,1,,,,,,,
2026-09-09_Mark-Liversedge_Wrist_01__swing_0001,387,thru,ray,310,310,True,0,,,,,,,,1,,,,,,,
2026-09-09_Mark-Liversedge_Wrist_01__swing_0001,388,thru,ray,304,304,True,0,,,,,,,,4,,,,,,,
2026-09-09_Mark-Liversedge_Wrist_01__swing_0001,389,thru,ray,299,299,True,0,,,,,,,,4,,,,,,,
2026-09-09_Mark-Liversedge_Wrist_01__swing_0001,390,thru,ray,293,293,True,0,,,,,,,,7,,,,,,,
2026-09-09_Mark-Liversedge_Wrist_01__swing_0001,391,thru,ray,288,288,True,0,,,,,,,,7,,,,,,,
2026-09-09_Mark-Liversedge_Wrist_01__swing_0001,392,thru,seg,283,283,True,2,2,282.5,0.22050562500953674,256.2802734375,1,1,3,9,-1,149,0,,,,
2026-09-09_Mark-Liversedge_Wrist_01__swing_0001,393,thru,seg,278,278,True,2,2,277,0.22050562500953674,229.07008361816406,1,1,3,9,-1,155,0,,,,
2026-09-09_Mark-Liversedge_Wrist_01__swing_0001,394,thru,seg,272,272,True,2,2,271,0.22050562500953674,197.32485961914062,1,1,3,9,-1,162,0,,,,
2026-09-09_Mark-Liversedge_Wrist_01__swing_0001,395,thru,seg,266,266,True,2,2,265,0.22050562500953674,179.1847381591797,1,1,3,9,-1,166,0,,,,
2026-09-09_Mark-Liversedge_Wrist_01__swing_0001,396,thru,seg,259,259,True,2,2,258,0.22050562500953674,242.67518615722656,1,1,3,9,-1,152,0,,,,
2026-09-09_Mark-Liversedge_Wrist_01__swing_0001,397,thru,seg,256,256,True,2,2,255,0.22050562500953674,161.04461669921875,1,0.9880239367485046,3,9,-1,170,0,,,,
2026-09-09_Mark-Liversedge_Wrist_01__swing_0001,398,thru,ray,254,254,True,0,,,,,,,,7,,,,,,,
2026-09-09_Mark-Liversedge_Wrist_01__swing_0001,399,thru,ray,254,254,True,0,,,,,,,,8,,,,,,,
2026-09-09_Mark-Liversedge_Wrist_01__swing_0001,400,thru,pred,254,254,True,0,,,,,,,,1,,,,,,,
2026-09-09_Mark-Liversedge_Wrist_01__swing_0001,401,thru,wedge,251,251,True,0,,,,,,,,1,,,,,,,
2026-09-09_Mark-Liversedge_Wrist_01__swing_0001,402,thru,seg,243,243,True,2,2,242,0.22050562500953674,34.063724517822266,1,1,3,9,-1,198,0,,,,
2026-09-09_Mark-Liversedge_Wrist_01__swing_0001,403,finish,ray,239,239,True,0,,,,,,,,7,,,,,,,
2026-09-09_Mark-Liversedge_Wrist_01__swing_0001,404,finish,ray,237,237,True,0,,,,,,,,4,,,,,,,
2026-09-09_Mark-Liversedge_Wrist_01__swing_0001,405,finish,ray,236,236,True,0,,,,,,,,4,,,,,,,
2026-09-09_Mark-Liversedge_Wrist_01__swing_0001,406,finish,ray,234,234,True,0,,,,,,,,4,,,,,,,
2026-09-09_Mark-Liversedge_Wrist_01__swing_0001,407,finish,seg,231,231,True,2,2,230,0.22050562500953674,229.07008361816406,1,1,3,9,-1,155,0,,,,
2026-09-09_Mark-Liversedge_Wrist_01__swing_0001,408,finish,ray,229,229,True,0,,,,,,,,1,,,,,,,
2026-09-09_Mark-Liversedge_Wrist_01__swing_0001,409,finish,ray,228,228,True,0,,,,,,,,7,,,,,,,
2026-09-09_Mark-Liversedge_Wrist_01__swing_0001,410,finish,seg,226,226,True,1,1,226,0.15950919687747955,79.38461303710938,2,1,3,9,32,136,1,,,,
2026-09-09_Mark-Liversedge_Wrist_01__swing_0001,411,finish,ray,224,224,True,0,,,,,,,,7,,,,,,,
2026-09-09_Mark-Liversedge_Wrist_01__swing_0001,412,finish,ray,222,222,True,0,,,,,,,,4,,,,,,,
2026-09-09_Mark-Liversedge_Wrist_01__swing_0001,413,finish,ray,221,221,True,0,,,,,,,,7,,,,,,,
2026-09-09_Mark-Liversedge_Wrist_01__swing_0001,414,finish,pred,220,220,True,0,,,,,,,,5,,,,,,,
2026-09-09_Mark-Liversedge_Wrist_01__swing_0001,415,finish,pred,219,219,True,0,,,,,,,,1,,,,,,,
2026-09-09_Mark-Liversedge_Wrist_01__swing_0001,416,finish,pred,218,218,True,0,,,,,,,,1,,,,,,,
2026-09-09_Mark-Liversedge_Wrist_01__swing_0001,417,finish,pred,218,218,True,0,,,,,,,,1,,,,,,,
2026-09-09_Mark-Liversedge_Wrist_01__swing_0001,418,finish,pred,218,218,False,0,,,,,,,,1,,,,,,,
2026-09-09_Mark-Liversedge_Wrist_01__swing_0001,419,finish,pred,218,218,False,0,,,,,,,,1,,,,,,,
2026-09-09_Mark-Liversedge_Wrist_01__swing_0001,420,finish,pred,218,218,False,0,,,,,,,,1,,,,,,,
2026-09-09_Mark-Liversedge_Wrist_01__swing_0001,421,finish,pred,218,218,False,0,,,,,,,,1,,,,,,,
2026-09-09_Mark-Liversedge_Wrist_01__swing_0001,422,finish,pred,218,218,False,0,,,,,,,,1,,,,,,,
2026-09-09_Mark-Liversedge_Wrist_01__swing_0001,423,finish,pred,218,218,False,0,,,,,,,,1,,,,,,,
2026-09-09_Mark-Liversedge_Wrist_01__swing_0001,424,finish,pred,218,218,False,0,,,,,,,,1,,,,,,,
2026-09-09_Mark-Liversedge_Wrist_01__swing_0001,425,finish,pred,218,218,False,0,,,,,,,,1,,,,,,,
2026-09-09_Mark-Liversedge_Wrist_01__swing_0001,426,finish,pred,218,218,False,0,,,,,,,,1,,,,,,,
2026-09-09_Mark-Liversedge_Wrist_01__swing_0001,427,finish,pred,218,218,False,0,,,,,,,,1,,,,,,,
2026-09-09_Mark-Liversedge_Wrist_01__swing_0001,428,finish,pred,218,218,False,0,,,,,,,,1,,,,,,,
2026-09-09_Mark-Liversedge_Wrist_01__swing_0001,429,finish,pred,218,218,False,0,,,,,,,,1,,,,,,,
2026-09-09_Mark-Liversedge_Wrist_01__swing_0001,430,finish,pred,218,218,False,0,,,,,,,,1,,,,,,,
2026-09-09_Mark-Liversedge_Wrist_01__swing_0001,431,finish,pred,218,218,False,0,,,,,,,,1,,,,,,,
2026-09-09_Mark-Liversedge_Wrist_01__swing_0001,432,finish,pred,218,218,False,0,,,,,,,,1,,,,,,,
2026-09-09_Mark-Liversedge_Wrist_01__swing_0001,433,finish,pred,218,218,False,0,,,,,,,,1,,,,,,,
2026-09-09_Mark-Liversedge_Wrist_01__swing_0001,434,finish,pred,218,218,False,0,,,,,,,,1,,,,,,,
2026-09-09_Mark-Liversedge_Wrist_01__swing_0001,435,finish,pred,218,218,False,0,,,,,,,,1,,,,,,,
2026-09-09_Mark-Liversedge_Wrist_01__swing_0001,436,finish,pred,218,218,False,0,,,,,,,,1,,,,,,,
2026-09-09_Mark-Liversedge_Wrist_01__swing_0001,437,finish,pred,218,218,False,0,,,,,,,,1,,,,,,,
2026-09-09_Mark-Liversedge_Wrist_01__swing_0001,438,finish,pred,218,218,False,0,,,,,,,,1,,,,,,,
2026-09-09_Mark-Liversedge_Wrist_01__swing_0001,439,finish,pred,218,218,False,0,,,,,,,,1,,,,,,,
2026-09-09_Mark-Liversedge_Wrist_01__swing_0001,440,finish,pred,218,218,False,0,,,,,,,,1,,,,,,,
2026-09-09_Mark-Liversedge_Wrist_01__swing_0001,441,finish,pred,218,218,False,0,,,,,,,,1,,,,,,,
2026-09-09_Mark-Liversedge_Wrist_01__swing_0001,442,finish,pred,218,218,False,0,,,,,,,,1,,,,,,,
2026-09-09_Mark-Liversedge_Wrist_01__swing_0001,443,finish,pred,218,218,False,0,,,,,,,,1,,,,,,,
2026-09-09_Mark-Liversedge_Wrist_01__swing_0001,444,finish,pred,218,218,False,0,,,,,,,,1,,,,,,,
2026-09-09_Mark-Liversedge_Wrist_01__swing_0001,445,finish,pred,218,218,False,0,,,,,,,,1,,,,,,,
2026-09-09_Mark-Liversedge_Wrist_01__swing_0001,446,finish,pred,218,218,False,0,,,,,,,,1,,,,,,,
2026-09-09_Mark-Liversedge_Wrist_01__swing_0001,447,finish,pred,218,218,False,0,,,,,,,,1,,,,,,,
2026-09-09_Mark-Liversedge_Wrist_01__swing_0001,448,finish,pred,218,218,False,0,,,,,,,,1,,,,,,,
2026-09-09_Mark-Liversedge_Wrist_01__swing_0001,449,finish,pred,218,218,False,0,,,,,,,,1,,,,,,,
2026-09-09_Mark-Liversedge_Wrist_01__swing_0001,450,finish,pred,218,218,False,0,,,,,,,,1,,,,,,,
2026-09-09_Mark-Liversedge_Wrist_01__swing_0001,451,finish,pred,218,218,False,0,,,,,,,,1,,,,,,,
2026-09-09_Mark-Liversedge_Wrist_01__swing_0001,452,finish,pred,218,218,False,0,,,,,,,,1,,,,,,,
2026-09-09_Mark-Liversedge_Wrist_01__swing_0001,453,finish,pred,218,218,False,0,,,,,,,,1,,,,,,,
2026-09-09_Mark-Liversedge_Wrist_01__swing_0001,454,finish,pred,218,218,False,0,,,,,,,,1,,,,,,,
2026-09-09_Mark-Liversedge_Wrist_01__swing_0001,455,finish,pred,218,218,False,0,,,,,,,,1,,,,,,,
2026-09-09_Mark-Liversedge_Wrist_01__swing_0001,456,finish,pred,218,218,False,0,,,,,,,,1,,,,,,,
2026-09-09_Mark-Liversedge_Wrist_01__swing_0001,457,finish,pred,218,218,False,0,,,,,,,,1,,,,,,,
2026-09-09_Mark-Liversedge_Wrist_01__swing_0001,458,finish,pred,218,218,False,0,,,,,,,,1,,,,,,,
2026-09-09_Mark-Liversedge_Wrist_01__swing_0001,459,finish,pred,218,218,False,0,,,,,,,,1,,,,,,,
2026-09-09_Mark-Liversedge_Wrist_01__swing_0001,460,finish,pred,218,218,False,0,,,,,,,,1,,,,,,,
2026-09-09_Mark-Liversedge_Wrist_01__swing_0001,461,finish,pred,218,218,False,0,,,,,,,,1,,,,,,,
2026-09-09_Mark-Liversedge_Wrist_01__swing_0001,462,finish,pred,218,218,False,0,,,,,,,,1,,,,,,,
2026-09-09_Mark-Liversedge_Wrist_01__swing_0001,463,finish,pred,218,218,False,0,,,,,,,,1,,,,,,,
2026-09-09_Mark-Liversedge_Wrist_01__swing_0001,464,finish,pred,218,218,False,0,,,,,,,,1,,,,,,,
2026-09-09_Mark-Liversedge_Wrist_01__swing_0001,465,finish,pred,218,218,False,0,,,,,,,,1,,,,,,,
2026-09-09_Mark-Liversedge_Wrist_01__swing_0001,466,finish,pred,218,218,False,0,,,,,,,,1,,,,,,,
2026-09-09_Mark-Liversedge_Wrist_01__swing_0001,467,finish,pred,218,218,False,0,,,,,,,,1,,,,,,,
2026-09-09_Mark-Liversedge_Wrist_01__swing_0001,468,finish,pred,218,218,False,0,,,,,,,,1,,,,,,,
2026-09-09_Mark-Liversedge_Wrist_01__swing_0001,469,finish,pred,218,218,False,0,,,,,,,,1,,,,,,,
2026-09-09_Mark-Liversedge_Wrist_01__swing_0001,470,finish,pred,218,218,False,0,,,,,,,,1,,,,,,,
2026-09-09_Mark-Liversedge_Wrist_01__swing_0001,471,finish,pred,218,218,False,0,,,,,,,,1,,,,,,,
2026-09-09_Mark-Liversedge_Wrist_01__swing_0001,472,finish,pred,218,218,False,0,,,,,,,,1,,,,,,,
2026-09-09_Mark-Liversedge_Wrist_01__swing_0001,473,finish,pred,218,218,False,0,,,,,,,,1,,,,,,,
2026-09-09_Mark-Liversedge_Wrist_01__swing_0001,474,finish,pred,218,218,False,0,,,,,,,,1,,,,,,,
2026-09-09_Mark-Liversedge_Wrist_01__swing_0001,475,finish,pred,218,218,False,0,,,,,,,,1,,,,,,,
2026-09-09_Mark-Liversedge_Wrist_01__swing_0001,476,finish,pred,218,218,False,0,,,,,,,,1,,,,,,,
2026-09-09_Mark-Liversedge_Wrist_01__swing_0001,477,finish,pred,218,218,False,0,,,,,,,,1,,,,,,,
2026-09-09_Mark-Liversedge_Wrist_01__swing_0001,478,finish,pred,218,218,False,0,,,,,,,,1,,,,,,,
2026-09-09_Mark-Liversedge_Wrist_01__swing_0001,479,finish,pred,218,218,False,0,,,,,,,,1,,,,,,,
2026-09-09_Mark-Liversedge_Wrist_01__swing_0001,480,finish,pred,218,218,False,0,,,,,,,,1,,,,,,,
2026-09-09_Mark-Liversedge_Wrist_01__swing_0001,481,finish,pred,218,218,False,0,,,,,,,,1,,,,,,,
2026-09-09_Mark-Liversedge_Wrist_01__swing_0001,482,finish,pred,218,218,False,0,,,,,,,,1,,,,,,,
2026-09-09_Mark-Liversedge_Wrist_01__swing_0001,483,finish,pred,218,218,False,0,,,,,,,,1,,,,,,,
2026-09-09_Mark-Liversedge_Wrist_01__swing_0001,484,finish,pred,218,218,False,0,,,,,,,,1,,,,,,,
2026-09-09_Mark-Liversedge_Wrist_01__swing_0001,485,finish,pred,218,218,False,0,,,,,,,,1,,,,,,,
2026-09-09_Mark-Liversedge_Wrist_01__swing_0001,486,finish,pred,218,218,False,0,,,,,,,,1,,,,,,,
2026-09-09_Mark-Liversedge_Wrist_01__swing_0001,487,finish,pred,218,218,False,0,,,,,,,,1,,,,,,,
2026-09-09_Mark-Liversedge_Wrist_01__swing_0001,488,finish,pred,218,218,False,0,,,,,,,,1,,,,,,,
2026-09-09_Mark-Liversedge_Wrist_01__swing_0001,489,finish,pred,218,218,False,0,,,,,,,,1,,,,,,,
2026-09-09_Mark-Liversedge_Wrist_01__swing_0001,490,finish,pred,218,218,False,0,,,,,,,,1,,,,,,,
2026-09-09_Mark-Liversedge_Wrist_01__swing_0001,491,finish,pred,218,218,False,0,,,,,,,,1,,,,,,,
2026-09-09_Mark-Liversedge_Wrist_01__swing_0001,492,finish,pred,218,218,False,0,,,,,,,,1,,,,,,,
2026-09-09_Mark-Liversedge_Wrist_01__swing_0001,493,finish,pred,218,218,False,0,,,,,,,,1,,,,,,,
2026-09-09_Mark-Liversedge_Wrist_01__swing_0001,494,finish,pred,218,218,False,0,,,,,,,,1,,,,,,,
2026-09-09_Mark-Liversedge_Wrist_01__swing_0001,495,finish,pred,218,218,False,0,,,,,,,,1,,,,,,,
2026-09-09_Mark-Liversedge_Wrist_01__swing_0001,496,finish,pred,218,218,False,0,,,,,,,,1,,,,,,,
2026-09-09_Mark-Liversedge_Wrist_01__swing_0001,497,finish,pred,218,218,False,0,,,,,,,,1,,,,,,,
2026-09-09_Mark-Liversedge_Wrist_01__swing_0001,498,finish,pred,218,218,False,0,,,,,,,,1,,,,,,,
2026-09-09_Mark-Liversedge_Wrist_01__swing_0001,499,finish,pred,218,218,False,0,,,,,,,,1,,,,,,,
2026-09-09_Mark-Liversedge_Wrist_01__swing_0001,500,finish,pred,218,218,False,0,,,,,,,,1,,,,,,,
2026-09-09_Mark-Liversedge_Wrist_01__swing_0001,501,finish,pred,218,218,False,0,,,,,,,,1,,,,,,,
2026-09-09_Mark-Liversedge_Wrist_01__swing_0001,502,finish,pred,218,218,False,0,,,,,,,,1,,,,,,,
2026-09-09_Mark-Liversedge_Wrist_01__swing_0001,503,finish,pred,218,218,False,0,,,,,,,,1,,,,,,,
2026-09-09_Mark-Liversedge_Wrist_01__swing_0001,504,finish,pred,218,218,False,0,,,,,,,,1,,,,,,,
2026-09-09_Mark-Liversedge_Wrist_01__swing_0001,505,finish,pred,218,218,False,0,,,,,,,,1,,,,,,,
2026-09-09_Mark-Liversedge_Wrist_01__swing_0001,506,finish,pred,218,218,False,0,,,,,,,,1,,,,,,,
2026-09-09_Mark-Liversedge_Wrist_01__swing_0001,507,finish,pred,218,218,False,0,,,,,,,,1,,,,,,,
2026-09-09_Mark-Liversedge_Wrist_01__swing_0001,508,finish,pred,218,218,False,0,,,,,,,,1,,,,,,,
2026-09-09_Mark-Liversedge_Wrist_01__swing_0001,509,finish,pred,218,218,False,0,,,,,,,,1,,,,,,,
2026-09-09_Mark-Liversedge_Wrist_01__swing_0001,510,finish,pred,218,218,False,0,,,,,,,,1,,,,,,,
2026-09-09_Mark-Liversedge_Wrist_01__swing_0001,511,finish,pred,218,218,False,0,,,,,,,,1,,,,,,,
2026-09-09_Mark-Liversedge_Wrist_01__swing_0001,512,finish,pred,218,218,False,0,,,,,,,,1,,,,,,,
2026-09-09_Mark-Liversedge_Wrist_01__swing_0001,513,finish,pred,218,218,False,0,,,,,,,,1,,,,,,,
2026-09-09_Mark-Liversedge_Wrist_01__swing_0001,514,finish,pred,218,218,False,0,,,,,,,,1,,,,,,,
2026-09-09_Mark-Liversedge_Wrist_01__swing_0001,515,finish,pred,218,218,False,0,,,,,,,,1,,,,,,,
2026-09-09_Mark-Liversedge_Wrist_01__swing_0001,516,finish,pred,218,218,False,0,,,,,,,,1,,,,,,,
2026-09-09_Mark-Liversedge_Wrist_01__swing_0001,517,finish,pred,218,218,False,0,,,,,,,,1,,,,,,,
2026-09-09_Mark-Liversedge_Wrist_01__swing_0001,518,finish,pred,218,218,False,0,,,,,,,,1,,,,,,,
2026-09-09_Mark-Liversedge_Wrist_01__swing_0001,519,finish,pred,218,218,False,0,,,,,,,,1,,,,,,,
2026-09-09_Mark-Liversedge_Wrist_01__swing_0001,520,finish,pred,218,218,False,0,,,,,,,,1,,,,,,,
2026-09-09_Mark-Liversedge_Wrist_01__swing_0001,521,finish,pred,218,218,False,0,,,,,,,,1,,,,,,,
2026-09-09_Mark-Liversedge_Wrist_01__swing_0001,522,finish,pred,218,218,False,0,,,,,,,,1,,,,,,,
2026-09-09_Mark-Liversedge_Wrist_01__swing_0001,523,finish,pred,218,218,False,0,,,,,,,,1,,,,,,,
2026-09-09_Mark-Liversedge_Wrist_01__swing_0001,524,finish,pred,218,218,False,0,,,,,,,,1,,,,,,,
2026-09-09_Mark-Liversedge_Wrist_01__swing_0001,525,finish,pred,218,218,False,0,,,,,,,,1,,,,,,,
2026-09-09_Mark-Liversedge_Wrist_01__swing_0001,526,finish,pred,218,218,False,0,,,,,,,,1,,,,,,,
2026-09-09_Mark-Liversedge_Wrist_01__swing_0001,527,finish,pred,218,218,False,0,,,,,,,,1,,,,,,,
2026-09-09_Mark-Liversedge_Wrist_01__swing_0001,528,finish,pred,218,218,False,0,,,,,,,,1,,,,,,,
2026-09-09_Mark-Liversedge_Wrist_01__swing_0001,529,finish,pred,218,218,False,0,,,,,,,,1,,,,,,,
2026-09-09_Mark-Liversedge_Wrist_01__swing_0001,530,finish,pred,218,218,False,0,,,,,,,,1,,,,,,,
2026-09-09_Mark-Liversedge_Wrist_01__swing_0001,531,finish,pred,218,218,False,0,,,,,,,,1,,,,,,,
2026-09-09_Mark-Liversedge_Wrist_01__swing_0001,532,finish,pred,218,218,False,0,,,,,,,,1,,,,,,,
2026-09-09_Mark-Liversedge_Wrist_01__swing_0001,533,finish,pred,218,218,False,0,,,,,,,,1,,,,,,,
2026-09-09_Mark-Liversedge_Wrist_01__swing_0001,534,finish,pred,218,218,False,0,,,,,,,,1,,,,,,,
2026-09-09_Mark-Liversedge_Wrist_01__swing_0001,535,finish,pred,218,218,False,0,,,,,,,,1,,,,,,,
2026-09-09_Mark-Liversedge_Wrist_01__swing_0001,536,finish,pred,218,218,False,0,,,,,,,,1,,,,,,,
2026-09-09_Mark-Liversedge_Wrist_01__swing_0001,537,finish,pred,218,218,False,0,,,,,,,,1,,,,,,,
2026-09-09_Mark-Liversedge_Wrist_01__swing_0001,538,finish,pred,218,218,False,0,,,,,,,,1,,,,,,,
2026-09-09_Mark-Liversedge_Wrist_01__swing_0001,539,finish,pred,218,218,False,0,,,,,,,,1,,,,,,,
2026-09-09_Mark-Liversedge_Wrist_01__swing_0001,540,finish,pred,218,218,False,0,,,,,,,,1,,,,,,,
2026-09-09_Mark-Liversedge_Wrist_01__swing_0001,541,finish,pred,218,218,False,0,,,,,,,,1,,,,,,,
2026-09-09_Mark-Liversedge_Wrist_01__swing_0001,542,finish,pred,218,218,False,0,,,,,,,,1,,,,,,,
2026-09-09_Mark-Liversedge_Wrist_01__swing_0001,543,finish,pred,218,218,False,0,,,,,,,,1,,,,,,,
2026-09-09_Mark-Liversedge_Wrist_01__swing_0001,544,finish,pred,218,218,False,0,,,,,,,,1,,,,,,,
2026-09-09_Mark-Liversedge_Wrist_01__swing_0001,545,finish,pred,218,218,False,0,,,,,,,,1,,,,,,,
2026-09-09_Mark-Liversedge_Wrist_01__swing_0001,546,finish,pred,218,218,False,0,,,,,,,,1,,,,,,,
2026-09-09_Mark-Liversedge_Wrist_01__swing_0001,547,finish,pred,218,218,False,0,,,,,,,,1,,,,,,,
2026-09-09_Mark-Liversedge_Wrist_01__swing_0001,548,finish,pred,218,218,False,0,,,,,,,,1,,,,,,,
2026-09-09_Mark-Liversedge_Wrist_01__swing_0001,549,finish,pred,218,218,False,0,,,,,,,,1,,,,,,,
2026-09-09_Mark-Liversedge_Wrist_01__swing_0001,550,finish,pred,218,218,False,0,,,,,,,,1,,,,,,,
2026-09-09_Mark-Liversedge_Wrist_01__swing_0001,551,finish,pred,218,218,False,0,,,,,,,,1,,,,,,,
2026-09-09_Mark-Liversedge_Wrist_01__swing_0001,552,finish,pred,218,218,False,0,,,,,,,,1,,,,,,,
2026-09-09_Mark-Liversedge_Wrist_01__swing_0001,553,finish,pred,218,218,False,0,,,,,,,,1,,,,,,,
2026-09-09_Mark-Liversedge_Wrist_01__swing_0001,554,finish,pred,218,218,False,0,,,,,,,,1,,,,,,,
2026-09-09_Mark-Liversedge_Wrist_01__swing_0001,555,finish,pred,218,218,False,0,,,,,,,,1,,,,,,,
2026-09-09_Mark-Liversedge_Wrist_01__swing_0001,556,finish,pred,218,218,False,0,,,,,,,,1,,,,,,,
2026-09-09_Mark-Liversedge_Wrist_01__swing_0001,557,finish,pred,218,218,False,0,,,,,,,,1,,,,,,,
2026-09-09_Mark-Liversedge_Wrist_01__swing_0001,558,finish,pred,218,218,False,0,,,,,,,,1,,,,,,,
2026-09-09_Mark-Liversedge_Wrist_01__swing_0001,559,finish,pred,218,218,False,0,,,,,,,,1,,,,,,,
2026-09-09_Mark-Liversedge_Wrist_01__swing_0001,560,finish,pred,218,218,False,0,,,,,,,,1,,,,,,,
2026-09-09_Mark-Liversedge_Wrist_01__swing_0001,561,finish,pred,218,218,False,0,,,,,,,,1,,,,,,,
2026-09-09_Mark-Liversedge_Wrist_01__swing_0001,562,finish,pred,218,218,False,0,,,,,,,,1,,,,,,,
2026-09-09_Mark-Liversedge_Wrist_01__swing_0001,563,finish,pred,218,218,False,0,,,,,,,,1,,,,,,,
2026-09-09_Mark-Liversedge_Wrist_01__swing_0001,564,finish,pred,218,218,False,0,,,,,,,,1,,,,,,,
2026-09-09_Mark-Liversedge_Wrist_01__swing_0001,565,finish,pred,218,218,False,0,,,,,,,,1,,,,,,,
2026-09-09_Mark-Liversedge_Wrist_01__swing_0001,566,finish,pred,218,218,False,0,,,,,,,,1,,,,,,,
2026-09-09_Mark-Liversedge_Wrist_01__swing_0001,567,finish,pred,218,218,False,0,,,,,,,,1,,,,,,,
2026-09-09_Mark-Liversedge_Wrist_01__swing_0001,568,finish,pred,218,218,False,0,,,,,,,,1,,,,,,,
2026-09-09_Mark-Liversedge_Wrist_01__swing_0001,569,finish,pred,218,218,False,0,,,,,,,,1,,,,,,,
2026-09-09_Mark-Liversedge_Wrist_01__swing_0001,570,finish,pred,218,218,False,0,,,,,,,,1,,,,,,,
2026-09-09_Mark-Liversedge_Wrist_01__swing_0001,571,finish,pred,218,218,False,0,,,,,,,,1,,,,,,,
2026-09-09_Mark-Liversedge_Wrist_01__swing_0001,572,finish,pred,218,218,False,0,,,,,,,,1,,,,,,,
2026-09-09_Mark-Liversedge_Wrist_01__swing_0001,573,finish,pred,218,218,False,0,,,,,,,,1,,,,,,,
2026-09-09_Mark-Liversedge_Wrist_01__swing_0001,574,finish,pred,218,218,False,0,,,,,,,,1,,,,,,,
2026-09-09_Mark-Liversedge_Wrist_01__swing_0001,575,finish,seg,218,218,False,2,2,217,0.22050562500953674,147.43951416015625,1,1,3,9,-1,173,0,,,,
2026-09-09_Mark-Liversedge_Wrist_01__swing_0001,576,finish,pred,218,218,False,0,,,,,,,,7,,,,,,,
2026-09-09_Mark-Liversedge_Wrist_01__swing_0001,577,finish,seg,218,218,False,2,2,218,0.22050562500953674,142.90447998046875,1,1,3,9,-1,174,0,,,,
2026-09-09_Mark-Liversedge_Wrist_01__swing_0001,578,finish,pred,218,218,False,0,,,,,,,,7,,,,,,,
2026-09-09_Mark-Liversedge_Wrist_01__swing_0001,579,finish,pred,218,218,False,0,,,,,,,,7,,,,,,,
2026-09-09_Mark-Liversedge_Wrist_01__swing_0001,580,finish,pred,218,218,False,0,,,,,,,,7,,,,,,,
2026-09-09_Mark-Liversedge_Wrist_01__swing_0001,581,finish,pred,218,218,False,0,,,,,,,,7,,,,,,,
2026-09-09_Mark-Liversedge_Wrist_01__swing_0001,582,finish,pred,218,218,False,0,,,,,,,,1,,,,,,,
2026-09-09_Mark-Liversedge_Wrist_01__swing_0001,583,finish,pred,218,218,False,0,,,,,,,,1,,,,,,,
2026-09-09_Mark-Liversedge_Wrist_01__swing_0001,584,finish,pred,218,218,False,0,,,,,,,,1,,,,,,,
2026-09-09_Mark-Liversedge_Wrist_01__swing_0001,585,finish,pred,218,218,False,0,,,,,,,,1,,,,,,,
2026-09-09_Mark-Liversedge_Wrist_01__swing_0001,586,finish,pred,218,218,False,0,,,,,,,,1,,,,,,,
2026-09-09_Mark-Liversedge_Wrist_01__swing_0001,587,finish,seg,218,218,False,2,2,219,0.22050562500953674,217.8853759765625,1,0.8539325594902039,1,9,-1,146,0,,,,
2026-09-09_Mark-Liversedge_Wrist_01__swing_0001,588,finish,pred,218,218,False,0,,,,,,,,7,,,,,,,
2026-09-09_Mark-Liversedge_Wrist_01__swing_0001,589,finish,pred,218,218,False,0,,,,,,,,1,,,,,,,
2026-09-09_Mark-Liversedge_Wrist_01__swing_0001,590,finish,pred,218,218,False,0,,,,,,,,1,,,,,,,
2026-09-09_Mark-Liversedge_Wrist_01__swing_0001,591,finish,pred,218,218,False,0,,,,,,,,1,,,,,,,
2026-09-09_Mark-Liversedge_Wrist_01__swing_0001,592,finish,pred,218,218,False,0,,,,,,,,1,,,,,,,
2026-09-09_Mark-Liversedge_Wrist_01__swing_0001,593,finish,pred,218,218,False,0,,,,,,,,1,,,,,,,
2026-09-09_Mark-Liversedge_Wrist_01__swing_0001,594,finish,pred,218,218,False,0,,,,,,,,1,,,,,,,
2026-09-09_Mark-Liversedge_Wrist_01__swing_0001,595,finish,pred,218,218,False,0,,,,,,,,1,,,,,,,
2026-09-09_Mark-Liversedge_Wrist_01__swing_0001,596,finish,pred,218,218,False,0,,,,,,,,1,,,,,,,
2026-09-09_Mark-Liversedge_Wrist_01__swing_0002,0,addr,pred,91,91,False,0,,,,,,,,8,,,,,,,
2026-09-09_Mark-Liversedge_Wrist_01__swing_0002,1,addr,pred,91,91,False,0,,,,,,,,8,,,,,,,
2026-09-09_Mark-Liversedge_Wrist_01__swing_0002,2,addr,pred,91,91,False,0,,,,,,,,8,,,,,,,
2026-09-09_Mark-Liversedge_Wrist_01__swing_0002,3,addr,pred,91,91,False,0,,,,,,,,8,,,,,,,
2026-09-09_Mark-Liversedge_Wrist_01__swing_0002,4,addr,pred,91,91,False,0,,,,,,,,8,,,,,,,
2026-09-09_Mark-Liversedge_Wrist_01__swing_0002,5,addr,pred,91,91,False,0,,,,,,,,8,,,,,,,
2026-09-09_Mark-Liversedge_Wrist_01__swing_0002,6,addr,pred,91,91,False,0,,,,,,,,8,,,,,,,
2026-09-09_Mark-Liversedge_Wrist_01__swing_0002,7,addr,pred,91,91,False,0,,,,,,,,8,,,,,,,
2026-09-09_Mark-Liversedge_Wrist_01__swing_0002,8,addr,pred,91,91,False,0,,,,,,,,8,,,,,,,
2026-09-09_Mark-Liversedge_Wrist_01__swing_0002,9,addr,pred,91,91,False,0,,,,,,,,8,,,,,,,
2026-09-09_Mark-Liversedge_Wrist_01__swing_0002,10,addr,pred,91,91,False,1,1,100.42727661132812,0.5133333206176758,155.32467651367188,2,0.7702265381813049,1,9,64,372,1,,,,
2026-09-09_Mark-Liversedge_Wrist_01__swing_0002,11,addr,pred,91,91,False,0,,,,,,,,8,,,,,,,
2026-09-09_Mark-Liversedge_Wrist_01__swing_0002,12,addr,pred,91,91,False,0,,,,,,,,8,,,,,,,
2026-09-09_Mark-Liversedge_Wrist_01__swing_0002,13,addr,pred,91,91,False,0,,,,,,,,8,,,,,,,
2026-09-09_Mark-Liversedge_Wrist_01__swing_0002,14,addr,pred,91,91,False,0,,,,,,,,8,,,,,,,
2026-09-09_Mark-Liversedge_Wrist_01__swing_0002,15,addr,pred,91,91,False,0,,,,,,,,8,,,,,,,
2026-09-09_Mark-Liversedge_Wrist_01__swing_0002,16,addr,pred,91,91,False,0,,,,,,,,8,,,,,,,
2026-09-09_Mark-Liversedge_Wrist_01__swing_0002,17,addr,pred,91,91,False,0,,,,,,,,8,,,,,,,
2026-09-09_Mark-Liversedge_Wrist_01__swing_0002,18,addr,pred,91,91,False,0,,,,,,,,7,,,,,,,
2026-09-09_Mark-Liversedge_Wrist_01__swing_0002,19,addr,pred,91,91,False,0,,,,,,,,7,,,,,,,
2026-09-09_Mark-Liversedge_Wrist_01__swing_0002,20,addr,pred,91,91,False,0,,,,,,,,7,,,,,,,
2026-09-09_Mark-Liversedge_Wrist_01__swing_0002,21,addr,pred,91,91,False,0,,,,,,,,7,,,,,,,
2026-09-09_Mark-Liversedge_Wrist_01__swing_0002,22,addr,pred,91,91,False,0,,,,,,,,7,,,,,,,
2026-09-09_Mark-Liversedge_Wrist_01__swing_0002,23,addr,pred,91,91,False,0,,,,,,,,7,,,,,,,
2026-09-09_Mark-Liversedge_Wrist_01__swing_0002,24,addr,pred,91,91,False,0,,,,,,,,7,,,,,,,
2026-09-09_Mark-Liversedge_Wrist_01__swing_0002,25,addr,pred,91,91,False,0,,,,,,,,7,,,,,,,
2026-09-09_Mark-Liversedge_Wrist_01__swing_0002,26,addr,pred,91,91,False,0,,,,,,,,7,,,,,,,
2026-09-09_Mark-Liversedge_Wrist_01__swing_0002,27,addr,pred,91,91,False,0,,,,,,,,7,,,,,,,
2026-09-09_Mark-Liversedge_Wrist_01__swing_0002,28,addr,pred,91,91,False,0,,,,,,,,7,,,,,,,
2026-09-09_Mark-Liversedge_Wrist_01__swing_0002,29,addr,pred,91,91,False,0,,,,,,,,7,,,,,,,
2026-09-09_Mark-Liversedge_Wrist_01__swing_0002,30,addr,pred,91,91,False,0,,,,,,,,7,,,,,,,
2026-09-09_Mark-Liversedge_Wrist_01__swing_0002,31,addr,pred,91,91,False,0,,,,,,,,7,,,,,,,
2026-09-09_Mark-Liversedge_Wrist_01__swing_0002,32,addr,pred,91,91,False,0,,,,,,,,7,,,,,,,
2026-09-09_Mark-Liversedge_Wrist_01__swing_0002,33,addr,pred,91,91,False,0,,,,,,,,7,,,,,,,
2026-09-09_Mark-Liversedge_Wrist_01__swing_0002,34,addr,pred,91,91,False,0,,,,,,,,7,,,,,,,
2026-09-09_Mark-Liversedge_Wrist_01__swing_0002,35,addr,pred,91,91,False,0,,,,,,,,7,,,,,,,
2026-09-09_Mark-Liversedge_Wrist_01__swing_0002,36,addr,pred,91,91,False,0,,,,,,,,8,,,,,,,
2026-09-09_Mark-Liversedge_Wrist_01__swing_0002,37,addr,pred,91,91,False,0,,,,,,,,8,,,,,,,
2026-09-09_Mark-Liversedge_Wrist_01__swing_0002,38,addr,pred,91,91,False,0,,,,,,,,8,,,,,,,
2026-09-09_Mark-Liversedge_Wrist_01__swing_0002,39,addr,pred,91,91,False,0,,,,,,,,8,,,,,,,
2026-09-09_Mark-Liversedge_Wrist_01__swing_0002,40,addr,pred,91,91,False,0,,,,,,,,8,,,,,,,
2026-09-09_Mark-Liversedge_Wrist_01__swing_0002,41,addr,pred,91,91,False,0,,,,,,,,8,,,,,,,
2026-09-09_Mark-Liversedge_Wrist_01__swing_0002,42,addr,pred,91,91,False,0,,,,,,,,8,,,,,,,
2026-09-09_Mark-Liversedge_Wrist_01__swing_0002,43,addr,pred,91,91,False,0,,,,,,,,8,,,,,,,
2026-09-09_Mark-Liversedge_Wrist_01__swing_0002,44,addr,pred,91,91,False,0,,,,,,,,8,,,,,,,
2026-09-09_Mark-Liversedge_Wrist_01__swing_0002,45,addr,pred,91,91,False,0,,,,,,,,8,,,,,,,
2026-09-09_Mark-Liversedge_Wrist_01__swing_0002,46,addr,pred,91,91,False,0,,,,,,,,8,,,,,,,
2026-09-09_Mark-Liversedge_Wrist_01__swing_0002,47,addr,pred,91,91,False,0,,,,,,,,8,,,,,,,
2026-09-09_Mark-Liversedge_Wrist_01__swing_0002,48,addr,pred,91,91,False,0,,,,,,,,8,,,,,,,
2026-09-09_Mark-Liversedge_Wrist_01__swing_0002,49,addr,pred,91,91,False,0,,,,,,,,8,,,,,,,
2026-09-09_Mark-Liversedge_Wrist_01__swing_0002,50,addr,pred,91,91,False,0,,,,,,,,8,,,,,,,
2026-09-09_Mark-Liversedge_Wrist_01__swing_0002,51,addr,pred,91,91,False,0,,,,,,,,7,,,,,,,
2026-09-09_Mark-Liversedge_Wrist_01__swing_0002,52,addr,pred,91,91,False,0,,,,,,,,7,,,,,,,
2026-09-09_Mark-Liversedge_Wrist_01__swing_0002,53,addr,pred,91,91,False,0,,,,,,,,4,,,,,,,
2026-09-09_Mark-Liversedge_Wrist_01__swing_0002,54,addr,pred,91,91,False,0,,,,,,,,2,,,,,,,
2026-09-09_Mark-Liversedge_Wrist_01__swing_0002,55,addr,pred,91,91,False,0,,,,,,,,2,,,,,,,
2026-09-09_Mark-Liversedge_Wrist_01__swing_0002,56,addr,pred,91,91,False,0,,,,,,,,1,,,,,,,
2026-09-09_Mark-Liversedge_Wrist_01__swing_0002,57,addr,pred,91,91,False,0,,,,,,,,1,,,,,,,
2026-09-09_Mark-Liversedge_Wrist_01__swing_0002,58,addr,pred,91,91,False,0,,,,,,,,2,,,,,,,
2026-09-09_Mark-Liversedge_Wrist_01__swing_0002,59,addr,pred,91,91,False,0,,,,,,,,1,,,,,,,
2026-09-09_Mark-Liversedge_Wrist_01__swing_0002,60,addr,pred,91,91,False,0,,,,,,,,4,,,,,,,
2026-09-09_Mark-Liversedge_Wrist_01__swing_0002,61,addr,pred,91,91,False,0,,,,,,,,1,,,,,,,
2026-09-09_Mark-Liversedge_Wrist_01__swing_0002,62,addr,pred,91,91,False,0,,,,,,,,2,,,,,,,
2026-09-09_Mark-Liversedge_Wrist_01__swing_0002,63,addr,pred,91,91,False,0,,,,,,,,4,,,,,,,
2026-09-09_Mark-Liversedge_Wrist_01__swing_0002,64,addr,pred,91,91,False,0,,,,,,,,2,,,,,,,
2026-09-09_Mark-Liversedge_Wrist_01__swing_0002,65,addr,pred,91,91,False,0,,,,,,,,2,,,,,,,
2026-09-09_Mark-Liversedge_Wrist_01__swing_0002,66,addr,pred,91,91,False,0,,,,,,,,2,,,,,,,
2026-09-09_Mark-Liversedge_Wrist_01__swing_0002,67,addr,pred,91,91,False,0,,,,,,,,2,,,,,,,
2026-09-09_Mark-Liversedge_Wrist_01__swing_0002,68,addr,pred,91,91,False,0,,,,,,,,2,,,,,,,
2026-09-09_Mark-Liversedge_Wrist_01__swing_0002,69,addr,pred,91,91,False,0,,,,,,,,4,,,,,,,
2026-09-09_Mark-Liversedge_Wrist_01__swing_0002,70,addr,pred,91,91,False,0,,,,,,,,7,,,,,,,
2026-09-09_Mark-Liversedge_Wrist_01__swing_0002,71,addr,pred,91,91,False,0,,,,,,,,8,,,,,,,
2026-09-09_Mark-Liversedge_Wrist_01__swing_0002,72,addr,pred,91,91,False,0,,,,,,,,8,,,,,,,
2026-09-09_Mark-Liversedge_Wrist_01__swing_0002,73,addr,pred,91,91,False,0,,,,,,,,8,,,,,,,
2026-09-09_Mark-Liversedge_Wrist_01__swing_0002,74,addr,pred,91,91,False,0,,,,,,,,8,,,,,,,
2026-09-09_Mark-Liversedge_Wrist_01__swing_0002,75,addr,pred,91,91,False,0,,,,,,,,8,,,,,,,
2026-09-09_Mark-Liversedge_Wrist_01__swing_0002,76,addr,pred,91,91,False,0,,,,,,,,8,,,,,,,
2026-09-09_Mark-Liversedge_Wrist_01__swing_0002,77,addr,pred,91,91,False,0,,,,,,,,8,,,,,,,
2026-09-09_Mark-Liversedge_Wrist_01__swing_0002,78,addr,pred,91,91,False,0,,,,,,,,8,,,,,,,
2026-09-09_Mark-Liversedge_Wrist_01__swing_0002,79,addr,pred,91,91,False,0,,,,,,,,8,,,,,,,
2026-09-09_Mark-Liversedge_Wrist_01__swing_0002,80,addr,pred,91,91,False,0,,,,,,,,8,,,,,,,
2026-09-09_Mark-Liversedge_Wrist_01__swing_0002,81,addr,pred,91,91,False,0,,,,,,,,8,,,,,,,
2026-09-09_Mark-Liversedge_Wrist_01__swing_0002,82,addr,pred,91,91,False,0,,,,,,,,8,,,,,,,
2026-09-09_Mark-Liversedge_Wrist_01__swing_0002,83,addr,pred,91,91,False,0,,,,,,,,8,,,,,,,
2026-09-09_Mark-Liversedge_Wrist_01__swing_0002,84,addr,pred,91,91,False,0,,,,,,,,8,,,,,,,
2026-09-09_Mark-Liversedge_Wrist_01__swing_0002,85,addr,pred,91,91,False,0,,,,,,,,8,,,,,,,
2026-09-09_Mark-Liversedge_Wrist_01__swing_0002,86,addr,pred,91,91,False,0,,,,,,,,8,,,,,,,
2026-09-09_Mark-Liversedge_Wrist_01__swing_0002,87,addr,pred,91,91,False,0,,,,,,,,8,,,,,,,
2026-09-09_Mark-Liversedge_Wrist_01__swing_0002,88,addr,pred,91,91,False,0,,,,,,,,8,,,,,,,
2026-09-09_Mark-Liversedge_Wrist_01__swing_0002,89,addr,pred,91,91,False,0,,,,,,,,8,,,,,,,
2026-09-09_Mark-Liversedge_Wrist_01__swing_0002,90,addr,pred,91,91,False,0,,,,,,,,8,,,,,,,
2026-09-09_Mark-Liversedge_Wrist_01__swing_0002,91,addr,pred,91,91,False,0,,,,,,,,8,,,,,,,
2026-09-09_Mark-Liversedge_Wrist_01__swing_0002,92,addr,pred,91,91,False,0,,,,,,,,8,,,,,,,
2026-09-09_Mark-Liversedge_Wrist_01__swing_0002,93,addr,pred,91,91,False,0,,,,,,,,8,,,,,,,
2026-09-09_Mark-Liversedge_Wrist_01__swing_0002,94,addr,pred,91,91,False,0,,,,,,,,8,,,,,,,
2026-09-09_Mark-Liversedge_Wrist_01__swing_0002,95,addr,pred,91,91,False,0,,,,,,,,8,,,,,,,
2026-09-09_Mark-Liversedge_Wrist_01__swing_0002,96,addr,pred,91,91,False,0,,,,,,,,8,,,,,,,
2026-09-09_Mark-Liversedge_Wrist_01__swing_0002,97,addr,pred,91,91,False,0,,,,,,,,8,,,,,,,
2026-09-09_Mark-Liversedge_Wrist_01__swing_0002,98,addr,pred,91,91,False,0,,,,,,,,8,,,,,,,
2026-09-09_Mark-Liversedge_Wrist_01__swing_0002,99,addr,pred,91,91,False,0,,,,,,,,8,,,,,,,
2026-09-09_Mark-Liversedge_Wrist_01__swing_0002,100,addr,pred,91,91,False,0,,,,,,,,8,,,,,,,
2026-09-09_Mark-Liversedge_Wrist_01__swing_0002,101,addr,pred,91,91,False,0,,,,,,,,8,,,,,,,
2026-09-09_Mark-Liversedge_Wrist_01__swing_0002,102,addr,pred,91,91,False,0,,,,,,,,8,,,,,,,
2026-09-09_Mark-Liversedge_Wrist_01__swing_0002,103,addr,pred,91,91,False,0,,,,,,,,8,,,,,,,
2026-09-09_Mark-Liversedge_Wrist_01__swing_0002,104,addr,pred,91,91,False,0,,,,,,,,8,,,,,,,
2026-09-09_Mark-Liversedge_Wrist_01__swing_0002,105,addr,pred,91,91,False,0,,,,,,,,8,,,,,,,
2026-09-09_Mark-Liversedge_Wrist_01__swing_0002,106,addr,pred,91,91,False,0,,,,,,,,8,,,,,,,
2026-09-09_Mark-Liversedge_Wrist_01__swing_0002,107,addr,pred,91,91,False,0,,,,,,,,8,,,,,,,
2026-09-09_Mark-Liversedge_Wrist_01__swing_0002,108,addr,pred,91,91,False,0,,,,,,,,8,,,,,,,
2026-09-09_Mark-Liversedge_Wrist_01__swing_0002,109,addr,pred,91,91,False,0,,,,,,,,7,,,,,,,
2026-09-09_Mark-Liversedge_Wrist_01__swing_0002,110,addr,pred,91,91,False,0,,,,,,,,7,,,,,,,
2026-09-09_Mark-Liversedge_Wrist_01__swing_0002,111,addr,pred,91,91,False,0,,,,,,,,7,,,,,,,
2026-09-09_Mark-Liversedge_Wrist_01__swing_0002,112,addr,pred,91,91,False,0,,,,,,,,8,,,,,,,
2026-09-09_Mark-Liversedge_Wrist_01__swing_0002,113,addr,pred,91,91,False,0,,,,,,,,8,,,,,,,
2026-09-09_Mark-Liversedge_Wrist_01__swing_0002,114,addr,pred,91,91,False,0,,,,,,,,8,,,,,,,
2026-09-09_Mark-Liversedge_Wrist_01__swing_0002,115,addr,pred,91,91,False,0,,,,,,,,8,,,,,,,
2026-09-09_Mark-Liversedge_Wrist_01__swing_0002,116,addr,ray,91,91,True,0,,,,,,,,7,,,,,,,
2026-09-09_Mark-Liversedge_Wrist_01__swing_0002,117,addr,ray,91,91,True,0,,,,,,,,7,,,,,,,
2026-09-09_Mark-Liversedge_Wrist_01__swing_0002,118,addr,ray,91,91,True,1,1,97.60530853271484,0.3348484933376312,16.923076629638672,2,0.7252252101898193,1,9,68,289,2,,,,
2026-09-09_Mark-Liversedge_Wrist_01__swing_0002,119,addr,ray,91,91,True,0,,,,,,,,7,,,,,,,
2026-09-09_Mark-Liversedge_Wrist_01__swing_0002,120,addr,ray,91,91,True,0,,,,,,,,7,,,,,,,
2026-09-09_Mark-Liversedge_Wrist_01__swing_0002,121,addr,ray,91,91,True,0,,,,,,,,8,,,,,,,
2026-09-09_Mark-Liversedge_Wrist_01__swing_0002,122,addr,ray,91,91,True,0,,,,,,,,8,,,,,,,
2026-09-09_Mark-Liversedge_Wrist_01__swing_0002,123,addr,ray,91,91,True,0,,,,,,,,8,,,,,,,
2026-09-09_Mark-Liversedge_Wrist_01__swing_0002,124,addr,ray,91,91,True,0,,,,,,,,8,,,,,,,
2026-09-09_Mark-Liversedge_Wrist_01__swing_0002,125,addr,ray,91,91,True,0,,,,,,,,8,,,,,,,
2026-09-09_Mark-Liversedge_Wrist_01__swing_0002,126,addr,ray,91,91,True,0,,,,,,,,8,,,,,,,
2026-09-09_Mark-Liversedge_Wrist_01__swing_0002,127,addr,ray,91,91,True,0,,,,,,,,8,,,,,,,
2026-09-09_Mark-Liversedge_Wrist_01__swing_0002,128,addr,ray,91,91,True,0,,,,,,,,8,,,,,,,
2026-09-09_Mark-Liversedge_Wrist_01__swing_0002,129,addr,ray,91,91,True,0,,,,,,,,8,,,,,,,
2026-09-09_Mark-Liversedge_Wrist_01__swing_0002,130,addr,ray,91,91,True,0,,,,,,,,8,,,,,,,
2026-09-09_Mark-Liversedge_Wrist_01__swing_0002,131,back,ray,91,91,True,0,,,,,,,,4,,,,,,,
2026-09-09_Mark-Liversedge_Wrist_01__swing_0002,132,back,seg,91,91,True,2,2,90,0.2242424190044403,93.6216049194336,1,0.8108108043670654,3,9,-1,188,0,,,,
2026-09-09_Mark-Liversedge_Wrist_01__swing_0002,133,back,seg,91,91,True,1,1,92,0.1839887648820877,100.42748260498047,2,0.7348484992980957,3,9,22,153,2,,,,
2026-09-09_Mark-Liversedge_Wrist_01__swing_0002,134,back,ray,91,91,True,0,,,,,,,,7,,,,,,,
2026-09-09_Mark-Liversedge_Wrist_01__swing_0002,135,back,ray,91,91,True,0,,,,,,,,7,,,,,,,
2026-09-09_Mark-Liversedge_Wrist_01__swing_0002,136,back,ray,91,91,True,0,,,,,,,,7,,,,,,,
2026-09-09_Mark-Liversedge_Wrist_01__swing_0002,137,back,ray,91,91,True,0,,,,,,,,7,,,,,,,
2026-09-09_Mark-Liversedge_Wrist_01__swing_0002,138,back,ray,91,91,True,0,,,,,,,,7,,,,,,,
2026-09-09_Mark-Liversedge_Wrist_01__swing_0002,139,back,ray,91,91,True,0,,,,,,,,7,,,,,,,
2026-09-09_Mark-Liversedge_Wrist_01__swing_0002,140,back,seg,91,91,True,2,2,92,0.2242424190044403,197.7026824951172,1,0.6312500238418579,1,9,-1,153,0,,,,
2026-09-09_Mark-Liversedge_Wrist_01__swing_0002,141,back,ray,91,91,True,0,,,,,,,,7,,,,,,,
2026-09-09_Mark-Liversedge_Wrist_01__swing_0002,142,back,seg,91,91,True,2,2,91,0.2242424190044403,98.08106231689453,1,0.8087431788444519,3,9,-1,187,0,,,,
2026-09-09_Mark-Liversedge_Wrist_01__swing_0002,143,back,seg,91,91,True,1,1,90,0.2977527976036072,-8.377358436584473,2,0.65727698802948,3,9,68,280,2,,,,
2026-09-09_Mark-Liversedge_Wrist_01__swing_0002,144,back,ray,91,91,True,0,,,,,,,,7,,,,,,,
2026-09-09_Mark-Liversedge_Wrist_01__swing_0002,145,back,seg,91,91,True,1,1,90,0.29494380950927734,-13.942856788635254,2,0.649289071559906,2,9,69,279,2,,,,
2026-09-09_Mark-Liversedge_Wrist_01__swing_0002,146,back,seg,91,91,True,1,1,90.5,0.21666666865348816,7.692307472229004,2,0.7986111044883728,1,9,46,189,2,,,,
2026-09-09_Mark-Liversedge_Wrist_01__swing_0002,147,back,seg,91,91,True,1,1,90,0.2242424190044403,135.270263671875,2,0.8590604066848755,1,9,19,167,2,,,,
2026-09-09_Mark-Liversedge_Wrist_01__swing_0002,148,back,seg,91,91,True,1,1,91.5,0.17977528274059296,131,2,0.961240291595459,3,9,16,144,2,,,,
2026-09-09_Mark-Liversedge_Wrist_01__swing_0002,149,back,ray,91,91,True,0,,,,,,,,7,,,,,,,
2026-09-09_Mark-Liversedge_Wrist_01__swing_0002,150,back,ray,91,91,True,0,,,,,,,,4,,,,,,,
2026-09-09_Mark-Liversedge_Wrist_01__swing_0002,151,back,ray,91,91,True,0,,,,,,,,7,,,,,,,
2026-09-09_Mark-Liversedge_Wrist_01__swing_0002,152,back,ray,91,91,True,0,,,,,,,,7,,,,,,,
2026-09-09_Mark-Liversedge_Wrist_01__swing_0002,153,back,ray,91,91,True,0,,,,,,,,7,,,,,,,
2026-09-09_Mark-Liversedge_Wrist_01__swing_0002,154,back,seg,91,91,True,1,1,91.5,0.20646066963672638,35.945579528808594,2,0.9189189076423645,3,9,38,185,2,,,,
2026-09-09_Mark-Liversedge_Wrist_01__swing_0002,155,back,seg,91,91,True,1,1,90,0.29494380950927734,-7.161904811859131,2,0.6682464480400085,2,9,67,277,2,,,,
2026-09-09_Mark-Liversedge_Wrist_01__swing_0002,156,back,ray,91,91,True,0,,,,,,,,7,,,,,,,
2026-09-09_Mark-Liversedge_Wrist_01__swing_0002,157,back,seg,91,91,True,1,1,90,0.2921348214149475,-23.038461685180664,2,0.6698564887046814,2,9,71,279,2,,,,
2026-09-09_Mark-Liversedge_Wrist_01__swing_0002,158,back,seg,91,91,True,1,1,90.5,0.22121211886405945,39.17808151245117,2,0.8231292366981506,1,9,40,186,2,,,,
2026-09-09_Mark-Liversedge_Wrist_01__swing_0002,159,back,ray,91,91,True,0,,,,,,,,4,,,,,,,
2026-09-09_Mark-Liversedge_Wrist_01__swing_0002,160,back,ray,91,91,True,0,,,,,,,,4,,,,,,,
2026-09-09_Mark-Liversedge_Wrist_01__swing_0002,161,back,ray,91,91,True,0,,,,,,,,7,,,,,,,
2026-09-09_Mark-Liversedge_Wrist_01__swing_0002,162,back,ray,91,91,True,0,,,,,,,,7,,,,,,,
2026-09-09_Mark-Liversedge_Wrist_01__swing_0002,163,back,ray,91,91,True,0,,,,,,,,7,,,,,,,
2026-09-09_Mark-Liversedge_Wrist_01__swing_0002,164,back,ray,91,91,True,0,,,,,,,,7,,,,,,,
2026-09-09_Mark-Liversedge_Wrist_01__swing_0002,165,back,ray,91,91,True,0,,,,,,,,4,,,,,,,
2026-09-09_Mark-Liversedge_Wrist_01__swing_0002,166,back,seg,91,91,True,1,1,90,0.3121212124824524,101.45631408691406,2,0.6763284802436829,1,9,37,243,2,,,,
2026-09-09_Mark-Liversedge_Wrist_01__swing_0002,167,back,seg,91,91,True,1,1,90,0.2935393154621124,-11.655502319335938,2,0.6619047522544861,2,9,68,277,2,,,,
2026-09-09_Mark-Liversedge_Wrist_01__swing_0002,168,back,ray,91,91,True,0,,,,,,,,7,,,,,,,
2026-09-09_Mark-Liversedge_Wrist_01__swing_0002,169,back,seg,91,91,True,1,1,90,0.2935393154621124,-15.062200546264648,2,0.6619047522544861,2,9,69,278,2,,,,
2026-09-09_Mark-Liversedge_Wrist_01__swing_0002,170,back,seg,91,91,True,1,1,90,0.31060606241226196,100.8780517578125,2,0.6941747665405273,1,9,37,242,2,,,,
2026-09-09_Mark-Liversedge_Wrist_01__swing_0002,171,back,ray,91,91,True,0,,,,,,,,5,,,,,,,
2026-09-09_Mark-Liversedge_Wrist_01__swing_0002,172,back,pred,91,91,True,0,,,,,,,,7,,,,,,,
2026-09-09_Mark-Liversedge_Wrist_01__swing_0002,173,back,ray,91,91,True,0,,,,,,,,7,,,,,,,
2026-09-09_Mark-Liversedge_Wrist_01__swing_0002,174,back,ray,91,91,True,0,,,,,,,,7,,,,,,,
2026-09-09_Mark-Liversedge_Wrist_01__swing_0002,175,back,ray,91,91,True,0,,,,,,,,7,,,,,,,
2026-09-09_Mark-Liversedge_Wrist_01__swing_0002,176,back,ray,91,91,True,0,,,,,,,,8,,,,,,,
2026-09-09_Mark-Liversedge_Wrist_01__swing_0002,177,back,seg,91,91,True,2,2,92,0.2242424190044403,236.32431030273438,1,0.9395973086357117,3,9,-1,156,0,,,,
2026-09-09_Mark-Liversedge_Wrist_01__swing_0002,178,back,seg,91,91,True,1,1,91,0.2136363685131073,98.2978744506836,2,0.7957746386528015,1,9,26,167,2,,,,
2026-09-09_Mark-Liversedge_Wrist_01__swing_0002,179,back,seg,91,91,True,1,1,92,0.21212121844291687,36.14285659790039,2,0.7730496525764465,1,9,39,179,2,,,,
2026-09-09_Mark-Liversedge_Wrist_01__swing_0002,180,back,ray,91,91,True,0,,,,,,,,2,,,,,,,
2026-09-09_Mark-Liversedge_Wrist_01__swing_0002,181,back,seg,91,91,True,1,1,91,0.29634830355644226,98.52132415771484,2,0.650943398475647,3,9,36,247,2,,,,
2026-09-09_Mark-Liversedge_Wrist_01__swing_0002,182,back,seg,91,91,True,1,1,90.5,0.2590909004211426,162.1052703857422,2,0.7441860437393188,1,9,15,186,2,,,,
2026-09-09_Mark-Liversedge_Wrist_01__swing_0002,183,back,ray,91,91,True,0,,,,,,,,5,,,,,,,
2026-09-09_Mark-Liversedge_Wrist_01__swing_0002,184,back,ray,91,91,True,0,,,,,,,,7,,,,,,,
2026-09-09_Mark-Liversedge_Wrist_01__swing_0002,185,back,ray,91,91,True,0,,,,,,,,7,,,,,,,
2026-09-09_Mark-Liversedge_Wrist_01__swing_0002,186,back,ray,91,91,True,0,,,,,,,,7,,,,,,,
2026-09-09_Mark-Liversedge_Wrist_01__swing_0002,187,back,ray,91,91,True,0,,,,,,,,7,,,,,,,
2026-09-09_Mark-Liversedge_Wrist_01__swing_0002,188,back,ray,91,91,True,0,,,,,,,,7,,,,,,,
2026-09-09_Mark-Liversedge_Wrist_01__swing_0002,189,back,ray,91,91,True,0,,,,,,,,7,,,,,,,
2026-09-09_Mark-Liversedge_Wrist_01__swing_0002,190,back,ray,91,91,True,0,,,,,,,,4,,,,,,,
2026-09-09_Mark-Liversedge_Wrist_01__swing_0002,191,back,seg,91,91,True,1,1,90.5,0.30909091234207153,135.88235473632812,2,0.6878048777580261,1,9,26,230,2,,,,
2026-09-09_Mark-Liversedge_Wrist_01__swing_0002,192,back,seg,91,91,True,1,1,91.5,0.21969696879386902,37.931034088134766,2,0.767123281955719,1,9,40,185,2,,,,
2026-09-09_Mark-Liversedge_Wrist_01__swing_0002,193,back,seg,91,91,True,1,1,90,0.30337077379226685,131,2,0.6682027578353882,3,9,27,243,2,,,,
2026-09-09_Mark-Liversedge_Wrist_01__swing_0002,194,back,seg,91,91,True,1,1,90,0.2242424190044403,157.56756591796875,2,0.8926174640655518,1,9,14,162,2,,,,
2026-09-09_Mark-Liversedge_Wrist_01__swing_0002,195,back,ray,91,91,True,0,,,,,,,,7,,,,,,,
2026-09-09_Mark-Liversedge_Wrist_01__swing_0002,196,back,ray,91,91,True,0,,,,,,,,7,,,,,,,
2026-09-09_Mark-Liversedge_Wrist_01__swing_0002,197,back,ray,91,91,True,0,,,,,,,,7,,,,,,,
2026-09-09_Mark-Liversedge_Wrist_01__swing_0002,198,back,ray,91,91,True,0,,,,,,,,7,,,,,,,
2026-09-09_Mark-Liversedge_Wrist_01__swing_0002,199,back,ray,91,91,True,0,,,,,,,,7,,,,,,,
2026-09-09_Mark-Liversedge_Wrist_01__swing_0002,200,back,ray,91,91,True,0,,,,,,,,7,,,,,,,
2026-09-09_Mark-Liversedge_Wrist_01__swing_0002,201,back,ray,91,91,True,0,,,,,,,,7,,,,,,,
2026-09-09_Mark-Liversedge_Wrist_01__swing_0002,202,back,ray,91,91,True,0,,,,,,,,4,,,,,,,
2026-09-09_Mark-Liversedge_Wrist_01__swing_0002,203,back,seg,91,91,True,1,1,90,0.22575756907463074,100.4026870727539,2,0.8799999952316284,1,9,27,176,2,,,,
2026-09-09_Mark-Liversedge_Wrist_01__swing_0002,204,back,seg,91,91,True,1,1,90.5,0.22121211886405945,25.616437911987305,2,0.8639456033706665,1,9,43,189,2,,,,
2026-09-09_Mark-Liversedge_Wrist_01__swing_0002,205,back,seg,91,91,True,1,1,90,0.22121211886405945,84.38356018066406,2,0.8775510191917419,1,9,30,176,2,,,,
2026-09-09_Mark-Liversedge_Wrist_01__swing_0002,206,back,ray,91,91,True,0,,,,,,,,4,,,,,,,
2026-09-09_Mark-Liversedge_Wrist_01__swing_0002,207,back,ray,91,91,True,0,,,,,,,,4,,,,,,,
2026-09-09_Mark-Liversedge_Wrist_01__swing_0002,208,back,ray,92,92,True,0,,,,,,,,7,,,,,,,
2026-09-09_Mark-Liversedge_Wrist_01__swing_0002,209,back,ray,92,92,True,0,,,,,,,,7,,,,,,,
2026-09-09_Mark-Liversedge_Wrist_01__swing_0002,210,back,ray,92,92,True,0,,,,,,,,7,,,,,,,
2026-09-09_Mark-Liversedge_Wrist_01__swing_0002,211,back,seg,92,92,True,2,2,93,0.2242424190044403,188.7837677001953,1,0.550000011920929,1,9,-1,155,0,,,,
2026-09-09_Mark-Liversedge_Wrist_01__swing_0002,212,back,ray,92,92,True,0,,,,,,,,4,,,,,,,
2026-09-09_Mark-Liversedge_Wrist_01__swing_0002,213,back,ray,92,92,True,0,,,,,,,,7,,,,,,,
2026-09-09_Mark-Liversedge_Wrist_01__swing_0002,214,back,ray,92,92,True,0,,,,,,,,4,,,,,,,
2026-09-09_Mark-Liversedge_Wrist_01__swing_0002,215,back,ray,92,92,True,0,,,,,,,,7,,,,,,,
2026-09-09_Mark-Liversedge_Wrist_01__swing_0002,216,back,seg,92,92,True,1,1,91,0.20365168154239655,-54.97930908203125,2,0.8698630332946777,3,9,56,201,2,,,,
2026-09-09_Mark-Liversedge_Wrist_01__swing_0002,217,back,seg,92,92,True,1,1,93,0.18679775297641754,80.81202697753906,2,0.6641790866851807,3,9,26,159,2,,,,
2026-09-09_Mark-Liversedge_Wrist_01__swing_0002,218,back,ray,92,92,True,0,,,,,,,,4,,,,,,,
2026-09-09_Mark-Liversedge_Wrist_01__swing_0002,219,back,ray,92,92,True,0,,,,,,,,7,,,,,,,
2026-09-09_Mark-Liversedge_Wrist_01__swing_0002,220,back,pred,92,92,True,0,,,,,,,,7,,,,,,,
2026-09-09_Mark-Liversedge_Wrist_01__swing_0002,221,back,pred,92,92,True,0,,,,,,,,7,,,,,,,
2026-09-09_Mark-Liversedge_Wrist_01__swing_0002,222,back,pred,92,92,True,0,,,,,,,,7,,,,,,,
2026-09-09_Mark-Liversedge_Wrist_01__swing_0002,223,back,pred,92,92,True,0,,,,,,,,7,,,,,,,
2026-09-09_Mark-Liversedge_Wrist_01__swing_0002,224,back,pred,92,92,True,0,,,,,,,,2,,,,,,,
2026-09-09_Mark-Liversedge_Wrist_01__swing_0002,225,back,seg,93,93,True,2,2,93.5,0.2242424190044403,49.027008056640625,1,0.6139240264892578,3,9,-1,198,0,,,,
2026-09-09_Mark-Liversedge_Wrist_01__swing_0002,226,back,ray,94,94,True,0,,,,,,,,2,,,,,,,
2026-09-09_Mark-Liversedge_Wrist_01__swing_0002,227,back,seg,95,95,True,1,1,94.5,0.29634830355644226,162.63507080078125,2,0.6132075190544128,3,9,17,228,2,,,,
2026-09-09_Mark-Liversedge_Wrist_01__swing_0002,228,back,seg,95,95,True,1,1,95.5,0.2921348214149475,100.19230651855469,2,0.660287082195282,3,9,35,243,2,,,,
2026-09-09_Mark-Liversedge_Wrist_01__swing_0002,229,back,ray,103,103,True,0,,,,,,,,7,,,,,,,
2026-09-09_Mark-Liversedge_Wrist_01__swing_0002,230,back,seg,104,104,True,2,2,105,0.2242424190044403,4.432410717010498,1,0.6195122003555298,2,9,-1,208,0,,,,
2026-09-09_Mark-Liversedge_Wrist_01__swing_0002,231,back,ray,105,105,True,0,,,,,,,,7,,,,,,,
2026-09-09_Mark-Liversedge_Wrist_01__swing_0002,232,back,ray,105,105,True,0,,,,,,,,7,,,,,,,
2026-09-09_Mark-Liversedge_Wrist_01__swing_0002,233,back,ray,105,105,True,0,,,,,,,,7,,,,,,,
2026-09-09_Mark-Liversedge_Wrist_01__swing_0002,234,back,ray,105,105,True,0,,,,,,,,1,,,,,,,
2026-09-09_Mark-Liversedge_Wrist_01__swing_0002,235,back,seg,105,105,True,1,1,104.5,0.19333332777023315,186.89654541015625,2,0.632478654384613,1,9,18,134,1,,,,
2026-09-09_Mark-Liversedge_Wrist_01__swing_0002,236,back,ray,105,105,True,0,,,,,,,,1,,,,,,,
2026-09-09_Mark-Liversedge_Wrist_01__swing_0002,237,back,seg,105,105,True,1,1,104.5,0.18666666746139526,92.5,2,0.6991150379180908,1,9,35,147,1,,,,
2026-09-09_Mark-Liversedge_Wrist_01__swing_0002,238,back,seg,105,105,True,2,2,105,0.2242424190044403,68.37835693359375,1,0.6413043737411499,1,9,-1,182,0,,,,
2026-09-09_Mark-Liversedge_Wrist_01__swing_0002,239,back,ray,105,105,True,0,,,,,,,,2,,,,,,,
2026-09-09_Mark-Liversedge_Wrist_01__swing_0002,240,back,ray,105,105,True,0,,,,,,,,2,,,,,,,
2026-09-09_Mark-Liversedge_Wrist_01__swing_0002,241,back,seg,105,105,True,1,1,105,0.3227272629737854,102.25352478027344,2,0.7009345889091492,1,9,38,251,2,,,,
2026-09-09_Mark-Liversedge_Wrist_01__swing_0002,242,back,ray,111,111,True,0,,,,,,,,7,,,,,,,
2026-09-09_Mark-Liversedge_Wrist_01__swing_0002,243,back,seg,116,116,True,1,1,115.5,0.17424242198467255,59.30434799194336,2,1,1,9,28,143,2,,,,
2026-09-09_Mark-Liversedge_Wrist_01__swing_0002,244,back,seg,121,121,True,1,1,121.5,0.2261236011981964,153.6645965576172,2,0.8703703880310059,2,9,15,176,2,,,,
2026-09-09_Mark-Liversedge_Wrist_01__swing_0002,245,back,seg,123,123,True,1,1,124,0.2030303031206131,146.11940002441406,2,0.9333333373069763,1,9,15,149,2,,,,
2026-09-09_Mark-Liversedge_Wrist_01__swing_0002,246,back,seg,125,125,True,1,1,125.5,0.2242424190044403,148.64865112304688,2,0.8053691387176514,1,9,16,164,2,,,,
2026-09-09_Mark-Liversedge_Wrist_01__swing_0002,247,back,seg,127,127,True,1,1,128,0.22575756907463074,149.1275177001953,2,0.8133333325386047,1,9,16,165,2,,,,
2026-09-09_Mark-Liversedge_Wrist_01__swing_0002,248,back,seg,129,129,True,1,1,129.5,0.22727273404598236,149.60000610351562,2,0.8013244867324829,1,9,16,166,2,,,,
2026-09-09_Mark-Liversedge_Wrist_01__swing_0002,249,back,seg,129,129,True,1,1,128,0.21515151858329773,113.09859466552734,2,0.8531468510627747,1,9,23,165,2,,,,
2026-09-09_Mark-Liversedge_Wrist_01__swing_0002,250,back,ray,129,129,True,0,,,,,,,,7,,,,,,,
2026-09-09_Mark-Liversedge_Wrist_01__swing_0002,251,back,ray,129,129,True,0,,,,,,,,7,,,,,,,
2026-09-09_Mark-Liversedge_Wrist_01__swing_0002,252,back,ray,129,129,True,0,,,,,,,,7,,,,,,,
2026-09-09_Mark-Liversedge_Wrist_01__swing_0002,253,back,seg,133,133,True,1,1,132.5,0.22050562500953674,-47.56687927246094,2,0.6518987417221069,3,9,59,216,2,,,,
2026-09-09_Mark-Liversedge_Wrist_01__swing_0002,254,back,seg,138,138,True,1,1,137,0.20365168154239655,-20.606897354125977,2,0.8082191944122314,3,9,49,194,2,,,,
2026-09-09_Mark-Liversedge_Wrist_01__swing_0002,255,back,ray,143,143,True,0,,,,,,,,4,,,,,,,
2026-09-09_Mark-Liversedge_Wrist_01__swing_0002,256,back,seg,147,147,True,2,2,147.5,0.2242424190044403,254.16213989257812,1,0.9919354915618896,3,9,-1,152,0,,,,
2026-09-09_Mark-Liversedge_Wrist_01__swing_0002,257,back,seg,150,150,True,2,2,150.5,0.2242424190044403,218.48646545410156,1,1,3,9,-1,160,0,,,,
2026-09-09_Mark-Liversedge_Wrist_01__swing_0002,258,back,ray,153,153,True,0,,,,,,,,7,,,,,,,
2026-09-09_Mark-Liversedge_Wrist_01__swing_0002,259,back,ray,156,156,True,0,,,,,,,,4,,,,,,,
2026-09-09_Mark-Liversedge_Wrist_01__swing_0002,260,back,ray,159,159,True,0,,,,,,,,4,,,,,,,
2026-09-09_Mark-Liversedge_Wrist_01__swing_0002,261,back,ray,162,162,True,0,,,,,,,,4,,,,,,,
2026-09-09_Mark-Liversedge_Wrist_01__swing_0002,262,back,ray,165,165,True,0,,,,,,,,4,,,,,,,
2026-09-09_Mark-Liversedge_Wrist_01__swing_0002,263,back,ray,167,167,True,0,,,,,,,,4,,,,,,,
2026-09-09_Mark-Liversedge_Wrist_01__swing_0002,264,back,ray,169,169,True,0,,,,,,,,4,,,,,,,
2026-09-09_Mark-Liversedge_Wrist_01__swing_0002,265,back,ray,172,172,True,0,,,,,,,,4,,,,,,,
2026-09-09_Mark-Liversedge_Wrist_01__swing_0002,266,back,seg,176,176,True,1,1,175.5,0.40303030610084534,66.16541290283203,2,0.8014981150627136,1,9,62,328,2,,,,
2026-09-09_Mark-Liversedge_Wrist_01__swing_0002,267,back,seg,180,180,True,1,1,181,0.21348313987255096,-4.842105388641357,2,0.9869281053543091,3,9,48,200,2,,,,
2026-09-09_Mark-Liversedge_Wrist_01__swing_0002,268,back,ray,184,184,True,0,,,,,,,,4,,,,,,,
2026-09-09_Mark-Liversedge_Wrist_01__swing_0002,269,back,seg,188,188,True,1,1,187,0.2921348214149475,110.46154022216797,2,1,3,9,32,240,2,,,,
2026-09-09_Mark-Liversedge_Wrist_01__swing_0002,270,back,ray,192,192,True,0,,,,,,,,5,,,,,,,
2026-09-09_Mark-Liversedge_Wrist_01__swing_0002,271,back,seg,196,196,True,1,1,197,0.20505617558956146,68.82191467285156,2,1,3,9,31,177,2,,,,
2026-09-09_Mark-Liversedge_Wrist_01__swing_0002,272,back,seg,200,200,True,1,1,200.5,0.21348313987255096,79.47368621826172,2,1,3,9,30,182,2,,,,
2026-09-09_Mark-Liversedge_Wrist_01__swing_0002,273,back,seg,203,203,True,1,1,203.5,0.22191011905670166,80.30379486083984,2,1,3,9,31,189,2,,,,
2026-09-09_Mark-Liversedge_Wrist_01__swing_0002,274,back,ray,206,206,True,0,,,,,,,,4,,,,,,,
2026-09-09_Mark-Liversedge_Wrist_01__swing_0002,275,back,seg,209,209,True,1,1,208,0.2984848618507385,109.4416275024414,2,1,1,9,33,230,2,,,,
2026-09-09_Mark-Liversedge_Wrist_01__swing_0002,276,back,seg,213,213,True,1,1,212,0.2772727310657501,100.98360443115234,2,1,1,9,33,216,2,,,,
2026-09-09_Mark-Liversedge_Wrist_01__swing_0002,277,back,seg,217,217,True,1,1,216.5,0.27272728085517883,99,2,0.9668508172035217,1,9,33,213,2,,,,
2026-09-09_Mark-Liversedge_Wrist_01__swing_0002,278,back,seg,220,220,True,1,1,220.5,0.27424243092536926,99.66851043701172,2,0.9780219793319702,1,9,33,214,2,,,,
2026-09-09_Mark-Liversedge_Wrist_01__swing_0002,279,back,seg,223,223,True,1,1,223,0.31039324402809143,116.90497589111328,2,0.9909909963607788,3,9,32,253,2,,,,
2026-09-09_Mark-Liversedge_Wrist_01__swing_0002,280,back,seg,226,226,True,1,1,226.5,0.2921348214149475,110.46154022216797,2,1,3,9,32,240,2,,,,
2026-09-09_Mark-Liversedge_Wrist_01__swing_0002,281,back,seg,229,229,True,1,1,230,0.28651684522628784,104.82353210449219,2,1,3,9,33,237,2,,,,
2026-09-09_Mark-Liversedge_Wrist_01__swing_0002,282,back,seg,232,232,True,1,1,232.5,0.27808988094329834,94.14141082763672,2,1,3,9,35,233,2,,,,
2026-09-09_Mark-Liversedge_Wrist_01__swing_0002,283,back,seg,235,235,True,1,1,236,0.2752808928489685,92.85713958740234,2,1,3,9,35,231,2,,,,
2026-09-09_Mark-Liversedge_Wrist_01__swing_0002,284,back,seg,238,238,True,1,1,239,0.26966291666030884,90.20833587646484,2,1,3,9,35,227,2,,,,
2026-09-09_Mark-Liversedge_Wrist_01__swing_0002,285,back,seg,241,241,True,1,1,242,0.27106741070747375,101.94818878173828,2,0.9948453903198242,3,9,32,225,2,,,,
2026-09-09_Mark-Liversedge_Wrist_01__swing_0002,286,back,seg,244,244,True,1,1,245,0.26212120056152344,109.3641586303711,2,0.7241379022598267,1,9,29,202,2,,,,
2026-09-09_Mark-Liversedge_Wrist_01__swing_0002,287,back,seg,247,247,True,1,1,246.5,0.22893258929252625,110.79754638671875,2,0.6524389982223511,3,9,25,188,2,,,,
2026-09-09_Mark-Liversedge_Wrist_01__swing_0002,288,back,seg,249,249,True,1,1,248.5,0.22331461310386658,152.83018493652344,2,0.612500011920929,3,9,15,174,2,,,,
2026-09-09_Mark-Liversedge_Wrist_01__swing_0002,289,back,seg,254,254,True,1,1,253.5,0.19522471725940704,112.43165588378906,2,0.6642857193946838,3,9,21,160,2,,,,
2026-09-09_Mark-Liversedge_Wrist_01__swing_0002,290,back,seg,259,259,True,1,1,258.5,0.17275281250476837,75.28455352783203,2,0.7661290168762207,3,9,25,148,2,,,,
2026-09-09_Mark-Liversedge_Wrist_01__swing_0002,291,back,ray,264,264,True,0,,,,,,,,8,,,,,,,
2026-09-09_Mark-Liversedge_Wrist_01__swing_0002,292,back,ray,269,269,True,0,,,,,,,,8,,,,,,,
2026-09-09_Mark-Liversedge_Wrist_01__swing_0002,293,back,ray,274,274,True,0,,,,,,,,8,,,,,,,
2026-09-09_Mark-Liversedge_Wrist_01__swing_0002,294,back,ray,279,279,True,0,,,,,,,,8,,,,,,,
2026-09-09_Mark-Liversedge_Wrist_01__swing_0002,295,back,ray,284,284,True,0,,,,,,,,8,,,,,,,
2026-09-09_Mark-Liversedge_Wrist_01__swing_0002,296,back,seg,289,289,True,1,1,290,0.1657303422689438,26.915254592895508,2,1,3,9,32,150,2,,,,
2026-09-09_Mark-Liversedge_Wrist_01__swing_0002,297,back,seg,293,293,True,1,1,293.5,0.16853933036327362,47.93333435058594,2,1,3,9,29,149,2,,,,
2026-09-09_Mark-Liversedge_Wrist_01__swing_0002,298,back,seg,297,297,True,1,1,298,0.18117977678775787,48.89922332763672,2,0.9923076629638672,3,9,31,160,2,,,,
2026-09-09_Mark-Liversedge_Wrist_01__swing_0002,299,back,seg,300,300,True,1,1,301,0.2030303031206131,67.31343078613281,2,0.9333333373069763,1,9,31,165,2,,,,
2026-09-09_Mark-Liversedge_Wrist_01__swing_0002,300,back,seg,303,303,True,2,2,304,0.2242424190044403,148.6486358642578,1,0.6383928656578064,1,9,-1,164,0,,,,
2026-09-09_Mark-Liversedge_Wrist_01__swing_0002,301,back,seg,306,306,True,2,2,306.5,0.2242424190044403,135.27024841308594,1,0.6651785969734192,1,9,-1,167,0,,,,
2026-09-09_Mark-Liversedge_Wrist_01__swing_0002,302,back,seg,309,309,True,2,2,310,0.2242424190044403,130.810791015625,1,0.6637930870056152,1,9,-1,168,0,,,,
2026-09-09_Mark-Liversedge_Wrist_01__swing_0002,303,back,seg,312,312,True,1,1,312.5,0.21348313987255096,173.15789794921875,2,0.8562091588973999,3,9,10,162,2,,,,
2026-09-09_Mark-Liversedge_Wrist_01__swing_0002,304,back,seg,314,314,True,2,2,315,0.2242424190044403,218.48646545410156,1,0.8300653696060181,3,9,-1,160,0,,,,
2026-09-09_Mark-Liversedge_Wrist_01__swing_0002,305,back,seg,316,316,True,2,2,317,0.2242424190044403,240.7837677001953,1,0.8355262875556946,3,9,-1,155,0,,,,
2026-09-09_Mark-Liversedge_Wrist_01__swing_0002,306,back,ray,318,318,True,0,,,,,,,,2,,,,,,,
2026-09-09_Mark-Liversedge_Wrist_01__swing_0002,307,back,ray,320,320,True,0,,,,,,,,7,,,,,,,
2026-09-09_Mark-Liversedge_Wrist_01__swing_0002,308,back,ray,323,323,True,0,,,,,,,,7,,,,,,,
2026-09-09_Mark-Liversedge_Wrist_01__swing_0002,309,back,ray,325,325,True,0,,,,,,,,7,,,,,,,
2026-09-09_Mark-Liversedge_Wrist_01__swing_0002,310,back,seg,327,327,True,1,1,327.5,0.3166666626930237,188.42105102539062,2,0.7476190328598022,1,9,10,219,2,,,,
2026-09-09_Mark-Liversedge_Wrist_01__swing_0002,311,back,ray,329,329,True,0,,,,,,,,8,,,,,,,
2026-09-09_Mark-Liversedge_Wrist_01__swing_0002,312,back,ray,331,331,True,0,,,,,,,,8,,,,,,,
2026-09-09_Mark-Liversedge_Wrist_01__swing_0002,313,back,ray,333,333,True,0,,,,,,,,8,,,,,,,
2026-09-09_Mark-Liversedge_Wrist_01__swing_0002,314,back,ray,335,335,True,0,,,,,,,,8,,,,,,,
2026-09-09_Mark-Liversedge_Wrist_01__swing_0002,315,back,seg,337,337,True,1,1,337.5,0.300561785697937,143.4766387939453,2,0.8976744413375854,3,9,23,237,2,,,,
2026-09-09_Mark-Liversedge_Wrist_01__swing_0002,316,back,seg,338,338,True,1,1,339,0.2921348214149475,151.53846740722656,2,0.9186602830886841,3,9,20,228,2,,,,
2026-09-09_Mark-Liversedge_Wrist_01__swing_0002,317,back,seg,339,339,True,1,1,340,0.27247190475463867,153.93814086914062,2,0.9076923131942749,3,9,18,212,2,,,,
2026-09-09_Mark-Liversedge_Wrist_01__swing_0002,318,back,seg,340,340,True,1,1,340.5,0.2078651636838913,133.40541076660156,2,0.926174521446228,3,9,18,166,2,,,,
2026-09-09_Mark-Liversedge_Wrist_01__swing_0002,319,back,ray,341,341,True,0,,,,,,,,8,,,,,,,
2026-09-09_Mark-Liversedge_Wrist_01__swing_0002,320,top,seg,342,342,True,1,1,343,0.23174157738685608,138.01211547851562,2,0.9096385836601257,3,9,19,184,2,,,,
2026-09-09_Mark-Liversedge_Wrist_01__swing_0002,321,top,seg,343,343,True,1,1,344,0.21207864582538605,125.69536590576172,2,0.9078947305679321,2,9,20,171,2,,,,
2026-09-09_Mark-Liversedge_Wrist_01__swing_0002,322,top,seg,344,344,True,1,1,345,0.2078651636838913,118.97297668457031,2,0.9060402512550354,2,9,21,169,2,,,,
2026-09-09_Mark-Liversedge_Wrist_01__swing_0002,323,top,seg,345,345,True,1,1,346,0.19803370535373688,113.95744323730469,2,0.7887324094772339,2,9,21,162,2,,,,
2026-09-09_Mark-Liversedge_Wrist_01__swing_0002,324,top,seg,346,346,True,1,1,347,0.1924157291650772,147.24087524414062,2,0.7101449370384216,2,9,14,151,2,,,,
2026-09-09_Mark-Liversedge_Wrist_01__swing_0002,325,impact,seg,346,346,True,1,1,347,0.19803370535373688,124.0567398071289,2,0.7816901206970215,2,9,19,160,2,,,,
2026-09-09_Mark-Liversedge_Wrist_01__swing_0002,326,impact,ray,346,346,True,0,,,,,,,,7,,,,,,,
2026-09-09_Mark-Liversedge_Wrist_01__swing_0002,327,impact,ray,346,346,True,0,,,,,,,,1,,,,,,,
2026-09-09_Mark-Liversedge_Wrist_01__swing_0002,328,impact,ray,346,346,True,0,,,,,,,,1,,,,,,,
2026-09-09_Mark-Liversedge_Wrist_01__swing_0002,329,impact,ray,346,346,True,0,,,,,,,,1,,,,,,,
2026-09-09_Mark-Liversedge_Wrist_01__swing_0002,330,impact,ray,346,346,True,0,,,,,,,,1,,,,,,,
2026-09-09_Mark-Liversedge_Wrist_01__swing_0002,331,impact,ray,346,346,True,0,,,,,,,,1,,,,,,,
2026-09-09_Mark-Liversedge_Wrist_01__swing_0002,332,impact,ray,346,346,True,0,,,,,,,,1,,,,,,,
2026-09-09_Mark-Liversedge_Wrist_01__swing_0002,333,impact,ray,346,346,True,0,,,,,,,,1,,,,,,,
2026-09-09_Mark-Liversedge_Wrist_01__swing_0002,334,impact,seg,346,346,True,1,1,347,0.18679775297641754,128.9924774169922,2,0.8358209133148193,2,9,17,150,2,,,,
2026-09-09_Mark-Liversedge_Wrist_01__swing_0002,335,impact,seg,346,346,True,1,1,347,0.2078651636838913,143.0270233154297,2,0.926174521446228,3,9,16,164,2,,,,
2026-09-09_Mark-Liversedge_Wrist_01__swing_0002,336,impact,ray,345,345,True,0,,,,,,,,1,,,,,,,
2026-09-09_Mark-Liversedge_Wrist_01__swing_0002,337,impact,seg,344,344,True,1,1,345,0.20365168154239655,136.52413940429688,2,0.8698630332946777,2,9,17,162,2,,,,
2026-09-09_Mark-Liversedge_Wrist_01__swing_0002,338,impact,seg,343,343,True,1,1,344,0.20646066963672638,147.34693908691406,2,0.9189189076423645,2,9,15,162,2,,,,
2026-09-09_Mark-Liversedge_Wrist_01__swing_0002,339,impact,ray,342,342,True,0,,,,,,,,8,,,,,,,
2026-09-09_Mark-Liversedge_Wrist_01__swing_0002,340,impact,ray,340,340,True,0,,,,,,,,8,,,,,,,
2026-09-09_Mark-Liversedge_Wrist_01__swing_0002,341,impact,ray,338,338,True,0,,,,,,,,8,,,,,,,
2026-09-09_Mark-Liversedge_Wrist_01__swing_0002,342,impact,ray,336,336,True,0,,,,,,,,8,,,,,,,
2026-09-09_Mark-Liversedge_Wrist_01__swing_0002,343,impact,ray,333,333,True,0,,,,,,,,8,,,,,,,
2026-09-09_Mark-Liversedge_Wrist_01__swing_0002,344,impact,ray,331,331,True,0,,,,,,,,8,,,,,,,
2026-09-09_Mark-Liversedge_Wrist_01__swing_0002,345,impact,seg,331,331,True,2,2,331.5,0.2242424190044403,222.9459228515625,1,0.9933333396911621,3,9,-1,159,0,,,,
2026-09-09_Mark-Liversedge_Wrist_01__swing_0002,346,impact,ray,326,326,True,0,,,,,,,,7,,,,,,,
2026-09-09_Mark-Liversedge_Wrist_01__swing_0002,347,impact,ray,322,322,True,0,,,,,,,,8,,,,,,,
2026-09-09_Mark-Liversedge_Wrist_01__swing_0002,348,impact,ray,319,319,True,0,,,,,,,,1,,,,,,,
2026-09-09_Mark-Liversedge_Wrist_01__swing_0002,349,impact,seg,312,312,True,1,1,313,0.1741573065519333,70.70967864990234,2,1,3,9,26,150,2,,,,
2026-09-09_Mark-Liversedge_Wrist_01__swing_0002,350,impact,seg,307,307,True,1,1,308,0.1741573065519333,59.225807189941406,2,1,3,9,28,152,2,,,,
2026-09-09_Mark-Liversedge_Wrist_01__swing_0002,351,impact,seg,303,303,True,1,1,304,0.17837078869342804,57.41732406616211,2,1,3,9,29,156,2,,,,
2026-09-09_Mark-Liversedge_Wrist_01__swing_0002,352,impact,seg,295,295,True,1,1,296,0.16994382441043854,43.471073150634766,2,1,2,9,30,151,2,,,,
2026-09-09_Mark-Liversedge_Wrist_01__swing_0002,353,impact,seg,287,287,True,1,1,288,0.16853933036327362,36.06666564941406,2,1,3,9,31,151,2,,,,
2026-09-09_Mark-Liversedge_Wrist_01__swing_0002,354,impact,ray,279,279,True,0,,,,,,,,8,,,,,,,
2026-09-09_Mark-Liversedge_Wrist_01__swing_0002,355,impact,seg,271,271,True,1,1,272,0.2136363685131073,79.57447052001953,2,0.9788732528686523,1,9,30,171,2,,,,
2026-09-09_Mark-Liversedge_Wrist_01__swing_0002,356,impact,seg,262,262,True,1,1,261,0.2682584226131439,78.34555053710938,2,1,3,9,38,229,2,,,,
2026-09-09_Mark-Liversedge_Wrist_01__swing_0002,357,impact,seg,252,252,True,1,1,253,0.1825842708349228,22.830768585205078,2,0.9847328066825867,3,9,36,166,2,,,,
2026-09-09_Mark-Liversedge_Wrist_01__swing_0002,358,down,ray,242,242,True,0,,,,,,,,7,,,,,,,
2026-09-09_Mark-Liversedge_Wrist_01__swing_0002,359,down,ray,234,234,True,0,,,,,,,,4,,,,,,,
2026-09-09_Mark-Liversedge_Wrist_01__swing_0002,360,down,pred,221,221,True,0,,,,,,,,1,,,,,,,
2026-09-09_Mark-Liversedge_Wrist_01__swing_0002,361,down,ray,207,207,True,0,,,,,,,,2,,,,,,,
2026-09-09_Mark-Liversedge_Wrist_01__swing_0002,362,down,ray,195,195,True,0,,,,,,,,7,,,,,,,
2026-09-09_Mark-Liversedge_Wrist_01__swing_0002,363,down,ray,177,177,True,0,,,,,,,,7,,,,,,,
2026-09-09_Mark-Liversedge_Wrist_01__swing_0002,364,down,seg,171,171,True,1,1,172,0.2598314583301544,123.78378295898438,2,0.6935483813285828,3,9,25,210,2,,,,
2026-09-09_Mark-Liversedge_Wrist_01__swing_0002,365,down,seg,160,160,True,1,1,160.5,0.22893258929252625,167.58282470703125,2,0.8658536672592163,3,9,12,175,2,,,,
2026-09-09_Mark-Liversedge_Wrist_01__swing_0002,366,down,ray,146.99999999999994,147,True,0,,,,,,,,8,,,,,,,
2026-09-09_Mark-Liversedge_Wrist_01__swing_0002,367,down,ray,138,138,True,0,,,,,,,,7,,,,,,,
2026-09-09_Mark-Liversedge_Wrist_01__swing_0002,368,down,ray,123,123,True,0,,,,,,,,7,,,,,,,
2026-09-09_Mark-Liversedge_Wrist_01__swing_0002,369,down,ray,112.00000000000006,112,True,0,,,,,,,,1,,,,,,,
2026-09-09_Mark-Liversedge_Wrist_01__swing_0002,370,down,wedge,101,101,True,0,,,,,,,,1,,,,,,,
2026-09-09_Mark-Liversedge_Wrist_01__swing_0002,371,down,ray,88.00000000000006,88,True,0,,,,,,,,1,,,,,,,
2026-09-09_Mark-Liversedge_Wrist_01__swing_0002,372,down,ray,80,80,True,0,,,,,,,,2,,,,,,,
2026-09-09_Mark-Liversedge_Wrist_01__swing_0002,373,down,ray,68,68,True,0,,,,,,,,1,,,,,,,
2026-09-09_Mark-Liversedge_Wrist_01__swing_0002,374,down,ray,63,63,True,0,,,,,,,,4,,,,,,,
2026-09-09_Mark-Liversedge_Wrist_01__swing_0002,375,down,ray,57.6057068532715,56,True,0,,,,,,,,1,,,,,,,
2026-09-09_Mark-Liversedge_Wrist_01__swing_0002,376,down,ray,53.394293146728614,55,True,0,,,,,,,,7,,,,,,,
2026-09-09_Mark-Liversedge_Wrist_01__swing_0002,377,down,ray,46,46,True,0,,,,,,,,1,,,,,,,
2026-09-09_Mark-Liversedge_Wrist_01__swing_0002,378,down,ray,39.24087461502967,38,True,0,,,,,,,,7,,,,,,,
2026-09-09_Mark-Liversedge_Wrist_01__swing_0002,379,down,wedge,34.797658045417734,33,True,0,,,,,,,,1,,,,,,,
2026-09-09_Mark-Liversedge_Wrist_01__swing_0002,380,down,ray,30.20592110966976,30,True,0,,,,,,,,4,,,,,,,
2026-09-09_Mark-Liversedge_Wrist_01__swing_0002,381,down,ray,25.45461116285412,23,True,0,,,,,,,,1,,,,,,,
2026-09-09_Mark-Liversedge_Wrist_01__swing_0002,382,down,ray,20.559702285989886,19,True,0,,,,,,,,1,,,,,,,
2026-09-09_Mark-Liversedge_Wrist_01__swing_0002,383,thru,ray,15,15,True,0,,,,,,,,1,,,,,,,
2026-09-09_Mark-Liversedge_Wrist_01__swing_0002,384,thru,ray,11,11,True,0,,,,,,,,1,,,,,,,
2026-09-09_Mark-Liversedge_Wrist_01__swing_0002,385,thru,wedge,7,7,True,0,,,,,,,,1,,,,,,,
2026-09-09_Mark-Liversedge_Wrist_01__swing_0002,386,thru,ray,1,1,True,0,,,,,,,,1,,,,,,,
2026-09-09_Mark-Liversedge_Wrist_01__swing_0002,387,thru,wedge,347,347,True,0,,,,,,,,2,,,,,,,
2026-09-09_Mark-Liversedge_Wrist_01__swing_0002,388,thru,ray,340,340,True,0,,,,,,,,2,,,,,,,
2026-09-09_Mark-Liversedge_Wrist_01__swing_0002,389,thru,ray,332,332,True,0,,,,,,,,1,,,,,,,
2026-09-09_Mark-Liversedge_Wrist_01__swing_0002,390,thru,ray,325,325,True,0,,,,,,,,1,,,,,,,
2026-09-09_Mark-Liversedge_Wrist_01__swing_0002,391,thru,ray,318,318,True,0,,,,,,,,1,,,,,,,
2026-09-09_Mark-Liversedge_Wrist_01__swing_0002,392,thru,ray,313,313,True,0,,,,,,,,4,,,,,,,
2026-09-09_Mark-Liversedge_Wrist_01__swing_0002,393,thru,ray,306,306,True,0,,,,,,,,7,,,,,,,
2026-09-09_Mark-Liversedge_Wrist_01__swing_0002,394,thru,ray,299,299,True,0,,,,,,,,7,,,,,,,
2026-09-09_Mark-Liversedge_Wrist_01__swing_0002,395,thru,ray,291,291,True,0,,,,,,,,7,,,,,,,
2026-09-09_Mark-Liversedge_Wrist_01__swing_0002,396,thru,ray,283,283,True,0,,,,,,,,7,,,,,,,
2026-09-09_Mark-Liversedge_Wrist_01__swing_0002,397,thru,seg,276,276,True,2,2,275.5,0.2242424190044403,209.5675506591797,1,0.9935483932495117,3,9,-1,162,0,,,,
2026-09-09_Mark-Liversedge_Wrist_01__swing_0002,398,thru,seg,269,269,True,2,2,268,0.2242424190044403,249.7026824951172,1,1,3,9,-1,153,0,,,,
2026-09-09_Mark-Liversedge_Wrist_01__swing_0002,399,thru,seg,263,263,True,2,2,262,0.2242424190044403,205.10809326171875,1,0.9937499761581421,2,9,-1,163,0,,,,
2026-09-09_Mark-Liversedge_Wrist_01__swing_0002,400,thru,seg,260,260,True,2,2,259,0.2242424190044403,162.02700805664062,1,0.726190447807312,1,9,-1,161,0,,,,
2026-09-09_Mark-Liversedge_Wrist_01__swing_0002,401,thru,ray,258,258,True,0,,,,,,,,7,,,,,,,
2026-09-09_Mark-Liversedge_Wrist_01__swing_0002,402,thru,pred,255,255,True,0,,,,,,,,7,,,,,,,
2026-09-09_Mark-Liversedge_Wrist_01__swing_0002,403,thru,ray,250,250,True,0,,,,,,,,4,,,,,,,
2026-09-09_Mark-Liversedge_Wrist_01__swing_0002,404,thru,ray,246,246,True,0,,,,,,,,8,,,,,,,
2026-09-09_Mark-Liversedge_Wrist_01__swing_0002,405,thru,pred,242,242,True,0,,,,,,,,1,,,,,,,
2026-09-09_Mark-Liversedge_Wrist_01__swing_0002,406,thru,pred,237,237,True,0,,,,,,,,1,,,,,,,
2026-09-09_Mark-Liversedge_Wrist_01__swing_0002,407,thru,ray,237,237,True,0,,,,,,,,1,,,,,,,
2026-09-09_Mark-Liversedge_Wrist_01__swing_0002,408,thru,wedge,235,235,True,0,,,,,,,,1,,,,,,,
2026-09-09_Mark-Liversedge_Wrist_01__swing_0002,409,thru,wedge,232,232,True,0,,,,,,,,1,,,,,,,
2026-09-09_Mark-Liversedge_Wrist_01__swing_0002,410,thru,ray,218,218,True,0,,,,,,,,7,,,,,,,
2026-09-09_Mark-Liversedge_Wrist_01__swing_0002,411,thru,seg,216,216,True,1,1,216.5,0.1966666728258133,96.94915008544922,2,0.8991596698760986,1,9,36,154,1,,,,
2026-09-09_Mark-Liversedge_Wrist_01__swing_0002,412,thru,seg,213,213,True,1,1,214,0.18636363744735718,101.95121765136719,2,0.9919354915618896,1,9,22,145,2,,,,
2026-09-09_Mark-Liversedge_Wrist_01__swing_0002,413,thru,ray,211,211,True,0,,,,,,,,7,,,,,,,
2026-09-09_Mark-Liversedge_Wrist_01__swing_0002,414,thru,seg,209,209,True,1,1,208,0.25,140,2,0.8795180916786194,1,9,20,185,2,,,,
2026-09-09_Mark-Liversedge_Wrist_01__swing_0002,415,thru,seg,204,204,True,1,1,203.5,0.33181819319725037,147.67123413085938,2,0.8454545736312866,1,9,24,243,2,,,,
2026-09-09_Mark-Liversedge_Wrist_01__swing_0002,416,thru,seg,203,203,True,1,1,202,0.2935393154621124,138.23922729492188,2,0.7476190328598022,3,9,24,233,2,,,,
2026-09-09_Mark-Liversedge_Wrist_01__swing_0002,417,thru,ray,201,201,True,0,,,,,,,,4,,,,,,,
2026-09-09_Mark-Liversedge_Wrist_01__swing_0002,418,thru,ray,199,199,True,0,,,,,,,,4,,,,,,,
2026-09-09_Mark-Liversedge_Wrist_01__swing_0002,419,thru,ray,198,198,True,0,,,,,,,,1,,,,,,,
2026-09-09_Mark-Liversedge_Wrist_01__swing_0002,420,thru,ray,196,196,True,0,,,,,,,,1,,,,,,,
2026-09-09_Mark-Liversedge_Wrist_01__swing_0002,421,thru,ray,194,194,True,0,,,,,,,,1,,,,,,,
2026-09-09_Mark-Liversedge_Wrist_01__swing_0002,422,thru,ray,192,192,True,0,,,,,,,,1,,,,,,,
2026-09-09_Mark-Liversedge_Wrist_01__swing_0002,423,thru,ray,190,190,True,0,,,,,,,,5,,,,,,,
2026-09-09_Mark-Liversedge_Wrist_01__swing_0002,424,thru,ray,188,188,True,0,,,,,,,,4,,,,,,,
2026-09-09_Mark-Liversedge_Wrist_01__swing_0002,425,thru,ray,184,184,True,0,,,,,,,,7,,,,,,,
2026-09-09_Mark-Liversedge_Wrist_01__swing_0002,426,thru,pred,174,174,True,0,,,,,,,,7,,,,,,,
2026-09-09_Mark-Liversedge_Wrist_01__swing_0002,427,thru,ray,170,170,True,0,,,,,,,,8,,,,,,,
2026-09-09_Mark-Liversedge_Wrist_01__swing_0002,428,thru,ray,161,161,True,0,,,,,,,,1,,,,,,,
2026-09-09_Mark-Liversedge_Wrist_01__swing_0002,429,thru,ray,160,160,True,0,,,,,,,,7,,,,,,,
2026-09-09_Mark-Liversedge_Wrist_01__swing_0002,430,finish,pred,158,158,True,0,,,,,,,,8,,,,,,,
2026-09-09_Mark-Liversedge_Wrist_01__swing_0002,431,finish,pred,156,156,True,0,,,,,,,,7,,,,,,,
2026-09-09_Mark-Liversedge_Wrist_01__swing_0002,432,finish,pred,154,154,True,0,,,,,,,,7,,,,,,,
2026-09-09_Mark-Liversedge_Wrist_01__swing_0002,433,finish,pred,151,151,True,0,,,,,,,,7,,,,,,,
2026-09-09_Mark-Liversedge_Wrist_01__swing_0002,434,finish,pred,148,148,True,0,,,,,,,,7,,,,,,,
2026-09-09_Mark-Liversedge_Wrist_01__swing_0002,435,finish,pred,145,145,True,0,,,,,,,,7,,,,,,,
2026-09-09_Mark-Liversedge_Wrist_01__swing_0002,436,finish,pred,141,141,True,0,,,,,,,,4,,,,,,,
2026-09-09_Mark-Liversedge_Wrist_01__swing_0002,437,finish,pred,138,138,True,0,,,,,,,,7,,,,,,,
2026-09-09_Mark-Liversedge_Wrist_01__swing_0002,438,finish,pred,135,135,True,0,,,,,,,,4,,,,,,,
2026-09-09_Mark-Liversedge_Wrist_01__swing_0002,439,finish,pred,132,132,True,0,,,,,,,,8,,,,,,,
2026-09-09_Mark-Liversedge_Wrist_01__swing_0002,440,finish,pred,129,129,True,0,,,,,,,,8,,,,,,,
2026-09-09_Mark-Liversedge_Wrist_01__swing_0002,441,finish,pred,125,125,True,0,,,,,,,,7,,,,,,,
2026-09-09_Mark-Liversedge_Wrist_01__swing_0002,442,finish,pred,121,121,True,0,,,,,,,,7,,,,,,,
2026-09-09_Mark-Liversedge_Wrist_01__swing_0002,443,finish,pred,117,117,True,0,,,,,,,,7,,,,,,,
2026-09-09_Mark-Liversedge_Wrist_01__swing_0002,444,finish,pred,115,115,True,0,,,,,,,,1,,,,,,,
2026-09-09_Mark-Liversedge_Wrist_01__swing_0002,445,finish,pred,115,115,False,0,,,,,,,,1,,,,,,,
2026-09-09_Mark-Liversedge_Wrist_01__swing_0002,446,finish,pred,115,115,False,0,,,,,,,,1,,,,,,,
2026-09-09_Mark-Liversedge_Wrist_01__swing_0002,447,finish,pred,115,115,False,0,,,,,,,,1,,,,,,,
2026-09-09_Mark-Liversedge_Wrist_01__swing_0002,448,finish,pred,115,115,False,0,,,,,,,,1,,,,,,,
2026-09-09_Mark-Liversedge_Wrist_01__swing_0002,449,finish,pred,115,115,False,0,,,,,,,,1,,,,,,,
2026-09-09_Mark-Liversedge_Wrist_01__swing_0002,450,finish,pred,115,115,False,0,,,,,,,,1,,,,,,,
2026-09-09_Mark-Liversedge_Wrist_01__swing_0002,451,finish,pred,115,115,False,0,,,,,,,,1,,,,,,,
2026-09-09_Mark-Liversedge_Wrist_01__swing_0002,452,finish,pred,115,115,False,0,,,,,,,,1,,,,,,,
2026-09-09_Mark-Liversedge_Wrist_01__swing_0002,453,finish,pred,115,115,False,0,,,,,,,,1,,,,,,,
2026-09-09_Mark-Liversedge_Wrist_01__swing_0002,454,finish,pred,115,115,False,0,,,,,,,,1,,,,,,,
2026-09-09_Mark-Liversedge_Wrist_01__swing_0002,455,finish,pred,115,115,False,0,,,,,,,,1,,,,,,,
2026-09-09_Mark-Liversedge_Wrist_01__swing_0002,456,finish,pred,115,115,False,0,,,,,,,,1,,,,,,,
2026-09-09_Mark-Liversedge_Wrist_01__swing_0002,457,finish,pred,115,115,False,0,,,,,,,,1,,,,,,,
2026-09-09_Mark-Liversedge_Wrist_01__swing_0002,458,finish,pred,115,115,False,0,,,,,,,,1,,,,,,,
2026-09-09_Mark-Liversedge_Wrist_01__swing_0002,459,finish,pred,115,115,False,0,,,,,,,,1,,,,,,,
2026-09-09_Mark-Liversedge_Wrist_01__swing_0002,460,finish,pred,115,115,False,0,,,,,,,,1,,,,,,,
2026-09-09_Mark-Liversedge_Wrist_01__swing_0002,461,finish,pred,115,115,False,0,,,,,,,,1,,,,,,,
2026-09-09_Mark-Liversedge_Wrist_01__swing_0002,462,finish,pred,115,115,False,0,,,,,,,,1,,,,,,,
2026-09-09_Mark-Liversedge_Wrist_01__swing_0002,463,finish,pred,115,115,False,0,,,,,,,,1,,,,,,,
2026-09-09_Mark-Liversedge_Wrist_01__swing_0002,464,finish,pred,115,115,False,0,,,,,,,,1,,,,,,,
2026-09-09_Mark-Liversedge_Wrist_01__swing_0002,465,finish,pred,115,115,False,0,,,,,,,,1,,,,,,,
2026-09-09_Mark-Liversedge_Wrist_01__swing_0002,466,finish,pred,115,115,False,0,,,,,,,,1,,,,,,,
2026-09-09_Mark-Liversedge_Wrist_01__swing_0002,467,finish,pred,115,115,False,0,,,,,,,,1,,,,,,,
2026-09-09_Mark-Liversedge_Wrist_01__swing_0002,468,finish,pred,115,115,False,0,,,,,,,,1,,,,,,,
2026-09-09_Mark-Liversedge_Wrist_01__swing_0002,469,finish,pred,115,115,False,0,,,,,,,,1,,,,,,,
2026-09-09_Mark-Liversedge_Wrist_01__swing_0002,470,finish,pred,115,115,False,0,,,,,,,,1,,,,,,,
2026-09-09_Mark-Liversedge_Wrist_01__swing_0002,471,finish,pred,115,115,False,0,,,,,,,,1,,,,,,,
2026-09-09_Mark-Liversedge_Wrist_01__swing_0002,472,finish,pred,115,115,False,0,,,,,,,,1,,,,,,,
2026-09-09_Mark-Liversedge_Wrist_01__swing_0002,473,finish,pred,115,115,False,0,,,,,,,,1,,,,,,,
2026-09-09_Mark-Liversedge_Wrist_01__swing_0002,474,finish,pred,115,115,False,0,,,,,,,,1,,,,,,,
2026-09-09_Mark-Liversedge_Wrist_01__swing_0002,475,finish,pred,115,115,False,0,,,,,,,,1,,,,,,,
2026-09-09_Mark-Liversedge_Wrist_01__swing_0002,476,finish,pred,115,115,False,0,,,,,,,,1,,,,,,,
2026-09-09_Mark-Liversedge_Wrist_01__swing_0002,477,finish,pred,115,115,False,0,,,,,,,,1,,,,,,,
2026-09-09_Mark-Liversedge_Wrist_01__swing_0002,478,finish,pred,115,115,False,0,,,,,,,,1,,,,,,,
2026-09-09_Mark-Liversedge_Wrist_01__swing_0002,479,finish,pred,115,115,False,0,,,,,,,,1,,,,,,,
2026-09-09_Mark-Liversedge_Wrist_01__swing_0002,480,finish,pred,115,115,False,0,,,,,,,,1,,,,,,,
2026-09-09_Mark-Liversedge_Wrist_01__swing_0002,481,finish,pred,115,115,False,0,,,,,,,,1,,,,,,,
2026-09-09_Mark-Liversedge_Wrist_01__swing_0002,482,finish,pred,115,115,False,0,,,,,,,,1,,,,,,,
2026-09-09_Mark-Liversedge_Wrist_01__swing_0002,483,finish,pred,115,115,False,0,,,,,,,,1,,,,,,,
2026-09-09_Mark-Liversedge_Wrist_01__swing_0002,484,finish,pred,115,115,False,0,,,,,,,,1,,,,,,,
2026-09-09_Mark-Liversedge_Wrist_01__swing_0002,485,finish,pred,115,115,False,0,,,,,,,,1,,,,,,,
2026-09-09_Mark-Liversedge_Wrist_01__swing_0002,486,finish,pred,115,115,False,0,,,,,,,,1,,,,,,,
2026-09-09_Mark-Liversedge_Wrist_01__swing_0002,487,finish,pred,115,115,False,0,,,,,,,,1,,,,,,,
2026-09-09_Mark-Liversedge_Wrist_01__swing_0002,488,finish,pred,115,115,False,0,,,,,,,,1,,,,,,,
2026-09-09_Mark-Liversedge_Wrist_01__swing_0002,489,finish,pred,115,115,False,0,,,,,,,,1,,,,,,,
2026-09-09_Mark-Liversedge_Wrist_01__swing_0002,490,finish,pred,115,115,False,0,,,,,,,,1,,,,,,,
2026-09-09_Mark-Liversedge_Wrist_01__swing_0002,491,finish,pred,115,115,False,0,,,,,,,,1,,,,,,,
2026-09-09_Mark-Liversedge_Wrist_01__swing_0002,492,finish,pred,115,115,False,0,,,,,,,,1,,,,,,,
2026-09-09_Mark-Liversedge_Wrist_01__swing_0002,493,finish,pred,115,115,False,0,,,,,,,,1,,,,,,,
2026-09-09_Mark-Liversedge_Wrist_01__swing_0002,494,finish,pred,115,115,False,0,,,,,,,,1,,,,,,,
2026-09-09_Mark-Liversedge_Wrist_01__swing_0002,495,finish,pred,115,115,False,0,,,,,,,,1,,,,,,,
2026-09-09_Mark-Liversedge_Wrist_01__swing_0002,496,finish,pred,115,115,False,0,,,,,,,,1,,,,,,,
2026-09-09_Mark-Liversedge_Wrist_01__swing_0002,497,finish,pred,115,115,False,0,,,,,,,,1,,,,,,,
2026-09-09_Mark-Liversedge_Wrist_01__swing_0002,498,finish,pred,115,115,False,0,,,,,,,,1,,,,,,,
2026-09-09_Mark-Liversedge_Wrist_01__swing_0002,499,finish,pred,115,115,False,0,,,,,,,,1,,,,,,,
2026-09-09_Mark-Liversedge_Wrist_01__swing_0002,500,finish,pred,115,115,False,0,,,,,,,,1,,,,,,,
2026-09-09_Mark-Liversedge_Wrist_01__swing_0002,501,finish,pred,115,115,False,0,,,,,,,,1,,,,,,,
2026-09-09_Mark-Liversedge_Wrist_01__swing_0002,502,finish,pred,115,115,False,0,,,,,,,,1,,,,,,,
2026-09-09_Mark-Liversedge_Wrist_01__swing_0002,503,finish,pred,115,115,False,0,,,,,,,,1,,,,,,,
2026-09-09_Mark-Liversedge_Wrist_01__swing_0002,504,finish,pred,115,115,False,0,,,,,,,,1,,,,,,,
2026-09-09_Mark-Liversedge_Wrist_01__swing_0002,505,finish,pred,115,115,False,0,,,,,,,,1,,,,,,,
2026-09-09_Mark-Liversedge_Wrist_01__swing_0002,506,finish,pred,115,115,False,0,,,,,,,,1,,,,,,,
2026-09-09_Mark-Liversedge_Wrist_01__swing_0002,507,finish,pred,115,115,False,0,,,,,,,,1,,,,,,,
2026-09-09_Mark-Liversedge_Wrist_01__swing_0002,508,finish,pred,115,115,False,0,,,,,,,,1,,,,,,,
2026-09-09_Mark-Liversedge_Wrist_01__swing_0002,509,finish,pred,115,115,False,0,,,,,,,,1,,,,,,,
2026-09-09_Mark-Liversedge_Wrist_01__swing_0002,510,finish,pred,115,115,False,0,,,,,,,,1,,,,,,,
2026-09-09_Mark-Liversedge_Wrist_01__swing_0002,511,finish,pred,115,115,False,0,,,,,,,,1,,,,,,,
2026-09-09_Mark-Liversedge_Wrist_01__swing_0002,512,finish,pred,115,115,False,0,,,,,,,,1,,,,,,,
2026-09-09_Mark-Liversedge_Wrist_01__swing_0002,513,finish,pred,115,115,False,0,,,,,,,,1,,,,,,,
2026-09-09_Mark-Liversedge_Wrist_01__swing_0002,514,finish,pred,115,115,False,0,,,,,,,,1,,,,,,,
2026-09-09_Mark-Liversedge_Wrist_01__swing_0002,515,finish,pred,115,115,False,0,,,,,,,,1,,,,,,,
2026-09-09_Mark-Liversedge_Wrist_01__swing_0002,516,finish,pred,115,115,False,0,,,,,,,,1,,,,,,,
2026-09-09_Mark-Liversedge_Wrist_01__swing_0002,517,finish,pred,115,115,False,0,,,,,,,,1,,,,,,,
2026-09-09_Mark-Liversedge_Wrist_01__swing_0002,518,finish,pred,115,115,False,0,,,,,,,,1,,,,,,,
2026-09-09_Mark-Liversedge_Wrist_01__swing_0002,519,finish,pred,115,115,False,0,,,,,,,,1,,,,,,,
2026-09-09_Mark-Liversedge_Wrist_01__swing_0002,520,finish,pred,115,115,False,0,,,,,,,,1,,,,,,,
2026-09-09_Mark-Liversedge_Wrist_01__swing_0002,521,finish,pred,115,115,False,0,,,,,,,,1,,,,,,,
2026-09-09_Mark-Liversedge_Wrist_01__swing_0002,522,finish,pred,115,115,False,0,,,,,,,,1,,,,,,,
2026-09-09_Mark-Liversedge_Wrist_01__swing_0002,523,finish,pred,115,115,False,0,,,,,,,,1,,,,,,,
2026-09-09_Mark-Liversedge_Wrist_01__swing_0002,524,finish,pred,115,115,False,0,,,,,,,,1,,,,,,,
2026-09-09_Mark-Liversedge_Wrist_01__swing_0002,525,finish,pred,115,115,False,0,,,,,,,,1,,,,,,,
2026-09-09_Mark-Liversedge_Wrist_01__swing_0002,526,finish,pred,115,115,False,0,,,,,,,,1,,,,,,,
2026-09-09_Mark-Liversedge_Wrist_01__swing_0002,527,finish,pred,115,115,False,0,,,,,,,,1,,,,,,,
2026-09-09_Mark-Liversedge_Wrist_01__swing_0002,528,finish,pred,115,115,False,0,,,,,,,,1,,,,,,,
2026-09-09_Mark-Liversedge_Wrist_01__swing_0002,529,finish,pred,115,115,False,0,,,,,,,,1,,,,,,,
2026-09-09_Mark-Liversedge_Wrist_01__swing_0002,530,finish,pred,115,115,False,0,,,,,,,,1,,,,,,,
2026-09-09_Mark-Liversedge_Wrist_01__swing_0002,531,finish,pred,115,115,False,0,,,,,,,,1,,,,,,,
2026-09-09_Mark-Liversedge_Wrist_01__swing_0002,532,finish,pred,115,115,False,0,,,,,,,,1,,,,,,,
2026-09-09_Mark-Liversedge_Wrist_01__swing_0002,533,finish,pred,115,115,False,0,,,,,,,,1,,,,,,,
2026-09-09_Mark-Liversedge_Wrist_01__swing_0002,534,finish,pred,115,115,False,0,,,,,,,,1,,,,,,,
2026-09-09_Mark-Liversedge_Wrist_01__swing_0002,535,finish,pred,115,115,False,0,,,,,,,,1,,,,,,,
2026-09-09_Mark-Liversedge_Wrist_01__swing_0002,536,finish,pred,115,115,False,0,,,,,,,,1,,,,,,,
2026-09-09_Mark-Liversedge_Wrist_01__swing_0002,537,finish,pred,115,115,False,0,,,,,,,,1,,,,,,,
2026-09-09_Mark-Liversedge_Wrist_01__swing_0002,538,finish,pred,115,115,False,0,,,,,,,,1,,,,,,,
2026-09-09_Mark-Liversedge_Wrist_01__swing_0002,539,finish,pred,115,115,False,0,,,,,,,,1,,,,,,,
2026-09-09_Mark-Liversedge_Wrist_01__swing_0002,540,finish,pred,115,115,False,0,,,,,,,,1,,,,,,,
2026-09-09_Mark-Liversedge_Wrist_01__swing_0002,541,finish,pred,115,115,False,0,,,,,,,,1,,,,,,,
2026-09-09_Mark-Liversedge_Wrist_01__swing_0002,542,finish,pred,115,115,False,0,,,,,,,,1,,,,,,,
2026-09-09_Mark-Liversedge_Wrist_01__swing_0002,543,finish,pred,115,115,False,0,,,,,,,,1,,,,,,,
2026-09-09_Mark-Liversedge_Wrist_01__swing_0002,544,finish,pred,115,115,False,0,,,,,,,,1,,,,,,,
2026-09-09_Mark-Liversedge_Wrist_01__swing_0002,545,finish,pred,115,115,False,0,,,,,,,,1,,,,,,,
2026-09-09_Mark-Liversedge_Wrist_01__swing_0002,546,finish,pred,115,115,False,0,,,,,,,,1,,,,,,,
2026-09-09_Mark-Liversedge_Wrist_01__swing_0002,547,finish,pred,115,115,False,0,,,,,,,,1,,,,,,,
2026-09-09_Mark-Liversedge_Wrist_01__swing_0002,548,finish,pred,115,115,False,0,,,,,,,,1,,,,,,,
2026-09-09_Mark-Liversedge_Wrist_01__swing_0002,549,finish,pred,115,115,False,0,,,,,,,,1,,,,,,,
2026-09-09_Mark-Liversedge_Wrist_01__swing_0002,550,finish,pred,115,115,False,0,,,,,,,,1,,,,,,,
2026-09-09_Mark-Liversedge_Wrist_01__swing_0002,551,finish,pred,115,115,False,0,,,,,,,,1,,,,,,,
2026-09-09_Mark-Liversedge_Wrist_01__swing_0002,552,finish,pred,115,115,False,0,,,,,,,,1,,,,,,,
2026-09-09_Mark-Liversedge_Wrist_01__swing_0002,553,finish,pred,115,115,False,0,,,,,,,,1,,,,,,,
2026-09-09_Mark-Liversedge_Wrist_01__swing_0002,554,finish,pred,115,115,False,0,,,,,,,,1,,,,,,,
2026-09-09_Mark-Liversedge_Wrist_01__swing_0002,555,finish,pred,115,115,False,0,,,,,,,,1,,,,,,,
2026-09-09_Mark-Liversedge_Wrist_01__swing_0002,556,finish,pred,115,115,False,0,,,,,,,,1,,,,,,,
2026-09-09_Mark-Liversedge_Wrist_01__swing_0002,557,finish,pred,115,115,False,0,,,,,,,,1,,,,,,,
2026-09-09_Mark-Liversedge_Wrist_01__swing_0002,558,finish,pred,115,115,False,0,,,,,,,,1,,,,,,,
2026-09-09_Mark-Liversedge_Wrist_01__swing_0002,559,finish,pred,115,115,False,0,,,,,,,,1,,,,,,,
2026-09-09_Mark-Liversedge_Wrist_01__swing_0002,560,finish,pred,115,115,False,0,,,,,,,,1,,,,,,,
2026-09-09_Mark-Liversedge_Wrist_01__swing_0002,561,finish,pred,115,115,False,0,,,,,,,,1,,,,,,,
2026-09-09_Mark-Liversedge_Wrist_01__swing_0002,562,finish,pred,115,115,False,0,,,,,,,,1,,,,,,,
2026-09-09_Mark-Liversedge_Wrist_01__swing_0002,563,finish,pred,115,115,False,0,,,,,,,,1,,,,,,,
2026-09-09_Mark-Liversedge_Wrist_01__swing_0002,564,finish,pred,115,115,False,0,,,,,,,,1,,,,,,,
2026-09-09_Mark-Liversedge_Wrist_01__swing_0002,565,finish,pred,115,115,False,0,,,,,,,,1,,,,,,,
2026-09-09_Mark-Liversedge_Wrist_01__swing_0002,566,finish,pred,115,115,False,0,,,,,,,,1,,,,,,,
2026-09-09_Mark-Liversedge_Wrist_01__swing_0002,567,finish,pred,115,115,False,0,,,,,,,,1,,,,,,,
2026-09-09_Mark-Liversedge_Wrist_01__swing_0002,568,finish,pred,115,115,False,0,,,,,,,,1,,,,,,,
2026-09-09_Mark-Liversedge_Wrist_01__swing_0002,569,finish,pred,115,115,False,0,,,,,,,,1,,,,,,,
2026-09-09_Mark-Liversedge_Wrist_01__swing_0002,570,finish,pred,115,115,False,0,,,,,,,,1,,,,,,,
2026-09-09_Mark-Liversedge_Wrist_01__swing_0002,571,finish,pred,115,115,False,0,,,,,,,,1,,,,,,,
2026-09-09_Mark-Liversedge_Wrist_01__swing_0002,572,finish,pred,115,115,False,0,,,,,,,,1,,,,,,,
2026-09-09_Mark-Liversedge_Wrist_01__swing_0002,573,finish,pred,115,115,False,0,,,,,,,,1,,,,,,,
2026-09-09_Mark-Liversedge_Wrist_01__swing_0002,574,finish,pred,115,115,False,0,,,,,,,,1,,,,,,,
2026-09-09_Mark-Liversedge_Wrist_01__swing_0002,575,finish,pred,115,115,False,0,,,,,,,,1,,,,,,,
2026-09-09_Mark-Liversedge_Wrist_01__swing_0002,576,finish,pred,115,115,False,0,,,,,,,,1,,,,,,,
2026-09-09_Mark-Liversedge_Wrist_01__swing_0002,577,finish,pred,115,115,False,0,,,,,,,,1,,,,,,,
2026-09-09_Mark-Liversedge_Wrist_01__swing_0002,578,finish,pred,115,115,False,0,,,,,,,,1,,,,,,,
2026-09-09_Mark-Liversedge_Wrist_01__swing_0002,579,finish,pred,115,115,False,0,,,,,,,,1,,,,,,,
2026-09-09_Mark-Liversedge_Wrist_01__swing_0002,580,finish,pred,115,115,False,0,,,,,,,,1,,,,,,,
2026-09-09_Mark-Liversedge_Wrist_01__swing_0002,581,finish,pred,115,115,False,0,,,,,,,,1,,,,,,,
2026-09-09_Mark-Liversedge_Wrist_01__swing_0002,582,finish,pred,115,115,False,0,,,,,,,,1,,,,,,,
2026-09-09_Mark-Liversedge_Wrist_01__swing_0002,583,finish,pred,115,115,False,0,,,,,,,,1,,,,,,,
2026-09-09_Mark-Liversedge_Wrist_01__swing_0002,584,finish,pred,115,115,False,0,,,,,,,,1,,,,,,,
2026-09-09_Mark-Liversedge_Wrist_01__swing_0002,585,finish,pred,115,115,False,0,,,,,,,,1,,,,,,,
2026-09-09_Mark-Liversedge_Wrist_01__swing_0002,586,finish,pred,115,115,False,0,,,,,,,,1,,,,,,,
2026-09-09_Mark-Liversedge_Wrist_01__swing_0002,587,finish,pred,115,115,False,0,,,,,,,,1,,,,,,,
2026-09-09_Mark-Liversedge_Wrist_01__swing_0002,588,finish,pred,115,115,False,0,,,,,,,,1,,,,,,,
2026-09-09_Mark-Liversedge_Wrist_01__swing_0003,0,addr,pred,98,98,False,0,,,,,,,,0,,,,,,,
2026-09-09_Mark-Liversedge_Wrist_01__swing_0003,1,addr,pred,98,98,False,0,,,,,,,,0,,,,,,,
2026-09-09_Mark-Liversedge_Wrist_01__swing_0003,2,addr,pred,98,98,False,0,,,,,,,,0,,,,,,,
2026-09-09_Mark-Liversedge_Wrist_01__swing_0003,3,addr,pred,98,98,False,0,,,,,,,,0,,,,,,,
2026-09-09_Mark-Liversedge_Wrist_01__swing_0003,4,addr,pred,98,98,False,0,,,,,,,,0,,,,,,,
2026-09-09_Mark-Liversedge_Wrist_01__swing_0003,5,addr,pred,98,98,False,0,,,,,,,,0,,,,,,,
2026-09-09_Mark-Liversedge_Wrist_01__swing_0003,6,addr,pred,98,98,False,0,,,,,,,,0,,,,,,,
2026-09-09_Mark-Liversedge_Wrist_01__swing_0003,7,addr,pred,98,98,False,0,,,,,,,,0,,,,,,,
2026-09-09_Mark-Liversedge_Wrist_01__swing_0003,8,addr,pred,98,98,False,0,,,,,,,,0,,,,,,,
2026-09-09_Mark-Liversedge_Wrist_01__swing_0003,9,addr,pred,98,98,False,0,,,,,,,,0,,,,,,,
2026-09-09_Mark-Liversedge_Wrist_01__swing_0003,10,addr,pred,98,98,False,0,,,,,,,,0,,,,,,,
2026-09-09_Mark-Liversedge_Wrist_01__swing_0003,11,addr,pred,98,98,False,0,,,,,,,,0,,,,,,,
2026-09-09_Mark-Liversedge_Wrist_01__swing_0003,12,addr,pred,98,98,False,0,,,,,,,,0,,,,,,,
2026-09-09_Mark-Liversedge_Wrist_01__swing_0003,13,addr,pred,98,98,False,0,,,,,,,,0,,,,,,,
2026-09-09_Mark-Liversedge_Wrist_01__swing_0003,14,addr,pred,98,98,False,0,,,,,,,,0,,,,,,,
2026-09-09_Mark-Liversedge_Wrist_01__swing_0003,15,addr,pred,98,98,False,0,,,,,,,,0,,,,,,,
2026-09-09_Mark-Liversedge_Wrist_01__swing_0003,16,addr,pred,98,98,False,0,,,,,,,,0,,,,,,,
2026-09-09_Mark-Liversedge_Wrist_01__swing_0003,17,addr,pred,98,98,False,0,,,,,,,,0,,,,,,,
2026-09-09_Mark-Liversedge_Wrist_01__swing_0003,18,addr,pred,98,98,False,0,,,,,,,,0,,,,,,,
2026-09-09_Mark-Liversedge_Wrist_01__swing_0003,19,addr,pred,98,98,False,0,,,,,,,,0,,,,,,,
2026-09-09_Mark-Liversedge_Wrist_01__swing_0003,20,addr,pred,98,98,False,0,,,,,,,,0,,,,,,,
2026-09-09_Mark-Liversedge_Wrist_01__swing_0003,21,addr,pred,98,98,False,0,,,,,,,,0,,,,,,,
2026-09-09_Mark-Liversedge_Wrist_01__swing_0003,22,addr,pred,98,98,False,0,,,,,,,,0,,,,,,,
2026-09-09_Mark-Liversedge_Wrist_01__swing_0003,23,addr,pred,98,98,False,0,,,,,,,,0,,,,,,,
2026-09-09_Mark-Liversedge_Wrist_01__swing_0003,24,addr,pred,98,98,False,0,,,,,,,,0,,,,,,,
2026-09-09_Mark-Liversedge_Wrist_01__swing_0003,25,addr,pred,98,98,False,0,,,,,,,,0,,,,,,,
2026-09-09_Mark-Liversedge_Wrist_01__swing_0003,26,addr,pred,98,98,False,0,,,,,,,,0,,,,,,,
2026-09-09_Mark-Liversedge_Wrist_01__swing_0003,27,addr,pred,98,98,False,0,,,,,,,,0,,,,,,,
2026-09-09_Mark-Liversedge_Wrist_01__swing_0003,28,addr,pred,98,98,False,0,,,,,,,,0,,,,,,,
2026-09-09_Mark-Liversedge_Wrist_01__swing_0003,29,addr,pred,98,98,False,0,,,,,,,,0,,,,,,,
2026-09-09_Mark-Liversedge_Wrist_01__swing_0003,30,addr,pred,98,98,False,0,,,,,,,,0,,,,,,,
2026-09-09_Mark-Liversedge_Wrist_01__swing_0003,31,addr,pred,98,98,False,0,,,,,,,,0,,,,,,,
2026-09-09_Mark-Liversedge_Wrist_01__swing_0003,32,addr,pred,98,98,False,0,,,,,,,,0,,,,,,,
2026-09-09_Mark-Liversedge_Wrist_01__swing_0003,33,addr,pred,98,98,False,0,,,,,,,,0,,,,,,,
2026-09-09_Mark-Liversedge_Wrist_01__swing_0003,34,addr,pred,98,98,False,0,,,,,,,,0,,,,,,,
2026-09-09_Mark-Liversedge_Wrist_01__swing_0003,35,addr,pred,98,98,False,0,,,,,,,,0,,,,,,,
2026-09-09_Mark-Liversedge_Wrist_01__swing_0003,36,addr,pred,98,98,False,0,,,,,,,,0,,,,,,,
2026-09-09_Mark-Liversedge_Wrist_01__swing_0003,37,addr,pred,98,98,False,0,,,,,,,,0,,,,,,,
2026-09-09_Mark-Liversedge_Wrist_01__swing_0003,38,addr,pred,98,98,False,0,,,,,,,,0,,,,,,,
2026-09-09_Mark-Liversedge_Wrist_01__swing_0003,39,addr,pred,98,98,False,0,,,,,,,,0,,,,,,,
2026-09-09_Mark-Liversedge_Wrist_01__swing_0003,40,addr,pred,98,98,False,0,,,,,,,,0,,,,,,,
2026-09-09_Mark-Liversedge_Wrist_01__swing_0003,41,addr,pred,98,98,False,0,,,,,,,,0,,,,,,,
2026-09-09_Mark-Liversedge_Wrist_01__swing_0003,42,addr,pred,98,98,False,0,,,,,,,,0,,,,,,,
2026-09-09_Mark-Liversedge_Wrist_01__swing_0003,43,addr,pred,98,98,False,0,,,,,,,,0,,,,,,,
2026-09-09_Mark-Liversedge_Wrist_01__swing_0003,44,addr,pred,98,98,False,0,,,,,,,,0,,,,,,,
2026-09-09_Mark-Liversedge_Wrist_01__swing_0003,45,addr,pred,98,98,False,0,,,,,,,,0,,,,,,,
2026-09-09_Mark-Liversedge_Wrist_01__swing_0003,46,addr,pred,98,98,False,0,,,,,,,,0,,,,,,,
2026-09-09_Mark-Liversedge_Wrist_01__swing_0003,47,addr,pred,98,98,False,0,,,,,,,,0,,,,,,,
2026-09-09_Mark-Liversedge_Wrist_01__swing_0003,48,addr,pred,98,98,False,0,,,,,,,,0,,,,,,,
2026-09-09_Mark-Liversedge_Wrist_01__swing_0003,49,addr,pred,98,98,False,0,,,,,,,,0,,,,,,,
2026-09-09_Mark-Liversedge_Wrist_01__swing_0003,50,addr,pred,98,98,False,0,,,,,,,,0,,,,,,,
2026-09-09_Mark-Liversedge_Wrist_01__swing_0003,51,addr,pred,98,98,False,0,,,,,,,,0,,,,,,,
2026-09-09_Mark-Liversedge_Wrist_01__swing_0003,52,addr,pred,98,98,False,0,,,,,,,,0,,,,,,,
2026-09-09_Mark-Liversedge_Wrist_01__swing_0003,53,addr,pred,98,98,False,0,,,,,,,,0,,,,,,,
2026-09-09_Mark-Liversedge_Wrist_01__swing_0003,54,addr,pred,98,98,False,0,,,,,,,,0,,,,,,,
2026-09-09_Mark-Liversedge_Wrist_01__swing_0003,55,addr,pred,98,98,False,0,,,,,,,,0,,,,,,,
2026-09-09_Mark-Liversedge_Wrist_01__swing_0003,56,addr,pred,98,98,False,0,,,,,,,,0,,,,,,,
2026-09-09_Mark-Liversedge_Wrist_01__swing_0003,57,addr,pred,98,98,False,0,,,,,,,,0,,,,,,,
2026-09-09_Mark-Liversedge_Wrist_01__swing_0003,58,addr,pred,98,98,False,0,,,,,,,,0,,,,,,,
2026-09-09_Mark-Liversedge_Wrist_01__swing_0003,59,addr,pred,98,98,False,0,,,,,,,,0,,,,,,,
2026-09-09_Mark-Liversedge_Wrist_01__swing_0003,60,addr,pred,98,98,False,0,,,,,,,,0,,,,,,,
2026-09-09_Mark-Liversedge_Wrist_01__swing_0003,61,addr,pred,98,98,False,0,,,,,,,,0,,,,,,,
2026-09-09_Mark-Liversedge_Wrist_01__swing_0003,62,addr,pred,98,98,False,0,,,,,,,,0,,,,,,,
2026-09-09_Mark-Liversedge_Wrist_01__swing_0003,63,addr,pred,98,98,False,0,,,,,,,,0,,,,,,,
2026-09-09_Mark-Liversedge_Wrist_01__swing_0003,64,addr,pred,98,98,False,0,,,,,,,,0,,,,,,,
2026-09-09_Mark-Liversedge_Wrist_01__swing_0003,65,addr,pred,98,98,False,0,,,,,,,,0,,,,,,,
2026-09-09_Mark-Liversedge_Wrist_01__swing_0003,66,addr,pred,98,98,False,0,,,,,,,,0,,,,,,,
2026-09-09_Mark-Liversedge_Wrist_01__swing_0003,67,addr,pred,98,98,False,0,,,,,,,,0,,,,,,,
2026-09-09_Mark-Liversedge_Wrist_01__swing_0003,68,addr,pred,98,98,False,0,,,,,,,,0,,,,,,,
2026-09-09_Mark-Liversedge_Wrist_01__swing_0003,69,addr,pred,98,98,False,0,,,,,,,,0,,,,,,,
2026-09-09_Mark-Liversedge_Wrist_01__swing_0003,70,addr,pred,98,98,False,0,,,,,,,,0,,,,,,,
2026-09-09_Mark-Liversedge_Wrist_01__swing_0003,71,addr,pred,98,98,False,0,,,,,,,,0,,,,,,,
2026-09-09_Mark-Liversedge_Wrist_01__swing_0003,72,addr,pred,98,98,False,0,,,,,,,,0,,,,,,,
2026-09-09_Mark-Liversedge_Wrist_01__swing_0003,73,addr,pred,98,98,False,0,,,,,,,,0,,,,,,,
2026-09-09_Mark-Liversedge_Wrist_01__swing_0003,74,addr,pred,98,98,False,0,,,,,,,,0,,,,,,,
2026-09-09_Mark-Liversedge_Wrist_01__swing_0003,75,addr,pred,98,98,False,0,,,,,,,,0,,,,,,,
2026-09-09_Mark-Liversedge_Wrist_01__swing_0003,76,addr,pred,98,98,False,0,,,,,,,,0,,,,,,,
2026-09-09_Mark-Liversedge_Wrist_01__swing_0003,77,addr,pred,98,98,False,0,,,,,,,,0,,,,,,,
2026-09-09_Mark-Liversedge_Wrist_01__swing_0003,78,addr,pred,98,98,False,0,,,,,,,,0,,,,,,,
2026-09-09_Mark-Liversedge_Wrist_01__swing_0003,79,addr,pred,98,98,False,0,,,,,,,,0,,,,,,,
2026-09-09_Mark-Liversedge_Wrist_01__swing_0003,80,addr,pred,98,98,False,0,,,,,,,,0,,,,,,,
2026-09-09_Mark-Liversedge_Wrist_01__swing_0003,81,addr,pred,98,98,False,0,,,,,,,,0,,,,,,,
2026-09-09_Mark-Liversedge_Wrist_01__swing_0003,82,addr,pred,98,98,False,0,,,,,,,,0,,,,,,,
2026-09-09_Mark-Liversedge_Wrist_01__swing_0003,83,addr,pred,98,98,False,0,,,,,,,,0,,,,,,,
2026-09-09_Mark-Liversedge_Wrist_01__swing_0003,84,addr,pred,98,98,False,0,,,,,,,,0,,,,,,,
2026-09-09_Mark-Liversedge_Wrist_01__swing_0003,85,addr,pred,98,98,False,0,,,,,,,,0,,,,,,,
2026-09-09_Mark-Liversedge_Wrist_01__swing_0003,86,addr,pred,98,98,False,0,,,,,,,,0,,,,,,,
2026-09-09_Mark-Liversedge_Wrist_01__swing_0003,87,addr,pred,98,98,False,0,,,,,,,,0,,,,,,,
2026-09-09_Mark-Liversedge_Wrist_01__swing_0003,88,addr,pred,98,98,False,0,,,,,,,,0,,,,,,,
2026-09-09_Mark-Liversedge_Wrist_01__swing_0003,89,addr,pred,98,98,False,0,,,,,,,,0,,,,,,,
2026-09-09_Mark-Liversedge_Wrist_01__swing_0003,90,addr,pred,98,98,False,0,,,,,,,,0,,,,,,,
2026-09-09_Mark-Liversedge_Wrist_01__swing_0003,91,addr,pred,98,98,False,0,,,,,,,,0,,,,,,,
2026-09-09_Mark-Liversedge_Wrist_01__swing_0003,92,addr,pred,98,98,False,0,,,,,,,,0,,,,,,,
2026-09-09_Mark-Liversedge_Wrist_01__swing_0003,93,addr,pred,98,98,False,0,,,,,,,,0,,,,,,,
2026-09-09_Mark-Liversedge_Wrist_01__swing_0003,94,addr,pred,98,98,False,0,,,,,,,,0,,,,,,,
2026-09-09_Mark-Liversedge_Wrist_01__swing_0003,95,addr,pred,98,98,False,0,,,,,,,,0,,,,,,,
2026-09-09_Mark-Liversedge_Wrist_01__swing_0003,96,addr,pred,98,98,False,0,,,,,,,,0,,,,,,,
2026-09-09_Mark-Liversedge_Wrist_01__swing_0003,97,addr,pred,98,98,False,0,,,,,,,,0,,,,,,,
2026-09-09_Mark-Liversedge_Wrist_01__swing_0003,98,addr,pred,98,98,False,0,,,,,,,,0,,,,,,,
2026-09-09_Mark-Liversedge_Wrist_01__swing_0003,99,addr,pred,98,98,False,0,,,,,,,,0,,,,,,,
2026-09-09_Mark-Liversedge_Wrist_01__swing_0003,100,addr,pred,98,98,False,0,,,,,,,,0,,,,,,,
2026-09-09_Mark-Liversedge_Wrist_01__swing_0003,101,addr,pred,98,98,False,0,,,,,,,,0,,,,,,,
2026-09-09_Mark-Liversedge_Wrist_01__swing_0003,102,addr,pred,98,98,False,0,,,,,,,,0,,,,,,,
2026-09-09_Mark-Liversedge_Wrist_01__swing_0003,103,addr,pred,98,98,False,0,,,,,,,,0,,,,,,,
2026-09-09_Mark-Liversedge_Wrist_01__swing_0003,104,addr,pred,98,98,False,0,,,,,,,,0,,,,,,,
2026-09-09_Mark-Liversedge_Wrist_01__swing_0003,105,addr,pred,98,98,False,0,,,,,,,,0,,,,,,,
2026-09-09_Mark-Liversedge_Wrist_01__swing_0003,106,addr,pred,98,98,False,0,,,,,,,,0,,,,,,,
2026-09-09_Mark-Liversedge_Wrist_01__swing_0003,107,addr,pred,98,98,False,0,,,,,,,,0,,,,,,,
2026-09-09_Mark-Liversedge_Wrist_01__swing_0003,108,addr,pred,98,98,False,0,,,,,,,,0,,,,,,,
2026-09-09_Mark-Liversedge_Wrist_01__swing_0003,109,addr,pred,98,98,False,0,,,,,,,,0,,,,,,,
2026-09-09_Mark-Liversedge_Wrist_01__swing_0003,110,addr,pred,98,98,False,0,,,,,,,,0,,,,,,,
2026-09-09_Mark-Liversedge_Wrist_01__swing_0003,111,addr,pred,98,98,False,0,,,,,,,,0,,,,,,,
2026-09-09_Mark-Liversedge_Wrist_01__swing_0003,112,addr,pred,98,98,False,0,,,,,,,,0,,,,,,,
2026-09-09_Mark-Liversedge_Wrist_01__swing_0003,113,addr,pred,98,98,False,0,,,,,,,,0,,,,,,,
2026-09-09_Mark-Liversedge_Wrist_01__swing_0003,114,addr,pred,98,98,False,0,,,,,,,,0,,,,,,,
2026-09-09_Mark-Liversedge_Wrist_01__swing_0003,115,addr,pred,98,98,False,0,,,,,,,,0,,,,,,,
2026-09-09_Mark-Liversedge_Wrist_01__swing_0003,116,addr,pred,98,98,False,0,,,,,,,,0,,,,,,,
2026-09-09_Mark-Liversedge_Wrist_01__swing_0003,117,addr,pred,98,98,False,0,,,,,,,,0,,,,,,,
2026-09-09_Mark-Liversedge_Wrist_01__swing_0003,118,addr,pred,98,98,False,0,,,,,,,,0,,,,,,,
2026-09-09_Mark-Liversedge_Wrist_01__swing_0003,119,addr,pred,98,98,False,0,,,,,,,,0,,,,,,,
2026-09-09_Mark-Liversedge_Wrist_01__swing_0003,120,addr,pred,98,98,False,0,,,,,,,,0,,,,,,,
2026-09-09_Mark-Liversedge_Wrist_01__swing_0003,121,addr,pred,98,98,False,0,,,,,,,,0,,,,,,,
2026-09-09_Mark-Liversedge_Wrist_01__swing_0003,122,addr,pred,98,98,False,0,,,,,,,,0,,,,,,,
2026-09-09_Mark-Liversedge_Wrist_01__swing_0003,123,addr,pred,98,98,False,0,,,,,,,,0,,,,,,,
2026-09-09_Mark-Liversedge_Wrist_01__swing_0003,124,addr,pred,98,98,False,0,,,,,,,,0,,,,,,,
2026-09-09_Mark-Liversedge_Wrist_01__swing_0003,125,addr,pred,98,98,False,0,,,,,,,,0,,,,,,,
2026-09-09_Mark-Liversedge_Wrist_01__swing_0003,126,addr,pred,98,98,False,0,,,,,,,,0,,,,,,,
2026-09-09_Mark-Liversedge_Wrist_01__swing_0003,127,addr,pred,98,98,False,0,,,,,,,,0,,,,,,,
2026-09-09_Mark-Liversedge_Wrist_01__swing_0003,128,addr,pred,98,98,False,0,,,,,,,,0,,,,,,,
2026-09-09_Mark-Liversedge_Wrist_01__swing_0003,129,addr,pred,98,98,False,0,,,,,,,,0,,,,,,,
2026-09-09_Mark-Liversedge_Wrist_01__swing_0003,130,addr,pred,98,98,False,0,,,,,,,,0,,,,,,,
2026-09-09_Mark-Liversedge_Wrist_01__swing_0003,131,addr,pred,98,98,False,0,,,,,,,,0,,,,,,,
2026-09-09_Mark-Liversedge_Wrist_01__swing_0003,132,addr,pred,98,98,False,0,,,,,,,,0,,,,,,,
2026-09-09_Mark-Liversedge_Wrist_01__swing_0003,133,addr,pred,98,98,False,0,,,,,,,,0,,,,,,,
2026-09-09_Mark-Liversedge_Wrist_01__swing_0003,134,addr,pred,98,98,False,0,,,,,,,,0,,,,,,,
2026-09-09_Mark-Liversedge_Wrist_01__swing_0003,135,addr,pred,98,98,False,0,,,,,,,,0,,,,,,,
2026-09-09_Mark-Liversedge_Wrist_01__swing_0003,136,addr,pred,98,98,False,0,,,,,,,,0,,,,,,,
2026-09-09_Mark-Liversedge_Wrist_01__swing_0003,137,addr,pred,98,98,False,0,,,,,,,,0,,,,,,,
2026-09-09_Mark-Liversedge_Wrist_01__swing_0003,138,addr,pred,98,98,False,0,,,,,,,,0,,,,,,,
2026-09-09_Mark-Liversedge_Wrist_01__swing_0003,139,addr,pred,98,98,False,0,,,,,,,,0,,,,,,,
2026-09-09_Mark-Liversedge_Wrist_01__swing_0003,140,addr,pred,98,98,False,0,,,,,,,,0,,,,,,,
2026-09-09_Mark-Liversedge_Wrist_01__swing_0003,141,addr,pred,98,98,False,0,,,,,,,,0,,,,,,,
2026-09-09_Mark-Liversedge_Wrist_01__swing_0003,142,addr,pred,98,98,False,0,,,,,,,,0,,,,,,,
2026-09-09_Mark-Liversedge_Wrist_01__swing_0003,143,addr,pred,98,98,False,0,,,,,,,,0,,,,,,,
2026-09-09_Mark-Liversedge_Wrist_01__swing_0003,144,addr,pred,98,98,False,0,,,,,,,,0,,,,,,,
2026-09-09_Mark-Liversedge_Wrist_01__swing_0003,145,addr,pred,98,98,False,0,,,,,,,,0,,,,,,,
2026-09-09_Mark-Liversedge_Wrist_01__swing_0003,146,addr,pred,98,98,False,0,,,,,,,,0,,,,,,,
2026-09-09_Mark-Liversedge_Wrist_01__swing_0003,147,addr,pred,98,98,False,0,,,,,,,,0,,,,,,,
2026-09-09_Mark-Liversedge_Wrist_01__swing_0003,148,addr,pred,98,98,False,0,,,,,,,,0,,,,,,,
2026-09-09_Mark-Liversedge_Wrist_01__swing_0003,149,addr,pred,98,98,False,0,,,,,,,,0,,,,,,,
2026-09-09_Mark-Liversedge_Wrist_01__swing_0003,150,addr,pred,98,98,False,0,,,,,,,,0,,,,,,,
2026-09-09_Mark-Liversedge_Wrist_01__swing_0003,151,addr,pred,98,98,False,0,,,,,,,,0,,,,,,,
2026-09-09_Mark-Liversedge_Wrist_01__swing_0003,152,addr,pred,98,98,False,0,,,,,,,,0,,,,,,,
2026-09-09_Mark-Liversedge_Wrist_01__swing_0003,153,addr,pred,98,98,False,0,,,,,,,,0,,,,,,,
2026-09-09_Mark-Liversedge_Wrist_01__swing_0003,154,addr,pred,98,98,False,0,,,,,,,,0,,,,,,,
2026-09-09_Mark-Liversedge_Wrist_01__swing_0003,155,addr,pred,98,98,False,0,,,,,,,,0,,,,,,,
2026-09-09_Mark-Liversedge_Wrist_01__swing_0003,156,addr,pred,98,98,False,0,,,,,,,,0,,,,,,,
2026-09-09_Mark-Liversedge_Wrist_01__swing_0003,157,addr,pred,98,98,False,0,,,,,,,,0,,,,,,,
2026-09-09_Mark-Liversedge_Wrist_01__swing_0003,158,addr,pred,98,98,False,0,,,,,,,,0,,,,,,,
2026-09-09_Mark-Liversedge_Wrist_01__swing_0003,159,addr,pred,98,98,False,0,,,,,,,,0,,,,,,,
2026-09-09_Mark-Liversedge_Wrist_01__swing_0003,160,addr,pred,98,98,False,0,,,,,,,,0,,,,,,,
2026-09-09_Mark-Liversedge_Wrist_01__swing_0003,161,addr,pred,98,98,False,0,,,,,,,,0,,,,,,,
2026-09-09_Mark-Liversedge_Wrist_01__swing_0003,162,addr,pred,98,98,False,0,,,,,,,,0,,,,,,,
2026-09-09_Mark-Liversedge_Wrist_01__swing_0003,163,addr,pred,98,98,False,0,,,,,,,,0,,,,,,,
2026-09-09_Mark-Liversedge_Wrist_01__swing_0003,164,addr,pred,98,98,False,0,,,,,,,,0,,,,,,,
2026-09-09_Mark-Liversedge_Wrist_01__swing_0003,165,addr,pred,98,98,False,0,,,,,,,,0,,,,,,,
2026-09-09_Mark-Liversedge_Wrist_01__swing_0003,166,addr,pred,98,98,False,0,,,,,,,,0,,,,,,,
2026-09-09_Mark-Liversedge_Wrist_01__swing_0003,167,addr,pred,98,98,False,0,,,,,,,,0,,,,,,,
2026-09-09_Mark-Liversedge_Wrist_01__swing_0003,168,addr,pred,98,98,False,0,,,,,,,,0,,,,,,,
2026-09-09_Mark-Liversedge_Wrist_01__swing_0003,169,addr,pred,98,98,False,0,,,,,,,,0,,,,,,,
2026-09-09_Mark-Liversedge_Wrist_01__swing_0003,170,addr,pred,98,98,False,0,,,,,,,,0,,,,,,,
2026-09-09_Mark-Liversedge_Wrist_01__swing_0003,171,addr,pred,98,98,False,0,,,,,,,,0,,,,,,,
2026-09-09_Mark-Liversedge_Wrist_01__swing_0003,172,addr,pred,98,98,False,0,,,,,,,,0,,,,,,,
2026-09-09_Mark-Liversedge_Wrist_01__swing_0003,173,addr,pred,98,98,False,0,,,,,,,,0,,,,,,,
2026-09-09_Mark-Liversedge_Wrist_01__swing_0003,174,addr,pred,98,98,False,0,,,,,,,,0,,,,,,,
2026-09-09_Mark-Liversedge_Wrist_01__swing_0003,175,addr,pred,98,98,False,0,,,,,,,,0,,,,,,,
2026-09-09_Mark-Liversedge_Wrist_01__swing_0003,176,addr,pred,98,98,False,0,,,,,,,,0,,,,,,,
2026-09-09_Mark-Liversedge_Wrist_01__swing_0003,177,addr,pred,98,98,False,0,,,,,,,,0,,,,,,,
2026-09-09_Mark-Liversedge_Wrist_01__swing_0003,178,addr,pred,98,98,False,0,,,,,,,,0,,,,,,,
2026-09-09_Mark-Liversedge_Wrist_01__swing_0003,179,addr,pred,98,98,False,0,,,,,,,,0,,,,,,,
2026-09-09_Mark-Liversedge_Wrist_01__swing_0003,180,addr,pred,98,98,False,0,,,,,,,,0,,,,,,,
2026-09-09_Mark-Liversedge_Wrist_01__swing_0003,181,addr,pred,98,98,False,0,,,,,,,,0,,,,,,,
2026-09-09_Mark-Liversedge_Wrist_01__swing_0003,182,addr,pred,98,98,False,0,,,,,,,,0,,,,,,,
2026-09-09_Mark-Liversedge_Wrist_01__swing_0003,183,addr,pred,98,98,False,0,,,,,,,,0,,,,,,,
2026-09-09_Mark-Liversedge_Wrist_01__swing_0003,184,addr,pred,98,98,False,0,,,,,,,,0,,,,,,,
2026-09-09_Mark-Liversedge_Wrist_01__swing_0003,185,addr,pred,98,98,False,0,,,,,,,,0,,,,,,,
2026-09-09_Mark-Liversedge_Wrist_01__swing_0003,186,addr,pred,98,98,False,0,,,,,,,,0,,,,,,,
2026-09-09_Mark-Liversedge_Wrist_01__swing_0003,187,addr,pred,98,98,False,0,,,,,,,,0,,,,,,,
2026-09-09_Mark-Liversedge_Wrist_01__swing_0003,188,addr,pred,98,98,False,0,,,,,,,,0,,,,,,,
2026-09-09_Mark-Liversedge_Wrist_01__swing_0003,189,addr,pred,98,98,False,0,,,,,,,,0,,,,,,,
2026-09-09_Mark-Liversedge_Wrist_01__swing_0003,190,addr,pred,98,98,False,0,,,,,,,,0,,,,,,,
2026-09-09_Mark-Liversedge_Wrist_01__swing_0003,191,addr,pred,98,98,False,0,,,,,,,,0,,,,,,,
2026-09-09_Mark-Liversedge_Wrist_01__swing_0003,192,addr,pred,98,98,False,0,,,,,,,,0,,,,,,,
2026-09-09_Mark-Liversedge_Wrist_01__swing_0003,193,addr,pred,98,98,False,0,,,,,,,,0,,,,,,,
2026-09-09_Mark-Liversedge_Wrist_01__swing_0003,194,addr,pred,98,98,False,0,,,,,,,,0,,,,,,,
2026-09-09_Mark-Liversedge_Wrist_01__swing_0003,195,addr,pred,98,98,False,0,,,,,,,,0,,,,,,,
2026-09-09_Mark-Liversedge_Wrist_01__swing_0003,196,addr,pred,98,98,False,0,,,,,,,,0,,,,,,,
2026-09-09_Mark-Liversedge_Wrist_01__swing_0003,197,addr,pred,98,98,False,0,,,,,,,,0,,,,,,,
2026-09-09_Mark-Liversedge_Wrist_01__swing_0003,198,addr,pred,98,98,False,0,,,,,,,,0,,,,,,,
2026-09-09_Mark-Liversedge_Wrist_01__swing_0003,199,addr,ray,98,98,True,0,,,,,,,,0,,,,,,,
2026-09-09_Mark-Liversedge_Wrist_01__swing_0003,200,addr,ray,98,98,True,0,,,,,,,,0,,,,,,,
2026-09-09_Mark-Liversedge_Wrist_01__swing_0003,201,addr,ray,98,98,True,0,,,,,,,,0,,,,,,,
2026-09-09_Mark-Liversedge_Wrist_01__swing_0003,202,addr,ray,98,98,True,0,,,,,,,,0,,,,,,,
2026-09-09_Mark-Liversedge_Wrist_01__swing_0003,203,addr,ray,99,99,True,0,,,,,,,,0,,,,,,,
2026-09-09_Mark-Liversedge_Wrist_01__swing_0003,204,addr,ray,99,99,True,0,,,,,,,,0,,,,,,,
2026-09-09_Mark-Liversedge_Wrist_01__swing_0003,205,addr,ray,99,99,True,0,,,,,,,,0,,,,,,,
2026-09-09_Mark-Liversedge_Wrist_01__swing_0003,206,addr,ray,98,98,True,0,,,,,,,,0,,,,,,,
2026-09-09_Mark-Liversedge_Wrist_01__swing_0003,207,addr,ray,98,98,True,0,,,,,,,,0,,,,,,,
2026-09-09_Mark-Liversedge_Wrist_01__swing_0003,208,addr,ray,98,98,True,0,,,,,,,,0,,,,,,,
2026-09-09_Mark-Liversedge_Wrist_01__swing_0003,209,addr,ray,98,98,True,0,,,,,,,,0,,,,,,,
2026-09-09_Mark-Liversedge_Wrist_01__swing_0003,210,addr,ray,98,98,True,0,,,,,,,,0,,,,,,,
2026-09-09_Mark-Liversedge_Wrist_01__swing_0003,211,addr,ray,98,98,True,0,,,,,,,,0,,,,,,,
2026-09-09_Mark-Liversedge_Wrist_01__swing_0003,212,addr,ray,98,98,True,0,,,,,,,,0,,,,,,,
2026-09-09_Mark-Liversedge_Wrist_01__swing_0003,213,addr,ray,98,98,True,0,,,,,,,,0,,,,,,,
2026-09-09_Mark-Liversedge_Wrist_01__swing_0003,214,back,ray,98,98,True,0,,,,,,,,7,,,,,,,
2026-09-09_Mark-Liversedge_Wrist_01__swing_0003,215,back,seg,98,98,True,1,1,98,0.5090909004211426,196.42857360839844,2,0.6913946866989136,1,9,12,348,2,,,,
2026-09-09_Mark-Liversedge_Wrist_01__swing_0003,216,back,seg,98,98,True,1,1,98,0.49696969985961914,151.5853729248047,2,0.7416413426399231,1,9,34,362,2,,,,
2026-09-09_Mark-Liversedge_Wrist_01__swing_0003,217,back,ray,98,98,True,0,,,,,,,,7,,,,,,,
2026-09-09_Mark-Liversedge_Wrist_01__swing_0003,218,back,seg,98,98,True,1,1,98.5,0.44522473216056824,100.95899200439453,2,0.6572327017784119,3,9,53,370,2,,,,
2026-09-09_Mark-Liversedge_Wrist_01__swing_0003,219,back,ray,98,98,True,0,,,,,,,,7,,,,,,,
2026-09-09_Mark-Liversedge_Wrist_01__swing_0003,220,back,ray,99,99,True,0,,,,,,,,7,,,,,,,
2026-09-09_Mark-Liversedge_Wrist_01__swing_0003,221,back,ray,99,99,True,0,,,,,,,,7,,,,,,,
2026-09-09_Mark-Liversedge_Wrist_01__swing_0003,222,back,ray,99,99,True,0,,,,,,,,7,,,,,,,
2026-09-09_Mark-Liversedge_Wrist_01__swing_0003,223,back,ray,99,99,True,0,,,,,,,,7,,,,,,,
2026-09-09_Mark-Liversedge_Wrist_01__swing_0003,224,back,ray,99,99,True,0,,,,,,,,7,,,,,,,
2026-09-09_Mark-Liversedge_Wrist_01__swing_0003,225,back,ray,99,99,True,0,,,,,,,,7,,,,,,,
2026-09-09_Mark-Liversedge_Wrist_01__swing_0003,226,back,seg,99,99,True,1,1,98.5,0.27760735154151917,135.91160583496094,2,0.6648351550102234,2,9,40,221,1,,,,
2026-09-09_Mark-Liversedge_Wrist_01__swing_0003,227,back,ray,99,99,True,0,,,,,,,,7,,,,,,,
2026-09-09_Mark-Liversedge_Wrist_01__swing_0003,228,back,ray,99,99,True,0,,,,,,,,7,,,,,,,
2026-09-09_Mark-Liversedge_Wrist_01__swing_0003,229,back,ray,100,100,True,0,,,,,,,,7,,,,,,,
2026-09-09_Mark-Liversedge_Wrist_01__swing_0003,230,back,ray,101,101,True,0,,,,,,,,7,,,,,,,
2026-09-09_Mark-Liversedge_Wrist_01__swing_0003,231,back,ray,101,101,True,0,,,,,,,,7,,,,,,,
2026-09-09_Mark-Liversedge_Wrist_01__swing_0003,232,back,ray,102,102,True,0,,,,,,,,7,,,,,,,
2026-09-09_Mark-Liversedge_Wrist_01__swing_0003,233,back,ray,103,103,True,0,,,,,,,,7,,,,,,,
2026-09-09_Mark-Liversedge_Wrist_01__swing_0003,234,back,ray,103,103,True,0,,,,,,,,7,,,,,,,
2026-09-09_Mark-Liversedge_Wrist_01__swing_0003,235,back,ray,103,103,True,0,,,,,,,,7,,,,,,,
2026-09-09_Mark-Liversedge_Wrist_01__swing_0003,236,back,ray,103,103,True,0,,,,,,,,7,,,,,,,
2026-09-09_Mark-Liversedge_Wrist_01__swing_0003,237,back,ray,103,103,True,0,,,,,,,,7,,,,,,,
2026-09-09_Mark-Liversedge_Wrist_01__swing_0003,238,back,ray,103,103,True,0,,,,,,,,7,,,,,,,
2026-09-09_Mark-Liversedge_Wrist_01__swing_0003,239,back,ray,103,103,True,0,,,,,,,,7,,,,,,,
2026-09-09_Mark-Liversedge_Wrist_01__swing_0003,240,back,pred,103,103,True,0,,,,,,,,7,,,,,,,
2026-09-09_Mark-Liversedge_Wrist_01__swing_0003,241,back,ray,104,104,True,0,,,,,,,,7,,,,,,,
2026-09-09_Mark-Liversedge_Wrist_01__swing_0003,242,back,ray,108,108,True,0,,,,,,,,7,,,,,,,
2026-09-09_Mark-Liversedge_Wrist_01__swing_0003,243,back,seg,108,108,True,1,1,107,0.33030304312705994,183.6697235107422,2,0.611872136592865,1,9,12,230,2,,,,
2026-09-09_Mark-Liversedge_Wrist_01__swing_0003,244,back,seg,112,112,True,1,1,113,0.3383333384990692,235.66502380371094,2,0.8774510025978088,1,9,15,218,1,,,,
2026-09-09_Mark-Liversedge_Wrist_01__swing_0003,245,back,ray,114,114,True,0,,,,,,,,4,,,,,,,
2026-09-09_Mark-Liversedge_Wrist_01__swing_0003,246,back,seg,116,116,True,1,1,117,0.17666666209697723,200.7547149658203,2,1,1,9,14,120,1,,,,
2026-09-09_Mark-Liversedge_Wrist_01__swing_0003,247,back,seg,118,118,True,1,1,119,0.3297545909881592,237.544189453125,2,0.8842592835426331,3,9,14,229,1,,,,
2026-09-09_Mark-Liversedge_Wrist_01__swing_0003,248,back,seg,119,119,True,1,1,119.5,0.23926380276679993,217.3076934814453,2,0.8535031676292419,2,9,15,171,1,,,,
2026-09-09_Mark-Liversedge_Wrist_01__swing_0003,249,back,seg,120,120,True,1,1,121,0.2757575809955597,111.20879364013672,2,0.8087431788444519,1,9,30,212,2,,,,
2026-09-09_Mark-Liversedge_Wrist_01__swing_0003,250,back,ray,120,120,True,0,,,,,,,,7,,,,,,,
2026-09-09_Mark-Liversedge_Wrist_01__swing_0003,251,back,seg,122,122,True,2,2,123,0.18939393758773804,103.03999328613281,1,0.850649356842041,3,9,-1,157,0,,,,
2026-09-09_Mark-Liversedge_Wrist_01__swing_0003,252,back,seg,124,124,True,2,2,125,0.18939393758773804,155.83999633789062,1,0.7285714149475098,3,9,-1,147,0,,,,
2026-09-09_Mark-Liversedge_Wrist_01__swing_0003,253,back,ray,126,126,True,0,,,,,,,,7,,,,,,,
2026-09-09_Mark-Liversedge_Wrist_01__swing_0003,254,back,ray,129,129,True,0,,,,,,,,7,,,,,,,
2026-09-09_Mark-Liversedge_Wrist_01__swing_0003,255,back,ray,132,132,True,0,,,,,,,,7,,,,,,,
2026-09-09_Mark-Liversedge_Wrist_01__swing_0003,256,back,seg,135,135,True,1,1,136,0.21488763391971588,-21.986928939819336,2,1,3,9,52,205,2,,,,
2026-09-09_Mark-Liversedge_Wrist_01__swing_0003,257,back,seg,138,138,True,1,1,138.5,0.2078651636838913,13.13513469696045,2,1,3,9,43,191,2,,,,
2026-09-09_Mark-Liversedge_Wrist_01__swing_0003,258,back,ray,141,141,True,0,,,,,,,,4,,,,,,,
2026-09-09_Mark-Liversedge_Wrist_01__swing_0003,259,back,ray,143,143,True,0,,,,,,,,4,,,,,,,
2026-09-09_Mark-Liversedge_Wrist_01__swing_0003,260,back,ray,145,145,True,0,,,,,,,,4,,,,,,,
2026-09-09_Mark-Liversedge_Wrist_01__swing_0003,261,back,ray,147,147,True,0,,,,,,,,4,,,,,,,
2026-09-09_Mark-Liversedge_Wrist_01__swing_0003,262,back,ray,149,149,True,0,,,,,,,,4,,,,,,,
2026-09-09_Mark-Liversedge_Wrist_01__swing_0003,263,back,ray,151,151,True,0,,,,,,,,4,,,,,,,
2026-09-09_Mark-Liversedge_Wrist_01__swing_0003,264,back,ray,153,153,True,0,,,,,,,,4,,,,,,,
2026-09-09_Mark-Liversedge_Wrist_01__swing_0003,265,back,ray,157,157,True,0,,,,,,,,4,,,,,,,
2026-09-09_Mark-Liversedge_Wrist_01__swing_0003,266,back,ray,161,161,True,0,,,,,,,,4,,,,,,,
2026-09-09_Mark-Liversedge_Wrist_01__swing_0003,267,back,seg,164,164,True,2,2,163,0.18939393758773804,134.71998596191406,1,0.9931972622871399,3,9,-1,151,0,,,,
2026-09-09_Mark-Liversedge_Wrist_01__swing_0003,268,back,ray,167,167,True,0,,,,,,,,7,,,,,,,
2026-09-09_Mark-Liversedge_Wrist_01__swing_0003,269,back,ray,170,170,True,0,,,,,,,,7,,,,,,,
2026-09-09_Mark-Liversedge_Wrist_01__swing_0003,270,back,seg,173,173,True,2,2,172.5,0.18939393758773804,155.83999633789062,1,0.9513888955116272,3,9,-1,147,0,,,,
2026-09-09_Mark-Liversedge_Wrist_01__swing_0003,271,back,seg,175,175,True,2,2,175,0.18939393758773804,219.1999969482422,1,0.9465649127960205,3,9,-1,135,0,,,,
2026-09-09_Mark-Liversedge_Wrist_01__swing_0003,272,back,pred,175,175,True,0,,,,,,,,7,,,,,,,
2026-09-09_Mark-Liversedge_Wrist_01__swing_0003,273,back,ray,175,175,True,0,,,,,,,,7,,,,,,,
2026-09-09_Mark-Liversedge_Wrist_01__swing_0003,274,back,pred,180,180,True,0,,,,,,,,1,,,,,,,
2026-09-09_Mark-Liversedge_Wrist_01__swing_0003,275,back,pred,185,185,True,0,,,,,,,,1,,,,,,,
2026-09-09_Mark-Liversedge_Wrist_01__swing_0003,276,back,pred,189,189,True,0,,,,,,,,1,,,,,,,
2026-09-09_Mark-Liversedge_Wrist_01__swing_0003,277,back,pred,193,193,True,0,,,,,,,,1,,,,,,,
2026-09-09_Mark-Liversedge_Wrist_01__swing_0003,278,back,pred,197,197,True,0,,,,,,,,1,,,,,,,
2026-09-09_Mark-Liversedge_Wrist_01__swing_0003,279,back,pred,201,201,True,0,,,,,,,,1,,,,,,,
2026-09-09_Mark-Liversedge_Wrist_01__swing_0003,280,back,seg,205,205,True,1,1,206,0.2560606002807617,91.12425994873047,2,1,1,9,33,202,2,,,,
2026-09-09_Mark-Liversedge_Wrist_01__swing_0003,281,back,seg,209,209,True,1,1,209.5,0.24393939971923828,92.91925811767578,2,1,1,9,31,192,2,,,,
2026-09-09_Mark-Liversedge_Wrist_01__swing_0003,282,back,seg,213,213,True,1,1,214,0.26212120056152344,101.73410034179688,2,1,1,9,31,204,2,,,,
2026-09-09_Mark-Liversedge_Wrist_01__swing_0003,283,back,seg,217,217,True,1,1,218,0.2651515007019043,110.62857055664062,2,1,1,9,29,204,2,,,,
2026-09-09_Mark-Liversedge_Wrist_01__swing_0003,284,back,seg,221,221,True,1,1,222,0.280303031206131,120.10810852050781,2,0.9946236610412598,1,9,28,213,2,,,,
2026-09-09_Mark-Liversedge_Wrist_01__swing_0003,285,back,seg,225,225,True,1,1,225.5,0.2752808928489685,107.38775634765625,2,0.989847719669342,2,9,31,227,2,,,,
2026-09-09_Mark-Liversedge_Wrist_01__swing_0003,286,back,seg,229,229,True,1,1,230,0.2752808928489685,103.7551040649414,2,1,3,9,32,228,2,,,,
2026-09-09_Mark-Liversedge_Wrist_01__swing_0003,287,back,seg,233,233,True,1,1,234,0.2752808928489685,100.12245178222656,2,1,3,9,33,229,2,,,,
2026-09-09_Mark-Liversedge_Wrist_01__swing_0003,288,back,seg,237,237,True,1,1,237,0.27106741070747375,98.25906372070312,2,1,3,9,33,226,2,,,,
2026-09-09_Mark-Liversedge_Wrist_01__swing_0003,289,back,seg,241,241,True,1,1,242,0.26966291666030884,105.04166412353516,2,1,3,9,31,223,2,,,,
2026-09-09_Mark-Liversedge_Wrist_01__swing_0003,290,back,seg,245,245,True,1,1,246,0.25757575035095215,107.4117660522461,2,1,1,9,29,199,2,,,,
2026-09-09_Mark-Liversedge_Wrist_01__swing_0003,291,back,seg,249,249,True,1,1,250,0.2454545497894287,114.0740737915039,2,1,1,9,26,188,2,,,,
2026-09-09_Mark-Liversedge_Wrist_01__swing_0003,292,back,seg,253,253,True,1,1,254,0.20646066963672638,103.7551040649414,2,1,3,9,24,171,2,,,,
2026-09-09_Mark-Liversedge_Wrist_01__swing_0003,293,back,seg,257,257,True,1,1,258,0.1924157291650772,95.27007293701172,2,1,3,9,24,161,2,,,,
2026-09-09_Mark-Liversedge_Wrist_01__swing_0003,294,back,seg,261,261,True,1,1,262,0.17275281250476837,81.07317352294922,2,1,3,9,24,147,2,,,,
2026-09-09_Mark-Liversedge_Wrist_01__swing_0003,295,back,seg,265,265,True,1,1,266,0.15308988094329834,56.69724655151367,2,1,3,9,25,134,2,,,,
2026-09-09_Mark-Liversedge_Wrist_01__swing_0003,296,back,seg,269,269,True,1,1,270,0.13623595237731934,43.835052490234375,2,1,3,9,24,121,2,,,,
2026-09-09_Mark-Liversedge_Wrist_01__swing_0003,297,back,seg,273,273,True,1,1,273,0.12078651785850525,4.744185924530029,2,1,3,9,26,112,2,,,,
2026-09-09_Mark-Liversedge_Wrist_01__swing_0003,298,back,seg,277,277,True,1,1,278,0.13623595237731934,7.134020805358887,2,1,3,9,29,126,2,,,,
2026-09-09_Mark-Liversedge_Wrist_01__swing_0003,299,back,seg,281,281,True,1,1,281.5,0.1488763988018036,18.49056625366211,2,1,3,9,30,136,2,,,,
2026-09-09_Mark-Liversedge_Wrist_01__swing_0003,300,back,ray,285,285,True,0,,,,,,,,1,,,,,,,
2026-09-09_Mark-Liversedge_Wrist_01__swing_0003,301,back,seg,289,289,True,1,1,290,0.12121212482452393,-19.25,2,1,1,9,29,109,2,,,,
2026-09-09_Mark-Liversedge_Wrist_01__swing_0003,302,back,seg,293,293,True,1,1,294,0.1755618005990982,49.119998931884766,2,1,3,9,30,155,2,,,,
2026-09-09_Mark-Liversedge_Wrist_01__swing_0003,303,back,seg,297,297,True,1,1,298,0.1839887648820877,62.38167953491211,2,0.9545454382896423,3,9,29,160,2,,,,
2026-09-09_Mark-Liversedge_Wrist_01__swing_0003,304,back,seg,301,301,True,1,1,302,0.18679775297641754,86.16541290283203,2,0.89552241563797,3,9,25,158,2,,,,
2026-09-09_Mark-Liversedge_Wrist_01__swing_0003,305,back,seg,304,304,True,2,2,305,0.18939393758773804,55.51999282836914,1,0.7730061411857605,3,9,-1,166,0,,,,
2026-09-09_Mark-Liversedge_Wrist_01__swing_0003,306,back,seg,307,307,True,2,2,307,0.18939393758773804,55.51999282836914,1,0.7791411280632019,3,9,-1,166,0,,,,
2026-09-09_Mark-Liversedge_Wrist_01__swing_0003,307,back,seg,309,309,True,2,2,309.5,0.18939393758773804,60.799991607666016,1,0.8395061492919922,3,9,-1,165,0,,,,
2026-09-09_Mark-Liversedge_Wrist_01__swing_0003,308,back,ray,311,311,True,0,,,,,,,,7,,,,,,,
2026-09-09_Mark-Liversedge_Wrist_01__swing_0003,309,back,seg,314,314,True,2,2,315,0.18939393758773804,140.79998779296875,1,0.7870967984199524,1,9,-1,140,0,,,,
2026-09-09_Mark-Liversedge_Wrist_01__swing_0003,310,back,seg,318,318,True,1,1,317,0.14000000059604645,37.14285659790039,2,0.8941176533699036,1,9,34,118,1,,,,
2026-09-09_Mark-Liversedge_Wrist_01__swing_0003,311,back,seg,321,321,True,2,2,322,0.18939393758773804,166.39999389648438,1,0.9295774698257446,3,9,-1,145,0,,,,
2026-09-09_Mark-Liversedge_Wrist_01__swing_0003,312,back,seg,324,324,True,2,2,324,0.18939393758773804,198.07998657226562,1,0.991304337978363,3,9,-1,139,0,,,,
2026-09-09_Mark-Liversedge_Wrist_01__swing_0003,313,back,ray,326,326,True,0,,,,,,,,7,,,,,,,
2026-09-09_Mark-Liversedge_Wrist_01__swing_0003,314,back,ray,328,328,True,0,,,,,,,,7,,,,,,,
2026-09-09_Mark-Liversedge_Wrist_01__swing_0003,315,back,seg,330,330,True,1,1,331,0.341292142868042,184.83950805664062,2,0.881147563457489,3,9,12,255,2,,,,
2026-09-09_Mark-Liversedge_Wrist_01__swing_0003,316,back,ray,332,332,True,0,,,,,,,,7,,,,,,,
2026-09-09_Mark-Liversedge_Wrist_01__swing_0003,317,back,seg,334,334,True,1,1,334.5,0.3426966369152069,187.90164184570312,2,0.8244897723197937,3,9,11,255,2,,,,
2026-09-09_Mark-Liversedge_Wrist_01__swing_0003,318,back,ray,336,336,True,0,,,,,,,,7,,,,,,,
2026-09-09_Mark-Liversedge_Wrist_01__swing_0003,319,back,ray,337,337,True,0,,,,,,,,7,,,,,,,
2026-09-09_Mark-Liversedge_Wrist_01__swing_0003,320,back,seg,338,338,True,1,1,339,0.3089887499809265,177.92727661132812,2,0.8190045356750488,3,9,13,233,2,,,,
2026-09-09_Mark-Liversedge_Wrist_01__swing_0003,321,back,seg,339,339,True,1,1,340,0.2851123511791229,170.89654541015625,2,0.8235294222831726,3,9,14,217,2,,,,
2026-09-09_Mark-Liversedge_Wrist_01__swing_0003,322,back,seg,340,340,True,1,1,339,0.13623595237731934,109.89690399169922,2,0.7653061151504517,3,9,15,112,2,,,,
2026-09-09_Mark-Liversedge_Wrist_01__swing_0003,323,back,seg,341,341,True,1,1,342,0.21488763391971588,131.58169555664062,2,0.9415584206581116,3,9,19,172,2,,,,
2026-09-09_Mark-Liversedge_Wrist_01__swing_0003,324,back,seg,342,342,True,1,1,342.5,0.09242424368858337,25.245901107788086,2,0.8548387289047241,1,9,18,79,2,,,,
2026-09-09_Mark-Liversedge_Wrist_01__swing_0003,325,back,seg,343,343,True,1,1,343,0.12078651785850525,54.41860580444336,2,0.931034505367279,3,9,20,106,2,,,,
2026-09-09_Mark-Liversedge_Wrist_01__swing_0003,326,back,seg,344,344,True,1,1,344,0.1165730357170105,39.85542297363281,2,0.9523809552192688,3,9,21,104,2,,,,
2026-09-09_Mark-Liversedge_Wrist_01__swing_0003,327,back,ray,345,345,True,0,,,,,,,,7,,,,,,,
2026-09-09_Mark-Liversedge_Wrist_01__swing_0003,328,back,seg,346,346,True,1,1,346.5,0.21488763391971588,126.92810821533203,2,0.9415584206581116,2,9,20,173,2,,,,
2026-09-09_Mark-Liversedge_Wrist_01__swing_0003,329,back,seg,346,346,True,1,1,347,0.2078651636838913,128.59458923339844,2,0.8859060406684875,2,9,19,167,2,,,,
2026-09-09_Mark-Liversedge_Wrist_01__swing_0003,330,top,seg,346,346,True,1,1,346.5,0.10393258184194565,37.18918991088867,2,0.9866666793823242,3,9,19,93,2,,,,
2026-09-09_Mark-Liversedge_Wrist_01__swing_0003,331,top,seg,346,346,True,1,1,347,0.10674156993627548,42,2,1,3,9,19,95,2,,,,
2026-09-09_Mark-Liversedge_Wrist_01__swing_0003,332,top,seg,346,346,True,1,1,347,0.10533707588911057,39.62666702270508,2,1,3,9,19,94,2,,,,
2026-09-09_Mark-Liversedge_Wrist_01__swing_0003,333,top,seg,346,346,True,1,1,347,0.10533707588911057,30.133333206176758,2,1,3,9,20,95,2,,,,
2026-09-09_Mark-Liversedge_Wrist_01__swing_0003,334,top,seg,346,346,True,1,1,347,0.10393258184194565,27.567567825317383,2,1,3,9,20,94,2,,,,
2026-09-09_Mark-Liversedge_Wrist_01__swing_0003,335,impact,seg,346,346,True,1,1,347,0.10533707588911057,20.639999389648438,2,1,3,9,21,96,2,,,,
2026-09-09_Mark-Liversedge_Wrist_01__swing_0003,336,impact,seg,345,345,True,1,1,346,0.10533707588911057,1.653333306312561,2,0.8289473652839661,3,9,23,98,2,,,,
2026-09-09_Mark-Liversedge_Wrist_01__swing_0003,337,impact,seg,344,344,True,1,1,344,0.072727270424366,-41.25,2,0.8367347121238708,1,9,19,67,2,,,,
2026-09-09_Mark-Liversedge_Wrist_01__swing_0003,338,impact,seg,343,343,True,1,1,344,0.11235955357551575,24.200000762939453,2,0.8641975522041321,3,9,22,102,2,,,,
2026-09-09_Mark-Liversedge_Wrist_01__swing_0003,339,impact,seg,342,342,True,1,1,343,0.11938202381134033,60.8470573425293,2,0.9418604373931885,3,9,19,104,2,,,,
2026-09-09_Mark-Liversedge_Wrist_01__swing_0003,340,impact,seg,340,340,True,1,1,341,0.12359550595283508,74.36363983154297,2,0.8876404762268066,3,9,18,106,2,,,,
2026-09-09_Mark-Liversedge_Wrist_01__swing_0003,341,impact,seg,338,338,True,1,1,339,0.09848485141992569,27.076923370361328,2,0.8636363744735718,1,9,19,84,2,,,,
2026-09-09_Mark-Liversedge_Wrist_01__swing_0003,342,impact,seg,336,336,True,1,1,337,0.1334269642829895,85.09473419189453,2,0.90625,3,9,18,113,2,,,,
2026-09-09_Mark-Liversedge_Wrist_01__swing_0003,343,impact,seg,333,333,True,1,1,332.5,0.11818181723356247,76.15384674072266,2,0.6582278609275818,1,9,17,95,2,,,,
2026-09-09_Mark-Liversedge_Wrist_01__swing_0003,344,impact,seg,331,331,True,1,1,332,0.12121212482452393,38.5,2,0.7160493731498718,1,9,22,102,2,,,,
2026-09-09_Mark-Liversedge_Wrist_01__swing_0003,345,impact,seg,329,329,True,1,1,330,0.16151686012744904,114.7478256225586,2,0.7844827771186829,3,9,17,132,2,,,,
2026-09-09_Mark-Liversedge_Wrist_01__swing_0003,346,impact,seg,328,328,True,1,1,328.5,0.1657303422689438,45.01694869995117,2,0.8235294222831726,3,9,29,147,2,,,,
2026-09-09_Mark-Liversedge_Wrist_01__swing_0003,347,impact,seg,326,326,True,1,1,327,0.17977528274059296,86.5,2,0.8682170510292053,3,9,24,152,2,,,,
2026-09-09_Mark-Liversedge_Wrist_01__swing_0003,348,impact,seg,326,326,True,2,2,327,0.18939393758773804,103.03999328613281,1,0.7857142686843872,3,9,-1,157,0,,,,
2026-09-09_Mark-Liversedge_Wrist_01__swing_0003,349,impact,seg,319,319,True,2,2,320,0.18939393758773804,55.51999282836914,1,0.9935483932495117,3,9,-1,166,0,,,,
2026-09-09_Mark-Liversedge_Wrist_01__swing_0003,350,impact,seg,313,313,True,1,1,314,0.20646066963672638,103.7551040649414,2,0.8716216087341309,3,9,24,171,2,,,,
2026-09-09_Mark-Liversedge_Wrist_01__swing_0003,351,impact,seg,309,309,True,1,1,310,0.21207864582538605,78.54304504394531,2,0.8157894611358643,3,9,30,181,2,,,,
2026-09-09_Mark-Liversedge_Wrist_01__swing_0003,352,impact,ray,303,303,True,0,,,,,,,,4,,,,,,,
2026-09-09_Mark-Liversedge_Wrist_01__swing_0003,353,impact,ray,295,295,True,0,,,,,,,,4,,,,,,,
2026-09-09_Mark-Liversedge_Wrist_01__swing_0003,354,impact,seg,288,288,True,1,1,289,0.18939393758773804,66.87999725341797,2,0.9841269850730896,1,9,29,154,2,,,,
2026-09-09_Mark-Liversedge_Wrist_01__swing_0003,355,impact,seg,281,281,True,1,1,282,0.1924157291650772,38.10218811035156,2,1,3,9,35,172,2,,,,
2026-09-09_Mark-Liversedge_Wrist_01__swing_0003,356,impact,seg,272,272,True,1,1,272,0.19522471725940704,40.719425201416016,2,1,3,9,35,174,2,,,,
2026-09-09_Mark-Liversedge_Wrist_01__swing_0003,357,impact,seg,262,262,True,1,1,263,0.27247190475463867,40.164947509765625,2,0.9589743614196777,3,9,49,243,2,,,,
2026-09-09_Mark-Liversedge_Wrist_01__swing_0003,358,impact,seg,252,252,True,1,1,253,0.2921348214149475,62.53845977783203,2,0.9425837397575378,3,9,46,254,2,,,,
2026-09-09_Mark-Liversedge_Wrist_01__swing_0003,359,impact,seg,240,240,True,1,1,240.5,0.31179773807525635,59.63964080810547,2,0.8609865307807922,3,9,50,272,2,,,,
2026-09-09_Mark-Liversedge_Wrist_01__swing_0003,360,down,ray,232,232,True,0,,,,,,,,7,,,,,,,
2026-09-09_Mark-Liversedge_Wrist_01__swing_0003,361,down,ray,225,225,True,0,,,,,,,,7,,,,,,,
2026-09-09_Mark-Liversedge_Wrist_01__swing_0003,362,down,ray,214,214,True,0,,,,,,,,4,,,,,,,
2026-09-09_Mark-Liversedge_Wrist_01__swing_0003,363,down,ray,208,208,True,0,,,,,,,,7,,,,,,,
2026-09-09_Mark-Liversedge_Wrist_01__swing_0003,364,down,ray,198,198,True,0,,,,,,,,7,,,,,,,
2026-09-09_Mark-Liversedge_Wrist_01__swing_0003,365,down,ray,187,187,True,0,,,,,,,,7,,,,,,,
2026-09-09_Mark-Liversedge_Wrist_01__swing_0003,366,down,seg,176,176,True,2,2,175,0.18939393758773804,19.3599910736084,1,0.6603773832321167,1,9,-1,163,0,,,,
2026-09-09_Mark-Liversedge_Wrist_01__swing_0003,367,down,seg,163,163,True,1,1,164,0.21067415177822113,44.37333297729492,2,0.8807947039604187,3,9,37,187,2,,,,
2026-09-09_Mark-Liversedge_Wrist_01__swing_0003,368,down,seg,151,151,True,1,1,152,0.22331461310386658,49.83647918701172,2,0.8374999761581421,3,9,38,197,2,,,,
2026-09-09_Mark-Liversedge_Wrist_01__swing_0003,369,down,ray,137,137,True,0,,,,,,,,4,,,,,,,
2026-09-09_Mark-Liversedge_Wrist_01__swing_0003,370,down,ray,126.47986420084885,126,True,0,,,,,,,,1,,,,,,,
2026-09-09_Mark-Liversedge_Wrist_01__swing_0003,371,down,ray,122.05037381912501,121,True,0,,,,,,,,7,,,,,,,
2026-09-09_Mark-Liversedge_Wrist_01__swing_0003,372,down,ray,117.46976198002619,119,True,0,,,,,,,,2,,,,,,,
2026-09-09_Mark-Liversedge_Wrist_01__swing_0003,373,down,ray,101,101,True,0,,,,,,,,1,,,,,,,
2026-09-09_Mark-Liversedge_Wrist_01__swing_0003,374,down,wedge,93,93,True,0,,,,,,,,1,,,,,,,
2026-09-09_Mark-Liversedge_Wrist_01__swing_0003,375,down,ray,86.99999999999994,87,True,0,,,,,,,,7,,,,,,,
2026-09-09_Mark-Liversedge_Wrist_01__swing_0003,376,down,pred,66.00000000000006,66,True,0,,,,,,,,7,,,,,,,
2026-09-09_Mark-Liversedge_Wrist_01__swing_0003,377,down,ray,55.09062491896691,52,True,0,,,,,,,,1,,,,,,,
2026-09-09_Mark-Liversedge_Wrist_01__swing_0003,378,down,wedge,50.693810157166354,51,True,0,,,,,,,,1,,,,,,,
2026-09-09_Mark-Liversedge_Wrist_01__swing_0003,379,down,ray,46.21556492386685,49,True,0,,,,,,,,1,,,,,,,
2026-09-09_Mark-Liversedge_Wrist_01__swing_0003,380,down,wedge,35.107768753905304,35,True,0,,,,,,,,1,,,,,,,
2026-09-09_Mark-Liversedge_Wrist_01__swing_0003,381,down,ray,30.144039744304905,30,True,0,,,,,,,,4,,,,,,,
2026-09-09_Mark-Liversedge_Wrist_01__swing_0003,382,down,ray,24.874769749958205,22,True,0,,,,,,,,1,,,,,,,
2026-09-09_Mark-Liversedge_Wrist_01__swing_0003,383,down,ray,19.353173087209825,17,True,0,,,,,,,,1,,,,,,,
2026-09-09_Mark-Liversedge_Wrist_01__swing_0003,384,down,ray,13.675317415047346,13,True,0,,,,,,,,1,,,,,,,
2026-09-09_Mark-Liversedge_Wrist_01__swing_0003,385,thru,wedge,8,8,True,0,,,,,,,,1,,,,,,,
2026-09-09_Mark-Liversedge_Wrist_01__swing_0003,386,thru,ray,3,3,True,0,,,,,,,,1,,,,,,,
2026-09-09_Mark-Liversedge_Wrist_01__swing_0003,387,thru,ray,356,356,True,0,,,,,,,,1,,,,,,,
2026-09-09_Mark-Liversedge_Wrist_01__swing_0003,388,thru,wedge,347,347,True,0,,,,,,,,7,,,,,,,
2026-09-09_Mark-Liversedge_Wrist_01__swing_0003,389,thru,ray,333,333,True,0,,,,,,,,1,,,,,,,
2026-09-09_Mark-Liversedge_Wrist_01__swing_0003,390,thru,ray,322,322,True,0,,,,,,,,1,,,,,,,
2026-09-09_Mark-Liversedge_Wrist_01__swing_0003,391,thru,ray,311,311,True,0,,,,,,,,1,,,,,,,
2026-09-09_Mark-Liversedge_Wrist_01__swing_0003,392,thru,ray,304,304,True,0,,,,,,,,1,,,,,,,
2026-09-09_Mark-Liversedge_Wrist_01__swing_0003,393,thru,ray,299,299,True,0,,,,,,,,4,,,,,,,
2026-09-09_Mark-Liversedge_Wrist_01__swing_0003,394,thru,ray,294,294,True,0,,,,,,,,7,,,,,,,
2026-09-09_Mark-Liversedge_Wrist_01__swing_0003,395,thru,seg,288,288,True,2,2,289,0.18939393758773804,224.47999572753906,1,1,3,9,-1,134,0,,,,
2026-09-09_Mark-Liversedge_Wrist_01__swing_0003,396,thru,seg,283,283,True,2,2,284,0.18939393758773804,87.19998931884766,1,1,3,9,-1,160,0,,,,
2026-09-09_Mark-Liversedge_Wrist_01__swing_0003,397,thru,seg,276,276,True,2,2,276,0.18939393758773804,213.9199981689453,1,1,3,9,-1,136,0,,,,
2026-09-09_Mark-Liversedge_Wrist_01__swing_0003,398,thru,ray,270,270,True,0,,,,,,,,1,,,,,,,
2026-09-09_Mark-Liversedge_Wrist_01__swing_0003,399,thru,seg,265,265,True,2,2,264,0.18939393758773804,29.919992446899414,1,0.7307692170143127,1,9,-1,161,0,,,,
2026-09-09_Mark-Liversedge_Wrist_01__swing_0003,400,thru,seg,260,260,True,1,1,260.5,0.18636363744735718,150.243896484375,2,0.7983871102333069,1,9,13,136,2,,,,
2026-09-09_Mark-Liversedge_Wrist_01__swing_0003,401,thru,ray,254,254,True,0,,,,,,,,2,,,,,,,
2026-09-09_Mark-Liversedge_Wrist_01__swing_0003,402,thru,ray,247,247,True,0,,,,,,,,4,,,,,,,
2026-09-09_Mark-Liversedge_Wrist_01__swing_0003,403,thru,ray,247,247,True,0,,,,,,,,7,,,,,,,
2026-09-09_Mark-Liversedge_Wrist_01__swing_0003,404,thru,ray,247,247,True,0,,,,,,,,1,,,,,,,
2026-09-09_Mark-Liversedge_Wrist_01__swing_0003,405,thru,ray,244,244,True,0,,,,,,,,1,,,,,,,
2026-09-09_Mark-Liversedge_Wrist_01__swing_0003,406,thru,ray,243,243,True,0,,,,,,,,1,,,,,,,
2026-09-09_Mark-Liversedge_Wrist_01__swing_0003,407,thru,ray,241,241,True,0,,,,,,,,4,,,,,,,
2026-09-09_Mark-Liversedge_Wrist_01__swing_0003,408,thru,ray,236,236,True,0,,,,,,,,4,,,,,,,
2026-09-09_Mark-Liversedge_Wrist_01__swing_0003,409,thru,ray,234,234,True,0,,,,,,,,1,,,,,,,
2026-09-09_Mark-Liversedge_Wrist_01__swing_0003,410,thru,ray,234,234,True,0,,,,,,,,1,,,,,,,
2026-09-09_Mark-Liversedge_Wrist_01__swing_0003,411,thru,ray,232,232,True,0,,,,,,,,4,,,,,,,
2026-09-09_Mark-Liversedge_Wrist_01__swing_0003,412,thru,seg,228,228,True,1,1,227.5,0.2261236011981964,113.86335754394531,2,0.6913580298423767,3,9,24,185,2,,,,
2026-09-09_Mark-Liversedge_Wrist_01__swing_0003,413,thru,seg,226,226,True,2,2,226.5,0.18939393758773804,34.39999008178711,1,0.7666666507720947,3,9,-1,170,0,,,,
2026-09-09_Mark-Liversedge_Wrist_01__swing_0003,414,thru,ray,223,223,True,0,,,,,,,,4,,,,,,,
2026-09-09_Mark-Liversedge_Wrist_01__swing_0003,415,thru,ray,221,221,True,0,,,,,,,,1,,,,,,,
2026-09-09_Mark-Liversedge_Wrist_01__swing_0003,416,thru,ray,219,219,True,0,,,,,,,,1,,,,,,,
2026-09-09_Mark-Liversedge_Wrist_01__swing_0003,417,thru,ray,219,219,True,0,,,,,,,,1,,,,,,,
2026-09-09_Mark-Liversedge_Wrist_01__swing_0003,418,thru,wedge,219,219,True,0,,,,,,,,1,,,,,,,
2026-09-09_Mark-Liversedge_Wrist_01__swing_0003,419,thru,wedge,219,219,True,0,,,,,,,,1,,,,,,,
2026-09-09_Mark-Liversedge_Wrist_01__swing_0003,420,thru,pred,210,210,True,0,,,,,,,,1,,,,,,,
2026-09-09_Mark-Liversedge_Wrist_01__swing_0003,421,thru,pred,209,209,True,0,,,,,,,,1,,,,,,,
2026-09-09_Mark-Liversedge_Wrist_01__swing_0003,422,thru,pred,202,202,True,0,,,,,,,,1,,,,,,,
2026-09-09_Mark-Liversedge_Wrist_01__swing_0003,423,thru,ray,195,195,True,0,,,,,,,,1,,,,,,,
2026-09-09_Mark-Liversedge_Wrist_01__swing_0003,424,thru,seg,193,193,True,1,1,194,0.15449437499046326,142.3272705078125,2,0.8828828930854797,3,9,12,122,2,,,,
2026-09-09_Mark-Liversedge_Wrist_01__swing_0003,425,thru,seg,191,191,True,1,1,190,0.15308988094329834,141.61468505859375,2,0.8454545736312866,3,9,12,121,2,,,,
2026-09-09_Mark-Liversedge_Wrist_01__swing_0003,426,finish,ray,188,188,True,0,,,,,,,,7,,,,,,,
2026-09-09_Mark-Liversedge_Wrist_01__swing_0003,427,finish,ray,185,185,True,0,,,,,,,,7,,,,,,,
2026-09-09_Mark-Liversedge_Wrist_01__swing_0003,428,finish,seg,182,182,True,1,1,183,0.1502808928489685,146.80374145507812,2,0.8518518805503845,3,9,11,118,2,,,,
2026-09-09_Mark-Liversedge_Wrist_01__swing_0003,429,finish,ray,179,179,True,0,,,,,,,,7,,,,,,,
2026-09-09_Mark-Liversedge_Wrist_01__swing_0003,430,finish,seg,176,176,True,1,1,176,0.16411042213439941,212.9719696044922,2,0.8611111044883728,3,9,11,118,1,,,,
2026-09-09_Mark-Liversedge_Wrist_01__swing_0003,431,finish,seg,173,173,True,1,1,173,0.1610429435968399,211.6952362060547,2,0.8867924809455872,3,9,11,116,1,,,,
2026-09-09_Mark-Liversedge_Wrist_01__swing_0003,432,finish,seg,165,165,True,1,1,165,0.12359550595283508,-14.636363983154297,2,0.8764045238494873,3,9,29,117,2,,,,
2026-09-09_Mark-Liversedge_Wrist_01__swing_0003,433,finish,seg,160,160,True,1,1,160.5,0.12078651785850525,21.302326202392578,2,0.8965517282485962,3,9,24,110,2,,,,
2026-09-09_Mark-Liversedge_Wrist_01__swing_0003,434,finish,seg,155,155,True,1,1,154.5,0.12575757503509521,76.86746978759766,2,0.988095223903656,1,9,18,101,2,,,,
2026-09-09_Mark-Liversedge_Wrist_01__swing_0003,435,finish,seg,150,150,True,2,2,149,0.18939393758773804,14.079991340637207,1,0.613095223903656,1,9,-1,164,0,,,,
2026-09-09_Mark-Liversedge_Wrist_01__swing_0003,436,finish,ray,144,144,True,0,,,,,,,,7,,,,,,,
2026-09-09_Mark-Liversedge_Wrist_01__swing_0003,437,finish,seg,138,138,True,2,2,137,0.18939393758773804,72.15999603271484,1,0.612500011920929,1,9,-1,153,0,,,,
2026-09-09_Mark-Liversedge_Wrist_01__swing_0003,438,finish,ray,132,132,True,0,,,,,,,,7,,,,,,,
2026-09-09_Mark-Liversedge_Wrist_01__swing_0003,439,finish,ray,126,126,True,0,,,,,,,,7,,,,,,,
2026-09-09_Mark-Liversedge_Wrist_01__swing_0003,440,finish,pred,126,126,True,0,,,,,,,,1,,,,,,,
2026-09-09_Mark-Liversedge_Wrist_01__swing_0003,441,finish,pred,126,126,False,0,,,,,,,,1,,,,,,,
2026-09-09_Mark-Liversedge_Wrist_01__swing_0003,442,finish,pred,126,126,False,0,,,,,,,,1,,,,,,,
2026-09-09_Mark-Liversedge_Wrist_01__swing_0003,443,finish,pred,126,126,False,0,,,,,,,,1,,,,,,,
2026-09-09_Mark-Liversedge_Wrist_01__swing_0003,444,finish,pred,126,126,False,0,,,,,,,,1,,,,,,,
2026-09-09_Mark-Liversedge_Wrist_01__swing_0003,445,finish,pred,126,126,False,0,,,,,,,,1,,,,,,,
2026-09-09_Mark-Liversedge_Wrist_01__swing_0003,446,finish,pred,126,126,False,0,,,,,,,,1,,,,,,,
2026-09-09_Mark-Liversedge_Wrist_01__swing_0003,447,finish,pred,126,126,False,0,,,,,,,,1,,,,,,,
2026-09-09_Mark-Liversedge_Wrist_01__swing_0003,448,finish,pred,126,126,False,0,,,,,,,,1,,,,,,,
2026-09-09_Mark-Liversedge_Wrist_01__swing_0003,449,finish,pred,126,126,False,0,,,,,,,,1,,,,,,,
2026-09-09_Mark-Liversedge_Wrist_01__swing_0003,450,finish,pred,126,126,False,0,,,,,,,,1,,,,,,,
2026-09-09_Mark-Liversedge_Wrist_01__swing_0003,451,finish,pred,126,126,False,0,,,,,,,,1,,,,,,,
2026-09-09_Mark-Liversedge_Wrist_01__swing_0003,452,finish,pred,126,126,False,0,,,,,,,,1,,,,,,,
2026-09-09_Mark-Liversedge_Wrist_01__swing_0003,453,finish,pred,126,126,False,0,,,,,,,,1,,,,,,,
2026-09-09_Mark-Liversedge_Wrist_01__swing_0003,454,finish,pred,126,126,False,0,,,,,,,,1,,,,,,,
2026-09-09_Mark-Liversedge_Wrist_01__swing_0003,455,finish,pred,126,126,False,0,,,,,,,,1,,,,,,,
2026-09-09_Mark-Liversedge_Wrist_01__swing_0003,456,finish,pred,126,126,False,0,,,,,,,,1,,,,,,,
2026-09-09_Mark-Liversedge_Wrist_01__swing_0003,457,finish,pred,126,126,False,0,,,,,,,,1,,,,,,,
2026-09-09_Mark-Liversedge_Wrist_01__swing_0003,458,finish,pred,126,126,False,0,,,,,,,,1,,,,,,,
2026-09-09_Mark-Liversedge_Wrist_01__swing_0003,459,finish,pred,126,126,False,0,,,,,,,,1,,,,,,,
2026-09-09_Mark-Liversedge_Wrist_01__swing_0003,460,finish,pred,126,126,False,0,,,,,,,,1,,,,,,,
2026-09-09_Mark-Liversedge_Wrist_01__swing_0003,461,finish,pred,126,126,False,0,,,,,,,,1,,,,,,,
2026-09-09_Mark-Liversedge_Wrist_01__swing_0003,462,finish,pred,126,126,False,0,,,,,,,,1,,,,,,,
2026-09-09_Mark-Liversedge_Wrist_01__swing_0003,463,finish,pred,126,126,False,0,,,,,,,,1,,,,,,,
2026-09-09_Mark-Liversedge_Wrist_01__swing_0003,464,finish,pred,126,126,False,0,,,,,,,,1,,,,,,,
2026-09-09_Mark-Liversedge_Wrist_01__swing_0003,465,finish,pred,126,126,False,0,,,,,,,,1,,,,,,,
2026-09-09_Mark-Liversedge_Wrist_01__swing_0003,466,finish,pred,126,126,False,0,,,,,,,,1,,,,,,,
2026-09-09_Mark-Liversedge_Wrist_01__swing_0003,467,finish,pred,126,126,False,0,,,,,,,,1,,,,,,,
2026-09-09_Mark-Liversedge_Wrist_01__swing_0003,468,finish,pred,126,126,False,0,,,,,,,,1,,,,,,,
2026-09-09_Mark-Liversedge_Wrist_01__swing_0003,469,finish,pred,126,126,False,0,,,,,,,,1,,,,,,,
2026-09-09_Mark-Liversedge_Wrist_01__swing_0003,470,finish,pred,126,126,False,0,,,,,,,,1,,,,,,,
2026-09-09_Mark-Liversedge_Wrist_01__swing_0003,471,finish,pred,126,126,False,0,,,,,,,,1,,,,,,,
2026-09-09_Mark-Liversedge_Wrist_01__swing_0003,472,finish,pred,126,126,False,0,,,,,,,,1,,,,,,,
2026-09-09_Mark-Liversedge_Wrist_01__swing_0003,473,finish,pred,126,126,False,0,,,,,,,,1,,,,,,,
2026-09-09_Mark-Liversedge_Wrist_01__swing_0003,474,finish,pred,126,126,False,0,,,,,,,,1,,,,,,,
2026-09-09_Mark-Liversedge_Wrist_01__swing_0003,475,finish,pred,126,126,False,0,,,,,,,,1,,,,,,,
2026-09-09_Mark-Liversedge_Wrist_01__swing_0003,476,finish,pred,126,126,False,0,,,,,,,,1,,,,,,,
2026-09-09_Mark-Liversedge_Wrist_01__swing_0003,477,finish,pred,126,126,False,0,,,,,,,,1,,,,,,,
2026-09-09_Mark-Liversedge_Wrist_01__swing_0003,478,finish,pred,126,126,False,0,,,,,,,,1,,,,,,,
2026-09-09_Mark-Liversedge_Wrist_01__swing_0003,479,finish,pred,126,126,False,0,,,,,,,,1,,,,,,,
2026-09-09_Mark-Liversedge_Wrist_01__swing_0003,480,finish,pred,126,126,False,0,,,,,,,,1,,,,,,,
2026-09-09_Mark-Liversedge_Wrist_01__swing_0003,481,finish,pred,126,126,False,0,,,,,,,,1,,,,,,,
2026-09-09_Mark-Liversedge_Wrist_01__swing_0003,482,finish,pred,126,126,False,0,,,,,,,,1,,,,,,,
2026-09-09_Mark-Liversedge_Wrist_01__swing_0003,483,finish,pred,126,126,False,0,,,,,,,,1,,,,,,,
2026-09-09_Mark-Liversedge_Wrist_01__swing_0003,484,finish,pred,126,126,False,0,,,,,,,,1,,,,,,,
2026-09-09_Mark-Liversedge_Wrist_01__swing_0003,485,finish,pred,126,126,False,0,,,,,,,,1,,,,,,,
2026-09-09_Mark-Liversedge_Wrist_01__swing_0003,486,finish,pred,126,126,False,0,,,,,,,,1,,,,,,,
2026-09-09_Mark-Liversedge_Wrist_01__swing_0003,487,finish,pred,126,126,False,0,,,,,,,,1,,,,,,,
2026-09-09_Mark-Liversedge_Wrist_01__swing_0003,488,finish,pred,126,126,False,0,,,,,,,,1,,,,,,,
2026-09-09_Mark-Liversedge_Wrist_01__swing_0003,489,finish,pred,126,126,False,0,,,,,,,,1,,,,,,,
2026-09-09_Mark-Liversedge_Wrist_01__swing_0003,490,finish,pred,126,126,False,0,,,,,,,,1,,,,,,,
2026-09-09_Mark-Liversedge_Wrist_01__swing_0003,491,finish,pred,126,126,False,0,,,,,,,,1,,,,,,,
2026-09-09_Mark-Liversedge_Wrist_01__swing_0003,492,finish,pred,126,126,False,0,,,,,,,,1,,,,,,,
2026-09-09_Mark-Liversedge_Wrist_01__swing_0003,493,finish,pred,126,126,False,0,,,,,,,,1,,,,,,,
2026-09-09_Mark-Liversedge_Wrist_01__swing_0003,494,finish,pred,126,126,False,0,,,,,,,,1,,,,,,,
2026-09-09_Mark-Liversedge_Wrist_01__swing_0003,495,finish,pred,126,126,False,0,,,,,,,,1,,,,,,,
2026-09-09_Mark-Liversedge_Wrist_01__swing_0003,496,finish,pred,126,126,False,0,,,,,,,,1,,,,,,,
2026-09-09_Mark-Liversedge_Wrist_01__swing_0003,497,finish,pred,126,126,False,0,,,,,,,,1,,,,,,,
2026-09-09_Mark-Liversedge_Wrist_01__swing_0003,498,finish,pred,126,126,False,0,,,,,,,,1,,,,,,,
2026-09-09_Mark-Liversedge_Wrist_01__swing_0003,499,finish,pred,126,126,False,0,,,,,,,,1,,,,,,,
2026-09-09_Mark-Liversedge_Wrist_01__swing_0003,500,finish,pred,126,126,False,0,,,,,,,,1,,,,,,,
2026-09-09_Mark-Liversedge_Wrist_01__swing_0003,501,finish,pred,126,126,False,0,,,,,,,,1,,,,,,,
2026-09-09_Mark-Liversedge_Wrist_01__swing_0003,502,finish,pred,126,126,False,0,,,,,,,,1,,,,,,,
2026-09-09_Mark-Liversedge_Wrist_01__swing_0003,503,finish,pred,126,126,False,0,,,,,,,,1,,,,,,,
2026-09-09_Mark-Liversedge_Wrist_01__swing_0003,504,finish,pred,126,126,False,0,,,,,,,,1,,,,,,,
2026-09-09_Mark-Liversedge_Wrist_01__swing_0003,505,finish,pred,126,126,False,0,,,,,,,,1,,,,,,,
2026-09-09_Mark-Liversedge_Wrist_01__swing_0003,506,finish,pred,126,126,False,0,,,,,,,,1,,,,,,,
2026-09-09_Mark-Liversedge_Wrist_01__swing_0003,507,finish,pred,126,126,False,0,,,,,,,,7,,,,,,,
2026-09-09_Mark-Liversedge_Wrist_01__swing_0003,508,finish,pred,126,126,False,0,,,,,,,,7,,,,,,,
2026-09-09_Mark-Liversedge_Wrist_01__swing_0003,509,finish,pred,126,126,False,0,,,,,,,,1,,,,,,,
2026-09-09_Mark-Liversedge_Wrist_01__swing_0003,510,finish,pred,126,126,False,0,,,,,,,,2,,,,,,,
2026-09-09_Mark-Liversedge_Wrist_01__swing_0003,511,finish,pred,126,126,False,0,,,,,,,,2,,,,,,,
2026-09-09_Mark-Liversedge_Wrist_01__swing_0003,512,finish,pred,126,126,False,0,,,,,,,,1,,,,,,,
2026-09-09_Mark-Liversedge_Wrist_01__swing_0003,513,finish,pred,126,126,False,0,,,,,,,,1,,,,,,,
2026-09-09_Mark-Liversedge_Wrist_01__swing_0003,514,finish,pred,126,126,False,0,,,,,,,,1,,,,,,,
2026-09-09_Mark-Liversedge_Wrist_01__swing_0003,515,finish,pred,126,126,False,0,,,,,,,,1,,,,,,,
2026-09-09_Mark-Liversedge_Wrist_01__swing_0003,516,finish,pred,126,126,False,0,,,,,,,,1,,,,,,,
2026-09-09_Mark-Liversedge_Wrist_01__swing_0003,517,finish,pred,126,126,False,0,,,,,,,,1,,,,,,,
2026-09-09_Mark-Liversedge_Wrist_01__swing_0003,518,finish,pred,126,126,False,0,,,,,,,,1,,,,,,,
2026-09-09_Mark-Liversedge_Wrist_01__swing_0003,519,finish,pred,126,126,False,0,,,,,,,,1,,,,,,,
2026-09-09_Mark-Liversedge_Wrist_01__swing_0003,520,finish,pred,126,126,False,0,,,,,,,,1,,,,,,,
2026-09-09_Mark-Liversedge_Wrist_01__swing_0003,521,finish,pred,126,126,False,0,,,,,,,,1,,,,,,,
2026-09-09_Mark-Liversedge_Wrist_01__swing_0003,522,finish,pred,126,126,False,0,,,,,,,,1,,,,,,,
2026-09-09_Mark-Liversedge_Wrist_01__swing_0003,523,finish,pred,126,126,False,0,,,,,,,,1,,,,,,,
2026-09-09_Mark-Liversedge_Wrist_01__swing_0003,524,finish,pred,126,126,False,0,,,,,,,,1,,,,,,,
2026-09-09_Mark-Liversedge_Wrist_01__swing_0003,525,finish,pred,126,126,False,0,,,,,,,,1,,,,,,,
2026-09-09_Mark-Liversedge_Wrist_01__swing_0003,526,finish,pred,126,126,False,0,,,,,,,,1,,,,,,,
2026-09-09_Mark-Liversedge_Wrist_01__swing_0003,527,finish,pred,126,126,False,0,,,,,,,,1,,,,,,,
2026-09-09_Mark-Liversedge_Wrist_01__swing_0003,528,finish,pred,126,126,False,0,,,,,,,,1,,,,,,,
2026-09-09_Mark-Liversedge_Wrist_01__swing_0003,529,finish,pred,126,126,False,0,,,,,,,,1,,,,,,,
2026-09-09_Mark-Liversedge_Wrist_01__swing_0003,530,finish,pred,126,126,False,0,,,,,,,,7,,,,,,,
2026-09-09_Mark-Liversedge_Wrist_01__swing_0003,531,finish,pred,126,126,False,0,,,,,,,,5,,,,,,,
2026-09-09_Mark-Liversedge_Wrist_01__swing_0003,532,finish,pred,126,126,False,0,,,,,,,,1,,,,,,,
2026-09-09_Mark-Liversedge_Wrist_01__swing_0003,533,finish,pred,126,126,False,0,,,,,,,,1,,,,,,,
2026-09-09_Mark-Liversedge_Wrist_01__swing_0003,534,finish,pred,126,126,False,0,,,,,,,,1,,,,,,,
2026-09-09_Mark-Liversedge_Wrist_01__swing_0003,535,finish,pred,126,126,False,0,,,,,,,,1,,,,,,,
2026-09-09_Mark-Liversedge_Wrist_01__swing_0003,536,finish,pred,126,126,False,0,,,,,,,,1,,,,,,,
2026-09-09_Mark-Liversedge_Wrist_01__swing_0003,537,finish,pred,126,126,False,0,,,,,,,,1,,,,,,,
2026-09-09_Mark-Liversedge_Wrist_01__swing_0003,538,finish,pred,126,126,False,0,,,,,,,,1,,,,,,,
2026-09-09_Mark-Liversedge_Wrist_01__swing_0003,539,finish,pred,126,126,False,0,,,,,,,,1,,,,,,,
2026-09-09_Mark-Liversedge_Wrist_01__swing_0003,540,finish,pred,126,126,False,0,,,,,,,,1,,,,,,,
2026-09-09_Mark-Liversedge_Wrist_01__swing_0003,541,finish,pred,126,126,False,0,,,,,,,,1,,,,,,,
2026-09-09_Mark-Liversedge_Wrist_01__swing_0003,542,finish,pred,126,126,False,0,,,,,,,,1,,,,,,,
2026-09-09_Mark-Liversedge_Wrist_01__swing_0003,543,finish,pred,126,126,False,0,,,,,,,,2,,,,,,,
2026-09-09_Mark-Liversedge_Wrist_01__swing_0003,544,finish,pred,126,126,False,0,,,,,,,,1,,,,,,,
2026-09-09_Mark-Liversedge_Wrist_01__swing_0003,545,finish,pred,126,126,False,0,,,,,,,,1,,,,,,,
2026-09-09_Mark-Liversedge_Wrist_01__swing_0003,546,finish,pred,126,126,False,0,,,,,,,,1,,,,,,,
2026-09-09_Mark-Liversedge_Wrist_01__swing_0003,547,finish,pred,126,126,False,0,,,,,,,,1,,,,,,,
2026-09-09_Mark-Liversedge_Wrist_01__swing_0003,548,finish,pred,126,126,False,0,,,,,,,,1,,,,,,,
2026-09-09_Mark-Liversedge_Wrist_01__swing_0003,549,finish,pred,126,126,False,0,,,,,,,,4,,,,,,,
2026-09-09_Mark-Liversedge_Wrist_01__swing_0003,550,finish,pred,126,126,False,0,,,,,,,,1,,,,,,,
2026-09-09_Mark-Liversedge_Wrist_01__swing_0003,551,finish,pred,126,126,False,0,,,,,,,,1,,,,,,,
2026-09-09_Mark-Liversedge_Wrist_01__swing_0003,552,finish,pred,126,126,False,0,,,,,,,,1,,,,,,,
2026-09-09_Mark-Liversedge_Wrist_01__swing_0003,553,finish,pred,126,126,False,0,,,,,,,,1,,,,,,,
2026-09-09_Mark-Liversedge_Wrist_01__swing_0003,554,finish,pred,126,126,False,0,,,,,,,,1,,,,,,,
2026-09-09_Mark-Liversedge_Wrist_01__swing_0003,555,finish,pred,126,126,False,0,,,,,,,,2,,,,,,,
2026-09-09_Mark-Liversedge_Wrist_01__swing_0003,556,finish,pred,126,126,False,0,,,,,,,,1,,,,,,,
2026-09-09_Mark-Liversedge_Wrist_01__swing_0003,557,finish,pred,126,126,False,0,,,,,,,,1,,,,,,,
2026-09-09_Mark-Liversedge_Wrist_01__swing_0003,558,finish,pred,126,126,False,0,,,,,,,,1,,,,,,,
2026-09-09_Mark-Liversedge_Wrist_01__swing_0003,559,finish,pred,126,126,False,0,,,,,,,,1,,,,,,,
2026-09-09_Mark-Liversedge_Wrist_01__swing_0003,560,finish,pred,126,126,False,0,,,,,,,,1,,,,,,,
2026-09-09_Mark-Liversedge_Wrist_01__swing_0003,561,finish,pred,126,126,False,0,,,,,,,,1,,,,,,,
2026-09-09_Mark-Liversedge_Wrist_01__swing_0003,562,finish,pred,126,126,False,0,,,,,,,,1,,,,,,,
2026-09-09_Mark-Liversedge_Wrist_01__swing_0003,563,finish,pred,126,126,False,0,,,,,,,,1,,,,,,,
2026-09-09_Mark-Liversedge_Wrist_01__swing_0003,564,finish,pred,126,126,False,0,,,,,,,,1,,,,,,,
2026-09-09_Mark-Liversedge_Wrist_01__swing_0003,565,finish,pred,126,126,False,0,,,,,,,,1,,,,,,,
2026-09-09_Mark-Liversedge_Wrist_01__swing_0003,566,finish,pred,126,126,False,0,,,,,,,,1,,,,,,,
2026-09-09_Mark-Liversedge_Wrist_01__swing_0003,567,finish,pred,126,126,False,0,,,,,,,,1,,,,,,,
2026-09-09_Mark-Liversedge_Wrist_01__swing_0003,568,finish,pred,126,126,False,0,,,,,,,,1,,,,,,,
2026-09-09_Mark-Liversedge_Wrist_01__swing_0003,569,finish,pred,126,126,False,0,,,,,,,,1,,,,,,,
2026-09-09_Mark-Liversedge_Wrist_01__swing_0003,570,finish,pred,126,126,False,0,,,,,,,,1,,,,,,,
2026-09-09_Mark-Liversedge_Wrist_01__swing_0003,571,finish,pred,126,126,False,0,,,,,,,,1,,,,,,,
2026-09-09_Mark-Liversedge_Wrist_01__swing_0003,572,finish,pred,126,126,False,0,,,,,,,,1,,,,,,,
2026-09-09_Mark-Liversedge_Wrist_01__swing_0003,573,finish,pred,126,126,False,0,,,,,,,,1,,,,,,,
2026-09-09_Mark-Liversedge_Wrist_01__swing_0003,574,finish,pred,126,126,False,0,,,,,,,,1,,,,,,,
2026-09-09_Mark-Liversedge_Wrist_01__swing_0003,575,finish,pred,126,126,False,0,,,,,,,,1,,,,,,,
2026-09-09_Mark-Liversedge_Wrist_01__swing_0003,576,finish,pred,126,126,False,0,,,,,,,,1,,,,,,,
2026-09-09_Mark-Liversedge_Wrist_01__swing_0003,577,finish,pred,126,126,False,0,,,,,,,,1,,,,,,,
2026-09-09_Mark-Liversedge_Wrist_01__swing_0003,578,finish,pred,126,126,False,0,,,,,,,,1,,,,,,,
2026-09-09_Mark-Liversedge_Wrist_01__swing_0003,579,finish,pred,126,126,False,0,,,,,,,,1,,,,,,,
2026-09-09_Mark-Liversedge_Wrist_01__swing_0003,580,finish,pred,126,126,False,0,,,,,,,,1,,,,,,,
2026-09-09_Mark-Liversedge_Wrist_01__swing_0003,581,finish,pred,126,126,False,0,,,,,,,,1,,,,,,,
2026-09-09_Mark-Liversedge_Wrist_01__swing_0003,582,finish,pred,126,126,False,0,,,,,,,,1,,,,,,,
2026-09-09_Mark-Liversedge_Wrist_01__swing_0003,583,finish,pred,126,126,False,0,,,,,,,,1,,,,,,,
2026-09-09_Mark-Liversedge_Wrist_01__swing_0003,584,finish,pred,126,126,False,0,,,,,,,,1,,,,,,,
2026-09-09_Mark-Liversedge_Wrist_01__swing_0003,585,finish,pred,126,126,False,0,,,,,,,,1,,,,,,,
2026-09-09_Mark-Liversedge_Wrist_01__swing_0003,586,finish,pred,126,126,False,0,,,,,,,,1,,,,,,,
2026-09-09_Mark-Liversedge_Wrist_01__swing_0003,587,finish,pred,126,126,False,0,,,,,,,,1,,,,,,,
2026-09-09_Mark-Liversedge_Wrist_01__swing_0003,588,finish,pred,126,126,False,0,,,,,,,,1,,,,,,,
2026-09-09_Mark-Liversedge_Wrist_01__swing_0003,589,finish,pred,126,126,False,0,,,,,,,,1,,,,,,,
2026-09-09_Mark-Liversedge_Wrist_01__swing_0003,590,finish,pred,126,126,False,0,,,,,,,,1,,,,,,,
2026-09-09_Mark-Liversedge_Wrist_01__swing_0003,591,finish,pred,126,126,False,0,,,,,,,,1,,,,,,,
2026-09-09_Mark-Liversedge_Wrist_01__swing_0003,592,finish,pred,126,126,False,0,,,,,,,,1,,,,,,,
2026-09-09_Mark-Liversedge_Wrist_01__swing_0004,0,addr,pred,90,90,False,1,1,102.23603820800781,0.5060606002807617,190.35928344726562,2,0.874626874923706,1,9,15,349,2,,,,
2026-09-09_Mark-Liversedge_Wrist_01__swing_0004,1,addr,pred,90,90,False,1,1,102.27933502197266,0.5060606002807617,190.35928344726562,2,0.874626874923706,1,9,15,349,2,,,,
2026-09-09_Mark-Liversedge_Wrist_01__swing_0004,2,addr,pred,90,90,False,1,1,102.32432556152344,0.5045454502105713,192.25225830078125,2,0.8772454857826233,1,9,14,347,2,,,,
2026-09-09_Mark-Liversedge_Wrist_01__swing_0004,3,addr,pred,90,90,False,1,1,101.36880493164062,0.4909090995788574,187.40740966796875,2,0.8153846263885498,1,9,16,340,2,,,,
2026-09-09_Mark-Liversedge_Wrist_01__swing_0004,4,addr,pred,90,90,False,1,1,101.41285705566406,0.489393949508667,185.26315307617188,2,0.8086419701576233,1,9,17,340,2,,,,
2026-09-09_Mark-Liversedge_Wrist_01__swing_0004,5,addr,pred,90,90,False,1,1,101.45789337158203,0.4909090995788574,185.37037658691406,2,0.8061538338661194,1,9,17,341,2,,,,
2026-09-09_Mark-Liversedge_Wrist_01__swing_0004,6,addr,pred,90,90,False,1,1,102.50176239013672,0.5045454502105713,188.2882843017578,2,0.847305417060852,1,9,16,349,2,,,,
2026-09-09_Mark-Liversedge_Wrist_01__swing_0004,7,addr,pred,90,90,False,1,1,102.0461196899414,0.5,188,2,0.8519637584686279,1,9,16,346,2,,,,
2026-09-09_Mark-Liversedge_Wrist_01__swing_0004,8,addr,pred,90,90,False,1,1,102.5910873413086,0.5060606002807617,188.38323974609375,2,0.8447760939598083,1,9,16,350,2,,,,
2026-09-09_Mark-Liversedge_Wrist_01__swing_0004,9,addr,pred,90,90,False,1,1,102.13558959960938,0.49696969985961914,183.78048706054688,2,0.8449848294258118,1,9,18,346,2,,,,
2026-09-09_Mark-Liversedge_Wrist_01__swing_0004,10,addr,pred,90,90,False,1,1,102.67924499511719,0.49848484992980957,181.88449096679688,2,0.8787878751754761,1,9,19,348,2,,,,
2026-09-09_Mark-Liversedge_Wrist_01__swing_0004,11,addr,pred,90,90,False,1,1,101.7236099243164,0.44803372025489807,170.89654541015625,2,0.815625011920929,3,9,22,341,2,,,,
2026-09-09_Mark-Liversedge_Wrist_01__swing_0004,12,addr,pred,90,90,False,1,1,101.76821899414062,0.48636364936828613,178.87850952148438,2,0.8105590343475342,1,9,20,341,2,,,,
2026-09-09_Mark-Liversedge_Wrist_01__swing_0004,13,addr,pred,90,90,False,1,1,102.27420806884766,0.4939393997192383,181.5337371826172,2,0.8287461996078491,1,9,19,345,2,,,,
2026-09-09_Mark-Liversedge_Wrist_01__swing_0004,14,addr,pred,90,90,False,1,1,102.28043365478516,0.49696969985961914,189.81707763671875,2,0.8601823449134827,1,9,15,343,2,,,,
2026-09-09_Mark-Liversedge_Wrist_01__swing_0004,15,addr,pred,90,90,False,1,1,101.78653717041016,0.489393949508667,191.3931884765625,2,0.8055555820465088,1,9,14,337,2,,,,
2026-09-09_Mark-Liversedge_Wrist_01__swing_0004,16,addr,pred,90,90,False,1,1,101.79283142089844,0.4954545497894287,193.761474609375,2,0.8109756112098694,1,9,13,340,2,,,,
2026-09-09_Mark-Liversedge_Wrist_01__swing_0004,17,addr,pred,90,90,False,1,1,102.29915618896484,0.49696969985961914,197.86585998535156,2,0.8571428656578064,1,9,11,339,2,,,,
2026-09-09_Mark-Liversedge_Wrist_01__swing_0004,18,addr,pred,90,90,False,1,1,102.3052978515625,0.4954545497894287,199.81651306152344,2,0.8384146094322205,1,9,10,337,2,,,,
2026-09-09_Mark-Liversedge_Wrist_01__swing_0004,19,addr,pred,90,90,False,0,,,,,,,,8,,,,,,,
2026-09-09_Mark-Liversedge_Wrist_01__swing_0004,20,addr,pred,90,90,False,0,,,,,,,,8,,,,,,,
2026-09-09_Mark-Liversedge_Wrist_01__swing_0004,21,addr,pred,90,90,False,0,,,,,,,,8,,,,,,,
2026-09-09_Mark-Liversedge_Wrist_01__swing_0004,22,addr,pred,90,90,False,0,,,,,,,,8,,,,,,,
2026-09-09_Mark-Liversedge_Wrist_01__swing_0004,23,addr,pred,90,90,False,0,,,,,,,,8,,,,,,,
2026-09-09_Mark-Liversedge_Wrist_01__swing_0004,24,addr,pred,90,90,False,0,,,,,,,,8,,,,,,,
2026-09-09_Mark-Liversedge_Wrist_01__swing_0004,25,addr,pred,90,90,False,0,,,,,,,,8,,,,,,,
2026-09-09_Mark-Liversedge_Wrist_01__swing_0004,26,addr,pred,90,90,False,0,,,,,,,,8,,,,,,,
2026-09-09_Mark-Liversedge_Wrist_01__swing_0004,27,addr,pred,90,90,False,0,,,,,,,,8,,,,,,,
2026-09-09_Mark-Liversedge_Wrist_01__swing_0004,28,addr,pred,90,90,False,0,,,,,,,,8,,,,,,,
2026-09-09_Mark-Liversedge_Wrist_01__swing_0004,29,addr,pred,90,90,False,0,,,,,,,,8,,,,,,,
2026-09-09_Mark-Liversedge_Wrist_01__swing_0004,30,addr,pred,90,90,False,0,,,,,,,,8,,,,,,,
2026-09-09_Mark-Liversedge_Wrist_01__swing_0004,31,addr,pred,90,90,False,0,,,,,,,,8,,,,,,,
2026-09-09_Mark-Liversedge_Wrist_01__swing_0004,32,addr,pred,90,90,False,0,,,,,,,,8,,,,,,,
2026-09-09_Mark-Liversedge_Wrist_01__swing_0004,33,addr,pred,90,90,False,0,,,,,,,,8,,,,,,,
2026-09-09_Mark-Liversedge_Wrist_01__swing_0004,34,addr,pred,90,90,False,0,,,,,,,,8,,,,,,,
2026-09-09_Mark-Liversedge_Wrist_01__swing_0004,35,addr,pred,90,90,False,0,,,,,,,,8,,,,,,,
2026-09-09_Mark-Liversedge_Wrist_01__swing_0004,36,addr,pred,90,90,False,0,,,,,,,,8,,,,,,,
2026-09-09_Mark-Liversedge_Wrist_01__swing_0004,37,addr,pred,90,90,False,0,,,,,,,,8,,,,,,,
2026-09-09_Mark-Liversedge_Wrist_01__swing_0004,38,addr,pred,90,90,False,0,,,,,,,,8,,,,,,,
2026-09-09_Mark-Liversedge_Wrist_01__swing_0004,39,addr,pred,90,90,False,0,,,,,,,,8,,,,,,,
2026-09-09_Mark-Liversedge_Wrist_01__swing_0004,40,addr,pred,90,90,False,0,,,,,,,,8,,,,,,,
2026-09-09_Mark-Liversedge_Wrist_01__swing_0004,41,addr,pred,90,90,False,0,,,,,,,,8,,,,,,,
2026-09-09_Mark-Liversedge_Wrist_01__swing_0004,42,addr,pred,90,90,False,0,,,,,,,,7,,,,,,,
2026-09-09_Mark-Liversedge_Wrist_01__swing_0004,43,addr,pred,90,90,False,0,,,,,,,,7,,,,,,,
2026-09-09_Mark-Liversedge_Wrist_01__swing_0004,44,addr,pred,90,90,False,0,,,,,,,,7,,,,,,,
2026-09-09_Mark-Liversedge_Wrist_01__swing_0004,45,addr,pred,90,90,False,0,,,,,,,,8,,,,,,,
2026-09-09_Mark-Liversedge_Wrist_01__swing_0004,46,addr,pred,90,90,False,0,,,,,,,,8,,,,,,,
2026-09-09_Mark-Liversedge_Wrist_01__swing_0004,47,addr,pred,90,90,False,0,,,,,,,,7,,,,,,,
2026-09-09_Mark-Liversedge_Wrist_01__swing_0004,48,addr,pred,90,90,False,0,,,,,,,,7,,,,,,,
2026-09-09_Mark-Liversedge_Wrist_01__swing_0004,49,addr,pred,90,90,False,0,,,,,,,,8,,,,,,,
2026-09-09_Mark-Liversedge_Wrist_01__swing_0004,50,addr,pred,90,90,False,0,,,,,,,,8,,,,,,,
2026-09-09_Mark-Liversedge_Wrist_01__swing_0004,51,addr,pred,90,90,False,0,,,,,,,,8,,,,,,,
2026-09-09_Mark-Liversedge_Wrist_01__swing_0004,52,addr,pred,90,90,False,0,,,,,,,,8,,,,,,,
2026-09-09_Mark-Liversedge_Wrist_01__swing_0004,53,addr,pred,90,90,False,0,,,,,,,,8,,,,,,,
2026-09-09_Mark-Liversedge_Wrist_01__swing_0004,54,addr,pred,90,90,False,0,,,,,,,,8,,,,,,,
2026-09-09_Mark-Liversedge_Wrist_01__swing_0004,55,addr,pred,90,90,False,0,,,,,,,,8,,,,,,,
2026-09-09_Mark-Liversedge_Wrist_01__swing_0004,56,addr,pred,90,90,False,0,,,,,,,,8,,,,,,,
2026-09-09_Mark-Liversedge_Wrist_01__swing_0004,57,addr,pred,90,90,False,1,1,96.14381408691406,0.3816666603088379,169.95632934570312,2,0.747826099395752,1,9,42,271,1,,,,
2026-09-09_Mark-Liversedge_Wrist_01__swing_0004,58,addr,pred,90,90,False,0,,,,,,,,8,,,,,,,
2026-09-09_Mark-Liversedge_Wrist_01__swing_0004,59,addr,pred,90,90,False,0,,,,,,,,8,,,,,,,
2026-09-09_Mark-Liversedge_Wrist_01__swing_0004,60,addr,pred,90,90,False,0,,,,,,,,8,,,,,,,
2026-09-09_Mark-Liversedge_Wrist_01__swing_0004,61,addr,pred,90,90,False,0,,,,,,,,8,,,,,,,
2026-09-09_Mark-Liversedge_Wrist_01__swing_0004,62,addr,pred,90,90,False,0,,,,,,,,7,,,,,,,
2026-09-09_Mark-Liversedge_Wrist_01__swing_0004,63,addr,pred,90,90,False,0,,,,,,,,7,,,,,,,
2026-09-09_Mark-Liversedge_Wrist_01__swing_0004,64,addr,pred,90,90,False,0,,,,,,,,7,,,,,,,
2026-09-09_Mark-Liversedge_Wrist_01__swing_0004,65,addr,pred,90,90,False,0,,,,,,,,7,,,,,,,
2026-09-09_Mark-Liversedge_Wrist_01__swing_0004,66,addr,pred,90,90,False,0,,,,,,,,7,,,,,,,
2026-09-09_Mark-Liversedge_Wrist_01__swing_0004,67,addr,pred,90,90,False,0,,,,,,,,7,,,,,,,
2026-09-09_Mark-Liversedge_Wrist_01__swing_0004,68,addr,pred,90,90,False,0,,,,,,,,7,,,,,,,
2026-09-09_Mark-Liversedge_Wrist_01__swing_0004,69,addr,pred,90,90,False,0,,,,,,,,4,,,,,,,
2026-09-09_Mark-Liversedge_Wrist_01__swing_0004,70,addr,pred,90,90,False,0,,,,,,,,7,,,,,,,
2026-09-09_Mark-Liversedge_Wrist_01__swing_0004,71,addr,pred,90,90,False,0,,,,,,,,7,,,,,,,
2026-09-09_Mark-Liversedge_Wrist_01__swing_0004,72,addr,pred,90,90,False,0,,,,,,,,7,,,,,,,
2026-09-09_Mark-Liversedge_Wrist_01__swing_0004,73,addr,pred,90,90,False,0,,,,,,,,7,,,,,,,
2026-09-09_Mark-Liversedge_Wrist_01__swing_0004,74,addr,pred,90,90,False,0,,,,,,,,7,,,,,,,
2026-09-09_Mark-Liversedge_Wrist_01__swing_0004,75,addr,pred,90,90,False,0,,,,,,,,2,,,,,,,
2026-09-09_Mark-Liversedge_Wrist_01__swing_0004,76,addr,pred,90,90,False,0,,,,,,,,2,,,,,,,
2026-09-09_Mark-Liversedge_Wrist_01__swing_0004,77,addr,pred,90,90,False,0,,,,,,,,4,,,,,,,
2026-09-09_Mark-Liversedge_Wrist_01__swing_0004,78,addr,pred,90,90,False,0,,,,,,,,2,,,,,,,
2026-09-09_Mark-Liversedge_Wrist_01__swing_0004,79,addr,pred,90,90,False,0,,,,,,,,2,,,,,,,
2026-09-09_Mark-Liversedge_Wrist_01__swing_0004,80,addr,pred,90,90,False,0,,,,,,,,4,,,,,,,
2026-09-09_Mark-Liversedge_Wrist_01__swing_0004,81,addr,pred,90,90,False,0,,,,,,,,4,,,,,,,
2026-09-09_Mark-Liversedge_Wrist_01__swing_0004,82,addr,pred,90,90,False,0,,,,,,,,4,,,,,,,
2026-09-09_Mark-Liversedge_Wrist_01__swing_0004,83,addr,pred,90,90,False,0,,,,,,,,7,,,,,,,
2026-09-09_Mark-Liversedge_Wrist_01__swing_0004,84,addr,pred,90,90,False,0,,,,,,,,7,,,,,,,
2026-09-09_Mark-Liversedge_Wrist_01__swing_0004,85,addr,pred,90,90,False,0,,,,,,,,7,,,,,,,
2026-09-09_Mark-Liversedge_Wrist_01__swing_0004,86,addr,pred,90,90,False,0,,,,,,,,8,,,,,,,
2026-09-09_Mark-Liversedge_Wrist_01__swing_0004,87,addr,pred,90,90,False,0,,,,,,,,8,,,,,,,
2026-09-09_Mark-Liversedge_Wrist_01__swing_0004,88,addr,pred,90,90,False,0,,,,,,,,8,,,,,,,
2026-09-09_Mark-Liversedge_Wrist_01__swing_0004,89,addr,pred,90,90,False,0,,,,,,,,8,,,,,,,
2026-09-09_Mark-Liversedge_Wrist_01__swing_0004,90,addr,pred,90,90,False,0,,,,,,,,8,,,,,,,
2026-09-09_Mark-Liversedge_Wrist_01__swing_0004,91,addr,pred,90,90,False,0,,,,,,,,8,,,,,,,
2026-09-09_Mark-Liversedge_Wrist_01__swing_0004,92,addr,pred,90,90,False,0,,,,,,,,8,,,,,,,
2026-09-09_Mark-Liversedge_Wrist_01__swing_0004,93,addr,pred,90,90,False,0,,,,,,,,8,,,,,,,
2026-09-09_Mark-Liversedge_Wrist_01__swing_0004,94,addr,pred,90,90,False,0,,,,,,,,2,,,,,,,
2026-09-09_Mark-Liversedge_Wrist_01__swing_0004,95,addr,pred,90,90,False,0,,,,,,,,7,,,,,,,
2026-09-09_Mark-Liversedge_Wrist_01__swing_0004,96,addr,pred,90,90,False,0,,,,,,,,7,,,,,,,
2026-09-09_Mark-Liversedge_Wrist_01__swing_0004,97,addr,pred,90,90,False,0,,,,,,,,7,,,,,,,
2026-09-09_Mark-Liversedge_Wrist_01__swing_0004,98,addr,pred,90,90,False,0,,,,,,,,7,,,,,,,
2026-09-09_Mark-Liversedge_Wrist_01__swing_0004,99,addr,pred,90,90,False,0,,,,,,,,7,,,,,,,
2026-09-09_Mark-Liversedge_Wrist_01__swing_0004,100,addr,pred,90,90,False,0,,,,,,,,7,,,,,,,
2026-09-09_Mark-Liversedge_Wrist_01__swing_0004,101,addr,pred,90,90,False,0,,,,,,,,2,,,,,,,
2026-09-09_Mark-Liversedge_Wrist_01__swing_0004,102,addr,pred,90,90,False,0,,,,,,,,7,,,,,,,
2026-09-09_Mark-Liversedge_Wrist_01__swing_0004,103,addr,pred,90,90,False,0,,,,,,,,8,,,,,,,
2026-09-09_Mark-Liversedge_Wrist_01__swing_0004,104,addr,pred,90,90,False,0,,,,,,,,8,,,,,,,
2026-09-09_Mark-Liversedge_Wrist_01__swing_0004,105,addr,pred,90,90,False,0,,,,,,,,8,,,,,,,
2026-09-09_Mark-Liversedge_Wrist_01__swing_0004,106,addr,pred,90,90,False,0,,,,,,,,8,,,,,,,
2026-09-09_Mark-Liversedge_Wrist_01__swing_0004,107,addr,pred,90,90,False,0,,,,,,,,8,,,,,,,
2026-09-09_Mark-Liversedge_Wrist_01__swing_0004,108,addr,pred,90,90,False,0,,,,,,,,8,,,,,,,
2026-09-09_Mark-Liversedge_Wrist_01__swing_0004,109,addr,pred,90,90,False,0,,,,,,,,8,,,,,,,
2026-09-09_Mark-Liversedge_Wrist_01__swing_0004,110,addr,pred,90,90,False,0,,,,,,,,8,,,,,,,
2026-09-09_Mark-Liversedge_Wrist_01__swing_0004,111,addr,pred,90,90,False,0,,,,,,,,7,,,,,,,
2026-09-09_Mark-Liversedge_Wrist_01__swing_0004,112,addr,pred,90,90,False,0,,,,,,,,2,,,,,,,
2026-09-09_Mark-Liversedge_Wrist_01__swing_0004,113,addr,pred,90,90,False,0,,,,,,,,4,,,,,,,
2026-09-09_Mark-Liversedge_Wrist_01__swing_0004,114,addr,pred,90,90,False,0,,,,,,,,7,,,,,,,
2026-09-09_Mark-Liversedge_Wrist_01__swing_0004,115,addr,pred,90,90,False,0,,,,,,,,7,,,,,,,
2026-09-09_Mark-Liversedge_Wrist_01__swing_0004,116,addr,pred,90,90,False,0,,,,,,,,4,,,,,,,
2026-09-09_Mark-Liversedge_Wrist_01__swing_0004,117,addr,pred,90,90,False,0,,,,,,,,7,,,,,,,
2026-09-09_Mark-Liversedge_Wrist_01__swing_0004,118,addr,pred,90,90,False,0,,,,,,,,7,,,,,,,
2026-09-09_Mark-Liversedge_Wrist_01__swing_0004,119,addr,pred,90,90,False,0,,,,,,,,7,,,,,,,
2026-09-09_Mark-Liversedge_Wrist_01__swing_0004,120,addr,ray,90,90,True,0,,,,,,,,7,,,,,,,
2026-09-09_Mark-Liversedge_Wrist_01__swing_0004,121,addr,ray,89,89,True,0,,,,,,,,7,,,,,,,
2026-09-09_Mark-Liversedge_Wrist_01__swing_0004,122,addr,ray,88,88,True,0,,,,,,,,8,,,,,,,
2026-09-09_Mark-Liversedge_Wrist_01__swing_0004,123,addr,ray,87,87,True,0,,,,,,,,7,,,,,,,
2026-09-09_Mark-Liversedge_Wrist_01__swing_0004,124,addr,ray,86,86,True,0,,,,,,,,8,,,,,,,
2026-09-09_Mark-Liversedge_Wrist_01__swing_0004,125,addr,ray,85,85,True,0,,,,,,,,7,,,,,,,
2026-09-09_Mark-Liversedge_Wrist_01__swing_0004,126,addr,ray,85,85,True,0,,,,,,,,7,,,,,,,
2026-09-09_Mark-Liversedge_Wrist_01__swing_0004,127,addr,ray,86,86,True,0,,,,,,,,7,,,,,,,
2026-09-09_Mark-Liversedge_Wrist_01__swing_0004,128,addr,ray,87,87,True,0,,,,,,,,7,,,,,,,
2026-09-09_Mark-Liversedge_Wrist_01__swing_0004,129,addr,ray,88,88,True,0,,,,,,,,7,,,,,,,
2026-09-09_Mark-Liversedge_Wrist_01__swing_0004,130,addr,ray,88,88,True,0,,,,,,,,8,,,,,,,
2026-09-09_Mark-Liversedge_Wrist_01__swing_0004,131,addr,ray,88,88,True,0,,,,,,,,8,,,,,,,
2026-09-09_Mark-Liversedge_Wrist_01__swing_0004,132,addr,ray,88,88,True,0,,,,,,,,8,,,,,,,
2026-09-09_Mark-Liversedge_Wrist_01__swing_0004,133,addr,ray,87,87,True,0,,,,,,,,7,,,,,,,
2026-09-09_Mark-Liversedge_Wrist_01__swing_0004,134,addr,ray,86,86,True,0,,,,,,,,7,,,,,,,
2026-09-09_Mark-Liversedge_Wrist_01__swing_0004,135,back,seg,86,86,True,1,1,86,0.22752809524536133,-39.30864334106445,2,0.8466257452964783,2,9,59,221,2,,,,
2026-09-09_Mark-Liversedge_Wrist_01__swing_0004,136,back,seg,86,86,True,2,2,85,0.26212120056152344,254.33523559570312,1,0.7415730357170105,1,9,-1,164,0,,,,
2026-09-09_Mark-Liversedge_Wrist_01__swing_0004,137,back,seg,86,86,True,2,2,85,0.26212120056152344,149.91903686523438,1,0.748603343963623,3,9,-1,205,0,,,,
2026-09-09_Mark-Liversedge_Wrist_01__swing_0004,138,back,ray,86,86,True,0,,,,,,,,7,,,,,,,
2026-09-09_Mark-Liversedge_Wrist_01__swing_0004,139,back,ray,86,86,True,0,,,,,,,,7,,,,,,,
2026-09-09_Mark-Liversedge_Wrist_01__swing_0004,140,back,ray,86,86,True,0,,,,,,,,7,,,,,,,
2026-09-09_Mark-Liversedge_Wrist_01__swing_0004,141,back,seg,88,88,True,2,2,87.5,0.26212120056152344,208.5548858642578,1,0.6848484873771667,1,9,-1,176,0,,,,
2026-09-09_Mark-Liversedge_Wrist_01__swing_0004,142,back,seg,89,89,True,1,1,89.5,0.21769662201404572,141.90968322753906,2,0.8653846383094788,3,9,17,172,2,,,,
2026-09-09_Mark-Liversedge_Wrist_01__swing_0004,143,back,seg,90,90,True,1,1,89,0.28792133927345276,60.23414611816406,2,0.6747573018074036,2,9,46,251,2,,,,
2026-09-09_Mark-Liversedge_Wrist_01__swing_0004,144,back,seg,91,91,True,1,1,90.5,0.2907303273677826,10.183574676513672,2,0.6538461446762085,2,9,61,268,2,,,,
2026-09-09_Mark-Liversedge_Wrist_01__swing_0004,145,back,seg,92,92,True,1,1,93,0.19803370535373688,-37.53191375732422,2,0.9788732528686523,3,9,51,192,2,,,,
2026-09-09_Mark-Liversedge_Wrist_01__swing_0004,146,back,seg,93,93,True,1,1,92.5,0.19662921130657196,21.657142639160156,2,0.9858155846595764,3,9,39,179,2,,,,
2026-09-09_Mark-Liversedge_Wrist_01__swing_0004,147,back,ray,94,94,True,0,,,,,,,,7,,,,,,,
2026-09-09_Mark-Liversedge_Wrist_01__swing_0004,148,back,ray,94,94,True,0,,,,,,,,7,,,,,,,
2026-09-09_Mark-Liversedge_Wrist_01__swing_0004,149,back,seg,94,94,True,1,1,94.5,0.19522471725940704,-51.48201370239258,2,0.6642857193946838,3,9,53,192,2,,,,
2026-09-09_Mark-Liversedge_Wrist_01__swing_0004,150,back,seg,94,94,True,2,2,95,0.26212120056152344,207.14447021484375,1,0.6298701167106628,3,9,-1,190,0,,,,
2026-09-09_Mark-Liversedge_Wrist_01__swing_0004,151,back,seg,94,94,True,1,1,94.5,0.1924157291650772,-55.445255279541016,2,0.6739130616188049,3,9,53,190,2,,,,
2026-09-09_Mark-Liversedge_Wrist_01__swing_0004,152,back,ray,94,94,True,0,,,,,,,,7,,,,,,,
2026-09-09_Mark-Liversedge_Wrist_01__swing_0004,153,back,seg,95,95,True,1,1,95.5,0.22191011905670166,26.227848052978516,2,0.6415094137191772,3,9,43,201,2,,,,
2026-09-09_Mark-Liversedge_Wrist_01__swing_0004,154,back,seg,96,96,True,1,1,96.5,0.22050562500953674,-33.96178436279297,2,0.6455696225166321,3,9,56,213,2,,,,
2026-09-09_Mark-Liversedge_Wrist_01__swing_0004,155,back,seg,96,96,True,1,1,95,0.22575756907463074,-5.906040191650391,2,0.746666669845581,1,9,51,200,2,,,,
2026-09-09_Mark-Liversedge_Wrist_01__swing_0004,156,back,seg,96,96,True,1,1,95.5,0.25,-32,2,0.7932960987091064,3,9,63,241,2,,,,
2026-09-09_Mark-Liversedge_Wrist_01__swing_0004,157,back,seg,96,96,True,2,2,96.5,0.26212120056152344,88.87857818603516,1,0.7133333086967468,3,9,-1,221,0,,,,
2026-09-09_Mark-Liversedge_Wrist_01__swing_0004,158,back,ray,98,98,True,0,,,,,,,,7,,,,,,,
2026-09-09_Mark-Liversedge_Wrist_01__swing_0004,159,back,ray,98,98,True,0,,,,,,,,7,,,,,,,
2026-09-09_Mark-Liversedge_Wrist_01__swing_0004,160,back,ray,98,98,True,0,,,,,,,,7,,,,,,,
2026-09-09_Mark-Liversedge_Wrist_01__swing_0004,161,back,ray,98,98,True,0,,,,,,,,7,,,,,,,
2026-09-09_Mark-Liversedge_Wrist_01__swing_0004,162,back,ray,99,99,True,0,,,,,,,,7,,,,,,,
2026-09-09_Mark-Liversedge_Wrist_01__swing_0004,163,back,ray,99,99,True,0,,,,,,,,7,,,,,,,
2026-09-09_Mark-Liversedge_Wrist_01__swing_0004,164,back,ray,99,99,True,0,,,,,,,,7,,,,,,,
2026-09-09_Mark-Liversedge_Wrist_01__swing_0004,165,back,ray,99,99,True,0,,,,,,,,7,,,,,,,
2026-09-09_Mark-Liversedge_Wrist_01__swing_0004,166,back,seg,99,99,True,1,1,98.5,0.45505619049072266,178.24691772460938,2,0.6861538290977478,3,9,19,343,2,,,,
2026-09-09_Mark-Liversedge_Wrist_01__swing_0004,167,back,seg,99,99,True,2,2,98,0.26212120056152344,127.02886962890625,1,0.6739130616188049,2,9,-1,211,0,,,,
2026-09-09_Mark-Liversedge_Wrist_01__swing_0004,168,back,ray,99,99,True,0,,,,,,,,7,,,,,,,
2026-09-09_Mark-Liversedge_Wrist_01__swing_0004,169,back,seg,99,99,True,2,2,98,0.26212120056152344,149.91903686523438,1,0.6390977501869202,2,9,-1,205,0,,,,
2026-09-09_Mark-Liversedge_Wrist_01__swing_0004,170,back,ray,99,99,True,0,,,,,,,,7,,,,,,,
2026-09-09_Mark-Liversedge_Wrist_01__swing_0004,171,back,ray,99,99,True,0,,,,,,,,7,,,,,,,
2026-09-09_Mark-Liversedge_Wrist_01__swing_0004,172,back,ray,99,99,True,0,,,,,,,,7,,,,,,,
2026-09-09_Mark-Liversedge_Wrist_01__swing_0004,173,back,ray,99,99,True,0,,,,,,,,7,,,,,,,
2026-09-09_Mark-Liversedge_Wrist_01__swing_0004,174,back,ray,99,99,True,0,,,,,,,,7,,,,,,,
2026-09-09_Mark-Liversedge_Wrist_01__swing_0004,175,back,ray,99,99,True,0,,,,,,,,7,,,,,,,
2026-09-09_Mark-Liversedge_Wrist_01__swing_0004,176,back,ray,99,99,True,0,,,,,,,,7,,,,,,,
2026-09-09_Mark-Liversedge_Wrist_01__swing_0004,177,back,ray,99,99,True,0,,,,,,,,7,,,,,,,
2026-09-09_Mark-Liversedge_Wrist_01__swing_0004,178,back,ray,99,99,True,0,,,,,,,,7,,,,,,,
2026-09-09_Mark-Liversedge_Wrist_01__swing_0004,179,back,seg,99,99,True,1,1,99.5,0.49242424964904785,152.984619140625,2,0.7147239446640015,1,9,33,358,2,,,,
2026-09-09_Mark-Liversedge_Wrist_01__swing_0004,180,back,ray,99,99,True,0,,,,,,,,7,,,,,,,
2026-09-09_Mark-Liversedge_Wrist_01__swing_0004,181,back,seg,99,99,True,1,1,99.5,0.4954545497894287,157.4311981201172,2,0.7134146094322205,1,9,31,358,2,,,,
2026-09-09_Mark-Liversedge_Wrist_01__swing_0004,182,back,seg,99,99,True,2,2,98,0.26212120056152344,120.80921173095703,1,0.6491228342056274,1,9,-1,199,0,,,,
2026-09-09_Mark-Liversedge_Wrist_01__swing_0004,183,back,ray,99,99,True,0,,,,,,,,7,,,,,,,
2026-09-09_Mark-Liversedge_Wrist_01__swing_0004,184,back,ray,99,99,True,0,,,,,,,,7,,,,,,,
2026-09-09_Mark-Liversedge_Wrist_01__swing_0004,185,back,ray,99,99,True,0,,,,,,,,7,,,,,,,
2026-09-09_Mark-Liversedge_Wrist_01__swing_0004,186,back,ray,99,99,True,0,,,,,,,,7,,,,,,,
2026-09-09_Mark-Liversedge_Wrist_01__swing_0004,187,back,ray,99,99,True,0,,,,,,,,7,,,,,,,
2026-09-09_Mark-Liversedge_Wrist_01__swing_0004,188,back,ray,99,99,True,0,,,,,,,,7,,,,,,,
2026-09-09_Mark-Liversedge_Wrist_01__swing_0004,189,back,ray,99,99,True,0,,,,,,,,7,,,,,,,
2026-09-09_Mark-Liversedge_Wrist_01__swing_0004,190,back,seg,99,99,True,1,1,98.5,0.49242424964904785,191.56922912597656,2,0.6871165633201599,1,9,14,339,2,,,,
2026-09-09_Mark-Liversedge_Wrist_01__swing_0004,191,back,seg,99,99,True,2,2,98,0.26212120056152344,146.10401916503906,1,0.7657657861709595,2,9,-1,206,0,,,,
2026-09-09_Mark-Liversedge_Wrist_01__swing_0004,192,back,seg,99,99,True,1,1,98,0.24438202381134033,-17.33333396911621,2,0.7942857146263123,3,9,58,232,2,,,,
2026-09-09_Mark-Liversedge_Wrist_01__swing_0004,193,back,seg,99,99,True,2,2,98,0.26212120056152344,161.36412048339844,1,0.6865671873092651,2,9,-1,202,0,,,,
2026-09-09_Mark-Liversedge_Wrist_01__swing_0004,194,back,ray,99,99,True,0,,,,,,,,7,,,,,,,
2026-09-09_Mark-Liversedge_Wrist_01__swing_0004,195,back,ray,99,99,True,0,,,,,,,,7,,,,,,,
2026-09-09_Mark-Liversedge_Wrist_01__swing_0004,196,back,ray,99,99,True,0,,,,,,,,7,,,,,,,
2026-09-09_Mark-Liversedge_Wrist_01__swing_0004,197,back,ray,99,99,True,0,,,,,,,,7,,,,,,,
2026-09-09_Mark-Liversedge_Wrist_01__swing_0004,198,back,ray,99,99,True,0,,,,,,,,7,,,,,,,
2026-09-09_Mark-Liversedge_Wrist_01__swing_0004,199,back,ray,99,99,True,0,,,,,,,,7,,,,,,,
2026-09-09_Mark-Liversedge_Wrist_01__swing_0004,200,back,ray,99,99,True,0,,,,,,,,7,,,,,,,
2026-09-09_Mark-Liversedge_Wrist_01__swing_0004,201,back,ray,99,99,True,0,,,,,,,,7,,,,,,,
2026-09-09_Mark-Liversedge_Wrist_01__swing_0004,202,back,seg,99,99,True,1,1,99,0.4939393997192383,181.5337371826172,2,0.6850152611732483,1,9,19,345,2,,,,
2026-09-09_Mark-Liversedge_Wrist_01__swing_0004,203,back,seg,99,99,True,2,2,98,0.26212120056152344,115.58377838134766,1,0.8070175647735596,2,9,-1,214,0,,,,
2026-09-09_Mark-Liversedge_Wrist_01__swing_0004,204,back,seg,99,99,True,1,1,99.5,0.469696968793869,75.2258071899414,2,0.7170417904853821,1,9,68,378,2,,,,
2026-09-09_Mark-Liversedge_Wrist_01__swing_0004,205,back,seg,99,99,True,2,2,98,0.26212120056152344,119.39881134033203,1,0.7482014298439026,2,9,-1,213,0,,,,
2026-09-09_Mark-Liversedge_Wrist_01__swing_0004,206,back,ray,99,99,True,0,,,,,,,,7,,,,,,,
2026-09-09_Mark-Liversedge_Wrist_01__swing_0004,207,back,ray,99,99,True,0,,,,,,,,7,,,,,,,
2026-09-09_Mark-Liversedge_Wrist_01__swing_0004,208,back,ray,99,99,True,0,,,,,,,,7,,,,,,,
2026-09-09_Mark-Liversedge_Wrist_01__swing_0004,209,back,ray,99,99,True,0,,,,,,,,7,,,,,,,
2026-09-09_Mark-Liversedge_Wrist_01__swing_0004,210,back,ray,99,99,True,0,,,,,,,,7,,,,,,,
2026-09-09_Mark-Liversedge_Wrist_01__swing_0004,211,back,ray,99,99,True,0,,,,,,,,7,,,,,,,
2026-09-09_Mark-Liversedge_Wrist_01__swing_0004,212,back,ray,99,99,True,0,,,,,,,,7,,,,,,,
2026-09-09_Mark-Liversedge_Wrist_01__swing_0004,213,back,ray,99,99,True,0,,,,,,,,7,,,,,,,
2026-09-09_Mark-Liversedge_Wrist_01__swing_0004,214,back,ray,99,99,True,0,,,,,,,,7,,,,,,,
2026-09-09_Mark-Liversedge_Wrist_01__swing_0004,215,back,ray,99,99,True,0,,,,,,,,7,,,,,,,
2026-09-09_Mark-Liversedge_Wrist_01__swing_0004,216,back,seg,99,99,True,2,2,98,0.26212120056152344,58.358341217041016,1,0.6886792182922363,2,9,-1,229,0,,,,
2026-09-09_Mark-Liversedge_Wrist_01__swing_0004,217,back,seg,99,99,True,1,1,98.5,0.5151515007019043,169.5294189453125,2,0.6774193644523621,1,9,26,366,2,,,,
2026-09-09_Mark-Liversedge_Wrist_01__swing_0004,218,back,ray,99,99,True,0,,,,,,,,7,,,,,,,
2026-09-09_Mark-Liversedge_Wrist_01__swing_0004,219,back,ray,99,99,True,0,,,,,,,,7,,,,,,,
2026-09-09_Mark-Liversedge_Wrist_01__swing_0004,220,back,ray,99,99,True,0,,,,,,,,7,,,,,,,
2026-09-09_Mark-Liversedge_Wrist_01__swing_0004,221,back,ray,99,99,True,0,,,,,,,,7,,,,,,,
2026-09-09_Mark-Liversedge_Wrist_01__swing_0004,222,back,ray,99,99,True,0,,,,,,,,7,,,,,,,
2026-09-09_Mark-Liversedge_Wrist_01__swing_0004,223,back,ray,99,99,True,0,,,,,,,,7,,,,,,,
2026-09-09_Mark-Liversedge_Wrist_01__swing_0004,224,back,ray,99,99,True,0,,,,,,,,7,,,,,,,
2026-09-09_Mark-Liversedge_Wrist_01__swing_0004,225,back,ray,99,99,True,0,,,,,,,,7,,,,,,,
2026-09-09_Mark-Liversedge_Wrist_01__swing_0004,226,back,ray,100,100,True,0,,,,,,,,7,,,,,,,
2026-09-09_Mark-Liversedge_Wrist_01__swing_0004,227,back,ray,100,100,True,0,,,,,,,,8,,,,,,,
2026-09-09_Mark-Liversedge_Wrist_01__swing_0004,228,back,ray,101,101,True,0,,,,,,,,8,,,,,,,
2026-09-09_Mark-Liversedge_Wrist_01__swing_0004,229,back,ray,101,101,True,0,,,,,,,,8,,,,,,,
2026-09-09_Mark-Liversedge_Wrist_01__swing_0004,230,back,ray,101,101,True,0,,,,,,,,7,,,,,,,
2026-09-09_Mark-Liversedge_Wrist_01__swing_0004,231,back,ray,101,101,True,0,,,,,,,,7,,,,,,,
2026-09-09_Mark-Liversedge_Wrist_01__swing_0004,232,back,seg,102,102,True,1,1,101,0.25,220,2,0.6291390657424927,1,9,15,165,1,,,,
2026-09-09_Mark-Liversedge_Wrist_01__swing_0004,233,back,ray,103,103,True,0,,,,,,,,7,,,,,,,
2026-09-09_Mark-Liversedge_Wrist_01__swing_0004,234,back,seg,103,103,True,1,1,103,0.4883333444595337,241.09214782714844,2,0.7244898080825806,1,9,19,312,1,,,,
2026-09-09_Mark-Liversedge_Wrist_01__swing_0004,235,back,ray,103,103,True,0,,,,,,,,7,,,,,,,
2026-09-09_Mark-Liversedge_Wrist_01__swing_0004,236,back,pred,103,103,True,0,,,,,,,,4,,,,,,,
2026-09-09_Mark-Liversedge_Wrist_01__swing_0004,237,back,ray,103,103,True,0,,,,,,,,7,,,,,,,
2026-09-09_Mark-Liversedge_Wrist_01__swing_0004,238,back,ray,103,103,True,0,,,,,,,,7,,,,,,,
2026-09-09_Mark-Liversedge_Wrist_01__swing_0004,239,back,pred,103,103,True,0,,,,,,,,7,,,,,,,
2026-09-09_Mark-Liversedge_Wrist_01__swing_0004,240,back,pred,103,103,True,0,,,,,,,,7,,,,,,,
2026-09-09_Mark-Liversedge_Wrist_01__swing_0004,241,back,ray,104,104,True,0,,,,,,,,7,,,,,,,
2026-09-09_Mark-Liversedge_Wrist_01__swing_0004,242,back,ray,106,106,True,0,,,,,,,,7,,,,,,,
2026-09-09_Mark-Liversedge_Wrist_01__swing_0004,243,back,seg,106,106,True,1,1,107,0.26212120056152344,90.28901672363281,2,0.7068965435028076,1,9,34,207,2,,,,
2026-09-09_Mark-Liversedge_Wrist_01__swing_0004,244,back,seg,110,110,True,1,1,111,0.2983333468437195,223.01675415039062,2,0.6944444179534912,1,9,17,196,1,,,,
2026-09-09_Mark-Liversedge_Wrist_01__swing_0004,245,back,ray,112,112,True,0,,,,,,,,8,,,,,,,
2026-09-09_Mark-Liversedge_Wrist_01__swing_0004,246,back,seg,114,114,True,1,1,113.5,0.3566666543483734,235.1401824951172,2,0.6558139324188232,1,9,16,230,1,,,,
2026-09-09_Mark-Liversedge_Wrist_01__swing_0004,247,back,ray,115,115,True,0,,,,,,,,8,,,,,,,
2026-09-09_Mark-Liversedge_Wrist_01__swing_0004,248,back,ray,115,115,True,0,,,,,,,,4,,,,,,,
2026-09-09_Mark-Liversedge_Wrist_01__swing_0004,249,back,ray,115,115,True,0,,,,,,,,8,,,,,,,
2026-09-09_Mark-Liversedge_Wrist_01__swing_0004,250,back,seg,115,115,True,2,2,115.5,0.26212120056152344,138.4739532470703,1,0.7700534462928772,2,9,-1,208,0,,,,
2026-09-09_Mark-Liversedge_Wrist_01__swing_0004,251,back,seg,115,115,True,1,1,114.5,0.2393939346075058,40.37974548339844,2,0.698113203048706,1,9,43,201,2,,,,
2026-09-09_Mark-Liversedge_Wrist_01__swing_0004,252,back,ray,121,121,True,0,,,,,,,,7,,,,,,,
2026-09-09_Mark-Liversedge_Wrist_01__swing_0004,253,back,seg,124,124,True,1,1,124.5,0.14325842261314392,-45.25490188598633,2,0.9708737730979919,3,9,38,140,2,,,,
2026-09-09_Mark-Liversedge_Wrist_01__swing_0004,254,back,seg,127,127,True,2,2,126,0.26212120056152344,46.91325759887695,1,0.7729257345199585,2,9,-1,232,0,,,,
2026-09-09_Mark-Liversedge_Wrist_01__swing_0004,255,back,seg,130,130,True,1,1,129,0.24859550595283508,107.36723327636719,2,0.9606741666793823,2,9,28,205,2,,,,
2026-09-09_Mark-Liversedge_Wrist_01__swing_0004,256,back,seg,133,133,True,1,1,134,0.26212120056152344,143.6994171142578,2,0.9942528605461121,1,9,20,193,2,,,,
2026-09-09_Mark-Liversedge_Wrist_01__swing_0004,257,back,seg,136,136,True,1,1,136,0.25280898809432983,136.93333435058594,2,1,3,9,21,201,2,,,,
2026-09-09_Mark-Liversedge_Wrist_01__swing_0004,258,back,seg,139,139,True,1,1,138,0.23174157738685608,125.06666564941406,2,0.9879518151283264,3,9,22,187,2,,,,
2026-09-09_Mark-Liversedge_Wrist_01__swing_0004,259,back,ray,142,142,True,0,,,,,,,,4,,,,,,,
2026-09-09_Mark-Liversedge_Wrist_01__swing_0004,260,back,ray,145,145,True,0,,,,,,,,4,,,,,,,
2026-09-09_Mark-Liversedge_Wrist_01__swing_0004,261,back,ray,148,148,True,0,,,,,,,,5,,,,,,,
2026-09-09_Mark-Liversedge_Wrist_01__swing_0004,262,back,ray,150,150,True,0,,,,,,,,4,,,,,,,
2026-09-09_Mark-Liversedge_Wrist_01__swing_0004,263,back,ray,152,152,True,0,,,,,,,,5,,,,,,,
2026-09-09_Mark-Liversedge_Wrist_01__swing_0004,264,back,seg,154,154,True,2,2,154.5,0.26212120056152344,63.583778381347656,1,0.9032257795333862,1,9,-1,214,0,,,,
2026-09-09_Mark-Liversedge_Wrist_01__swing_0004,265,back,seg,156,156,True,2,2,157,0.26212120056152344,188.0693359375,1,0.7622377872467041,3,9,-1,195,0,,,,
2026-09-09_Mark-Liversedge_Wrist_01__swing_0004,266,back,ray,159,159,True,0,,,,,,,,4,,,,,,,
2026-09-09_Mark-Liversedge_Wrist_01__swing_0004,267,back,ray,162,162,True,0,,,,,,,,4,,,,,,,
2026-09-09_Mark-Liversedge_Wrist_01__swing_0004,268,back,ray,164,164,True,0,,,,,,,,4,,,,,,,
2026-09-09_Mark-Liversedge_Wrist_01__swing_0004,269,back,ray,166,166,True,0,,,,,,,,7,,,,,,,
2026-09-09_Mark-Liversedge_Wrist_01__swing_0004,270,back,ray,168,168,True,0,,,,,,,,7,,,,,,,
2026-09-09_Mark-Liversedge_Wrist_01__swing_0004,271,back,ray,170,170,True,0,,,,,,,,7,,,,,,,
2026-09-09_Mark-Liversedge_Wrist_01__swing_0004,272,back,pred,171,171,True,0,,,,,,,,8,,,,,,,
2026-09-09_Mark-Liversedge_Wrist_01__swing_0004,273,back,ray,171,171,True,0,,,,,,,,7,,,,,,,
2026-09-09_Mark-Liversedge_Wrist_01__swing_0004,274,back,pred,176,176,True,0,,,,,,,,1,,,,,,,
2026-09-09_Mark-Liversedge_Wrist_01__swing_0004,275,back,pred,181,181,True,0,,,,,,,,1,,,,,,,
2026-09-09_Mark-Liversedge_Wrist_01__swing_0004,276,back,pred,185,185,True,0,,,,,,,,1,,,,,,,
2026-09-09_Mark-Liversedge_Wrist_01__swing_0004,277,back,pred,189,189,True,0,,,,,,,,1,,,,,,,
2026-09-09_Mark-Liversedge_Wrist_01__swing_0004,278,back,pred,192,192,True,0,,,,,,,,1,,,,,,,
2026-09-09_Mark-Liversedge_Wrist_01__swing_0004,279,back,pred,195,195,True,0,,,,,,,,2,,,,,,,
2026-09-09_Mark-Liversedge_Wrist_01__swing_0004,280,back,seg,201,201,True,1,1,202,0.2078651636838913,123.78378295898438,2,0.9932885766029358,3,9,20,168,2,,,,
2026-09-09_Mark-Liversedge_Wrist_01__swing_0004,281,back,seg,206,206,True,1,1,207,0.26363635063171387,102.4137954711914,2,1,1,9,31,205,2,,,,
2026-09-09_Mark-Liversedge_Wrist_01__swing_0004,282,back,seg,211,211,True,1,1,212,0.2651515007019043,99.31428527832031,2,1,1,9,32,207,2,,,,
2026-09-09_Mark-Liversedge_Wrist_01__swing_0004,283,back,seg,215,215,True,1,1,215.5,0.30454546213150024,118.20895385742188,2,0.8762376308441162,1,9,31,232,2,,,,
2026-09-09_Mark-Liversedge_Wrist_01__swing_0004,284,back,seg,219,219,True,1,1,218.5,0.26363635063171387,98.62068939208984,2,1,1,9,32,206,2,,,,
2026-09-09_Mark-Liversedge_Wrist_01__swing_0004,285,back,seg,223,223,True,1,1,223,0.27878788113594055,108.8043441772461,2,0.9945945739746094,1,9,31,215,2,,,,
2026-09-09_Mark-Liversedge_Wrist_01__swing_0004,286,back,seg,227,227,True,1,1,228,0.27272728085517883,113.66666412353516,2,1,1,9,29,209,2,,,,
2026-09-09_Mark-Liversedge_Wrist_01__swing_0004,287,back,seg,231,231,True,1,1,231.5,0.3030303120613098,130.89999389648438,2,0.9900497794151306,1,9,27,227,2,,,,
2026-09-09_Mark-Liversedge_Wrist_01__swing_0004,288,back,seg,235,235,True,1,1,236,0.2666666805744171,126.25,2,1,1,9,25,201,2,,,,
2026-09-09_Mark-Liversedge_Wrist_01__swing_0004,289,back,seg,239,239,True,1,1,240,0.26212120056152344,113.17919158935547,2,1,1,9,28,201,2,,,,
2026-09-09_Mark-Liversedge_Wrist_01__swing_0004,290,back,seg,243,243,True,1,1,244,0.25757575035095215,111.29412078857422,2,1,1,9,28,198,2,,,,
2026-09-09_Mark-Liversedge_Wrist_01__swing_0004,291,back,seg,247,247,True,1,1,248,0.25151515007019043,104.69879150390625,2,1,1,9,29,195,2,,,,
2026-09-09_Mark-Liversedge_Wrist_01__swing_0004,292,back,seg,251,251,True,1,1,252,0.2393939346075058,98.86075592041016,2,1,1,9,29,187,2,,,,
2026-09-09_Mark-Liversedge_Wrist_01__swing_0004,293,back,seg,255,255,True,1,1,256,0.2242424190044403,90.67567443847656,2,1,1,9,29,177,2,,,,
2026-09-09_Mark-Liversedge_Wrist_01__swing_0004,294,back,seg,259,259,True,1,1,260,0.21060605347156525,82.30215454101562,2,1,1,9,29,168,2,,,,
2026-09-09_Mark-Liversedge_Wrist_01__swing_0004,295,back,seg,263,263,True,1,1,264,0.2075757533311844,80.2919692993164,2,1,1,9,29,166,2,,,,
2026-09-09_Mark-Liversedge_Wrist_01__swing_0004,296,back,seg,267,267,True,1,1,268,0.1994381994009018,74.591552734375,2,1,3,9,29,171,2,,,,
2026-09-09_Mark-Liversedge_Wrist_01__swing_0004,297,back,seg,271,271,True,1,1,271,0.17272727191448212,138.94737243652344,2,0.991304337978363,1,9,14,128,2,,,,
2026-09-09_Mark-Liversedge_Wrist_01__swing_0004,298,back,seg,275,275,True,1,1,276,0.23030303418636322,137.5,2,0.6470588445663452,1,9,19,171,2,,,,
2026-09-09_Mark-Liversedge_Wrist_01__swing_0004,299,back,ray,280,280,True,0,,,,,,,,4,,,,,,,
2026-09-09_Mark-Liversedge_Wrist_01__swing_0004,300,back,ray,285,285,True,0,,,,,,,,7,,,,,,,
2026-09-09_Mark-Liversedge_Wrist_01__swing_0004,301,back,seg,287,287,True,1,1,286.5,0.1587078720331192,18.371681213378906,2,1,3,9,32,145,2,,,,
2026-09-09_Mark-Liversedge_Wrist_01__swing_0004,302,back,seg,291,291,True,1,1,292,0.17275281250476837,34.76422882080078,2,1,3,9,32,155,2,,,,
2026-09-09_Mark-Liversedge_Wrist_01__swing_0004,303,back,seg,295,295,True,1,1,296,0.1984848529100418,58.77862548828125,2,0.9848484992980957,1,9,32,163,2,,,,
2026-09-09_Mark-Liversedge_Wrist_01__swing_0004,304,back,seg,299,299,True,1,1,299.5,0.18539325892925262,42,2,0.9172932505607605,3,9,33,165,2,,,,
2026-09-09_Mark-Liversedge_Wrist_01__swing_0004,305,back,seg,302,302,True,1,1,303,0.21212121844291687,64.42857360839844,2,0.914893627166748,1,9,33,173,2,,,,
2026-09-09_Mark-Liversedge_Wrist_01__swing_0004,306,back,seg,305,305,True,1,1,305.5,0.1924157291650772,90.07299041748047,2,0.8840579986572266,3,9,25,162,2,,,,
2026-09-09_Mark-Liversedge_Wrist_01__swing_0004,307,back,seg,308,308,True,2,2,309,0.26212120056152344,246.70516967773438,1,0.6504424810409546,1,9,-1,166,0,,,,
2026-09-09_Mark-Liversedge_Wrist_01__swing_0004,308,back,seg,311,311,True,2,2,312,0.26212120056152344,235.2600860595703,1,0.6637930870056152,1,9,-1,169,0,,,,
2026-09-09_Mark-Liversedge_Wrist_01__swing_0004,309,back,ray,313,313,True,0,,,,,,,,7,,,,,,,
2026-09-09_Mark-Liversedge_Wrist_01__swing_0004,310,back,ray,315,315,True,0,,,,,,,,7,,,,,,,
2026-09-09_Mark-Liversedge_Wrist_01__swing_0004,311,back,seg,317,317,True,2,2,318,0.26212120056152344,71.21383666992188,1,0.8815789222717285,1,9,-1,212,0,,,,
2026-09-09_Mark-Liversedge_Wrist_01__swing_0004,312,back,ray,319,319,True,0,,,,,,,,7,,,,,,,
2026-09-09_Mark-Liversedge_Wrist_01__swing_0004,313,back,ray,321,321,True,0,,,,,,,,7,,,,,,,
2026-09-09_Mark-Liversedge_Wrist_01__swing_0004,314,back,ray,323,323,True,0,,,,,,,,7,,,,,,,
2026-09-09_Mark-Liversedge_Wrist_01__swing_0004,315,back,seg,325,325,True,1,1,326,0.17275281250476837,104.22764587402344,2,0.7903226017951965,3,9,20,143,2,,,,
2026-09-09_Mark-Liversedge_Wrist_01__swing_0004,316,back,ray,327,327,True,0,,,,,,,,7,,,,,,,
2026-09-09_Mark-Liversedge_Wrist_01__swing_0004,317,back,ray,329,329,True,0,,,,,,,,8,,,,,,,
2026-09-09_Mark-Liversedge_Wrist_01__swing_0004,318,back,ray,331,331,True,0,,,,,,,,8,,,,,,,
2026-09-09_Mark-Liversedge_Wrist_01__swing_0004,319,back,ray,333,333,True,0,,,,,,,,8,,,,,,,
2026-09-09_Mark-Liversedge_Wrist_01__swing_0004,320,back,ray,335,335,True,0,,,,,,,,7,,,,,,,
2026-09-09_Mark-Liversedge_Wrist_01__swing_0004,321,back,ray,337,337,True,0,,,,,,,,7,,,,,,,
2026-09-09_Mark-Liversedge_Wrist_01__swing_0004,322,back,ray,339,339,True,0,,,,,,,,7,,,,,,,
2026-09-09_Mark-Liversedge_Wrist_01__swing_0004,323,back,seg,341,341,True,1,1,342,0.2991572916507721,166.5164337158203,2,0.9392523169517517,3,9,16,229,2,,,,
2026-09-09_Mark-Liversedge_Wrist_01__swing_0004,324,back,ray,342,342,True,0,,,,,,,,7,,,,,,,
2026-09-09_Mark-Liversedge_Wrist_01__swing_0004,325,back,seg,343,343,True,1,1,344,0.2752808928489685,161.87754821777344,2,0.9644669890403748,3,9,16,212,2,,,,
2026-09-09_Mark-Liversedge_Wrist_01__swing_0004,326,back,ray,344,344,True,0,,,,,,,,8,,,,,,,
2026-09-09_Mark-Liversedge_Wrist_01__swing_0004,327,back,seg,345,345,True,2,2,346,0.26212120056152344,153.73406982421875,1,0.9601989984512329,3,9,-1,204,0,,,,
2026-09-09_Mark-Liversedge_Wrist_01__swing_0004,328,back,seg,346,346,True,2,2,347,0.26212120056152344,153.73406982421875,1,0.96517413854599,3,9,-1,204,0,,,,
2026-09-09_Mark-Liversedge_Wrist_01__swing_0004,329,back,ray,346,346,True,0,,,,,,,,8,,,,,,,
2026-09-09_Mark-Liversedge_Wrist_01__swing_0004,330,back,seg,346,346,True,2,2,347,0.26212120056152344,256.7398681640625,1,0.9418604373931885,3,9,-1,177,0,,,,
2026-09-09_Mark-Liversedge_Wrist_01__swing_0004,331,back,ray,346,346,True,0,,,,,,,,7,,,,,,,
2026-09-09_Mark-Liversedge_Wrist_01__swing_0004,332,top,ray,346,346,True,0,,,,,,,,7,,,,,,,
2026-09-09_Mark-Liversedge_Wrist_01__swing_0004,333,top,ray,346,346,True,0,,,,,,,,8,,,,,,,
2026-09-09_Mark-Liversedge_Wrist_01__swing_0004,334,top,ray,346,346,True,0,,,,,,,,8,,,,,,,
2026-09-09_Mark-Liversedge_Wrist_01__swing_0004,335,top,ray,346,346,True,0,,,,,,,,8,,,,,,,
2026-09-09_Mark-Liversedge_Wrist_01__swing_0004,336,top,ray,346,346,True,0,,,,,,,,8,,,,,,,
2026-09-09_Mark-Liversedge_Wrist_01__swing_0004,337,impact,ray,346,346,True,0,,,,,,,,8,,,,,,,
2026-09-09_Mark-Liversedge_Wrist_01__swing_0004,338,impact,seg,346,346,True,1,1,347,0.20224718749523163,126.05555725097656,2,0.8896551728248596,2,9,19,163,2,,,,
2026-09-09_Mark-Liversedge_Wrist_01__swing_0004,339,impact,ray,345,345,True,0,,,,,,,,8,,,,,,,
2026-09-09_Mark-Liversedge_Wrist_01__swing_0004,340,impact,ray,344,344,True,0,,,,,,,,8,,,,,,,
2026-09-09_Mark-Liversedge_Wrist_01__swing_0004,341,impact,ray,343,343,True,0,,,,,,,,8,,,,,,,
2026-09-09_Mark-Liversedge_Wrist_01__swing_0004,342,impact,ray,342,342,True,0,,,,,,,,8,,,,,,,
2026-09-09_Mark-Liversedge_Wrist_01__swing_0004,343,impact,ray,341,341,True,0,,,,,,,,8,,,,,,,
2026-09-09_Mark-Liversedge_Wrist_01__swing_0004,344,impact,ray,340,340,True,0,,,,,,,,8,,,,,,,
2026-09-09_Mark-Liversedge_Wrist_01__swing_0004,345,impact,ray,339,339,True,0,,,,,,,,8,,,,,,,
2026-09-09_Mark-Liversedge_Wrist_01__swing_0004,346,impact,ray,337,337,True,0,,,,,,,,8,,,,,,,
2026-09-09_Mark-Liversedge_Wrist_01__swing_0004,347,impact,ray,335,335,True,0,,,,,,,,8,,,,,,,
2026-09-09_Mark-Liversedge_Wrist_01__swing_0004,348,impact,ray,333,333,True,0,,,,,,,,7,,,,,,,
2026-09-09_Mark-Liversedge_Wrist_01__swing_0004,349,impact,ray,328,328,True,0,,,,,,,,7,,,,,,,
2026-09-09_Mark-Liversedge_Wrist_01__swing_0004,350,impact,ray,327,327,True,0,,,,,,,,7,,,,,,,
2026-09-09_Mark-Liversedge_Wrist_01__swing_0004,351,impact,ray,320,320,True,0,,,,,,,,8,,,,,,,
2026-09-09_Mark-Liversedge_Wrist_01__swing_0004,352,impact,ray,316,316,True,0,,,,,,,,7,,,,,,,
2026-09-09_Mark-Liversedge_Wrist_01__swing_0004,353,impact,ray,313,313,True,0,,,,,,,,7,,,,,,,
2026-09-09_Mark-Liversedge_Wrist_01__swing_0004,354,impact,seg,309,309,True,1,1,310,0.16994382441043854,43.471073150634766,2,1,3,9,30,151,2,,,,
2026-09-09_Mark-Liversedge_Wrist_01__swing_0004,355,impact,seg,303,303,True,1,1,304,0.16853933036327362,6.400000095367432,2,1,3,9,36,156,2,,,,
2026-09-09_Mark-Liversedge_Wrist_01__swing_0004,356,impact,seg,295,295,True,1,1,296,0.16011236608028412,-4.842105388641357,2,1,2,9,36,150,2,,,,
2026-09-09_Mark-Liversedge_Wrist_01__swing_0004,357,impact,seg,287,287,True,1,1,288,0.15168538689613342,22.22222137451172,2,1,3,9,30,138,2,,,,
2026-09-09_Mark-Liversedge_Wrist_01__swing_0004,358,impact,ray,278,278,True,0,,,,,,,,8,,,,,,,
2026-09-09_Mark-Liversedge_Wrist_01__swing_0004,359,impact,seg,269,269,True,1,1,269.5,0.1671348363161087,22.554622650146484,2,1,3,9,33,152,2,,,,
2026-09-09_Mark-Liversedge_Wrist_01__swing_0004,360,impact,seg,255,255,True,1,1,254.5,0.24578651785850525,97.94285583496094,2,0.7670454382896423,3,9,30,205,2,,,,
2026-09-09_Mark-Liversedge_Wrist_01__swing_0004,361,impact,seg,249,249,True,1,1,250,0.2752808928489685,63.79591751098633,2,0.9746192693710327,3,9,43,239,2,,,,
2026-09-09_Mark-Liversedge_Wrist_01__swing_0004,362,down,seg,240,240,True,1,1,239.5,0.2907303273677826,61.77777862548828,2,0.870192289352417,3,9,46,253,2,,,,
2026-09-09_Mark-Liversedge_Wrist_01__swing_0004,363,down,ray,233,233,True,0,,,,,,,,7,,,,,,,
2026-09-09_Mark-Liversedge_Wrist_01__swing_0004,364,down,ray,219,219,True,0,,,,,,,,4,,,,,,,
2026-09-09_Mark-Liversedge_Wrist_01__swing_0004,365,down,seg,208,208,True,1,1,208,0.3439393937587738,112.42290496826172,2,0.6315789222717285,1,9,37,264,2,,,,
2026-09-09_Mark-Liversedge_Wrist_01__swing_0004,366,down,ray,196,196,True,0,,,,,,,,7,,,,,,,
2026-09-09_Mark-Liversedge_Wrist_01__swing_0004,367,down,ray,184,184,True,0,,,,,,,,1,,,,,,,
2026-09-09_Mark-Liversedge_Wrist_01__swing_0004,368,down,seg,173,173,True,1,1,173.5,0.24016854166984558,53.45029067993164,2,0.6162790656089783,3,9,40,211,2,,,,
2026-09-09_Mark-Liversedge_Wrist_01__swing_0004,369,down,seg,162,162,True,1,1,161,0.22050562500953674,133.8343963623047,2,0.9367088675498962,3,9,19,176,2,,,,
2026-09-09_Mark-Liversedge_Wrist_01__swing_0004,370,down,seg,149,149,True,2,2,148,0.26212120056152344,227.63003540039062,1,0.7319587469100952,1,9,-1,171,0,,,,
2026-09-09_Mark-Liversedge_Wrist_01__swing_0004,371,down,ray,135,135,True,0,,,,,,,,1,,,,,,,
2026-09-09_Mark-Liversedge_Wrist_01__swing_0004,372,down,ray,125,125,True,0,,,,,,,,1,,,,,,,
2026-09-09_Mark-Liversedge_Wrist_01__swing_0004,373,down,ray,113.00000000000006,113,True,0,,,,,,,,7,,,,,,,
2026-09-09_Mark-Liversedge_Wrist_01__swing_0004,374,down,ray,102.99999999999994,103,True,0,,,,,,,,1,,,,,,,
2026-09-09_Mark-Liversedge_Wrist_01__swing_0004,375,down,wedge,96.18824933435104,95,True,0,,,,,,,,1,,,,,,,
2026-09-09_Mark-Liversedge_Wrist_01__swing_0004,376,down,wedge,91.8117506656489,93,True,0,,,,,,,,1,,,,,,,
2026-09-09_Mark-Liversedge_Wrist_01__swing_0004,377,down,ray,85.00000000000006,85,True,0,,,,,,,,7,,,,,,,
2026-09-09_Mark-Liversedge_Wrist_01__swing_0004,378,down,ray,63,63,True,0,,,,,,,,7,,,,,,,
2026-09-09_Mark-Liversedge_Wrist_01__swing_0004,379,down,ray,55.00000000000006,55,True,0,,,,,,,,1,,,,,,,
2026-09-09_Mark-Liversedge_Wrist_01__swing_0004,380,down,ray,49,49,True,0,,,,,,,,1,,,,,,,
2026-09-09_Mark-Liversedge_Wrist_01__swing_0004,381,down,ray,41.434998395698756,38,True,0,,,,,,,,1,,,,,,,
2026-09-09_Mark-Liversedge_Wrist_01__swing_0004,382,down,wedge,36.45866991194089,32,True,0,,,,,,,,1,,,,,,,
2026-09-09_Mark-Liversedge_Wrist_01__swing_0004,383,down,ray,31.30750259853278,29,True,0,,,,,,,,4,,,,,,,
2026-09-09_Mark-Liversedge_Wrist_01__swing_0004,384,down,wedge,26.011062121277803,23,True,0,,,,,,,,1,,,,,,,
2026-09-09_Mark-Liversedge_Wrist_01__swing_0004,385,down,wedge,20.607177753604617,23,True,0,,,,,,,,1,,,,,,,
2026-09-09_Mark-Liversedge_Wrist_01__swing_0004,386,down,ray,15.114912816105857,16,True,0,,,,,,,,1,,,,,,,
2026-09-09_Mark-Liversedge_Wrist_01__swing_0004,387,thru,ray,11,11,True,0,,,,,,,,1,,,,,,,
2026-09-09_Mark-Liversedge_Wrist_01__swing_0004,388,thru,ray,355,355,True,0,,,,,,,,1,,,,,,,
2026-09-09_Mark-Liversedge_Wrist_01__swing_0004,389,thru,ray,346,346,True,0,,,,,,,,2,,,,,,,
2026-09-09_Mark-Liversedge_Wrist_01__swing_0004,390,thru,ray,337,337,True,0,,,,,,,,7,,,,,,,
2026-09-09_Mark-Liversedge_Wrist_01__swing_0004,391,thru,ray,327,327,True,0,,,,,,,,1,,,,,,,
2026-09-09_Mark-Liversedge_Wrist_01__swing_0004,392,thru,ray,318,318,True,0,,,,,,,,1,,,,,,,
2026-09-09_Mark-Liversedge_Wrist_01__swing_0004,393,thru,ray,312,312,True,0,,,,,,,,1,,,,,,,
2026-09-09_Mark-Liversedge_Wrist_01__swing_0004,394,thru,ray,305,305,True,0,,,,,,,,7,,,,,,,
2026-09-09_Mark-Liversedge_Wrist_01__swing_0004,395,thru,ray,298,298,True,0,,,,,,,,1,,,,,,,
2026-09-09_Mark-Liversedge_Wrist_01__swing_0004,396,thru,ray,291,291,True,0,,,,,,,,7,,,,,,,
2026-09-09_Mark-Liversedge_Wrist_01__swing_0004,397,thru,ray,284,284,True,0,,,,,,,,7,,,,,,,
2026-09-09_Mark-Liversedge_Wrist_01__swing_0004,398,thru,ray,278,278,True,0,,,,,,,,7,,,,,,,
2026-09-09_Mark-Liversedge_Wrist_01__swing_0004,399,thru,ray,273,273,True,0,,,,,,,,7,,,,,,,
2026-09-09_Mark-Liversedge_Wrist_01__swing_0004,400,thru,ray,268,268,True,0,,,,,,,,7,,,,,,,
2026-09-09_Mark-Liversedge_Wrist_01__swing_0004,401,thru,seg,263,263,True,1,1,262,0.2393939346075058,169.8734130859375,2,0.7169811129570007,1,9,12,170,2,,,,
2026-09-09_Mark-Liversedge_Wrist_01__swing_0004,402,thru,ray,260,260,True,0,,,,,,,,7,,,,,,,
2026-09-09_Mark-Liversedge_Wrist_01__swing_0004,403,thru,seg,256,256,True,1,1,255,0.1994381994009018,159.8309783935547,2,0.7132866978645325,3,9,12,154,2,,,,
2026-09-09_Mark-Liversedge_Wrist_01__swing_0004,404,thru,seg,253,253,True,1,1,252,0.1818181872367859,165,2,0.8016529083251953,1,9,10,130,2,,,,
2026-09-09_Mark-Liversedge_Wrist_01__swing_0004,405,thru,ray,251,251,True,0,,,,,,,,2,,,,,,,
2026-09-09_Mark-Liversedge_Wrist_01__swing_0004,406,thru,ray,245,245,True,0,,,,,,,,1,,,,,,,
2026-09-09_Mark-Liversedge_Wrist_01__swing_0004,407,thru,ray,243,243,True,0,,,,,,,,1,,,,,,,
2026-09-09_Mark-Liversedge_Wrist_01__swing_0004,408,thru,ray,242,242,True,0,,,,,,,,4,,,,,,,
2026-09-09_Mark-Liversedge_Wrist_01__swing_0004,409,thru,ray,238,238,True,0,,,,,,,,4,,,,,,,
2026-09-09_Mark-Liversedge_Wrist_01__swing_0004,410,thru,ray,234,234,True,0,,,,,,,,1,,,,,,,
2026-09-09_Mark-Liversedge_Wrist_01__swing_0004,411,finish,pred,234,234,True,0,,,,,,,,2,,,,,,,
2026-09-09_Mark-Liversedge_Wrist_01__swing_0004,412,finish,pred,232,232,True,0,,,,,,,,7,,,,,,,
2026-09-09_Mark-Liversedge_Wrist_01__swing_0004,413,finish,pred,229,229,True,0,,,,,,,,7,,,,,,,
2026-09-09_Mark-Liversedge_Wrist_01__swing_0004,414,finish,pred,226,226,True,0,,,,,,,,7,,,,,,,
2026-09-09_Mark-Liversedge_Wrist_01__swing_0004,415,finish,pred,223,223,True,0,,,,,,,,2,,,,,,,
2026-09-09_Mark-Liversedge_Wrist_01__swing_0004,416,finish,pred,221,221,True,0,,,,,,,,2,,,,,,,
2026-09-09_Mark-Liversedge_Wrist_01__swing_0004,417,finish,pred,219,219,True,0,,,,,,,,2,,,,,,,
2026-09-09_Mark-Liversedge_Wrist_01__swing_0004,418,finish,pred,217,217,True,0,,,,,,,,2,,,,,,,
2026-09-09_Mark-Liversedge_Wrist_01__swing_0004,419,finish,pred,216,216,True,0,,,,,,,,1,,,,,,,
2026-09-09_Mark-Liversedge_Wrist_01__swing_0004,420,finish,pred,209,209,True,0,,,,,,,,8,,,,,,,
2026-09-09_Mark-Liversedge_Wrist_01__swing_0004,421,finish,pred,201,201,True,0,,,,,,,,8,,,,,,,
2026-09-09_Mark-Liversedge_Wrist_01__swing_0004,422,finish,pred,200,200,True,0,,,,,,,,8,,,,,,,
2026-09-09_Mark-Liversedge_Wrist_01__swing_0004,423,finish,pred,199,199,True,0,,,,,,,,7,,,,,,,
2026-09-09_Mark-Liversedge_Wrist_01__swing_0004,424,finish,pred,197,197,True,0,,,,,,,,7,,,,,,,
2026-09-09_Mark-Liversedge_Wrist_01__swing_0004,425,finish,pred,195,195,True,0,,,,,,,,7,,,,,,,
2026-09-09_Mark-Liversedge_Wrist_01__swing_0004,426,finish,pred,195,195,False,0,,,,,,,,1,,,,,,,
2026-09-09_Mark-Liversedge_Wrist_01__swing_0004,427,finish,pred,195,195,False,0,,,,,,,,1,,,,,,,
2026-09-09_Mark-Liversedge_Wrist_01__swing_0004,428,finish,pred,195,195,False,0,,,,,,,,1,,,,,,,
2026-09-09_Mark-Liversedge_Wrist_01__swing_0004,429,finish,pred,195,195,False,0,,,,,,,,1,,,,,,,
2026-09-09_Mark-Liversedge_Wrist_01__swing_0004,430,finish,pred,195,195,False,0,,,,,,,,1,,,,,,,
2026-09-09_Mark-Liversedge_Wrist_01__swing_0004,431,finish,pred,195,195,False,0,,,,,,,,1,,,,,,,
2026-09-09_Mark-Liversedge_Wrist_01__swing_0004,432,finish,pred,195,195,False,0,,,,,,,,1,,,,,,,
2026-09-09_Mark-Liversedge_Wrist_01__swing_0004,433,finish,pred,195,195,False,0,,,,,,,,1,,,,,,,
2026-09-09_Mark-Liversedge_Wrist_01__swing_0004,434,finish,pred,195,195,False,0,,,,,,,,1,,,,,,,
2026-09-09_Mark-Liversedge_Wrist_01__swing_0004,435,finish,pred,195,195,False,0,,,,,,,,1,,,,,,,
2026-09-09_Mark-Liversedge_Wrist_01__swing_0004,436,finish,pred,195,195,False,0,,,,,,,,1,,,,,,,
2026-09-09_Mark-Liversedge_Wrist_01__swing_0004,437,finish,pred,195,195,False,0,,,,,,,,1,,,,,,,
2026-09-09_Mark-Liversedge_Wrist_01__swing_0004,438,finish,pred,195,195,False,0,,,,,,,,1,,,,,,,
2026-09-09_Mark-Liversedge_Wrist_01__swing_0004,439,finish,pred,195,195,False,0,,,,,,,,1,,,,,,,
2026-09-09_Mark-Liversedge_Wrist_01__swing_0004,440,finish,pred,195,195,False,0,,,,,,,,1,,,,,,,
2026-09-09_Mark-Liversedge_Wrist_01__swing_0004,441,finish,pred,195,195,False,0,,,,,,,,1,,,,,,,
2026-09-09_Mark-Liversedge_Wrist_01__swing_0004,442,finish,pred,195,195,False,0,,,,,,,,1,,,,,,,
2026-09-09_Mark-Liversedge_Wrist_01__swing_0004,443,finish,pred,195,195,False,0,,,,,,,,1,,,,,,,
2026-09-09_Mark-Liversedge_Wrist_01__swing_0004,444,finish,pred,195,195,False,0,,,,,,,,1,,,,,,,
2026-09-09_Mark-Liversedge_Wrist_01__swing_0004,445,finish,pred,195,195,False,0,,,,,,,,1,,,,,,,
2026-09-09_Mark-Liversedge_Wrist_01__swing_0004,446,finish,pred,195,195,False,0,,,,,,,,1,,,,,,,
2026-09-09_Mark-Liversedge_Wrist_01__swing_0004,447,finish,pred,195,195,False,0,,,,,,,,1,,,,,,,
2026-09-09_Mark-Liversedge_Wrist_01__swing_0004,448,finish,pred,195,195,False,0,,,,,,,,1,,,,,,,
2026-09-09_Mark-Liversedge_Wrist_01__swing_0004,449,finish,pred,195,195,False,0,,,,,,,,1,,,,,,,
2026-09-09_Mark-Liversedge_Wrist_01__swing_0004,450,finish,pred,195,195,False,0,,,,,,,,1,,,,,,,
2026-09-09_Mark-Liversedge_Wrist_01__swing_0004,451,finish,pred,195,195,False,0,,,,,,,,1,,,,,,,
2026-09-09_Mark-Liversedge_Wrist_01__swing_0004,452,finish,pred,195,195,False,0,,,,,,,,1,,,,,,,
2026-09-09_Mark-Liversedge_Wrist_01__swing_0004,453,finish,pred,195,195,False,0,,,,,,,,1,,,,,,,
2026-09-09_Mark-Liversedge_Wrist_01__swing_0004,454,finish,pred,195,195,False,0,,,,,,,,1,,,,,,,
2026-09-09_Mark-Liversedge_Wrist_01__swing_0004,455,finish,pred,195,195,False,0,,,,,,,,1,,,,,,,
2026-09-09_Mark-Liversedge_Wrist_01__swing_0004,456,finish,pred,195,195,False,0,,,,,,,,1,,,,,,,
2026-09-09_Mark-Liversedge_Wrist_01__swing_0004,457,finish,pred,195,195,False,0,,,,,,,,1,,,,,,,
2026-09-09_Mark-Liversedge_Wrist_01__swing_0004,458,finish,pred,195,195,False,0,,,,,,,,1,,,,,,,
2026-09-09_Mark-Liversedge_Wrist_01__swing_0004,459,finish,pred,195,195,False,0,,,,,,,,1,,,,,,,
2026-09-09_Mark-Liversedge_Wrist_01__swing_0004,460,finish,pred,195,195,False,0,,,,,,,,1,,,,,,,
2026-09-09_Mark-Liversedge_Wrist_01__swing_0004,461,finish,pred,195,195,False,0,,,,,,,,1,,,,,,,
2026-09-09_Mark-Liversedge_Wrist_01__swing_0004,462,finish,pred,195,195,False,0,,,,,,,,1,,,,,,,
2026-09-09_Mark-Liversedge_Wrist_01__swing_0004,463,finish,pred,195,195,False,0,,,,,,,,1,,,,,,,
2026-09-09_Mark-Liversedge_Wrist_01__swing_0004,464,finish,pred,195,195,False,0,,,,,,,,1,,,,,,,
2026-09-09_Mark-Liversedge_Wrist_01__swing_0004,465,finish,pred,195,195,False,0,,,,,,,,1,,,,,,,
2026-09-09_Mark-Liversedge_Wrist_01__swing_0004,466,finish,pred,195,195,False,0,,,,,,,,1,,,,,,,
2026-09-09_Mark-Liversedge_Wrist_01__swing_0004,467,finish,pred,195,195,False,0,,,,,,,,1,,,,,,,
2026-09-09_Mark-Liversedge_Wrist_01__swing_0004,468,finish,pred,195,195,False,0,,,,,,,,1,,,,,,,
2026-09-09_Mark-Liversedge_Wrist_01__swing_0004,469,finish,pred,195,195,False,0,,,,,,,,1,,,,,,,
2026-09-09_Mark-Liversedge_Wrist_01__swing_0004,470,finish,pred,195,195,False,0,,,,,,,,1,,,,,,,
2026-09-09_Mark-Liversedge_Wrist_01__swing_0004,471,finish,pred,195,195,False,0,,,,,,,,1,,,,,,,
2026-09-09_Mark-Liversedge_Wrist_01__swing_0004,472,finish,pred,195,195,False,0,,,,,,,,1,,,,,,,
2026-09-09_Mark-Liversedge_Wrist_01__swing_0004,473,finish,pred,195,195,False,0,,,,,,,,1,,,,,,,
2026-09-09_Mark-Liversedge_Wrist_01__swing_0004,474,finish,pred,195,195,False,0,,,,,,,,1,,,,,,,
2026-09-09_Mark-Liversedge_Wrist_01__swing_0004,475,finish,pred,195,195,False,0,,,,,,,,1,,,,,,,
2026-09-09_Mark-Liversedge_Wrist_01__swing_0004,476,finish,pred,195,195,False,0,,,,,,,,1,,,,,,,
2026-09-09_Mark-Liversedge_Wrist_01__swing_0004,477,finish,pred,195,195,False,0,,,,,,,,1,,,,,,,
2026-09-09_Mark-Liversedge_Wrist_01__swing_0004,478,finish,pred,195,195,False,0,,,,,,,,1,,,,,,,
2026-09-09_Mark-Liversedge_Wrist_01__swing_0004,479,finish,pred,195,195,False,0,,,,,,,,1,,,,,,,
2026-09-09_Mark-Liversedge_Wrist_01__swing_0004,480,finish,pred,195,195,False,0,,,,,,,,1,,,,,,,
2026-09-09_Mark-Liversedge_Wrist_01__swing_0004,481,finish,pred,195,195,False,0,,,,,,,,1,,,,,,,
2026-09-09_Mark-Liversedge_Wrist_01__swing_0004,482,finish,pred,195,195,False,0,,,,,,,,1,,,,,,,
2026-09-09_Mark-Liversedge_Wrist_01__swing_0004,483,finish,pred,195,195,False,0,,,,,,,,1,,,,,,,
2026-09-09_Mark-Liversedge_Wrist_01__swing_0004,484,finish,pred,195,195,False,0,,,,,,,,1,,,,,,,
2026-09-09_Mark-Liversedge_Wrist_01__swing_0004,485,finish,pred,195,195,False,0,,,,,,,,1,,,,,,,
2026-09-09_Mark-Liversedge_Wrist_01__swing_0004,486,finish,pred,195,195,False,0,,,,,,,,1,,,,,,,
2026-09-09_Mark-Liversedge_Wrist_01__swing_0004,487,finish,pred,195,195,False,0,,,,,,,,1,,,,,,,
2026-09-09_Mark-Liversedge_Wrist_01__swing_0004,488,finish,pred,195,195,False,0,,,,,,,,1,,,,,,,
2026-09-09_Mark-Liversedge_Wrist_01__swing_0004,489,finish,pred,195,195,False,0,,,,,,,,1,,,,,,,
2026-09-09_Mark-Liversedge_Wrist_01__swing_0004,490,finish,pred,195,195,False,0,,,,,,,,1,,,,,,,
2026-09-09_Mark-Liversedge_Wrist_01__swing_0004,491,finish,pred,195,195,False,0,,,,,,,,1,,,,,,,
2026-09-09_Mark-Liversedge_Wrist_01__swing_0004,492,finish,pred,195,195,False,0,,,,,,,,1,,,,,,,
2026-09-09_Mark-Liversedge_Wrist_01__swing_0004,493,finish,pred,195,195,False,0,,,,,,,,1,,,,,,,
2026-09-09_Mark-Liversedge_Wrist_01__swing_0004,494,finish,pred,195,195,False,0,,,,,,,,1,,,,,,,
2026-09-09_Mark-Liversedge_Wrist_01__swing_0004,495,finish,pred,195,195,False,0,,,,,,,,1,,,,,,,
2026-09-09_Mark-Liversedge_Wrist_01__swing_0004,496,finish,pred,195,195,False,0,,,,,,,,1,,,,,,,
2026-09-09_Mark-Liversedge_Wrist_01__swing_0004,497,finish,pred,195,195,False,0,,,,,,,,1,,,,,,,
2026-09-09_Mark-Liversedge_Wrist_01__swing_0004,498,finish,pred,195,195,False,0,,,,,,,,1,,,,,,,
2026-09-09_Mark-Liversedge_Wrist_01__swing_0004,499,finish,pred,195,195,False,0,,,,,,,,1,,,,,,,
2026-09-09_Mark-Liversedge_Wrist_01__swing_0004,500,finish,pred,195,195,False,0,,,,,,,,1,,,,,,,
2026-09-09_Mark-Liversedge_Wrist_01__swing_0004,501,finish,pred,195,195,False,0,,,,,,,,1,,,,,,,
2026-09-09_Mark-Liversedge_Wrist_01__swing_0004,502,finish,pred,195,195,False,0,,,,,,,,1,,,,,,,
2026-09-09_Mark-Liversedge_Wrist_01__swing_0004,503,finish,pred,195,195,False,0,,,,,,,,1,,,,,,,
2026-09-09_Mark-Liversedge_Wrist_01__swing_0004,504,finish,pred,195,195,False,0,,,,,,,,1,,,,,,,
2026-09-09_Mark-Liversedge_Wrist_01__swing_0004,505,finish,pred,195,195,False,0,,,,,,,,1,,,,,,,
2026-09-09_Mark-Liversedge_Wrist_01__swing_0004,506,finish,pred,195,195,False,0,,,,,,,,1,,,,,,,
2026-09-09_Mark-Liversedge_Wrist_01__swing_0004,507,finish,pred,195,195,False,0,,,,,,,,1,,,,,,,
2026-09-09_Mark-Liversedge_Wrist_01__swing_0004,508,finish,pred,195,195,False,0,,,,,,,,1,,,,,,,
2026-09-09_Mark-Liversedge_Wrist_01__swing_0004,509,finish,pred,195,195,False,0,,,,,,,,1,,,,,,,
2026-09-09_Mark-Liversedge_Wrist_01__swing_0004,510,finish,pred,195,195,False,0,,,,,,,,1,,,,,,,
2026-09-09_Mark-Liversedge_Wrist_01__swing_0004,511,finish,pred,195,195,False,0,,,,,,,,1,,,,,,,
2026-09-09_Mark-Liversedge_Wrist_01__swing_0004,512,finish,pred,195,195,False,0,,,,,,,,1,,,,,,,
2026-09-09_Mark-Liversedge_Wrist_01__swing_0004,513,finish,pred,195,195,False,0,,,,,,,,1,,,,,,,
2026-09-09_Mark-Liversedge_Wrist_01__swing_0004,514,finish,pred,195,195,False,0,,,,,,,,1,,,,,,,
2026-09-09_Mark-Liversedge_Wrist_01__swing_0004,515,finish,pred,195,195,False,0,,,,,,,,1,,,,,,,
2026-09-09_Mark-Liversedge_Wrist_01__swing_0004,516,finish,pred,195,195,False,0,,,,,,,,1,,,,,,,
2026-09-09_Mark-Liversedge_Wrist_01__swing_0004,517,finish,pred,195,195,False,0,,,,,,,,1,,,,,,,
2026-09-09_Mark-Liversedge_Wrist_01__swing_0004,518,finish,pred,195,195,False,0,,,,,,,,1,,,,,,,
2026-09-09_Mark-Liversedge_Wrist_01__swing_0004,519,finish,pred,195,195,False,0,,,,,,,,1,,,,,,,
2026-09-09_Mark-Liversedge_Wrist_01__swing_0004,520,finish,pred,195,195,False,0,,,,,,,,1,,,,,,,
2026-09-09_Mark-Liversedge_Wrist_01__swing_0004,521,finish,pred,195,195,False,0,,,,,,,,1,,,,,,,
2026-09-09_Mark-Liversedge_Wrist_01__swing_0004,522,finish,pred,195,195,False,0,,,,,,,,1,,,,,,,
2026-09-09_Mark-Liversedge_Wrist_01__swing_0004,523,finish,pred,195,195,False,0,,,,,,,,1,,,,,,,
2026-09-09_Mark-Liversedge_Wrist_01__swing_0004,524,finish,pred,195,195,False,0,,,,,,,,1,,,,,,,
2026-09-09_Mark-Liversedge_Wrist_01__swing_0004,525,finish,pred,195,195,False,0,,,,,,,,1,,,,,,,
2026-09-09_Mark-Liversedge_Wrist_01__swing_0004,526,finish,pred,195,195,False,0,,,,,,,,1,,,,,,,
2026-09-09_Mark-Liversedge_Wrist_01__swing_0004,527,finish,pred,195,195,False,0,,,,,,,,1,,,,,,,
2026-09-09_Mark-Liversedge_Wrist_01__swing_0004,528,finish,pred,195,195,False,0,,,,,,,,1,,,,,,,
2026-09-09_Mark-Liversedge_Wrist_01__swing_0004,529,finish,pred,195,195,False,0,,,,,,,,1,,,,,,,
2026-09-09_Mark-Liversedge_Wrist_01__swing_0004,530,finish,pred,195,195,False,0,,,,,,,,1,,,,,,,
2026-09-09_Mark-Liversedge_Wrist_01__swing_0004,531,finish,pred,195,195,False,0,,,,,,,,1,,,,,,,
2026-09-09_Mark-Liversedge_Wrist_01__swing_0004,532,finish,pred,195,195,False,0,,,,,,,,1,,,,,,,
2026-09-09_Mark-Liversedge_Wrist_01__swing_0004,533,finish,pred,195,195,False,0,,,,,,,,1,,,,,,,
2026-09-09_Mark-Liversedge_Wrist_01__swing_0004,534,finish,pred,195,195,False,0,,,,,,,,1,,,,,,,
2026-09-09_Mark-Liversedge_Wrist_01__swing_0004,535,finish,pred,195,195,False,0,,,,,,,,1,,,,,,,
2026-09-09_Mark-Liversedge_Wrist_01__swing_0004,536,finish,pred,195,195,False,0,,,,,,,,1,,,,,,,
2026-09-09_Mark-Liversedge_Wrist_01__swing_0004,537,finish,pred,195,195,False,0,,,,,,,,1,,,,,,,
2026-09-09_Mark-Liversedge_Wrist_01__swing_0004,538,finish,pred,195,195,False,0,,,,,,,,1,,,,,,,
2026-09-09_Mark-Liversedge_Wrist_01__swing_0004,539,finish,pred,195,195,False,0,,,,,,,,1,,,,,,,
2026-09-09_Mark-Liversedge_Wrist_01__swing_0004,540,finish,pred,195,195,False,0,,,,,,,,1,,,,,,,
2026-09-09_Mark-Liversedge_Wrist_01__swing_0004,541,finish,pred,195,195,False,0,,,,,,,,1,,,,,,,
2026-09-09_Mark-Liversedge_Wrist_01__swing_0004,542,finish,pred,195,195,False,0,,,,,,,,1,,,,,,,
2026-09-09_Mark-Liversedge_Wrist_01__swing_0004,543,finish,pred,195,195,False,0,,,,,,,,1,,,,,,,
2026-09-09_Mark-Liversedge_Wrist_01__swing_0004,544,finish,pred,195,195,False,0,,,,,,,,1,,,,,,,
2026-09-09_Mark-Liversedge_Wrist_01__swing_0004,545,finish,pred,195,195,False,0,,,,,,,,1,,,,,,,
2026-09-09_Mark-Liversedge_Wrist_01__swing_0004,546,finish,pred,195,195,False,0,,,,,,,,1,,,,,,,
2026-09-09_Mark-Liversedge_Wrist_01__swing_0004,547,finish,pred,195,195,False,0,,,,,,,,1,,,,,,,
2026-09-09_Mark-Liversedge_Wrist_01__swing_0004,548,finish,pred,195,195,False,0,,,,,,,,1,,,,,,,
2026-09-09_Mark-Liversedge_Wrist_01__swing_0004,549,finish,pred,195,195,False,0,,,,,,,,1,,,,,,,
2026-09-09_Mark-Liversedge_Wrist_01__swing_0004,550,finish,pred,195,195,False,0,,,,,,,,1,,,,,,,
2026-09-09_Mark-Liversedge_Wrist_01__swing_0004,551,finish,pred,195,195,False,0,,,,,,,,1,,,,,,,
2026-09-09_Mark-Liversedge_Wrist_01__swing_0004,552,finish,pred,195,195,False,0,,,,,,,,1,,,,,,,
2026-09-09_Mark-Liversedge_Wrist_01__swing_0004,553,finish,pred,195,195,False,0,,,,,,,,1,,,,,,,
2026-09-09_Mark-Liversedge_Wrist_01__swing_0004,554,finish,pred,195,195,False,0,,,,,,,,1,,,,,,,
2026-09-09_Mark-Liversedge_Wrist_01__swing_0004,555,finish,pred,195,195,False,0,,,,,,,,1,,,,,,,
2026-09-09_Mark-Liversedge_Wrist_01__swing_0004,556,finish,pred,195,195,False,0,,,,,,,,1,,,,,,,
2026-09-09_Mark-Liversedge_Wrist_01__swing_0004,557,finish,pred,195,195,False,0,,,,,,,,1,,,,,,,
2026-09-09_Mark-Liversedge_Wrist_01__swing_0004,558,finish,pred,195,195,False,0,,,,,,,,1,,,,,,,
2026-09-09_Mark-Liversedge_Wrist_01__swing_0004,559,finish,pred,195,195,False,0,,,,,,,,1,,,,,,,
2026-09-09_Mark-Liversedge_Wrist_01__swing_0004,560,finish,pred,195,195,False,0,,,,,,,,1,,,,,,,
2026-09-09_Mark-Liversedge_Wrist_01__swing_0004,561,finish,pred,195,195,False,0,,,,,,,,1,,,,,,,
2026-09-09_Mark-Liversedge_Wrist_01__swing_0004,562,finish,pred,195,195,False,0,,,,,,,,1,,,,,,,
2026-09-09_Mark-Liversedge_Wrist_01__swing_0004,563,finish,pred,195,195,False,0,,,,,,,,1,,,,,,,
2026-09-09_Mark-Liversedge_Wrist_01__swing_0004,564,finish,pred,195,195,False,0,,,,,,,,1,,,,,,,
2026-09-09_Mark-Liversedge_Wrist_01__swing_0004,565,finish,pred,195,195,False,0,,,,,,,,1,,,,,,,
2026-09-09_Mark-Liversedge_Wrist_01__swing_0004,566,finish,pred,195,195,False,0,,,,,,,,1,,,,,,,
2026-09-09_Mark-Liversedge_Wrist_01__swing_0004,567,finish,pred,195,195,False,0,,,,,,,,1,,,,,,,
2026-09-09_Mark-Liversedge_Wrist_01__swing_0004,568,finish,pred,195,195,False,0,,,,,,,,1,,,,,,,
2026-09-09_Mark-Liversedge_Wrist_01__swing_0004,569,finish,pred,195,195,False,0,,,,,,,,1,,,,,,,
2026-09-09_Mark-Liversedge_Wrist_01__swing_0004,570,finish,pred,195,195,False,0,,,,,,,,1,,,,,,,
2026-09-09_Mark-Liversedge_Wrist_01__swing_0004,571,finish,pred,195,195,False,0,,,,,,,,1,,,,,,,
2026-09-09_Mark-Liversedge_Wrist_01__swing_0004,572,finish,pred,195,195,False,0,,,,,,,,1,,,,,,,
2026-09-09_Mark-Liversedge_Wrist_01__swing_0004,573,finish,pred,195,195,False,0,,,,,,,,1,,,,,,,
2026-09-09_Mark-Liversedge_Wrist_01__swing_0004,574,finish,pred,195,195,False,0,,,,,,,,1,,,,,,,
2026-09-09_Mark-Liversedge_Wrist_01__swing_0004,575,finish,pred,195,195,False,0,,,,,,,,1,,,,,,,
2026-09-09_Mark-Liversedge_Wrist_01__swing_0004,576,finish,pred,195,195,False,0,,,,,,,,1,,,,,,,
2026-09-09_Mark-Liversedge_Wrist_01__swing_0004,577,finish,pred,195,195,False,0,,,,,,,,1,,,,,,,
2026-09-09_Mark-Liversedge_Wrist_01__swing_0004,578,finish,pred,195,195,False,0,,,,,,,,1,,,,,,,
2026-09-09_Mark-Liversedge_Wrist_01__swing_0004,579,finish,pred,195,195,False,0,,,,,,,,1,,,,,,,
2026-09-09_Mark-Liversedge_Wrist_01__swing_0004,580,finish,pred,195,195,False,0,,,,,,,,1,,,,,,,
2026-09-09_Mark-Liversedge_Wrist_01__swing_0004,581,finish,pred,195,195,False,0,,,,,,,,1,,,,,,,
2026-09-09_Mark-Liversedge_Wrist_01__swing_0004,582,finish,pred,195,195,False,0,,,,,,,,1,,,,,,,
2026-09-09_Mark-Liversedge_Wrist_01__swing_0004,583,finish,pred,195,195,False,0,,,,,,,,1,,,,,,,
2026-09-09_Mark-Liversedge_Wrist_01__swing_0004,584,finish,pred,195,195,False,0,,,,,,,,1,,,,,,,
2026-09-09_Mark-Liversedge_Wrist_01__swing_0004,585,finish,pred,195,195,False,0,,,,,,,,1,,,,,,,
2026-09-09_Mark-Liversedge_Wrist_01__swing_0004,586,finish,pred,195,195,False,0,,,,,,,,1,,,,,,,
2026-09-09_Mark-Liversedge_Wrist_01__swing_0004,587,finish,pred,195,195,False,0,,,,,,,,1,,,,,,,
2026-09-09_Mark-Liversedge_Wrist_01__swing_0004,588,finish,pred,195,195,False,0,,,,,,,,1,,,,,,,
2026-09-09_Mark-Liversedge_Wrist_01__swing_0005,0,addr,pred,88,88,False,0,,,,,,,,0,,,,,,,
2026-09-09_Mark-Liversedge_Wrist_01__swing_0005,1,addr,pred,88,88,False,0,,,,,,,,0,,,,,,,
2026-09-09_Mark-Liversedge_Wrist_01__swing_0005,2,addr,pred,88,88,False,0,,,,,,,,0,,,,,,,
2026-09-09_Mark-Liversedge_Wrist_01__swing_0005,3,addr,pred,88,88,False,0,,,,,,,,0,,,,,,,
2026-09-09_Mark-Liversedge_Wrist_01__swing_0005,4,addr,pred,88,88,False,0,,,,,,,,0,,,,,,,
2026-09-09_Mark-Liversedge_Wrist_01__swing_0005,5,addr,pred,88,88,False,0,,,,,,,,0,,,,,,,
2026-09-09_Mark-Liversedge_Wrist_01__swing_0005,6,addr,pred,88,88,False,0,,,,,,,,0,,,,,,,
2026-09-09_Mark-Liversedge_Wrist_01__swing_0005,7,addr,pred,88,88,False,0,,,,,,,,0,,,,,,,
2026-09-09_Mark-Liversedge_Wrist_01__swing_0005,8,addr,pred,88,88,False,0,,,,,,,,0,,,,,,,
2026-09-09_Mark-Liversedge_Wrist_01__swing_0005,9,addr,pred,88,88,False,0,,,,,,,,0,,,,,,,
2026-09-09_Mark-Liversedge_Wrist_01__swing_0005,10,addr,pred,88,88,False,0,,,,,,,,0,,,,,,,
2026-09-09_Mark-Liversedge_Wrist_01__swing_0005,11,addr,pred,88,88,False,0,,,,,,,,0,,,,,,,
2026-09-09_Mark-Liversedge_Wrist_01__swing_0005,12,addr,pred,88,88,False,0,,,,,,,,0,,,,,,,
2026-09-09_Mark-Liversedge_Wrist_01__swing_0005,13,addr,pred,88,88,False,0,,,,,,,,0,,,,,,,
2026-09-09_Mark-Liversedge_Wrist_01__swing_0005,14,addr,pred,88,88,False,0,,,,,,,,0,,,,,,,
2026-09-09_Mark-Liversedge_Wrist_01__swing_0005,15,addr,pred,88,88,False,0,,,,,,,,0,,,,,,,
2026-09-09_Mark-Liversedge_Wrist_01__swing_0005,16,addr,pred,88,88,False,0,,,,,,,,0,,,,,,,
2026-09-09_Mark-Liversedge_Wrist_01__swing_0005,17,addr,pred,88,88,False,0,,,,,,,,0,,,,,,,
2026-09-09_Mark-Liversedge_Wrist_01__swing_0005,18,addr,pred,88,88,False,0,,,,,,,,0,,,,,,,
2026-09-09_Mark-Liversedge_Wrist_01__swing_0005,19,addr,pred,88,88,False,0,,,,,,,,0,,,,,,,
2026-09-09_Mark-Liversedge_Wrist_01__swing_0005,20,addr,pred,88,88,False,0,,,,,,,,0,,,,,,,
2026-09-09_Mark-Liversedge_Wrist_01__swing_0005,21,addr,pred,88,88,False,0,,,,,,,,0,,,,,,,
2026-09-09_Mark-Liversedge_Wrist_01__swing_0005,22,addr,pred,88,88,False,0,,,,,,,,0,,,,,,,
2026-09-09_Mark-Liversedge_Wrist_01__swing_0005,23,addr,pred,88,88,False,0,,,,,,,,0,,,,,,,
2026-09-09_Mark-Liversedge_Wrist_01__swing_0005,24,addr,pred,88,88,False,0,,,,,,,,0,,,,,,,
2026-09-09_Mark-Liversedge_Wrist_01__swing_0005,25,addr,pred,88,88,False,0,,,,,,,,0,,,,,,,
2026-09-09_Mark-Liversedge_Wrist_01__swing_0005,26,addr,pred,88,88,False,0,,,,,,,,0,,,,,,,
2026-09-09_Mark-Liversedge_Wrist_01__swing_0005,27,addr,pred,88,88,False,0,,,,,,,,0,,,,,,,
2026-09-09_Mark-Liversedge_Wrist_01__swing_0005,28,addr,pred,88,88,False,0,,,,,,,,0,,,,,,,
2026-09-09_Mark-Liversedge_Wrist_01__swing_0005,29,addr,pred,88,88,False,0,,,,,,,,0,,,,,,,
2026-09-09_Mark-Liversedge_Wrist_01__swing_0005,30,addr,pred,88,88,False,0,,,,,,,,0,,,,,,,
2026-09-09_Mark-Liversedge_Wrist_01__swing_0005,31,addr,pred,88,88,False,0,,,,,,,,0,,,,,,,
2026-09-09_Mark-Liversedge_Wrist_01__swing_0005,32,addr,pred,88,88,False,0,,,,,,,,0,,,,,,,
2026-09-09_Mark-Liversedge_Wrist_01__swing_0005,33,addr,pred,88,88,False,0,,,,,,,,0,,,,,,,
2026-09-09_Mark-Liversedge_Wrist_01__swing_0005,34,addr,pred,88,88,False,0,,,,,,,,0,,,,,,,
2026-09-09_Mark-Liversedge_Wrist_01__swing_0005,35,addr,pred,88,88,False,0,,,,,,,,0,,,,,,,
2026-09-09_Mark-Liversedge_Wrist_01__swing_0005,36,addr,pred,88,88,False,0,,,,,,,,0,,,,,,,
2026-09-09_Mark-Liversedge_Wrist_01__swing_0005,37,addr,pred,88,88,False,0,,,,,,,,0,,,,,,,
2026-09-09_Mark-Liversedge_Wrist_01__swing_0005,38,addr,pred,88,88,False,0,,,,,,,,0,,,,,,,
2026-09-09_Mark-Liversedge_Wrist_01__swing_0005,39,addr,pred,88,88,False,0,,,,,,,,0,,,,,,,
2026-09-09_Mark-Liversedge_Wrist_01__swing_0005,40,addr,pred,88,88,False,0,,,,,,,,0,,,,,,,
2026-09-09_Mark-Liversedge_Wrist_01__swing_0005,41,addr,pred,88,88,False,0,,,,,,,,0,,,,,,,
2026-09-09_Mark-Liversedge_Wrist_01__swing_0005,42,addr,pred,88,88,False,0,,,,,,,,0,,,,,,,
2026-09-09_Mark-Liversedge_Wrist_01__swing_0005,43,addr,pred,88,88,False,0,,,,,,,,0,,,,,,,
2026-09-09_Mark-Liversedge_Wrist_01__swing_0005,44,addr,pred,88,88,False,0,,,,,,,,0,,,,,,,
2026-09-09_Mark-Liversedge_Wrist_01__swing_0005,45,addr,pred,88,88,False,0,,,,,,,,0,,,,,,,
2026-09-09_Mark-Liversedge_Wrist_01__swing_0005,46,addr,pred,88,88,False,0,,,,,,,,0,,,,,,,
2026-09-09_Mark-Liversedge_Wrist_01__swing_0005,47,addr,pred,88,88,False,0,,,,,,,,0,,,,,,,
2026-09-09_Mark-Liversedge_Wrist_01__swing_0005,48,addr,pred,88,88,False,0,,,,,,,,0,,,,,,,
2026-09-09_Mark-Liversedge_Wrist_01__swing_0005,49,addr,pred,88,88,False,0,,,,,,,,0,,,,,,,
2026-09-09_Mark-Liversedge_Wrist_01__swing_0005,50,addr,pred,88,88,False,0,,,,,,,,0,,,,,,,
2026-09-09_Mark-Liversedge_Wrist_01__swing_0005,51,addr,pred,88,88,False,0,,,,,,,,0,,,,,,,
2026-09-09_Mark-Liversedge_Wrist_01__swing_0005,52,addr,pred,88,88,False,0,,,,,,,,0,,,,,,,
2026-09-09_Mark-Liversedge_Wrist_01__swing_0005,53,addr,pred,88,88,False,0,,,,,,,,0,,,,,,,
2026-09-09_Mark-Liversedge_Wrist_01__swing_0005,54,addr,pred,88,88,False,0,,,,,,,,0,,,,,,,
2026-09-09_Mark-Liversedge_Wrist_01__swing_0005,55,addr,pred,88,88,False,0,,,,,,,,0,,,,,,,
2026-09-09_Mark-Liversedge_Wrist_01__swing_0005,56,addr,pred,88,88,False,0,,,,,,,,0,,,,,,,
2026-09-09_Mark-Liversedge_Wrist_01__swing_0005,57,addr,pred,88,88,False,0,,,,,,,,0,,,,,,,
2026-09-09_Mark-Liversedge_Wrist_01__swing_0005,58,addr,pred,88,88,False,0,,,,,,,,0,,,,,,,
2026-09-09_Mark-Liversedge_Wrist_01__swing_0005,59,addr,pred,88,88,False,0,,,,,,,,0,,,,,,,
2026-09-09_Mark-Liversedge_Wrist_01__swing_0005,60,addr,pred,88,88,False,0,,,,,,,,0,,,,,,,
2026-09-09_Mark-Liversedge_Wrist_01__swing_0005,61,addr,pred,88,88,False,0,,,,,,,,0,,,,,,,
2026-09-09_Mark-Liversedge_Wrist_01__swing_0005,62,addr,pred,88,88,False,0,,,,,,,,0,,,,,,,
2026-09-09_Mark-Liversedge_Wrist_01__swing_0005,63,addr,pred,88,88,False,0,,,,,,,,0,,,,,,,
2026-09-09_Mark-Liversedge_Wrist_01__swing_0005,64,addr,pred,88,88,False,0,,,,,,,,0,,,,,,,
2026-09-09_Mark-Liversedge_Wrist_01__swing_0005,65,addr,pred,88,88,False,0,,,,,,,,0,,,,,,,
2026-09-09_Mark-Liversedge_Wrist_01__swing_0005,66,addr,pred,88,88,False,0,,,,,,,,0,,,,,,,
2026-09-09_Mark-Liversedge_Wrist_01__swing_0005,67,addr,pred,88,88,False,0,,,,,,,,0,,,,,,,
2026-09-09_Mark-Liversedge_Wrist_01__swing_0005,68,addr,pred,88,88,False,0,,,,,,,,0,,,,,,,
2026-09-09_Mark-Liversedge_Wrist_01__swing_0005,69,addr,pred,88,88,False,0,,,,,,,,0,,,,,,,
2026-09-09_Mark-Liversedge_Wrist_01__swing_0005,70,addr,pred,88,88,False,0,,,,,,,,0,,,,,,,
2026-09-09_Mark-Liversedge_Wrist_01__swing_0005,71,addr,pred,88,88,False,0,,,,,,,,0,,,,,,,
2026-09-09_Mark-Liversedge_Wrist_01__swing_0005,72,addr,pred,88,88,False,0,,,,,,,,0,,,,,,,
2026-09-09_Mark-Liversedge_Wrist_01__swing_0005,73,addr,pred,88,88,False,0,,,,,,,,0,,,,,,,
2026-09-09_Mark-Liversedge_Wrist_01__swing_0005,74,addr,pred,88,88,False,0,,,,,,,,0,,,,,,,
2026-09-09_Mark-Liversedge_Wrist_01__swing_0005,75,addr,pred,88,88,False,0,,,,,,,,0,,,,,,,
2026-09-09_Mark-Liversedge_Wrist_01__swing_0005,76,addr,pred,88,88,False,0,,,,,,,,0,,,,,,,
2026-09-09_Mark-Liversedge_Wrist_01__swing_0005,77,addr,pred,88,88,False,0,,,,,,,,0,,,,,,,
2026-09-09_Mark-Liversedge_Wrist_01__swing_0005,78,addr,pred,88,88,False,0,,,,,,,,0,,,,,,,
2026-09-09_Mark-Liversedge_Wrist_01__swing_0005,79,addr,pred,88,88,False,0,,,,,,,,0,,,,,,,
2026-09-09_Mark-Liversedge_Wrist_01__swing_0005,80,addr,pred,88,88,False,0,,,,,,,,0,,,,,,,
2026-09-09_Mark-Liversedge_Wrist_01__swing_0005,81,addr,pred,88,88,False,0,,,,,,,,0,,,,,,,
2026-09-09_Mark-Liversedge_Wrist_01__swing_0005,82,addr,pred,88,88,False,0,,,,,,,,0,,,,,,,
2026-09-09_Mark-Liversedge_Wrist_01__swing_0005,83,addr,pred,88,88,False,0,,,,,,,,0,,,,,,,
2026-09-09_Mark-Liversedge_Wrist_01__swing_0005,84,addr,pred,88,88,False,0,,,,,,,,0,,,,,,,
2026-09-09_Mark-Liversedge_Wrist_01__swing_0005,85,addr,pred,88,88,False,0,,,,,,,,0,,,,,,,
2026-09-09_Mark-Liversedge_Wrist_01__swing_0005,86,addr,pred,88,88,False,0,,,,,,,,0,,,,,,,
2026-09-09_Mark-Liversedge_Wrist_01__swing_0005,87,addr,pred,88,88,False,0,,,,,,,,0,,,,,,,
2026-09-09_Mark-Liversedge_Wrist_01__swing_0005,88,addr,pred,88,88,False,0,,,,,,,,0,,,,,,,
2026-09-09_Mark-Liversedge_Wrist_01__swing_0005,89,addr,pred,88,88,False,0,,,,,,,,0,,,,,,,
2026-09-09_Mark-Liversedge_Wrist_01__swing_0005,90,addr,pred,88,88,False,0,,,,,,,,0,,,,,,,
2026-09-09_Mark-Liversedge_Wrist_01__swing_0005,91,addr,pred,88,88,False,0,,,,,,,,0,,,,,,,
2026-09-09_Mark-Liversedge_Wrist_01__swing_0005,92,addr,pred,88,88,False,0,,,,,,,,0,,,,,,,
2026-09-09_Mark-Liversedge_Wrist_01__swing_0005,93,addr,pred,88,88,False,0,,,,,,,,0,,,,,,,
2026-09-09_Mark-Liversedge_Wrist_01__swing_0005,94,addr,pred,88,88,False,0,,,,,,,,0,,,,,,,
2026-09-09_Mark-Liversedge_Wrist_01__swing_0005,95,addr,pred,88,88,False,0,,,,,,,,0,,,,,,,
2026-09-09_Mark-Liversedge_Wrist_01__swing_0005,96,addr,pred,88,88,False,0,,,,,,,,0,,,,,,,
2026-09-09_Mark-Liversedge_Wrist_01__swing_0005,97,addr,pred,88,88,False,0,,,,,,,,0,,,,,,,
2026-09-09_Mark-Liversedge_Wrist_01__swing_0005,98,addr,pred,88,88,False,0,,,,,,,,0,,,,,,,
2026-09-09_Mark-Liversedge_Wrist_01__swing_0005,99,addr,pred,88,88,False,0,,,,,,,,0,,,,,,,
2026-09-09_Mark-Liversedge_Wrist_01__swing_0005,100,addr,pred,88,88,False,0,,,,,,,,0,,,,,,,
2026-09-09_Mark-Liversedge_Wrist_01__swing_0005,101,addr,pred,88,88,False,0,,,,,,,,0,,,,,,,
2026-09-09_Mark-Liversedge_Wrist_01__swing_0005,102,addr,pred,88,88,False,0,,,,,,,,0,,,,,,,
2026-09-09_Mark-Liversedge_Wrist_01__swing_0005,103,addr,pred,88,88,False,0,,,,,,,,0,,,,,,,
2026-09-09_Mark-Liversedge_Wrist_01__swing_0005,104,addr,pred,88,88,False,0,,,,,,,,0,,,,,,,
2026-09-09_Mark-Liversedge_Wrist_01__swing_0005,105,addr,pred,88,88,False,0,,,,,,,,0,,,,,,,
2026-09-09_Mark-Liversedge_Wrist_01__swing_0005,106,addr,pred,88,88,False,0,,,,,,,,0,,,,,,,
2026-09-09_Mark-Liversedge_Wrist_01__swing_0005,107,addr,pred,88,88,False,0,,,,,,,,0,,,,,,,
2026-09-09_Mark-Liversedge_Wrist_01__swing_0005,108,addr,pred,88,88,False,0,,,,,,,,0,,,,,,,
2026-09-09_Mark-Liversedge_Wrist_01__swing_0005,109,addr,pred,88,88,False,0,,,,,,,,0,,,,,,,
2026-09-09_Mark-Liversedge_Wrist_01__swing_0005,110,addr,pred,88,88,False,0,,,,,,,,0,,,,,,,
2026-09-09_Mark-Liversedge_Wrist_01__swing_0005,111,addr,pred,88,88,False,0,,,,,,,,0,,,,,,,
2026-09-09_Mark-Liversedge_Wrist_01__swing_0005,112,addr,pred,88,88,False,0,,,,,,,,0,,,,,,,
2026-09-09_Mark-Liversedge_Wrist_01__swing_0005,113,addr,pred,88,88,False,0,,,,,,,,0,,,,,,,
2026-09-09_Mark-Liversedge_Wrist_01__swing_0005,114,addr,pred,88,88,False,0,,,,,,,,0,,,,,,,
2026-09-09_Mark-Liversedge_Wrist_01__swing_0005,115,addr,pred,88,88,False,0,,,,,,,,0,,,,,,,
2026-09-09_Mark-Liversedge_Wrist_01__swing_0005,116,addr,pred,88,88,False,0,,,,,,,,0,,,,,,,
2026-09-09_Mark-Liversedge_Wrist_01__swing_0005,117,addr,pred,88,88,False,0,,,,,,,,0,,,,,,,
2026-09-09_Mark-Liversedge_Wrist_01__swing_0005,118,addr,pred,88,88,False,0,,,,,,,,0,,,,,,,
2026-09-09_Mark-Liversedge_Wrist_01__swing_0005,119,addr,ray,88,88,True,0,,,,,,,,0,,,,,,,
2026-09-09_Mark-Liversedge_Wrist_01__swing_0005,120,addr,ray,88,88,True,0,,,,,,,,0,,,,,,,
2026-09-09_Mark-Liversedge_Wrist_01__swing_0005,121,addr,ray,88,88,True,0,,,,,,,,0,,,,,,,
2026-09-09_Mark-Liversedge_Wrist_01__swing_0005,122,addr,ray,88,88,True,0,,,,,,,,0,,,,,,,
2026-09-09_Mark-Liversedge_Wrist_01__swing_0005,123,addr,ray,88,88,True,0,,,,,,,,0,,,,,,,
2026-09-09_Mark-Liversedge_Wrist_01__swing_0005,124,addr,ray,88,88,True,0,,,,,,,,0,,,,,,,
2026-09-09_Mark-Liversedge_Wrist_01__swing_0005,125,addr,ray,88,88,True,0,,,,,,,,0,,,,,,,
2026-09-09_Mark-Liversedge_Wrist_01__swing_0005,126,addr,ray,88,88,True,0,,,,,,,,0,,,,,,,
2026-09-09_Mark-Liversedge_Wrist_01__swing_0005,127,addr,ray,88,88,True,0,,,,,,,,0,,,,,,,
2026-09-09_Mark-Liversedge_Wrist_01__swing_0005,128,addr,pred,88,88,True,0,,,,,,,,0,,,,,,,
2026-09-09_Mark-Liversedge_Wrist_01__swing_0005,129,addr,ray,88,88,True,0,,,,,,,,0,,,,,,,
2026-09-09_Mark-Liversedge_Wrist_01__swing_0005,130,addr,ray,88,88,True,0,,,,,,,,0,,,,,,,
2026-09-09_Mark-Liversedge_Wrist_01__swing_0005,131,addr,ray,88,88,True,0,,,,,,,,0,,,,,,,
2026-09-09_Mark-Liversedge_Wrist_01__swing_0005,132,addr,ray,88,88,True,0,,,,,,,,0,,,,,,,
2026-09-09_Mark-Liversedge_Wrist_01__swing_0005,133,addr,ray,85,85,True,0,,,,,,,,0,,,,,,,
2026-09-09_Mark-Liversedge_Wrist_01__swing_0005,134,back,ray,85,85,True,0,,,,,,,,1,,,,,,,
2026-09-09_Mark-Liversedge_Wrist_01__swing_0005,135,back,seg,85,85,True,1,1,86,0.30196627974510193,167.01394653320312,2,0.6666666865348816,2,9,16,231,2,,,,
2026-09-09_Mark-Liversedge_Wrist_01__swing_0005,136,back,ray,85,85,True,0,,,,,,,,7,,,,,,,
2026-09-09_Mark-Liversedge_Wrist_01__swing_0005,137,back,seg,85,85,True,1,1,84.5,0.24848484992980957,147.56097412109375,2,0.6181818246841431,1,9,18,182,2,,,,
2026-09-09_Mark-Liversedge_Wrist_01__swing_0005,138,back,seg,85,85,True,1,1,86,0.233146071434021,22.698795318603516,2,0.7305389046669006,2,9,46,212,2,,,,
2026-09-09_Mark-Liversedge_Wrist_01__swing_0005,139,back,seg,85,85,True,1,1,85,0.23033708333969116,33.317073822021484,2,0.7454545497894287,2,9,43,207,2,,,,
2026-09-09_Mark-Liversedge_Wrist_01__swing_0005,140,back,seg,85,85,True,1,1,84.5,0.23033708333969116,46.34146499633789,2,0.7454545497894287,2,9,40,204,2,,,,
2026-09-09_Mark-Liversedge_Wrist_01__swing_0005,141,back,seg,85,85,True,1,1,86,0.233146071434021,-24.4819278717041,2,0.742514967918396,2,9,57,223,2,,,,
2026-09-09_Mark-Liversedge_Wrist_01__swing_0005,142,back,seg,85,85,True,1,1,85,0.27878788113594055,133.9130401611328,2,0.6108108162879944,1,9,24,208,2,,,,
2026-09-09_Mark-Liversedge_Wrist_01__swing_0005,143,back,ray,85,85,True,0,,,,,,,,4,,,,,,,
2026-09-09_Mark-Liversedge_Wrist_01__swing_0005,144,back,ray,85,85,True,0,,,,,,,,1,,,,,,,
2026-09-09_Mark-Liversedge_Wrist_01__swing_0005,145,back,seg,85,85,True,1,1,86,0.2991572916507721,72.9201889038086,2,0.663551390171051,2,9,44,257,2,,,,
2026-09-09_Mark-Liversedge_Wrist_01__swing_0005,146,back,seg,85,85,True,2,2,84.5,0.21833333373069763,147.17556762695312,1,0.6486486196517944,1,9,-1,160,0,,,,
2026-09-09_Mark-Liversedge_Wrist_01__swing_0005,147,back,ray,85,85,True,0,,,,,,,,7,,,,,,,
2026-09-09_Mark-Liversedge_Wrist_01__swing_0005,148,back,seg,85,85,True,1,1,84.5,0.20606060326099396,-22.647058486938477,2,0.6715328693389893,1,9,50,186,2,,,,
2026-09-09_Mark-Liversedge_Wrist_01__swing_0005,149,back,seg,85,85,True,1,1,84,0.20505617558956146,-28.71232795715332,2,0.7346938848495483,2,9,51,197,2,,,,
2026-09-09_Mark-Liversedge_Wrist_01__swing_0005,150,back,seg,85,85,True,2,2,84,0.21833333373069763,25.129772186279297,1,0.6896551847457886,2,9,-1,198,0,,,,
2026-09-09_Mark-Liversedge_Wrist_01__swing_0005,151,back,seg,85,85,True,2,2,84,0.21833333373069763,20.549619674682617,1,0.6800000071525574,2,9,-1,199,0,,,,
2026-09-09_Mark-Liversedge_Wrist_01__swing_0005,152,back,seg,85,85,True,2,2,84,0.21833333373069763,15.969467163085938,1,0.694915235042572,2,9,-1,200,0,,,,
2026-09-09_Mark-Liversedge_Wrist_01__swing_0005,153,back,ray,85,85,True,0,,,,,,,,7,,,,,,,
2026-09-09_Mark-Liversedge_Wrist_01__swing_0005,154,back,ray,85,85,True,0,,,,,,,,7,,,,,,,
2026-09-09_Mark-Liversedge_Wrist_01__swing_0005,155,back,seg,85,85,True,2,2,86,0.21833333373069763,61.770992279052734,1,0.834319531917572,3,9,-1,190,0,,,,
2026-09-09_Mark-Liversedge_Wrist_01__swing_0005,156,back,ray,85,85,True,0,,,,,,,,1,,,,,,,
2026-09-09_Mark-Liversedge_Wrist_01__swing_0005,157,back,seg,85,85,True,1,1,85.5,0.3060606122016907,50.0990104675293,2,0.6502463221549988,1,9,52,254,2,,,,
2026-09-09_Mark-Liversedge_Wrist_01__swing_0005,158,back,seg,85,85,True,2,2,85.5,0.21833333373069763,148.7938995361328,1,0.8035714030265808,3,9,-1,171,0,,,,
2026-09-09_Mark-Liversedge_Wrist_01__swing_0005,159,back,seg,85,85,True,1,1,84,0.2345505654811859,-10.227544784545898,2,0.75,2,9,54,221,2,,,,
2026-09-09_Mark-Liversedge_Wrist_01__swing_0005,160,back,seg,85,85,True,2,2,85,0.21833333373069763,11.389314651489258,1,0.7078651785850525,3,9,-1,201,0,,,,
2026-09-09_Mark-Liversedge_Wrist_01__swing_0005,161,back,seg,85,85,True,2,2,84,0.21833333373069763,20.549619674682617,1,0.700564980506897,2,9,-1,199,0,,,,
2026-09-09_Mark-Liversedge_Wrist_01__swing_0005,162,back,seg,85,85,True,2,2,85,0.21833333373069763,11.389314651489258,1,0.6871508359909058,3,9,-1,201,0,,,,
2026-09-09_Mark-Liversedge_Wrist_01__swing_0005,163,back,seg,85,85,True,2,2,84.5,0.21833333373069763,15.969467163085938,1,0.7078651785850525,3,9,-1,200,0,,,,
2026-09-09_Mark-Liversedge_Wrist_01__swing_0005,164,back,seg,85,85,True,2,2,84,0.21833333373069763,25.129772186279297,1,0.7034883499145508,2,9,-1,198,0,,,,
2026-09-09_Mark-Liversedge_Wrist_01__swing_0005,165,back,ray,85,85,True,0,,,,,,,,7,,,,,,,
2026-09-09_Mark-Liversedge_Wrist_01__swing_0005,166,back,seg,85,85,True,2,2,84.5,0.21833333373069763,162.5343475341797,1,0.7333333492279053,3,9,-1,168,0,,,,
2026-09-09_Mark-Liversedge_Wrist_01__swing_0005,167,back,seg,85,85,True,1,1,84.5,0.36500000953674316,241.64382934570312,2,0.6590909361839294,1,9,14,233,1,,,,
2026-09-09_Mark-Liversedge_Wrist_01__swing_0005,168,back,ray,85,85,True,0,,,,,,,,7,,,,,,,
2026-09-09_Mark-Liversedge_Wrist_01__swing_0005,169,back,ray,85,85,True,0,,,,,,,,7,,,,,,,
2026-09-09_Mark-Liversedge_Wrist_01__swing_0005,170,back,seg,85,85,True,2,2,85.5,0.21833333373069763,43.450382232666016,1,0.7904191613197327,3,9,-1,194,0,,,,
2026-09-09_Mark-Liversedge_Wrist_01__swing_0005,171,back,seg,85,85,True,1,1,85.5,0.26533743739128113,215.93063354492188,2,0.8390804529190063,3,9,17,190,1,,,,
2026-09-09_Mark-Liversedge_Wrist_01__swing_0005,172,back,seg,85,85,True,2,2,85,0.21833333373069763,46.41221618652344,1,0.692307710647583,1,9,-1,182,0,,,,
2026-09-09_Mark-Liversedge_Wrist_01__swing_0005,173,back,seg,85,85,True,2,2,85,0.21833333373069763,153.37405395507812,1,0.802395224571228,3,9,-1,170,0,,,,
2026-09-09_Mark-Liversedge_Wrist_01__swing_0005,174,back,seg,85,85,True,2,2,84.5,0.21833333373069763,217.49618530273438,1,0.6993464231491089,3,9,-1,156,0,,,,
2026-09-09_Mark-Liversedge_Wrist_01__swing_0005,175,back,ray,85,85,True,0,,,,,,,,7,,,,,,,
2026-09-09_Mark-Liversedge_Wrist_01__swing_0005,176,back,seg,85,85,True,1,1,84,0.2415730357170105,108.23255920410156,2,0.7572254538536072,3,9,27,199,2,,,,
2026-09-09_Mark-Liversedge_Wrist_01__swing_0005,177,back,ray,85,85,True,0,,,,,,,,7,,,,,,,
2026-09-09_Mark-Liversedge_Wrist_01__swing_0005,178,back,ray,85,85,True,0,,,,,,,,7,,,,,,,
2026-09-09_Mark-Liversedge_Wrist_01__swing_0005,179,back,seg,85,85,True,1,1,84.5,0.2916666567325592,225.14285278320312,2,0.8011363744735718,1,9,16,191,1,,,,
2026-09-09_Mark-Liversedge_Wrist_01__swing_0005,180,back,ray,85,85,True,0,,,,,,,,7,,,,,,,
2026-09-09_Mark-Liversedge_Wrist_01__swing_0005,181,back,seg,85,85,True,2,2,84.5,0.21833333373069763,9.770994186401367,1,0.7037037014961243,1,9,-1,190,0,,,,
2026-09-09_Mark-Liversedge_Wrist_01__swing_0005,182,back,seg,85,85,True,2,2,84,0.21833333373069763,153.37405395507812,1,0.7485029697418213,3,9,-1,170,0,,,,
2026-09-09_Mark-Liversedge_Wrist_01__swing_0005,183,back,ray,85,85,True,0,,,,,,,,7,,,,,,,
2026-09-09_Mark-Liversedge_Wrist_01__swing_0005,184,back,seg,85,85,True,2,2,84,0.21833333373069763,34.290077209472656,1,0.719298243522644,2,9,-1,196,0,,,,
2026-09-09_Mark-Liversedge_Wrist_01__swing_0005,185,back,seg,85,85,True,2,2,84,0.21833333373069763,29.709924697875977,1,0.7093023061752319,2,9,-1,197,0,,,,
2026-09-09_Mark-Liversedge_Wrist_01__swing_0005,186,back,seg,85,85,True,2,2,84.5,0.21833333373069763,15.969467163085938,1,0.7183908224105835,3,9,-1,200,0,,,,
2026-09-09_Mark-Liversedge_Wrist_01__swing_0005,187,back,seg,85,85,True,2,2,84.5,0.21833333373069763,11.389314651489258,1,0.7314285635948181,3,9,-1,201,0,,,,
2026-09-09_Mark-Liversedge_Wrist_01__swing_0005,188,back,seg,85,85,True,2,2,84.5,0.21833333373069763,6.809162139892578,1,0.7257142663002014,3,9,-1,202,0,,,,
2026-09-09_Mark-Liversedge_Wrist_01__swing_0005,189,back,ray,85,85,True,0,,,,,,,,7,,,,,,,
2026-09-09_Mark-Liversedge_Wrist_01__swing_0005,190,back,ray,85,85,True,0,,,,,,,,7,,,,,,,
2026-09-09_Mark-Liversedge_Wrist_01__swing_0005,191,back,seg,85,85,True,2,2,84,0.21833333373069763,9.770994186401367,1,0.6502057909965515,1,9,-1,190,0,,,,
2026-09-09_Mark-Liversedge_Wrist_01__swing_0005,192,back,ray,85,85,True,0,,,,,,,,7,,,,,,,
2026-09-09_Mark-Liversedge_Wrist_01__swing_0005,193,back,seg,85,85,True,2,2,84,0.21833333373069763,0.6106886267662048,1,0.6707819104194641,1,9,-1,192,0,,,,
2026-09-09_Mark-Liversedge_Wrist_01__swing_0005,194,back,ray,85,85,True,0,,,,,,,,7,,,,,,,
2026-09-09_Mark-Liversedge_Wrist_01__swing_0005,195,back,ray,85,85,True,0,,,,,,,,7,,,,,,,
2026-09-09_Mark-Liversedge_Wrist_01__swing_0005,196,back,seg,85,85,True,1,1,85,0.09969325363636017,99.44615173339844,2,0.9696969985961914,3,9,18,83,1,,,,
2026-09-09_Mark-Liversedge_Wrist_01__swing_0005,197,back,seg,85,85,True,1,1,84,0.22575756907463074,51.677852630615234,2,0.6133333444595337,1,9,38,187,2,,,,
2026-09-09_Mark-Liversedge_Wrist_01__swing_0005,198,back,seg,85,85,True,1,1,84,0.2247191071510315,46.45000076293945,2,0.7142857313156128,3,9,39,199,2,,,,
2026-09-09_Mark-Liversedge_Wrist_01__swing_0005,199,back,seg,85,85,True,2,2,84.5,0.21833333373069763,18.931299209594727,1,0.6918238997459412,1,9,-1,188,0,,,,
2026-09-09_Mark-Liversedge_Wrist_01__swing_0005,200,back,seg,85,85,True,2,2,84,0.21833333373069763,25.129772186279297,1,0.7558139562606812,2,9,-1,198,0,,,,
2026-09-09_Mark-Liversedge_Wrist_01__swing_0005,201,back,ray,86,86,True,0,,,,,,,,7,,,,,,,
2026-09-09_Mark-Liversedge_Wrist_01__swing_0005,202,back,seg,87,87,True,2,2,87,0.21833333373069763,115.114501953125,1,0.6484017968177795,1,9,-1,167,0,,,,
2026-09-09_Mark-Liversedge_Wrist_01__swing_0005,203,back,seg,87,87,True,1,1,86,0.21910113096237183,133.2820587158203,2,0.8280254602432251,3,9,19,175,2,,,,
2026-09-09_Mark-Liversedge_Wrist_01__swing_0005,204,back,seg,87,87,True,1,1,86.5,0.2977527976036072,38.641510009765625,2,0.6760563254356384,2,9,54,266,2,,,,
2026-09-09_Mark-Liversedge_Wrist_01__swing_0005,205,back,seg,87,87,True,1,1,88,0.30196627974510193,84.22325897216797,2,0.7175925970077515,2,9,41,256,2,,,,
2026-09-09_Mark-Liversedge_Wrist_01__swing_0005,206,back,seg,87,87,True,1,1,88,0.300561785697937,123.5140151977539,2,0.7209302186965942,2,9,29,243,2,,,,
2026-09-09_Mark-Liversedge_Wrist_01__swing_0005,207,back,seg,87,87,True,1,1,86,0.18333333730697632,72.7272720336914,2,0.7786885499954224,1,9,27,148,2,,,,
2026-09-09_Mark-Liversedge_Wrist_01__swing_0005,208,back,seg,87,87,True,1,1,86,0.18484848737716675,144.26229858398438,2,0.7886179089546204,1,9,14,136,2,,,,
2026-09-09_Mark-Liversedge_Wrist_01__swing_0005,209,back,seg,87,87,True,1,1,87,0.2851123511791229,170.89654541015625,2,0.6813725233078003,2,9,14,217,2,,,,
2026-09-09_Mark-Liversedge_Wrist_01__swing_0005,210,back,seg,87,87,True,1,1,88,0.28651684522628784,174.62745666503906,2,0.6780487895011902,2,9,13,217,2,,,,
2026-09-09_Mark-Liversedge_Wrist_01__swing_0005,211,back,seg,87,87,True,1,1,87,0.2907303273677826,185.60386657714844,2,0.6682692170143127,2,9,10,217,2,,,,
2026-09-09_Mark-Liversedge_Wrist_01__swing_0005,212,back,ray,87,87,True,0,,,,,,,,7,,,,,,,
2026-09-09_Mark-Liversedge_Wrist_01__swing_0005,213,back,seg,87,87,True,1,1,87.5,0.2991572916507721,153.14553833007812,2,0.7476635575294495,2,9,20,233,2,,,,
2026-09-09_Mark-Liversedge_Wrist_01__swing_0005,214,back,ray,87,87,True,0,,,,,,,,7,,,,,,,
2026-09-09_Mark-Liversedge_Wrist_01__swing_0005,215,back,seg,87,87,True,2,2,87,0.21833333373069763,34.290077209472656,1,0.759358286857605,3,9,-1,196,0,,,,
2026-09-09_Mark-Liversedge_Wrist_01__swing_0005,216,back,ray,87,87,True,0,,,,,,,,7,,,,,,,
2026-09-09_Mark-Liversedge_Wrist_01__swing_0005,217,back,ray,87,87,True,0,,,,,,,,7,,,,,,,
2026-09-09_Mark-Liversedge_Wrist_01__swing_0005,218,back,seg,87,87,True,2,2,87.5,0.21833333373069763,116.73282623291016,1,0.7599999904632568,3,9,-1,178,0,,,,
2026-09-09_Mark-Liversedge_Wrist_01__swing_0005,219,back,seg,87,87,True,2,2,88,0.21833333373069763,194.59542846679688,1,0.8164557218551636,3,9,-1,161,0,,,,
2026-09-09_Mark-Liversedge_Wrist_01__swing_0005,220,back,seg,87,87,True,1,1,88,0.26404494047164917,125.31914520263672,2,0.7460317611694336,3,9,25,213,2,,,,
2026-09-09_Mark-Liversedge_Wrist_01__swing_0005,221,back,seg,87,87,True,1,1,88,0.2766853868961334,169.40101623535156,2,0.7575757503509521,2,9,14,211,2,,,,
2026-09-09_Mark-Liversedge_Wrist_01__swing_0005,222,back,seg,87,87,True,1,1,88,0.28484848141670227,170.85105895996094,2,0.7407407164573669,1,9,14,202,2,,,,
2026-09-09_Mark-Liversedge_Wrist_01__swing_0005,223,back,seg,87,87,True,1,1,88,0.28484848141670227,170.85105895996094,2,0.7460317611694336,1,9,14,202,2,,,,
2026-09-09_Mark-Liversedge_Wrist_01__swing_0005,224,back,seg,87,87,True,1,1,87.5,0.27808988094329834,169.6565704345703,2,0.7638190984725952,2,9,14,212,2,,,,
2026-09-09_Mark-Liversedge_Wrist_01__swing_0005,225,back,seg,87,87,True,1,1,86,0.2415730357170105,-32.511627197265625,2,0.7976878881454468,3,9,61,233,2,,,,
2026-09-09_Mark-Liversedge_Wrist_01__swing_0005,226,back,seg,91,91,True,2,2,92,0.21833333373069763,34.290077209472656,1,0.6476684212684631,2,9,-1,196,0,,,,
2026-09-09_Mark-Liversedge_Wrist_01__swing_0005,227,back,ray,95,95,True,0,,,,,,,,7,,,,,,,
2026-09-09_Mark-Liversedge_Wrist_01__swing_0005,228,back,ray,95,95,True,0,,,,,,,,7,,,,,,,
2026-09-09_Mark-Liversedge_Wrist_01__swing_0005,229,back,ray,96,96,True,0,,,,,,,,7,,,,,,,
2026-09-09_Mark-Liversedge_Wrist_01__swing_0005,230,back,ray,98,98,True,0,,,,,,,,7,,,,,,,
2026-09-09_Mark-Liversedge_Wrist_01__swing_0005,231,back,ray,101,101,True,0,,,,,,,,7,,,,,,,
2026-09-09_Mark-Liversedge_Wrist_01__swing_0005,232,back,ray,103,103,True,0,,,,,,,,7,,,,,,,
2026-09-09_Mark-Liversedge_Wrist_01__swing_0005,233,back,ray,104,104,True,0,,,,,,,,7,,,,,,,
2026-09-09_Mark-Liversedge_Wrist_01__swing_0005,234,back,ray,104,104,True,0,,,,,,,,7,,,,,,,
2026-09-09_Mark-Liversedge_Wrist_01__swing_0005,235,back,ray,104,104,True,0,,,,,,,,7,,,,,,,
2026-09-09_Mark-Liversedge_Wrist_01__swing_0005,236,back,ray,104,104,True,0,,,,,,,,2,,,,,,,
2026-09-09_Mark-Liversedge_Wrist_01__swing_0005,237,back,ray,104,104,True,0,,,,,,,,7,,,,,,,
2026-09-09_Mark-Liversedge_Wrist_01__swing_0005,238,back,seg,104,104,True,1,1,104.5,0.21833333373069763,55.57251739501953,2,0.6742424368858337,1,9,49,180,1,,,,
2026-09-09_Mark-Liversedge_Wrist_01__swing_0005,239,back,seg,104,104,True,2,2,103,0.21833333373069763,73.89312744140625,1,0.7149999737739563,1,9,-1,176,0,,,,
2026-09-09_Mark-Liversedge_Wrist_01__swing_0005,240,back,ray,108,108,True,0,,,,,,,,7,,,,,,,
2026-09-09_Mark-Liversedge_Wrist_01__swing_0005,241,back,ray,108,108,True,0,,,,,,,,7,,,,,,,
2026-09-09_Mark-Liversedge_Wrist_01__swing_0005,242,back,seg,109,109,True,1,1,108,0.17878787219524384,-31.694915771484375,2,0.8151260614395142,1,9,45,163,2,,,,
2026-09-09_Mark-Liversedge_Wrist_01__swing_0005,243,back,seg,113,113,True,1,1,113.5,0.23333333432674408,155.7142791748047,2,0.8085106611251831,1,9,29,169,1,,,,
2026-09-09_Mark-Liversedge_Wrist_01__swing_0005,244,back,seg,116,116,True,1,1,116.5,0.27000001072883606,220.74073791503906,2,0.7791411280632019,1,9,16,178,1,,,,
2026-09-09_Mark-Liversedge_Wrist_01__swing_0005,245,back,seg,117,117,True,1,1,116.5,0.2633333206176758,223.03797912597656,2,0.7735849022865295,1,9,15,173,1,,,,
2026-09-09_Mark-Liversedge_Wrist_01__swing_0005,246,back,seg,118,118,True,1,1,118.5,0.16818182170391083,136.7567596435547,2,0.875,1,9,14,125,2,,,,
2026-09-09_Mark-Liversedge_Wrist_01__swing_0005,247,back,seg,119,119,True,1,1,119.5,0.20666666328907013,212.25807189941406,2,0.9520000219345093,1,9,14,138,1,,,,
2026-09-09_Mark-Liversedge_Wrist_01__swing_0005,248,back,seg,120,120,True,1,1,120,0.17272727191448212,138.94737243652344,2,0.8173912763595581,1,9,14,128,2,,,,
2026-09-09_Mark-Liversedge_Wrist_01__swing_0005,249,back,seg,121,121,True,1,1,121,0.13623595237731934,7.134020805358887,2,0.8469387888908386,3,9,29,126,2,,,,
2026-09-09_Mark-Liversedge_Wrist_01__swing_0005,250,back,ray,121,121,True,0,,,,,,,,7,,,,,,,
2026-09-09_Mark-Liversedge_Wrist_01__swing_0005,251,back,ray,121,121,True,0,,,,,,,,7,,,,,,,
2026-09-09_Mark-Liversedge_Wrist_01__swing_0005,252,back,ray,121,121,True,0,,,,,,,,7,,,,,,,
2026-09-09_Mark-Liversedge_Wrist_01__swing_0005,253,back,ray,123,123,True,0,,,,,,,,7,,,,,,,
2026-09-09_Mark-Liversedge_Wrist_01__swing_0005,254,back,seg,129,129,True,1,1,129.5,0.1924157291650772,43.29927062988281,2,0.804347813129425,3,9,34,171,2,,,,
2026-09-09_Mark-Liversedge_Wrist_01__swing_0005,255,back,seg,135,135,True,1,1,136,0.22191011905670166,102.83544158935547,2,0.9874213933944702,3,9,26,184,2,,,,
2026-09-09_Mark-Liversedge_Wrist_01__swing_0005,256,back,seg,141,141,True,1,1,141.5,0.18960674107074738,109.24444580078125,2,0.9926470518112183,3,9,21,156,2,,,,
2026-09-09_Mark-Liversedge_Wrist_01__swing_0005,257,back,seg,144,144,True,1,1,145,0.18960674107074738,119.79259490966797,2,1,3,9,19,154,2,,,,
2026-09-09_Mark-Liversedge_Wrist_01__swing_0005,258,back,ray,147,147,True,0,,,,,,,,4,,,,,,,
2026-09-09_Mark-Liversedge_Wrist_01__swing_0005,259,back,ray,150,150,True,0,,,,,,,,7,,,,,,,
2026-09-09_Mark-Liversedge_Wrist_01__swing_0005,260,back,ray,153,153,True,0,,,,,,,,5,,,,,,,
2026-09-09_Mark-Liversedge_Wrist_01__swing_0005,261,back,pred,154,154,True,0,,,,,,,,1,,,,,,,
2026-09-09_Mark-Liversedge_Wrist_01__swing_0005,262,back,pred,158,158,True,0,,,,,,,,1,,,,,,,
2026-09-09_Mark-Liversedge_Wrist_01__swing_0005,263,back,pred,162,162,True,0,,,,,,,,1,,,,,,,
2026-09-09_Mark-Liversedge_Wrist_01__swing_0005,264,back,pred,168,168,True,0,,,,,,,,1,,,,,,,
2026-09-09_Mark-Liversedge_Wrist_01__swing_0005,265,back,pred,170,170,True,0,,,,,,,,1,,,,,,,
2026-09-09_Mark-Liversedge_Wrist_01__swing_0005,266,back,pred,174,174,True,0,,,,,,,,1,,,,,,,
2026-09-09_Mark-Liversedge_Wrist_01__swing_0005,267,back,pred,178,178,True,0,,,,,,,,1,,,,,,,
2026-09-09_Mark-Liversedge_Wrist_01__swing_0005,268,back,seg,181,181,True,1,1,181,0.15449437499046326,45.23636245727539,2,1,3,9,27,137,2,,,,
2026-09-09_Mark-Liversedge_Wrist_01__swing_0005,269,back,seg,184,184,True,1,1,183.5,0.16853933036327362,59.79999923706055,2,1,3,9,27,147,2,,,,
2026-09-09_Mark-Liversedge_Wrist_01__swing_0005,270,back,seg,188,188,True,1,1,187,0.16432584822177887,49.60683822631836,2,1,3,9,28,145,2,,,,
2026-09-09_Mark-Liversedge_Wrist_01__swing_0005,271,back,seg,191,191,True,1,1,190,0.19522471725940704,76.5755386352539,2,1,3,9,28,167,2,,,,
2026-09-09_Mark-Liversedge_Wrist_01__swing_0005,272,back,seg,194,194,True,1,1,193.5,0.1924157291650772,74.48175048828125,2,1,3,9,28,165,2,,,,
2026-09-09_Mark-Liversedge_Wrist_01__swing_0005,273,back,seg,198,198,True,1,1,198,0.17275281250476837,34.76422882080078,2,1,3,9,32,155,2,,,,
2026-09-09_Mark-Liversedge_Wrist_01__swing_0005,274,back,seg,201,201,True,1,1,201,0.18539325892925262,42,2,1,3,9,33,165,2,,,,
2026-09-09_Mark-Liversedge_Wrist_01__swing_0005,275,back,seg,204,204,True,1,1,204.5,0.18539325892925262,20.42424201965332,2,1,3,9,37,169,2,,,,
2026-09-09_Mark-Liversedge_Wrist_01__swing_0005,276,back,seg,208,208,True,1,1,207,0.2863636314868927,87.30158996582031,2,0.8473684191703796,1,9,38,227,2,,,,
2026-09-09_Mark-Liversedge_Wrist_01__swing_0005,277,back,seg,212,212,True,1,1,212,0.21969696879386902,60.68965530395508,2,1,1,9,35,180,2,,,,
2026-09-09_Mark-Liversedge_Wrist_01__swing_0005,278,back,seg,216,216,True,1,1,216.5,0.22575756907463074,82.68456268310547,2,1,1,9,31,180,2,,,,
2026-09-09_Mark-Liversedge_Wrist_01__swing_0005,279,back,seg,220,220,True,1,1,221,0.23333333432674408,104.28571319580078,2,1,1,9,27,181,2,,,,
2026-09-09_Mark-Liversedge_Wrist_01__swing_0005,280,back,seg,224,224,True,2,2,224.5,0.21833333373069763,0.6106886267662048,1,0.8565400838851929,1,9,-1,192,0,,,,
2026-09-09_Mark-Liversedge_Wrist_01__swing_0005,281,back,ray,228,228,True,0,,,,,,,,4,,,,,,,
2026-09-09_Mark-Liversedge_Wrist_01__swing_0005,282,back,seg,231,231,True,1,1,230,0.27424243092536926,136.13259887695312,2,0.9835164546966553,1,9,23,204,2,,,,
2026-09-09_Mark-Liversedge_Wrist_01__swing_0005,283,back,seg,234,234,True,1,1,235,0.3060606122016907,141.5841522216797,2,0.9507389068603516,1,9,24,226,2,,,,
2026-09-09_Mark-Liversedge_Wrist_01__swing_0005,284,back,seg,237,237,True,1,1,238,0.27106741070747375,138.83937072753906,2,1,3,9,22,215,2,,,,
2026-09-09_Mark-Liversedge_Wrist_01__swing_0005,285,back,seg,240,240,True,1,1,241,0.26404494047164917,117.74468231201172,2,1,3,9,27,215,2,,,,
2026-09-09_Mark-Liversedge_Wrist_01__swing_0005,286,back,seg,243,243,True,1,1,244,0.26404494047164917,110.17021179199219,2,1,3,9,29,217,2,,,,
2026-09-09_Mark-Liversedge_Wrist_01__swing_0005,287,back,seg,246,246,True,1,1,245.5,0.23787878453731537,85.47770690917969,2,0.9620253443717957,1,9,32,189,2,,,,
2026-09-09_Mark-Liversedge_Wrist_01__swing_0005,288,back,seg,249,249,True,1,1,249.5,0.23787878453731537,77.07006072998047,2,0.7215189933776855,1,9,34,191,2,,,,
2026-09-09_Mark-Liversedge_Wrist_01__swing_0005,289,back,seg,254,254,True,1,1,255,0.22575756907463074,82.68456268310547,2,0.753333330154419,1,9,31,180,2,,,,
2026-09-09_Mark-Liversedge_Wrist_01__swing_0005,290,back,seg,259,259,True,1,1,260,0.21515151858329773,85.21126556396484,2,0.9510489702224731,1,9,29,171,2,,,,
2026-09-09_Mark-Liversedge_Wrist_01__swing_0005,291,back,seg,264,264,True,1,1,265,0.1755618005990982,60.512001037597656,2,1,3,9,28,153,2,,,,
2026-09-09_Mark-Liversedge_Wrist_01__swing_0005,292,back,seg,268,268,True,1,1,269,0.14606741070747375,55.69230651855469,2,1,3,9,24,128,2,,,,
2026-09-09_Mark-Liversedge_Wrist_01__swing_0005,293,back,seg,272,272,True,1,1,272.5,0.12921348214149475,11.043478012084961,2,1,3,9,27,119,2,,,,
2026-09-09_Mark-Liversedge_Wrist_01__swing_0005,294,back,seg,276,276,True,1,1,276,0.11797752976417542,-8.857142448425293,2,1,3,9,27,111,2,,,,
2026-09-09_Mark-Liversedge_Wrist_01__swing_0005,295,back,seg,280,280,True,1,1,281,0.13483145833015442,4.916666507720947,2,1,3,9,29,125,2,,,,
2026-09-09_Mark-Liversedge_Wrist_01__swing_0005,296,back,seg,284,284,True,1,1,284.5,0.14325842261314392,17.568628311157227,2,1,3,9,29,131,2,,,,
2026-09-09_Mark-Liversedge_Wrist_01__swing_0005,297,back,seg,288,288,True,1,1,289,0.16011236608028412,38.877193450927734,2,1,3,9,29,143,2,,,,
2026-09-09_Mark-Liversedge_Wrist_01__swing_0005,298,back,seg,292,292,True,1,1,293,0.1755618005990982,60.512001037597656,2,1,3,9,28,153,2,,,,
2026-09-09_Mark-Liversedge_Wrist_01__swing_0005,299,back,seg,295,295,True,1,1,296,0.17696629464626312,61.77777862548828,2,0.960629940032959,3,9,28,154,2,,,,
2026-09-09_Mark-Liversedge_Wrist_01__swing_0005,300,back,pred,298,298,True,0,,,,,,,,1,,,,,,,
2026-09-09_Mark-Liversedge_Wrist_01__swing_0005,301,back,seg,302,302,True,1,1,303,0.1924157291650772,74.48175048828125,2,0.8260869383811951,3,9,28,165,2,,,,
2026-09-09_Mark-Liversedge_Wrist_01__swing_0005,302,back,seg,306,306,True,2,2,307,0.21833333373069763,83.05343627929688,1,0.6563876867294312,1,9,-1,174,0,,,,
2026-09-09_Mark-Liversedge_Wrist_01__swing_0005,303,back,seg,309,309,True,2,2,310,0.21833333373069763,60.152671813964844,1,0.6293103694915771,1,9,-1,179,0,,,,
2026-09-09_Mark-Liversedge_Wrist_01__swing_0005,304,back,seg,312,312,True,2,2,313,0.21833333373069763,60.152671813964844,1,0.6440678238868713,1,9,-1,179,0,,,,
2026-09-09_Mark-Liversedge_Wrist_01__swing_0005,305,back,seg,315,315,True,2,2,316,0.21833333373069763,50.992366790771484,1,0.737500011920929,1,9,-1,181,0,,,,
2026-09-09_Mark-Liversedge_Wrist_01__swing_0005,306,back,seg,317,317,True,2,2,318,0.21833333373069763,60.152671813964844,1,0.7041666507720947,1,9,-1,179,0,,,,
2026-09-09_Mark-Liversedge_Wrist_01__swing_0005,307,back,seg,319,319,True,2,2,318.5,0.21833333373069763,144.2137451171875,1,0.9212121367454529,3,9,-1,172,0,,,,
2026-09-09_Mark-Liversedge_Wrist_01__swing_0005,308,back,ray,321,321,True,0,,,,,,,,7,,,,,,,
2026-09-09_Mark-Liversedge_Wrist_01__swing_0005,309,back,ray,323,323,True,0,,,,,,,,7,,,,,,,
2026-09-09_Mark-Liversedge_Wrist_01__swing_0005,310,back,seg,325,325,True,2,2,324,0.21833333373069763,217.49618530273438,1,0.7647058963775635,3,9,-1,156,0,,,,
2026-09-09_Mark-Liversedge_Wrist_01__swing_0005,311,back,seg,327,327,True,1,1,326,0.1910112351179123,115.29412078857422,2,0.7226277589797974,3,9,20,156,2,,,,
2026-09-09_Mark-Liversedge_Wrist_01__swing_0005,312,back,ray,329,329,True,0,,,,,,,,7,,,,,,,
2026-09-09_Mark-Liversedge_Wrist_01__swing_0005,313,back,seg,331,331,True,1,1,331,0.18117977678775787,131.68992614746094,2,0.699999988079071,3,9,16,145,2,,,,
2026-09-09_Mark-Liversedge_Wrist_01__swing_0005,314,back,ray,333,333,True,0,,,,,,,,7,,,,,,,
2026-09-09_Mark-Liversedge_Wrist_01__swing_0005,315,back,ray,335,335,True,0,,,,,,,,7,,,,,,,
2026-09-09_Mark-Liversedge_Wrist_01__swing_0005,316,back,seg,337,337,True,1,1,338,0.34550562500953674,185.26829528808594,2,0.8461538553237915,3,9,12,258,2,,,,
2026-09-09_Mark-Liversedge_Wrist_01__swing_0005,317,back,seg,339,339,True,1,1,340,0.34691011905670166,170.99595642089844,2,0.8427419066429138,3,9,17,264,2,,,,
2026-09-09_Mark-Liversedge_Wrist_01__swing_0005,318,back,ray,340,340,True,0,,,,,,,,7,,,,,,,
2026-09-09_Mark-Liversedge_Wrist_01__swing_0005,319,back,seg,341,341,True,1,1,341.5,0.31179773807525635,162.270263671875,2,0.847533643245697,3,9,18,240,2,,,,
2026-09-09_Mark-Liversedge_Wrist_01__swing_0005,320,back,seg,342,342,True,1,1,343,0.30337077379226685,167.25926208496094,2,0.8525345325469971,3,9,16,232,2,,,,
2026-09-09_Mark-Liversedge_Wrist_01__swing_0005,321,back,seg,343,343,True,1,1,343.5,0.27949437499046326,159.17587280273438,2,0.8849999904632568,3,9,17,216,2,,,,
2026-09-09_Mark-Liversedge_Wrist_01__swing_0005,322,back,seg,344,344,True,1,1,344,0.23333333432674408,155.7142791748047,2,0.896774172782898,1,9,15,169,2,,,,
2026-09-09_Mark-Liversedge_Wrist_01__swing_0005,323,back,seg,345,345,True,1,1,345.5,0.27247190475463867,168.61856079101562,2,0.9128205180168152,3,9,14,208,2,,,,
2026-09-09_Mark-Liversedge_Wrist_01__swing_0005,324,back,seg,346,346,True,2,2,347,0.21833333373069763,93.83206176757812,1,0.7388888597488403,2,9,-1,183,0,,,,
2026-09-09_Mark-Liversedge_Wrist_01__swing_0005,325,top,seg,347,347,True,1,1,347.5,0.266853928565979,163.7894744873047,2,0.9109947681427002,3,9,15,205,2,,,,
2026-09-09_Mark-Liversedge_Wrist_01__swing_0005,326,top,seg,348,348,True,2,2,348,0.21833333373069763,43.450382232666016,1,0.8900523781776428,3,9,-1,194,0,,,,
2026-09-09_Mark-Liversedge_Wrist_01__swing_0005,327,top,seg,348,348,True,2,2,349,0.21833333373069763,15.969467163085938,1,0.913705587387085,3,9,-1,200,0,,,,
2026-09-09_Mark-Liversedge_Wrist_01__swing_0005,328,top,seg,348,348,True,2,2,349,0.21833333373069763,75.5114517211914,1,0.906593382358551,2,9,-1,187,0,,,,
2026-09-09_Mark-Liversedge_Wrist_01__swing_0005,329,top,seg,348,348,True,2,2,348.5,0.21833333373069763,180.85496520996094,1,0.78125,2,9,-1,164,0,,,,
2026-09-09_Mark-Liversedge_Wrist_01__swing_0005,330,impact,seg,348,348,True,1,1,348,0.11095505952835083,39.74683380126953,2,0.925000011920929,3,9,20,99,2,,,,
2026-09-09_Mark-Liversedge_Wrist_01__swing_0005,331,impact,seg,348,348,True,1,1,349,0.21348313987255096,131,2,0.8823529481887817,2,9,19,171,2,,,,
2026-09-09_Mark-Liversedge_Wrist_01__swing_0005,332,impact,seg,348,348,True,1,1,349,0.21488763391971588,126.92810821533203,2,0.9415584206581116,2,9,20,173,2,,,,
2026-09-09_Mark-Liversedge_Wrist_01__swing_0005,333,impact,seg,348,348,True,1,1,349,0.23735955357551575,139.95266723632812,2,1,3,9,19,188,2,,,,
2026-09-09_Mark-Liversedge_Wrist_01__swing_0005,334,impact,seg,348,348,True,1,1,349,0.2514044940471649,156.3575439453125,2,1,3,9,16,195,2,,,,
2026-09-09_Mark-Liversedge_Wrist_01__swing_0005,335,impact,seg,348,348,True,1,1,349,0.25561797618865967,153.4945068359375,2,1,3,9,17,199,2,,,,
2026-09-09_Mark-Liversedge_Wrist_01__swing_0005,336,impact,seg,347,347,True,2,2,348,0.21833333373069763,208.33587646484375,1,1,3,9,-1,158,0,,,,
2026-09-09_Mark-Liversedge_Wrist_01__swing_0005,337,impact,seg,345,345,True,1,1,345,0.11516854166984558,89.75609588623047,2,0.9879518151283264,3,9,15,97,2,,,,
2026-09-09_Mark-Liversedge_Wrist_01__swing_0005,338,impact,seg,343,343,True,1,1,344,0.1165730357170105,82.74698638916016,2,1,3,9,16,99,2,,,,
2026-09-09_Mark-Liversedge_Wrist_01__swing_0005,339,impact,seg,341,341,True,1,1,342,0.11797752976417542,67.42857360839844,2,1,3,9,18,102,2,,,,
2026-09-09_Mark-Liversedge_Wrist_01__swing_0005,340,impact,seg,338,338,True,1,1,339,0.11938202381134033,60.8470573425293,2,0.8837209343910217,3,9,19,104,2,,,,
2026-09-09_Mark-Liversedge_Wrist_01__swing_0005,341,impact,seg,337,337,True,1,1,337.5,0.09696969389915466,34.375,2,0.9384615421295166,1,9,18,82,2,,,,
2026-09-09_Mark-Liversedge_Wrist_01__swing_0005,342,impact,seg,337,337,True,1,1,337.5,0.10000000149011612,30,2,0.9402984976768494,1,9,19,85,2,,,,
2026-09-09_Mark-Liversedge_Wrist_01__swing_0005,343,impact,seg,337,337,True,1,1,338,0.13904494047164917,90.54545593261719,2,0.8500000238418579,3,9,18,117,2,,,,
2026-09-09_Mark-Liversedge_Wrist_01__swing_0005,344,impact,seg,336,336,True,1,1,337,0.11818181723356247,50.769229888916016,2,0.6835442781448364,1,9,20,98,2,,,,
2026-09-09_Mark-Liversedge_Wrist_01__swing_0005,345,impact,seg,334,334,True,1,1,335,0.11818181723356247,25.384614944458008,2,0.6962025165557861,1,9,23,101,2,,,,
2026-09-09_Mark-Liversedge_Wrist_01__swing_0005,346,impact,seg,331,331,True,1,1,332,0.16011236608028412,88.84210205078125,2,0.8086956739425659,3,9,21,135,2,,,,
2026-09-09_Mark-Liversedge_Wrist_01__swing_0005,347,impact,ray,329,329,True,0,,,,,,,,7,,,,,,,
2026-09-09_Mark-Liversedge_Wrist_01__swing_0005,348,impact,ray,325,325,True,0,,,,,,,,4,,,,,,,
2026-09-09_Mark-Liversedge_Wrist_01__swing_0005,349,impact,ray,319,319,True,0,,,,,,,,4,,,,,,,
2026-09-09_Mark-Liversedge_Wrist_01__swing_0005,350,impact,ray,315,315,True,0,,,,,,,,7,,,,,,,
2026-09-09_Mark-Liversedge_Wrist_01__swing_0005,351,impact,seg,312,312,True,2,2,313,0.21833333373069763,212.91603088378906,1,0.9594594836235046,3,9,-1,157,0,,,,
2026-09-09_Mark-Liversedge_Wrist_01__swing_0005,352,impact,seg,309,309,True,1,1,309.5,0.19522471725940704,61.20863342285156,2,0.9714285731315613,3,9,31,170,2,,,,
2026-09-09_Mark-Liversedge_Wrist_01__swing_0005,353,impact,seg,300,300,True,1,1,301,0.18820224702358246,44.656715393066406,2,0.9777777791023254,2,9,33,167,2,,,,
2026-09-09_Mark-Liversedge_Wrist_01__swing_0005,354,impact,ray,293,293,True,0,,,,,,,,4,,,,,,,
2026-09-09_Mark-Liversedge_Wrist_01__swing_0005,355,impact,seg,286,286,True,1,1,287,0.145454540848732,-13.75,2,0.938144326210022,1,9,34,130,2,,,,
2026-09-09_Mark-Liversedge_Wrist_01__swing_0005,356,impact,seg,279,279,True,1,1,280,0.15168538689613342,22.22222137451172,2,1,3,9,30,138,2,,,,
2026-09-09_Mark-Liversedge_Wrist_01__swing_0005,357,impact,seg,271,271,True,1,1,270,0.1741573065519333,42,2,1,3,9,31,155,2,,,,
2026-09-09_Mark-Liversedge_Wrist_01__swing_0005,358,impact,seg,262,262,True,1,1,263,0.260606050491333,81.86046600341797,2,1,1,9,36,208,2,,,,
2026-09-09_Mark-Liversedge_Wrist_01__swing_0005,359,impact,seg,254,254,True,1,1,253.5,0.27949437499046326,87.61808776855469,2,0.9850000143051147,3,9,37,236,2,,,,
2026-09-09_Mark-Liversedge_Wrist_01__swing_0005,360,impact,pred,247,247,True,0,,,,,,,,1,,,,,,,
2026-09-09_Mark-Liversedge_Wrist_01__swing_0005,361,down,seg,239,239,True,1,1,240,0.2924242317676544,55.854923248291016,2,0.907216489315033,1,9,48,241,2,,,,
2026-09-09_Mark-Liversedge_Wrist_01__swing_0005,362,down,ray,222,222,True,0,,,,,,,,1,,,,,,,
2026-09-09_Mark-Liversedge_Wrist_01__swing_0005,363,down,seg,210,210,True,1,1,210.5,0.34545454382896423,95.52631378173828,2,0.6812227368354797,1,9,43,271,2,,,,
2026-09-09_Mark-Liversedge_Wrist_01__swing_0005,364,down,ray,200,200,True,0,,,,,,,,7,,,,,,,
2026-09-09_Mark-Liversedge_Wrist_01__swing_0005,365,down,ray,189,189,True,0,,,,,,,,7,,,,,,,
2026-09-09_Mark-Liversedge_Wrist_01__swing_0005,366,down,ray,174,174,True,0,,,,,,,,2,,,,,,,
2026-09-09_Mark-Liversedge_Wrist_01__swing_0005,367,down,seg,163,163,True,1,1,164,0.12575757503509521,108.67469787597656,2,0.976190447807312,1,9,14,97,2,,,,
2026-09-09_Mark-Liversedge_Wrist_01__swing_0005,368,down,seg,150,150,True,1,1,151,0.17424242198467255,93.73912811279297,2,0.7931034564971924,1,9,22,137,2,,,,
2026-09-09_Mark-Liversedge_Wrist_01__swing_0005,369,down,seg,138,138,True,1,1,139,0.11516854166984558,-57.85365676879883,2,0.9277108311653137,3,9,32,114,2,,,,
2026-09-09_Mark-Liversedge_Wrist_01__swing_0005,370,down,seg,117,117,True,1,1,116.5,0.12780898809432983,86.989013671875,2,0.95652174949646,3,9,17,108,2,,,,
2026-09-09_Mark-Liversedge_Wrist_01__swing_0005,371,down,wedge,112,112,True,0,,,,,,,,7,,,,,,,
2026-09-09_Mark-Liversedge_Wrist_01__swing_0005,372,down,ray,101,101,True,0,,,,,,,,7,,,,,,,
2026-09-09_Mark-Liversedge_Wrist_01__swing_0005,373,down,wedge,95.2899545845172,94,True,0,,,,,,,,1,,,,,,,
2026-09-09_Mark-Liversedge_Wrist_01__swing_0005,374,down,wedge,90.9314069928734,89,True,0,,,,,,,,7,,,,,,,
2026-09-09_Mark-Liversedge_Wrist_01__swing_0005,375,down,ray,86.56702965846955,86,True,0,,,,,,,,1,,,,,,,
2026-09-09_Mark-Liversedge_Wrist_01__swing_0005,376,down,ray,82.21160876413995,86,True,0,,,,,,,,7,,,,,,,
2026-09-09_Mark-Liversedge_Wrist_01__swing_0005,377,down,pred,63,63,True,0,,,,,,,,7,,,,,,,
2026-09-09_Mark-Liversedge_Wrist_01__swing_0005,378,down,ray,51,51,True,0,,,,,,,,1,,,,,,,
2026-09-09_Mark-Liversedge_Wrist_01__swing_0005,379,down,wedge,43,43,True,0,,,,,,,,1,,,,,,,
2026-09-09_Mark-Liversedge_Wrist_01__swing_0005,380,down,ray,32,32,True,0,,,,,,,,1,,,,,,,
2026-09-09_Mark-Liversedge_Wrist_01__swing_0005,381,down,ray,26,26,True,0,,,,,,,,4,,,,,,,
2026-09-09_Mark-Liversedge_Wrist_01__swing_0005,382,down,wedge,17.20657930505206,15,True,0,,,,,,,,1,,,,,,,
2026-09-09_Mark-Liversedge_Wrist_01__swing_0005,383,down,wedge,11.747849748603926,11,True,0,,,,,,,,1,,,,,,,
2026-09-09_Mark-Liversedge_Wrist_01__swing_0005,384,down,ray,6.136485986972787,6,True,0,,,,,,,,1,,,,,,,
2026-09-09_Mark-Liversedge_Wrist_01__swing_0005,385,down,ray,0.4608866678119057,2,True,0,,,,,,,,2,,,,,,,
2026-09-09_Mark-Liversedge_Wrist_01__swing_0005,386,thru,ray,355,355,True,0,,,,,,,,1,,,,,,,
2026-09-09_Mark-Liversedge_Wrist_01__swing_0005,387,thru,wedge,346,346,True,0,,,,,,,,2,,,,,,,
2026-09-09_Mark-Liversedge_Wrist_01__swing_0005,388,thru,ray,339,339,True,0,,,,,,,,7,,,,,,,
2026-09-09_Mark-Liversedge_Wrist_01__swing_0005,389,thru,ray,332,332,True,0,,,,,,,,1,,,,,,,
2026-09-09_Mark-Liversedge_Wrist_01__swing_0005,390,thru,ray,320,320,True,0,,,,,,,,1,,,,,,,
2026-09-09_Mark-Liversedge_Wrist_01__swing_0005,391,thru,ray,309,309,True,0,,,,,,,,1,,,,,,,
2026-09-09_Mark-Liversedge_Wrist_01__swing_0005,392,thru,ray,301,301,True,0,,,,,,,,4,,,,,,,
2026-09-09_Mark-Liversedge_Wrist_01__swing_0005,393,thru,ray,296,296,True,0,,,,,,,,4,,,,,,,
2026-09-09_Mark-Liversedge_Wrist_01__swing_0005,394,thru,ray,290,290,True,0,,,,,,,,4,,,,,,,
2026-09-09_Mark-Liversedge_Wrist_01__swing_0005,395,thru,ray,284,284,True,0,,,,,,,,7,,,,,,,
2026-09-09_Mark-Liversedge_Wrist_01__swing_0005,396,thru,ray,279,279,True,0,,,,,,,,7,,,,,,,
2026-09-09_Mark-Liversedge_Wrist_01__swing_0005,397,thru,ray,274,274,True,0,,,,,,,,7,,,,,,,
2026-09-09_Mark-Liversedge_Wrist_01__swing_0005,398,thru,seg,270,270,True,2,2,269,0.21833333373069763,222.0763397216797,1,1,3,9,-1,155,0,,,,
2026-09-09_Mark-Liversedge_Wrist_01__swing_0005,399,thru,ray,267,267,True,0,,,,,,,,7,,,,,,,
2026-09-09_Mark-Liversedge_Wrist_01__swing_0005,400,thru,ray,266,266,True,0,,,,,,,,7,,,,,,,
2026-09-09_Mark-Liversedge_Wrist_01__swing_0005,401,thru,wedge,265,265,True,0,,,,,,,,1,,,,,,,
2026-09-09_Mark-Liversedge_Wrist_01__swing_0005,402,thru,pred,265,265,True,0,,,,,,,,1,,,,,,,
2026-09-09_Mark-Liversedge_Wrist_01__swing_0005,403,thru,pred,263,263,True,0,,,,,,,,1,,,,,,,
2026-09-09_Mark-Liversedge_Wrist_01__swing_0005,404,thru,ray,259,259,True,0,,,,,,,,1,,,,,,,
2026-09-09_Mark-Liversedge_Wrist_01__swing_0005,405,thru,seg,248,248,True,1,1,247,0.13181817531585693,136.55172729492188,2,0.8977272510528564,1,9,11,98,2,,,,
2026-09-09_Mark-Liversedge_Wrist_01__swing_0005,406,thru,ray,246,246,True,0,,,,,,,,7,,,,,,,
2026-09-09_Mark-Liversedge_Wrist_01__swing_0005,407,thru,ray,244,244,True,0,,,,,,,,2,,,,,,,
2026-09-09_Mark-Liversedge_Wrist_01__swing_0005,408,thru,pred,243,243,True,0,,,,,,,,7,,,,,,,
2026-09-09_Mark-Liversedge_Wrist_01__swing_0005,409,thru,seg,235,235,True,2,2,234.5,0.21833333373069763,121.31298065185547,1,0.8823529481887817,2,9,-1,177,0,,,,
2026-09-09_Mark-Liversedge_Wrist_01__swing_0005,410,finish,seg,233,233,True,2,2,232,0.21833333373069763,142.59542846679688,1,0.8853503465652466,1,9,-1,161,0,,,,
2026-09-09_Mark-Liversedge_Wrist_01__swing_0005,411,finish,seg,231,231,True,2,2,230,0.21833333373069763,170.0763397216797,1,0.6967213153839111,1,9,-1,155,0,,,,
2026-09-09_Mark-Liversedge_Wrist_01__swing_0005,412,finish,seg,229,229,True,2,2,228.5,0.21833333373069763,254.1374053955078,1,1,3,9,-1,148,0,,,,
2026-09-09_Mark-Liversedge_Wrist_01__swing_0005,413,finish,ray,227,227,True,0,,,,,,,,1,,,,,,,
2026-09-09_Mark-Liversedge_Wrist_01__swing_0005,414,finish,seg,225,225,True,1,1,224.5,0.15184049308300018,56.080806732177734,2,0.9200000166893005,3,9,34,133,1,,,,
2026-09-09_Mark-Liversedge_Wrist_01__swing_0005,415,finish,seg,223,223,True,1,1,222,0.13650307059288025,16.269662857055664,2,1,3,9,36,125,1,,,,
2026-09-09_Mark-Liversedge_Wrist_01__swing_0005,416,finish,ray,221,221,True,0,,,,,,,,7,,,,,,,
2026-09-09_Mark-Liversedge_Wrist_01__swing_0005,417,finish,seg,219,219,True,1,1,220,0.13623595237731934,109.89690399169922,2,0.7448979616165161,3,9,15,112,2,,,,
2026-09-09_Mark-Liversedge_Wrist_01__swing_0005,418,finish,seg,217,217,True,1,1,216,0.1404494345188141,148.8000030517578,2,0.7227723002433777,3,9,10,110,2,,,,
2026-09-09_Mark-Liversedge_Wrist_01__swing_0005,419,finish,seg,212,212,True,1,1,212,0.1404494345188141,148.8000030517578,2,0.7425742745399475,3,9,10,110,2,,,,
2026-09-09_Mark-Liversedge_Wrist_01__swing_0005,420,finish,ray,206,206,True,0,,,,,,,,4,,,,,,,
2026-09-09_Mark-Liversedge_Wrist_01__swing_0005,421,finish,ray,205,205,True,0,,,,,,,,4,,,,,,,
2026-09-09_Mark-Liversedge_Wrist_01__swing_0005,422,finish,ray,205,205,True,0,,,,,,,,7,,,,,,,
2026-09-09_Mark-Liversedge_Wrist_01__swing_0005,423,finish,ray,204,204,True,0,,,,,,,,4,,,,,,,
2026-09-09_Mark-Liversedge_Wrist_01__swing_0005,424,finish,ray,203,203,True,0,,,,,,,,5,,,,,,,
2026-09-09_Mark-Liversedge_Wrist_01__swing_0005,425,finish,pred,203,203,False,0,,,,,,,,7,,,,,,,
2026-09-09_Mark-Liversedge_Wrist_01__swing_0005,426,finish,pred,203,203,False,0,,,,,,,,7,,,,,,,
2026-09-09_Mark-Liversedge_Wrist_01__swing_0005,427,finish,pred,203,203,False,0,,,,,,,,1,,,,,,,
2026-09-09_Mark-Liversedge_Wrist_01__swing_0005,428,finish,pred,203,203,False,0,,,,,,,,1,,,,,,,
2026-09-09_Mark-Liversedge_Wrist_01__swing_0005,429,finish,pred,203,203,False,0,,,,,,,,1,,,,,,,
2026-09-09_Mark-Liversedge_Wrist_01__swing_0005,430,finish,pred,203,203,False,0,,,,,,,,1,,,,,,,
2026-09-09_Mark-Liversedge_Wrist_01__swing_0005,431,finish,pred,203,203,False,0,,,,,,,,1,,,,,,,
2026-09-09_Mark-Liversedge_Wrist_01__swing_0005,432,finish,pred,203,203,False,0,,,,,,,,1,,,,,,,
2026-09-09_Mark-Liversedge_Wrist_01__swing_0005,433,finish,pred,203,203,False,0,,,,,,,,1,,,,,,,
2026-09-09_Mark-Liversedge_Wrist_01__swing_0005,434,finish,pred,203,203,False,0,,,,,,,,1,,,,,,,
2026-09-09_Mark-Liversedge_Wrist_01__swing_0005,435,finish,pred,203,203,False,0,,,,,,,,1,,,,,,,
2026-09-09_Mark-Liversedge_Wrist_01__swing_0005,436,finish,pred,203,203,False,0,,,,,,,,1,,,,,,,
2026-09-09_Mark-Liversedge_Wrist_01__swing_0005,437,finish,pred,203,203,False,0,,,,,,,,1,,,,,,,
2026-09-09_Mark-Liversedge_Wrist_01__swing_0005,438,finish,pred,203,203,False,0,,,,,,,,1,,,,,,,
2026-09-09_Mark-Liversedge_Wrist_01__swing_0005,439,finish,pred,203,203,False,0,,,,,,,,1,,,,,,,
2026-09-09_Mark-Liversedge_Wrist_01__swing_0005,440,finish,pred,203,203,False,0,,,,,,,,1,,,,,,,
2026-09-09_Mark-Liversedge_Wrist_01__swing_0005,441,finish,pred,203,203,False,0,,,,,,,,1,,,,,,,
2026-09-09_Mark-Liversedge_Wrist_01__swing_0005,442,finish,pred,203,203,False,0,,,,,,,,1,,,,,,,
2026-09-09_Mark-Liversedge_Wrist_01__swing_0005,443,finish,pred,203,203,False,0,,,,,,,,1,,,,,,,
2026-09-09_Mark-Liversedge_Wrist_01__swing_0005,444,finish,pred,203,203,False,0,,,,,,,,1,,,,,,,
2026-09-09_Mark-Liversedge_Wrist_01__swing_0005,445,finish,pred,203,203,False,0,,,,,,,,1,,,,,,,
2026-09-09_Mark-Liversedge_Wrist_01__swing_0005,446,finish,pred,203,203,False,0,,,,,,,,1,,,,,,,
2026-09-09_Mark-Liversedge_Wrist_01__swing_0005,447,finish,pred,203,203,False,0,,,,,,,,1,,,,,,,
2026-09-09_Mark-Liversedge_Wrist_01__swing_0005,448,finish,pred,203,203,False,0,,,,,,,,1,,,,,,,
2026-09-09_Mark-Liversedge_Wrist_01__swing_0005,449,finish,pred,203,203,False,0,,,,,,,,1,,,,,,,
2026-09-09_Mark-Liversedge_Wrist_01__swing_0005,450,finish,pred,203,203,False,0,,,,,,,,1,,,,,,,
2026-09-09_Mark-Liversedge_Wrist_01__swing_0005,451,finish,pred,203,203,False,0,,,,,,,,1,,,,,,,
2026-09-09_Mark-Liversedge_Wrist_01__swing_0005,452,finish,pred,203,203,False,0,,,,,,,,1,,,,,,,
2026-09-09_Mark-Liversedge_Wrist_01__swing_0005,453,finish,pred,203,203,False,0,,,,,,,,1,,,,,,,
2026-09-09_Mark-Liversedge_Wrist_01__swing_0005,454,finish,pred,203,203,False,0,,,,,,,,1,,,,,,,
2026-09-09_Mark-Liversedge_Wrist_01__swing_0005,455,finish,pred,203,203,False,0,,,,,,,,1,,,,,,,
2026-09-09_Mark-Liversedge_Wrist_01__swing_0005,456,finish,pred,203,203,False,0,,,,,,,,1,,,,,,,
2026-09-09_Mark-Liversedge_Wrist_01__swing_0005,457,finish,pred,203,203,False,0,,,,,,,,1,,,,,,,
2026-09-09_Mark-Liversedge_Wrist_01__swing_0005,458,finish,pred,203,203,False,0,,,,,,,,1,,,,,,,
2026-09-09_Mark-Liversedge_Wrist_01__swing_0005,459,finish,pred,203,203,False,0,,,,,,,,1,,,,,,,
2026-09-09_Mark-Liversedge_Wrist_01__swing_0005,460,finish,pred,203,203,False,0,,,,,,,,1,,,,,,,
2026-09-09_Mark-Liversedge_Wrist_01__swing_0005,461,finish,pred,203,203,False,0,,,,,,,,1,,,,,,,
2026-09-09_Mark-Liversedge_Wrist_01__swing_0005,462,finish,pred,203,203,False,0,,,,,,,,1,,,,,,,
2026-09-09_Mark-Liversedge_Wrist_01__swing_0005,463,finish,pred,203,203,False,0,,,,,,,,1,,,,,,,
2026-09-09_Mark-Liversedge_Wrist_01__swing_0005,464,finish,pred,203,203,False,0,,,,,,,,1,,,,,,,
2026-09-09_Mark-Liversedge_Wrist_01__swing_0005,465,finish,pred,203,203,False,0,,,,,,,,1,,,,,,,
2026-09-09_Mark-Liversedge_Wrist_01__swing_0005,466,finish,pred,203,203,False,0,,,,,,,,1,,,,,,,
2026-09-09_Mark-Liversedge_Wrist_01__swing_0005,467,finish,pred,203,203,False,0,,,,,,,,1,,,,,,,
2026-09-09_Mark-Liversedge_Wrist_01__swing_0005,468,finish,pred,203,203,False,0,,,,,,,,1,,,,,,,
2026-09-09_Mark-Liversedge_Wrist_01__swing_0005,469,finish,pred,203,203,False,0,,,,,,,,1,,,,,,,
2026-09-09_Mark-Liversedge_Wrist_01__swing_0005,470,finish,pred,203,203,False,0,,,,,,,,1,,,,,,,
2026-09-09_Mark-Liversedge_Wrist_01__swing_0005,471,finish,pred,203,203,False,0,,,,,,,,1,,,,,,,
2026-09-09_Mark-Liversedge_Wrist_01__swing_0005,472,finish,pred,203,203,False,0,,,,,,,,1,,,,,,,
2026-09-09_Mark-Liversedge_Wrist_01__swing_0005,473,finish,pred,203,203,False,0,,,,,,,,1,,,,,,,
2026-09-09_Mark-Liversedge_Wrist_01__swing_0005,474,finish,pred,203,203,False,0,,,,,,,,1,,,,,,,
2026-09-09_Mark-Liversedge_Wrist_01__swing_0005,475,finish,pred,203,203,False,0,,,,,,,,1,,,,,,,
2026-09-09_Mark-Liversedge_Wrist_01__swing_0005,476,finish,pred,203,203,False,0,,,,,,,,1,,,,,,,
2026-09-09_Mark-Liversedge_Wrist_01__swing_0005,477,finish,pred,203,203,False,0,,,,,,,,1,,,,,,,
2026-09-09_Mark-Liversedge_Wrist_01__swing_0005,478,finish,pred,203,203,False,0,,,,,,,,1,,,,,,,
2026-09-09_Mark-Liversedge_Wrist_01__swing_0005,479,finish,pred,203,203,False,0,,,,,,,,1,,,,,,,
2026-09-09_Mark-Liversedge_Wrist_01__swing_0005,480,finish,pred,203,203,False,0,,,,,,,,1,,,,,,,
2026-09-09_Mark-Liversedge_Wrist_01__swing_0005,481,finish,pred,203,203,False,0,,,,,,,,1,,,,,,,
2026-09-09_Mark-Liversedge_Wrist_01__swing_0005,482,finish,pred,203,203,False,0,,,,,,,,1,,,,,,,
2026-09-09_Mark-Liversedge_Wrist_01__swing_0005,483,finish,pred,203,203,False,0,,,,,,,,1,,,,,,,
2026-09-09_Mark-Liversedge_Wrist_01__swing_0005,484,finish,pred,203,203,False,0,,,,,,,,1,,,,,,,
2026-09-09_Mark-Liversedge_Wrist_01__swing_0005,485,finish,pred,203,203,False,0,,,,,,,,1,,,,,,,
2026-09-09_Mark-Liversedge_Wrist_01__swing_0005,486,finish,pred,203,203,False,0,,,,,,,,1,,,,,,,
2026-09-09_Mark-Liversedge_Wrist_01__swing_0005,487,finish,pred,203,203,False,0,,,,,,,,1,,,,,,,
2026-09-09_Mark-Liversedge_Wrist_01__swing_0005,488,finish,pred,203,203,False,0,,,,,,,,1,,,,,,,
2026-09-09_Mark-Liversedge_Wrist_01__swing_0005,489,finish,pred,203,203,False,0,,,,,,,,1,,,,,,,
2026-09-09_Mark-Liversedge_Wrist_01__swing_0005,490,finish,pred,203,203,False,0,,,,,,,,1,,,,,,,
2026-09-09_Mark-Liversedge_Wrist_01__swing_0005,491,finish,pred,203,203,False,0,,,,,,,,1,,,,,,,
2026-09-09_Mark-Liversedge_Wrist_01__swing_0005,492,finish,pred,203,203,False,0,,,,,,,,1,,,,,,,
2026-09-09_Mark-Liversedge_Wrist_01__swing_0005,493,finish,pred,203,203,False,0,,,,,,,,1,,,,,,,
2026-09-09_Mark-Liversedge_Wrist_01__swing_0005,494,finish,pred,203,203,False,0,,,,,,,,1,,,,,,,
2026-09-09_Mark-Liversedge_Wrist_01__swing_0005,495,finish,pred,203,203,False,0,,,,,,,,1,,,,,,,
2026-09-09_Mark-Liversedge_Wrist_01__swing_0005,496,finish,pred,203,203,False,0,,,,,,,,1,,,,,,,
2026-09-09_Mark-Liversedge_Wrist_01__swing_0005,497,finish,pred,203,203,False,0,,,,,,,,1,,,,,,,
2026-09-09_Mark-Liversedge_Wrist_01__swing_0005,498,finish,pred,203,203,False,0,,,,,,,,1,,,,,,,
2026-09-09_Mark-Liversedge_Wrist_01__swing_0005,499,finish,pred,203,203,False,0,,,,,,,,1,,,,,,,
2026-09-09_Mark-Liversedge_Wrist_01__swing_0005,500,finish,pred,203,203,False,0,,,,,,,,1,,,,,,,
2026-09-09_Mark-Liversedge_Wrist_01__swing_0005,501,finish,pred,203,203,False,0,,,,,,,,1,,,,,,,
2026-09-09_Mark-Liversedge_Wrist_01__swing_0005,502,finish,pred,203,203,False,0,,,,,,,,1,,,,,,,
2026-09-09_Mark-Liversedge_Wrist_01__swing_0005,503,finish,pred,203,203,False,0,,,,,,,,1,,,,,,,
2026-09-09_Mark-Liversedge_Wrist_01__swing_0005,504,finish,pred,203,203,False,0,,,,,,,,1,,,,,,,
2026-09-09_Mark-Liversedge_Wrist_01__swing_0005,505,finish,pred,203,203,False,0,,,,,,,,1,,,,,,,
2026-09-09_Mark-Liversedge_Wrist_01__swing_0005,506,finish,pred,203,203,False,0,,,,,,,,1,,,,,,,
2026-09-09_Mark-Liversedge_Wrist_01__swing_0005,507,finish,pred,203,203,False,0,,,,,,,,1,,,,,,,
2026-09-09_Mark-Liversedge_Wrist_01__swing_0005,508,finish,pred,203,203,False,0,,,,,,,,1,,,,,,,
2026-09-09_Mark-Liversedge_Wrist_01__swing_0005,509,finish,pred,203,203,False,0,,,,,,,,1,,,,,,,
2026-09-09_Mark-Liversedge_Wrist_01__swing_0005,510,finish,pred,203,203,False,0,,,,,,,,1,,,,,,,
2026-09-09_Mark-Liversedge_Wrist_01__swing_0005,511,finish,pred,203,203,False,0,,,,,,,,1,,,,,,,
2026-09-09_Mark-Liversedge_Wrist_01__swing_0005,512,finish,pred,203,203,False,0,,,,,,,,1,,,,,,,
2026-09-09_Mark-Liversedge_Wrist_01__swing_0005,513,finish,pred,203,203,False,0,,,,,,,,1,,,,,,,
2026-09-09_Mark-Liversedge_Wrist_01__swing_0005,514,finish,pred,203,203,False,0,,,,,,,,1,,,,,,,
2026-09-09_Mark-Liversedge_Wrist_01__swing_0005,515,finish,pred,203,203,False,0,,,,,,,,1,,,,,,,
2026-09-09_Mark-Liversedge_Wrist_01__swing_0005,516,finish,pred,203,203,False,0,,,,,,,,1,,,,,,,
2026-09-09_Mark-Liversedge_Wrist_01__swing_0005,517,finish,pred,203,203,False,0,,,,,,,,1,,,,,,,
2026-09-09_Mark-Liversedge_Wrist_01__swing_0005,518,finish,pred,203,203,False,0,,,,,,,,1,,,,,,,
2026-09-09_Mark-Liversedge_Wrist_01__swing_0005,519,finish,pred,203,203,False,0,,,,,,,,1,,,,,,,
2026-09-09_Mark-Liversedge_Wrist_01__swing_0005,520,finish,pred,203,203,False,0,,,,,,,,1,,,,,,,
2026-09-09_Mark-Liversedge_Wrist_01__swing_0005,521,finish,pred,203,203,False,0,,,,,,,,1,,,,,,,
2026-09-09_Mark-Liversedge_Wrist_01__swing_0005,522,finish,pred,203,203,False,0,,,,,,,,1,,,,,,,
2026-09-09_Mark-Liversedge_Wrist_01__swing_0005,523,finish,pred,203,203,False,0,,,,,,,,1,,,,,,,
2026-09-09_Mark-Liversedge_Wrist_01__swing_0005,524,finish,pred,203,203,False,0,,,,,,,,1,,,,,,,
2026-09-09_Mark-Liversedge_Wrist_01__swing_0005,525,finish,pred,203,203,False,0,,,,,,,,1,,,,,,,
2026-09-09_Mark-Liversedge_Wrist_01__swing_0005,526,finish,pred,203,203,False,0,,,,,,,,1,,,,,,,
2026-09-09_Mark-Liversedge_Wrist_01__swing_0005,527,finish,pred,203,203,False,0,,,,,,,,1,,,,,,,
2026-09-09_Mark-Liversedge_Wrist_01__swing_0005,528,finish,pred,203,203,False,0,,,,,,,,1,,,,,,,
2026-09-09_Mark-Liversedge_Wrist_01__swing_0005,529,finish,pred,203,203,False,0,,,,,,,,1,,,,,,,
2026-09-09_Mark-Liversedge_Wrist_01__swing_0005,530,finish,pred,203,203,False,0,,,,,,,,1,,,,,,,
2026-09-09_Mark-Liversedge_Wrist_01__swing_0005,531,finish,pred,203,203,False,0,,,,,,,,1,,,,,,,
2026-09-09_Mark-Liversedge_Wrist_01__swing_0005,532,finish,pred,203,203,False,0,,,,,,,,1,,,,,,,
2026-09-09_Mark-Liversedge_Wrist_01__swing_0005,533,finish,pred,203,203,False,0,,,,,,,,1,,,,,,,
2026-09-09_Mark-Liversedge_Wrist_01__swing_0005,534,finish,pred,203,203,False,0,,,,,,,,1,,,,,,,
2026-09-09_Mark-Liversedge_Wrist_01__swing_0005,535,finish,pred,203,203,False,0,,,,,,,,1,,,,,,,
2026-09-09_Mark-Liversedge_Wrist_01__swing_0005,536,finish,pred,203,203,False,0,,,,,,,,1,,,,,,,
2026-09-09_Mark-Liversedge_Wrist_01__swing_0005,537,finish,pred,203,203,False,0,,,,,,,,1,,,,,,,
2026-09-09_Mark-Liversedge_Wrist_01__swing_0005,538,finish,pred,203,203,False,0,,,,,,,,1,,,,,,,
2026-09-09_Mark-Liversedge_Wrist_01__swing_0005,539,finish,pred,203,203,False,0,,,,,,,,1,,,,,,,
2026-09-09_Mark-Liversedge_Wrist_01__swing_0005,540,finish,pred,203,203,False,0,,,,,,,,1,,,,,,,
2026-09-09_Mark-Liversedge_Wrist_01__swing_0005,541,finish,pred,203,203,False,0,,,,,,,,1,,,,,,,
2026-09-09_Mark-Liversedge_Wrist_01__swing_0005,542,finish,pred,203,203,False,0,,,,,,,,1,,,,,,,
2026-09-09_Mark-Liversedge_Wrist_01__swing_0005,543,finish,pred,203,203,False,0,,,,,,,,1,,,,,,,
2026-09-09_Mark-Liversedge_Wrist_01__swing_0005,544,finish,pred,203,203,False,0,,,,,,,,1,,,,,,,
2026-09-09_Mark-Liversedge_Wrist_01__swing_0005,545,finish,pred,203,203,False,0,,,,,,,,1,,,,,,,
2026-09-09_Mark-Liversedge_Wrist_01__swing_0005,546,finish,pred,203,203,False,0,,,,,,,,1,,,,,,,
2026-09-09_Mark-Liversedge_Wrist_01__swing_0005,547,finish,pred,203,203,False,0,,,,,,,,1,,,,,,,
2026-09-09_Mark-Liversedge_Wrist_01__swing_0005,548,finish,pred,203,203,False,0,,,,,,,,1,,,,,,,
2026-09-09_Mark-Liversedge_Wrist_01__swing_0005,549,finish,pred,203,203,False,0,,,,,,,,1,,,,,,,
2026-09-09_Mark-Liversedge_Wrist_01__swing_0005,550,finish,pred,203,203,False,0,,,,,,,,1,,,,,,,
2026-09-09_Mark-Liversedge_Wrist_01__swing_0005,551,finish,pred,203,203,False,0,,,,,,,,1,,,,,,,
2026-09-09_Mark-Liversedge_Wrist_01__swing_0005,552,finish,pred,203,203,False,0,,,,,,,,1,,,,,,,
2026-09-09_Mark-Liversedge_Wrist_01__swing_0005,553,finish,pred,203,203,False,0,,,,,,,,1,,,,,,,
2026-09-09_Mark-Liversedge_Wrist_01__swing_0005,554,finish,pred,203,203,False,0,,,,,,,,1,,,,,,,
2026-09-09_Mark-Liversedge_Wrist_01__swing_0005,555,finish,pred,203,203,False,0,,,,,,,,1,,,,,,,
2026-09-09_Mark-Liversedge_Wrist_01__swing_0005,556,finish,pred,203,203,False,0,,,,,,,,1,,,,,,,
2026-09-09_Mark-Liversedge_Wrist_01__swing_0005,557,finish,pred,203,203,False,0,,,,,,,,1,,,,,,,
2026-09-09_Mark-Liversedge_Wrist_01__swing_0005,558,finish,pred,203,203,False,0,,,,,,,,1,,,,,,,
2026-09-09_Mark-Liversedge_Wrist_01__swing_0005,559,finish,pred,203,203,False,0,,,,,,,,1,,,,,,,
2026-09-09_Mark-Liversedge_Wrist_01__swing_0005,560,finish,pred,203,203,False,0,,,,,,,,1,,,,,,,
2026-09-09_Mark-Liversedge_Wrist_01__swing_0005,561,finish,pred,203,203,False,0,,,,,,,,1,,,,,,,
2026-09-09_Mark-Liversedge_Wrist_01__swing_0005,562,finish,pred,203,203,False,0,,,,,,,,1,,,,,,,
2026-09-09_Mark-Liversedge_Wrist_01__swing_0005,563,finish,pred,203,203,False,0,,,,,,,,1,,,,,,,
2026-09-09_Mark-Liversedge_Wrist_01__swing_0005,564,finish,pred,203,203,False,0,,,,,,,,1,,,,,,,
2026-09-09_Mark-Liversedge_Wrist_01__swing_0005,565,finish,pred,203,203,False,0,,,,,,,,1,,,,,,,
2026-09-09_Mark-Liversedge_Wrist_01__swing_0005,566,finish,pred,203,203,False,0,,,,,,,,1,,,,,,,
2026-09-09_Mark-Liversedge_Wrist_01__swing_0005,567,finish,pred,203,203,False,0,,,,,,,,1,,,,,,,
2026-09-09_Mark-Liversedge_Wrist_01__swing_0005,568,finish,pred,203,203,False,0,,,,,,,,1,,,,,,,
2026-09-09_Mark-Liversedge_Wrist_01__swing_0005,569,finish,pred,203,203,False,0,,,,,,,,1,,,,,,,
2026-09-09_Mark-Liversedge_Wrist_01__swing_0005,570,finish,pred,203,203,False,0,,,,,,,,1,,,,,,,
2026-09-09_Mark-Liversedge_Wrist_01__swing_0005,571,finish,pred,203,203,False,0,,,,,,,,1,,,,,,,
2026-09-09_Mark-Liversedge_Wrist_01__swing_0005,572,finish,pred,203,203,False,0,,,,,,,,1,,,,,,,
2026-09-09_Mark-Liversedge_Wrist_01__swing_0005,573,finish,pred,203,203,False,0,,,,,,,,1,,,,,,,
2026-09-09_Mark-Liversedge_Wrist_01__swing_0005,574,finish,pred,203,203,False,0,,,,,,,,1,,,,,,,
2026-09-09_Mark-Liversedge_Wrist_01__swing_0005,575,finish,pred,203,203,False,0,,,,,,,,1,,,,,,,
2026-09-09_Mark-Liversedge_Wrist_01__swing_0005,576,finish,pred,203,203,False,0,,,,,,,,1,,,,,,,
2026-09-09_Mark-Liversedge_Wrist_01__swing_0005,577,finish,pred,203,203,False,0,,,,,,,,1,,,,,,,
2026-09-09_Mark-Liversedge_Wrist_01__swing_0005,578,finish,pred,203,203,False,0,,,,,,,,1,,,,,,,
2026-09-09_Mark-Liversedge_Wrist_01__swing_0005,579,finish,pred,203,203,False,0,,,,,,,,1,,,,,,,
2026-09-09_Mark-Liversedge_Wrist_01__swing_0005,580,finish,pred,203,203,False,0,,,,,,,,1,,,,,,,
2026-09-09_Mark-Liversedge_Wrist_01__swing_0005,581,finish,pred,203,203,False,0,,,,,,,,1,,,,,,,
2026-09-09_Mark-Liversedge_Wrist_01__swing_0005,582,finish,pred,203,203,False,0,,,,,,,,1,,,,,,,
2026-09-09_Mark-Liversedge_Wrist_01__swing_0005,583,finish,pred,203,203,False,0,,,,,,,,1,,,,,,,
2026-09-09_Mark-Liversedge_Wrist_01__swing_0005,584,finish,pred,203,203,False,0,,,,,,,,1,,,,,,,
2026-09-09_Mark-Liversedge_Wrist_01__swing_0005,585,finish,pred,203,203,False,0,,,,,,,,1,,,,,,,
2026-09-09_Mark-Liversedge_Wrist_01__swing_0005,586,finish,pred,203,203,False,0,,,,,,,,1,,,,,,,
2026-09-09_Mark-Liversedge_Wrist_01__swing_0005,587,finish,pred,203,203,False,0,,,,,,,,1,,,,,,,
2026-09-09_Mark-Liversedge_Wrist_01__swing_0005,588,finish,pred,203,203,False,0,,,,,,,,1,,,,,,,
2026-09-09_Mark-Liversedge_Wrist_01__swing_0005,589,finish,pred,203,203,False,0,,,,,,,,1,,,,,,,
2026-09-09_Mark-Liversedge_Wrist_01__swing_0005,590,finish,pred,203,203,False,0,,,,,,,,1,,,,,,,
2026-09-09_Mark-Liversedge_Wrist_01__swing_0005,591,finish,pred,203,203,False,0,,,,,,,,1,,,,,,,
2026-09-09_Mark-Liversedge_Wrist_01__swing_0005,592,finish,pred,203,203,False,0,,,,,,,,1,,,,,,,
2026-09-09_Mark-Liversedge_Wrist_01__swing_0005,593,finish,pred,203,203,False,0,,,,,,,,1,,,,,,,
2026-09-09_Mark-Liversedge_Wrist_01__swing_0005,594,finish,pred,203,203,False,0,,,,,,,,1,,,,,,,
2026-09-09_Mark-Liversedge_Wrist_01__swing_0005,595,finish,pred,203,203,False,0,,,,,,,,1,,,,,,,
2026-09-09_Mark-Liversedge_Wrist_01__swing_0005,596,finish,pred,203,203,False,0,,,,,,,,1,,,,,,,
2026-09-09_Mark-Liversedge_Wrist_01__swing_0006,0,addr,pred,90,90,False,0,,,,,,,,8,,,,,,,
2026-09-09_Mark-Liversedge_Wrist_01__swing_0006,1,addr,seg,90,90,False,1,1,95.78722381591797,0.5076687335968018,224.84591674804688,2,0.7289156913757324,3,9,28,359,1,,,,
2026-09-09_Mark-Liversedge_Wrist_01__swing_0006,2,addr,seg,90,90,False,1,1,95.59139251708984,0.4079754650592804,49.59398651123047,2,0.7977527976036072,3,9,94,360,1,,,,
2026-09-09_Mark-Liversedge_Wrist_01__swing_0006,3,addr,pred,90,90,False,0,,,,,,,,8,,,,,,,
2026-09-09_Mark-Liversedge_Wrist_01__swing_0006,4,addr,pred,90,90,False,0,,,,,,,,8,,,,,,,
2026-09-09_Mark-Liversedge_Wrist_01__swing_0006,5,addr,pred,90,90,False,0,,,,,,,,8,,,,,,,
2026-09-09_Mark-Liversedge_Wrist_01__swing_0006,6,addr,pred,90,90,False,0,,,,,,,,8,,,,,,,
2026-09-09_Mark-Liversedge_Wrist_01__swing_0006,7,addr,pred,90,90,False,0,,,,,,,,8,,,,,,,
2026-09-09_Mark-Liversedge_Wrist_01__swing_0006,8,addr,pred,90,90,False,0,,,,,,,,8,,,,,,,
2026-09-09_Mark-Liversedge_Wrist_01__swing_0006,9,addr,seg,90,90,False,2,2,93.23599243164062,0.3954545557498932,92.45979309082031,1,0.9263157844543457,3,9,-1,332,0,,,,
2026-09-09_Mark-Liversedge_Wrist_01__swing_0006,10,addr,pred,90,90,False,0,,,,,,,,8,,,,,,,
2026-09-09_Mark-Liversedge_Wrist_01__swing_0006,11,addr,pred,90,90,False,0,,,,,,,,8,,,,,,,
2026-09-09_Mark-Liversedge_Wrist_01__swing_0006,12,addr,pred,90,90,False,0,,,,,,,,8,,,,,,,
2026-09-09_Mark-Liversedge_Wrist_01__swing_0006,13,addr,pred,90,90,False,0,,,,,,,,8,,,,,,,
2026-09-09_Mark-Liversedge_Wrist_01__swing_0006,14,addr,pred,90,90,False,0,,,,,,,,8,,,,,,,
2026-09-09_Mark-Liversedge_Wrist_01__swing_0006,15,addr,seg,90,90,False,2,2,93.11016082763672,0.3954545557498932,5.057494163513184,1,0.7126436829566956,1,9,-1,346,0,,,,
2026-09-09_Mark-Liversedge_Wrist_01__swing_0006,16,addr,pred,90,90,False,0,,,,,,,,8,,,,,,,
2026-09-09_Mark-Liversedge_Wrist_01__swing_0006,17,addr,seg,90,90,False,2,2,91.57482147216797,0.3954545557498932,140.50576782226562,1,0.9166666865348816,3,9,-1,313,0,,,,
2026-09-09_Mark-Liversedge_Wrist_01__swing_0006,18,addr,pred,90,90,False,0,,,,,,,,7,,,,,,,
2026-09-09_Mark-Liversedge_Wrist_01__swing_0006,19,addr,pred,90,90,False,0,,,,,,,,7,,,,,,,
2026-09-09_Mark-Liversedge_Wrist_01__swing_0006,20,addr,pred,90,90,False,0,,,,,,,,7,,,,,,,
2026-09-09_Mark-Liversedge_Wrist_01__swing_0006,21,addr,pred,90,90,False,0,,,,,,,,7,,,,,,,
2026-09-09_Mark-Liversedge_Wrist_01__swing_0006,22,addr,pred,90,90,False,0,,,,,,,,7,,,,,,,
2026-09-09_Mark-Liversedge_Wrist_01__swing_0006,23,addr,pred,90,90,False,0,,,,,,,,7,,,,,,,
2026-09-09_Mark-Liversedge_Wrist_01__swing_0006,24,addr,pred,90,90,False,0,,,,,,,,7,,,,,,,
2026-09-09_Mark-Liversedge_Wrist_01__swing_0006,25,addr,pred,90,90,False,0,,,,,,,,7,,,,,,,
2026-09-09_Mark-Liversedge_Wrist_01__swing_0006,26,addr,pred,90,90,False,0,,,,,,,,7,,,,,,,
2026-09-09_Mark-Liversedge_Wrist_01__swing_0006,27,addr,pred,90,90,False,0,,,,,,,,7,,,,,,,
2026-09-09_Mark-Liversedge_Wrist_01__swing_0006,28,addr,pred,90,90,False,0,,,,,,,,7,,,,,,,
2026-09-09_Mark-Liversedge_Wrist_01__swing_0006,29,addr,pred,90,90,False,0,,,,,,,,7,,,,,,,
2026-09-09_Mark-Liversedge_Wrist_01__swing_0006,30,addr,pred,90,90,False,0,,,,,,,,7,,,,,,,
2026-09-09_Mark-Liversedge_Wrist_01__swing_0006,31,addr,pred,90,90,False,0,,,,,,,,7,,,,,,,
2026-09-09_Mark-Liversedge_Wrist_01__swing_0006,32,addr,pred,90,90,False,0,,,,,,,,7,,,,,,,
2026-09-09_Mark-Liversedge_Wrist_01__swing_0006,33,addr,pred,90,90,False,0,,,,,,,,7,,,,,,,
2026-09-09_Mark-Liversedge_Wrist_01__swing_0006,34,addr,pred,90,90,False,0,,,,,,,,7,,,,,,,
2026-09-09_Mark-Liversedge_Wrist_01__swing_0006,35,addr,pred,90,90,False,0,,,,,,,,7,,,,,,,
2026-09-09_Mark-Liversedge_Wrist_01__swing_0006,36,addr,pred,90,90,False,0,,,,,,,,7,,,,,,,
2026-09-09_Mark-Liversedge_Wrist_01__swing_0006,37,addr,pred,90,90,False,0,,,,,,,,7,,,,,,,
2026-09-09_Mark-Liversedge_Wrist_01__swing_0006,38,addr,pred,90,90,False,0,,,,,,,,7,,,,,,,
2026-09-09_Mark-Liversedge_Wrist_01__swing_0006,39,addr,pred,90,90,False,0,,,,,,,,7,,,,,,,
2026-09-09_Mark-Liversedge_Wrist_01__swing_0006,40,addr,pred,90,90,False,0,,,,,,,,7,,,,,,,
2026-09-09_Mark-Liversedge_Wrist_01__swing_0006,41,addr,pred,90,90,False,0,,,,,,,,7,,,,,,,
2026-09-09_Mark-Liversedge_Wrist_01__swing_0006,42,addr,pred,90,90,False,0,,,,,,,,7,,,,,,,
2026-09-09_Mark-Liversedge_Wrist_01__swing_0006,43,addr,pred,90,90,False,0,,,,,,,,7,,,,,,,
2026-09-09_Mark-Liversedge_Wrist_01__swing_0006,44,addr,pred,90,90,False,0,,,,,,,,7,,,,,,,
2026-09-09_Mark-Liversedge_Wrist_01__swing_0006,45,addr,pred,90,90,False,0,,,,,,,,7,,,,,,,
2026-09-09_Mark-Liversedge_Wrist_01__swing_0006,46,addr,pred,90,90,False,0,,,,,,,,7,,,,,,,
2026-09-09_Mark-Liversedge_Wrist_01__swing_0006,47,addr,pred,90,90,False,0,,,,,,,,7,,,,,,,
2026-09-09_Mark-Liversedge_Wrist_01__swing_0006,48,addr,pred,90,90,False,0,,,,,,,,7,,,,,,,
2026-09-09_Mark-Liversedge_Wrist_01__swing_0006,49,addr,pred,90,90,False,0,,,,,,,,7,,,,,,,
2026-09-09_Mark-Liversedge_Wrist_01__swing_0006,50,addr,pred,90,90,False,0,,,,,,,,7,,,,,,,
2026-09-09_Mark-Liversedge_Wrist_01__swing_0006,51,addr,pred,90,90,False,0,,,,,,,,7,,,,,,,
2026-09-09_Mark-Liversedge_Wrist_01__swing_0006,52,addr,pred,90,90,False,0,,,,,,,,7,,,,,,,
2026-09-09_Mark-Liversedge_Wrist_01__swing_0006,53,addr,pred,90,90,False,0,,,,,,,,7,,,,,,,
2026-09-09_Mark-Liversedge_Wrist_01__swing_0006,54,addr,pred,90,90,False,0,,,,,,,,7,,,,,,,
2026-09-09_Mark-Liversedge_Wrist_01__swing_0006,55,addr,pred,90,90,False,0,,,,,,,,7,,,,,,,
2026-09-09_Mark-Liversedge_Wrist_01__swing_0006,56,addr,pred,90,90,False,0,,,,,,,,7,,,,,,,
2026-09-09_Mark-Liversedge_Wrist_01__swing_0006,57,addr,pred,90,90,False,0,,,,,,,,7,,,,,,,
2026-09-09_Mark-Liversedge_Wrist_01__swing_0006,58,addr,pred,90,90,False,0,,,,,,,,7,,,,,,,
2026-09-09_Mark-Liversedge_Wrist_01__swing_0006,59,addr,pred,90,90,False,0,,,,,,,,7,,,,,,,
2026-09-09_Mark-Liversedge_Wrist_01__swing_0006,60,addr,pred,90,90,False,0,,,,,,,,7,,,,,,,
2026-09-09_Mark-Liversedge_Wrist_01__swing_0006,61,addr,pred,90,90,False,0,,,,,,,,7,,,,,,,
2026-09-09_Mark-Liversedge_Wrist_01__swing_0006,62,addr,pred,90,90,False,0,,,,,,,,7,,,,,,,
2026-09-09_Mark-Liversedge_Wrist_01__swing_0006,63,addr,pred,90,90,False,0,,,,,,,,7,,,,,,,
2026-09-09_Mark-Liversedge_Wrist_01__swing_0006,64,addr,pred,90,90,False,0,,,,,,,,7,,,,,,,
2026-09-09_Mark-Liversedge_Wrist_01__swing_0006,65,addr,pred,90,90,False,0,,,,,,,,7,,,,,,,
2026-09-09_Mark-Liversedge_Wrist_01__swing_0006,66,addr,pred,90,90,False,0,,,,,,,,7,,,,,,,
2026-09-09_Mark-Liversedge_Wrist_01__swing_0006,67,addr,pred,90,90,False,0,,,,,,,,7,,,,,,,
2026-09-09_Mark-Liversedge_Wrist_01__swing_0006,68,addr,pred,90,90,False,0,,,,,,,,7,,,,,,,
2026-09-09_Mark-Liversedge_Wrist_01__swing_0006,69,addr,pred,90,90,False,0,,,,,,,,7,,,,,,,
2026-09-09_Mark-Liversedge_Wrist_01__swing_0006,70,addr,pred,90,90,False,0,,,,,,,,7,,,,,,,
2026-09-09_Mark-Liversedge_Wrist_01__swing_0006,71,addr,pred,90,90,False,0,,,,,,,,7,,,,,,,
2026-09-09_Mark-Liversedge_Wrist_01__swing_0006,72,addr,pred,90,90,False,0,,,,,,,,7,,,,,,,
2026-09-09_Mark-Liversedge_Wrist_01__swing_0006,73,addr,pred,90,90,False,0,,,,,,,,7,,,,,,,
2026-09-09_Mark-Liversedge_Wrist_01__swing_0006,74,addr,pred,90,90,False,0,,,,,,,,8,,,,,,,
2026-09-09_Mark-Liversedge_Wrist_01__swing_0006,75,addr,pred,90,90,False,0,,,,,,,,8,,,,,,,
2026-09-09_Mark-Liversedge_Wrist_01__swing_0006,76,addr,pred,90,90,False,0,,,,,,,,8,,,,,,,
2026-09-09_Mark-Liversedge_Wrist_01__swing_0006,77,addr,pred,90,90,False,0,,,,,,,,7,,,,,,,
2026-09-09_Mark-Liversedge_Wrist_01__swing_0006,78,addr,pred,90,90,False,0,,,,,,,,8,,,,,,,
2026-09-09_Mark-Liversedge_Wrist_01__swing_0006,79,addr,pred,90,90,False,0,,,,,,,,8,,,,,,,
2026-09-09_Mark-Liversedge_Wrist_01__swing_0006,80,addr,pred,90,90,False,0,,,,,,,,8,,,,,,,
2026-09-09_Mark-Liversedge_Wrist_01__swing_0006,81,addr,pred,90,90,False,0,,,,,,,,8,,,,,,,
2026-09-09_Mark-Liversedge_Wrist_01__swing_0006,82,addr,pred,90,90,False,0,,,,,,,,8,,,,,,,
2026-09-09_Mark-Liversedge_Wrist_01__swing_0006,83,addr,pred,90,90,False,1,1,96.092529296875,0.546012282371521,230.55056762695312,2,0.6554622054100037,3,9,27,383,1,,,,
2026-09-09_Mark-Liversedge_Wrist_01__swing_0006,84,addr,pred,90,90,False,0,,,,,,,,8,,,,,,,
2026-09-09_Mark-Liversedge_Wrist_01__swing_0006,85,addr,pred,90,90,False,0,,,,,,,,8,,,,,,,
2026-09-09_Mark-Liversedge_Wrist_01__swing_0006,86,addr,pred,90,90,False,0,,,,,,,,8,,,,,,,
2026-09-09_Mark-Liversedge_Wrist_01__swing_0006,87,addr,pred,90,90,False,0,,,,,,,,8,,,,,,,
2026-09-09_Mark-Liversedge_Wrist_01__swing_0006,88,addr,pred,90,90,False,0,,,,,,,,8,,,,,,,
2026-09-09_Mark-Liversedge_Wrist_01__swing_0006,89,addr,pred,90,90,False,0,,,,,,,,7,,,,,,,
2026-09-09_Mark-Liversedge_Wrist_01__swing_0006,90,addr,pred,90,90,False,0,,,,,,,,8,,,,,,,
2026-09-09_Mark-Liversedge_Wrist_01__swing_0006,91,addr,pred,90,90,False,0,,,,,,,,8,,,,,,,
2026-09-09_Mark-Liversedge_Wrist_01__swing_0006,92,addr,pred,90,90,False,0,,,,,,,,8,,,,,,,
2026-09-09_Mark-Liversedge_Wrist_01__swing_0006,93,addr,pred,90,90,False,0,,,,,,,,8,,,,,,,
2026-09-09_Mark-Liversedge_Wrist_01__swing_0006,94,addr,pred,90,90,False,0,,,,,,,,8,,,,,,,
2026-09-09_Mark-Liversedge_Wrist_01__swing_0006,95,addr,pred,90,90,False,0,,,,,,,,7,,,,,,,
2026-09-09_Mark-Liversedge_Wrist_01__swing_0006,96,addr,pred,90,90,False,0,,,,,,,,8,,,,,,,
2026-09-09_Mark-Liversedge_Wrist_01__swing_0006,97,addr,pred,90,90,False,0,,,,,,,,8,,,,,,,
2026-09-09_Mark-Liversedge_Wrist_01__swing_0006,98,addr,pred,90,90,False,0,,,,,,,,8,,,,,,,
2026-09-09_Mark-Liversedge_Wrist_01__swing_0006,99,addr,pred,90,90,False,0,,,,,,,,7,,,,,,,
2026-09-09_Mark-Liversedge_Wrist_01__swing_0006,100,addr,pred,90,90,False,0,,,,,,,,7,,,,,,,
2026-09-09_Mark-Liversedge_Wrist_01__swing_0006,101,addr,pred,90,90,False,0,,,,,,,,7,,,,,,,
2026-09-09_Mark-Liversedge_Wrist_01__swing_0006,102,addr,pred,90,90,False,0,,,,,,,,7,,,,,,,
2026-09-09_Mark-Liversedge_Wrist_01__swing_0006,103,addr,pred,90,90,False,0,,,,,,,,7,,,,,,,
2026-09-09_Mark-Liversedge_Wrist_01__swing_0006,104,addr,pred,90,90,False,0,,,,,,,,7,,,,,,,
2026-09-09_Mark-Liversedge_Wrist_01__swing_0006,105,addr,pred,90,90,False,0,,,,,,,,7,,,,,,,
2026-09-09_Mark-Liversedge_Wrist_01__swing_0006,106,addr,pred,90,90,False,0,,,,,,,,8,,,,,,,
2026-09-09_Mark-Liversedge_Wrist_01__swing_0006,107,addr,pred,90,90,False,0,,,,,,,,7,,,,,,,
2026-09-09_Mark-Liversedge_Wrist_01__swing_0006,108,addr,pred,90,90,False,0,,,,,,,,7,,,,,,,
2026-09-09_Mark-Liversedge_Wrist_01__swing_0006,109,addr,pred,90,90,False,0,,,,,,,,7,,,,,,,
2026-09-09_Mark-Liversedge_Wrist_01__swing_0006,110,addr,pred,90,90,False,0,,,,,,,,8,,,,,,,
2026-09-09_Mark-Liversedge_Wrist_01__swing_0006,111,addr,seg,90,90,False,1,1,95.47985076904297,0.44090908765792847,115.67010498046875,2,0.7123287916183472,1,9,46,337,2,,,,
2026-09-09_Mark-Liversedge_Wrist_01__swing_0006,112,addr,pred,90,90,False,0,,,,,,,,8,,,,,,,
2026-09-09_Mark-Liversedge_Wrist_01__swing_0006,113,addr,pred,90,90,False,1,1,96.02265167236328,0.4816666543483734,226.02076721191406,2,0.8068965673446655,1,9,26,315,1,,,,
2026-09-09_Mark-Liversedge_Wrist_01__swing_0006,114,addr,pred,90,90,False,0,,,,,,,,8,,,,,,,
2026-09-09_Mark-Liversedge_Wrist_01__swing_0006,115,addr,pred,90,90,False,0,,,,,,,,8,,,,,,,
2026-09-09_Mark-Liversedge_Wrist_01__swing_0006,116,addr,pred,90,90,False,0,,,,,,,,8,,,,,,,
2026-09-09_Mark-Liversedge_Wrist_01__swing_0006,117,addr,seg,90,90,False,1,1,95.9561767578125,0.48500001430511475,187.21649169921875,2,0.8082191944122314,1,9,45,336,1,,,,
2026-09-09_Mark-Liversedge_Wrist_01__swing_0006,118,addr,seg,90,90,False,1,1,95.46307373046875,0.44090908765792847,74.8453598022461,2,0.7020547986030579,1,9,64,355,2,,,,
2026-09-09_Mark-Liversedge_Wrist_01__swing_0006,119,addr,pred,90,90,False,0,,,,,,,,8,,,,,,,
2026-09-09_Mark-Liversedge_Wrist_01__swing_0006,120,addr,pred,90,90,False,0,,,,,,,,8,,,,,,,
2026-09-09_Mark-Liversedge_Wrist_01__swing_0006,121,addr,seg,90,90,False,1,1,95.64144134521484,0.47999998927116394,82.08333587646484,2,0.7958477735519409,1,9,95,383,1,,,,
2026-09-09_Mark-Liversedge_Wrist_01__swing_0006,122,addr,pred,90,90,False,0,,,,,,,,8,,,,,,,
2026-09-09_Mark-Liversedge_Wrist_01__swing_0006,123,addr,pred,90,90,False,1,1,97.30958557128906,0.4954545497894287,147.33944702148438,2,0.6493902206420898,1,9,36,363,2,,,,
2026-09-09_Mark-Liversedge_Wrist_01__swing_0006,124,addr,pred,90,90,False,1,1,98.9994888305664,0.43939393758773804,17.44827651977539,2,0.7422680258750916,1,9,89,379,2,,,,
2026-09-09_Mark-Liversedge_Wrist_01__swing_0006,125,addr,pred,90,90,False,1,1,98.49829864501953,0.4848484992980957,147.8125,2,0.6978192925453186,1,9,35,355,2,,,,
2026-09-09_Mark-Liversedge_Wrist_01__swing_0006,126,addr,pred,90,90,False,1,1,98.49708557128906,0.4848484992980957,143.6875,2,0.6853582262992859,1,9,37,357,2,,,,
2026-09-09_Mark-Liversedge_Wrist_01__swing_0006,127,addr,pred,90,90,False,1,1,98.49592590332031,0.4848484992980957,139.5625,2,0.6853582262992859,1,9,39,359,2,,,,
2026-09-09_Mark-Liversedge_Wrist_01__swing_0006,128,addr,pred,90,90,False,1,1,98.4947509765625,0.4848484992980957,135.4375,2,0.6915887594223022,1,9,41,361,2,,,,
2026-09-09_Mark-Liversedge_Wrist_01__swing_0006,129,addr,pred,90,90,False,0,,,,,,,,8,,,,,,,
2026-09-09_Mark-Liversedge_Wrist_01__swing_0006,130,addr,pred,90,90,False,0,,,,,,,,8,,,,,,,
2026-09-09_Mark-Liversedge_Wrist_01__swing_0006,131,addr,pred,90,90,False,0,,,,,,,,8,,,,,,,
2026-09-09_Mark-Liversedge_Wrist_01__swing_0006,132,addr,pred,90,90,False,0,,,,,,,,7,,,,,,,
2026-09-09_Mark-Liversedge_Wrist_01__swing_0006,133,addr,pred,90,90,False,0,,,,,,,,7,,,,,,,
2026-09-09_Mark-Liversedge_Wrist_01__swing_0006,134,addr,pred,90,90,False,0,,,,,,,,8,,,,,,,
2026-09-09_Mark-Liversedge_Wrist_01__swing_0006,135,addr,seg,90,90,False,1,1,94.90872192382812,0.44090908765792847,117.93814086914062,2,0.8082191944122314,1,9,45,336,2,,,,
2026-09-09_Mark-Liversedge_Wrist_01__swing_0006,136,addr,seg,90,90,False,1,1,95.8448257446289,0.4816666543483734,228.09689331054688,2,0.8310344815254211,1,9,25,314,1,,,,
2026-09-09_Mark-Liversedge_Wrist_01__swing_0006,137,addr,seg,90,90,False,1,1,95.90609741210938,0.4816666543483734,228.09689331054688,2,0.8206896781921387,1,9,25,314,1,,,,
2026-09-09_Mark-Liversedge_Wrist_01__swing_0006,138,addr,seg,90,90,False,1,1,95.9665298461914,0.47999998927116394,225.8333282470703,2,0.8269895911216736,1,9,26,314,1,,,,
2026-09-09_Mark-Liversedge_Wrist_01__swing_0006,139,addr,pred,90,90,False,1,1,96.0275650024414,0.4816666543483734,226.02076721191406,2,0.8103448152542114,1,9,26,315,1,,,,
2026-09-09_Mark-Liversedge_Wrist_01__swing_0006,140,addr,pred,90,90,False,1,1,96.08834838867188,0.4816666543483734,226.02076721191406,2,0.7931034564971924,1,9,26,315,1,,,,
2026-09-09_Mark-Liversedge_Wrist_01__swing_0006,141,addr,seg,90,90,False,1,1,95.11849212646484,0.47999998927116394,182.0833282470703,2,0.8027681708335876,1,9,47,335,1,,,,
2026-09-09_Mark-Liversedge_Wrist_01__swing_0006,142,addr,seg,90,90,False,1,1,94.2406234741211,0.550000011920929,232.72727966308594,2,0.6283987760543823,1,9,26,356,1,,,,
2026-09-09_Mark-Liversedge_Wrist_01__swing_0006,143,addr,pred,90,90,False,0,,,,,,,,8,,,,,,,
2026-09-09_Mark-Liversedge_Wrist_01__swing_0006,144,addr,pred,90,90,False,0,,,,,,,,7,,,,,,,
2026-09-09_Mark-Liversedge_Wrist_01__swing_0006,145,addr,pred,90,90,False,0,,,,,,,,8,,,,,,,
2026-09-09_Mark-Liversedge_Wrist_01__swing_0006,146,addr,seg,90,90,False,1,1,93.83675384521484,0.550000011920929,229.09091186523438,2,0.6858006119728088,1,9,28,358,1,,,,
2026-09-09_Mark-Liversedge_Wrist_01__swing_0006,147,addr,seg,90,90,False,1,1,94.75469970703125,0.43558281660079956,169.8028106689453,2,0.800000011920929,3,9,48,332,1,,,,
2026-09-09_Mark-Liversedge_Wrist_01__swing_0006,148,addr,pred,90,90,False,0,,,,,,,,8,,,,,,,
2026-09-09_Mark-Liversedge_Wrist_01__swing_0006,149,addr,pred,90,90,False,1,1,97.39556884765625,0.42575758695602417,107.2597885131836,2,0.7127659320831299,1,9,48,329,2,,,,
2026-09-09_Mark-Liversedge_Wrist_01__swing_0006,150,addr,pred,90,90,False,0,,,,,,,,7,,,,,,,
2026-09-09_Mark-Liversedge_Wrist_01__swing_0006,151,addr,pred,90,90,False,0,,,,,,,,7,,,,,,,
2026-09-09_Mark-Liversedge_Wrist_01__swing_0006,152,addr,pred,90,90,False,1,1,99.01959991455078,0.43484848737716675,-19.16376304626465,2,0.6944444179534912,1,9,104,391,2,,,,
2026-09-09_Mark-Liversedge_Wrist_01__swing_0006,153,addr,pred,90,90,False,0,,,,,,,,8,,,,,,,
2026-09-09_Mark-Liversedge_Wrist_01__swing_0006,154,addr,pred,90,90,False,0,,,,,,,,8,,,,,,,
2026-09-09_Mark-Liversedge_Wrist_01__swing_0006,155,addr,pred,90,90,False,0,,,,,,,,8,,,,,,,
2026-09-09_Mark-Liversedge_Wrist_01__swing_0006,156,addr,pred,90,90,False,0,,,,,,,,7,,,,,,,
2026-09-09_Mark-Liversedge_Wrist_01__swing_0006,157,addr,pred,90,90,False,0,,,,,,,,8,,,,,,,
2026-09-09_Mark-Liversedge_Wrist_01__swing_0006,158,addr,pred,90,90,False,0,,,,,,,,8,,,,,,,
2026-09-09_Mark-Liversedge_Wrist_01__swing_0006,159,addr,pred,90,90,False,0,,,,,,,,8,,,,,,,
2026-09-09_Mark-Liversedge_Wrist_01__swing_0006,160,addr,pred,90,90,False,1,1,98.68785858154297,0.4833333194255829,120.68965148925781,2,0.6875,1,9,48,367,2,,,,
2026-09-09_Mark-Liversedge_Wrist_01__swing_0006,161,addr,pred,90,90,False,1,1,99.11922454833984,0.43939393758773804,-12.137930870056152,2,0.7010309100151062,1,9,102,392,2,,,,
2026-09-09_Mark-Liversedge_Wrist_01__swing_0006,162,addr,pred,90,90,False,1,1,99.05194854736328,0.4333333373069763,-24.615385055541992,2,0.7108014225959778,1,9,106,392,2,,,,
2026-09-09_Mark-Liversedge_Wrist_01__swing_0006,163,addr,pred,90,90,False,1,1,98.98563385009766,0.4333333373069763,-24.615385055541992,2,0.7177700400352478,1,9,106,392,2,,,,
2026-09-09_Mark-Liversedge_Wrist_01__swing_0006,164,addr,pred,90,90,False,1,1,98.91588592529297,0.43030303716659546,-30.985916137695312,2,0.7087719440460205,1,9,108,392,2,,,,
2026-09-09_Mark-Liversedge_Wrist_01__swing_0006,165,addr,pred,90,90,False,0,,,,,,,,8,,,,,,,
2026-09-09_Mark-Liversedge_Wrist_01__swing_0006,166,addr,pred,90,90,False,0,,,,,,,,8,,,,,,,
2026-09-09_Mark-Liversedge_Wrist_01__swing_0006,167,addr,pred,90,90,False,0,,,,,,,,8,,,,,,,
2026-09-09_Mark-Liversedge_Wrist_01__swing_0006,168,addr,pred,90,90,False,0,,,,,,,,7,,,,,,,
2026-09-09_Mark-Liversedge_Wrist_01__swing_0006,169,addr,pred,90,90,False,0,,,,,,,,8,,,,,,,
2026-09-09_Mark-Liversedge_Wrist_01__swing_0006,170,addr,pred,90,90,False,0,,,,,,,,8,,,,,,,
2026-09-09_Mark-Liversedge_Wrist_01__swing_0006,171,addr,pred,90,90,False,0,,,,,,,,8,,,,,,,
2026-09-09_Mark-Liversedge_Wrist_01__swing_0006,172,addr,pred,90,90,False,1,1,98.97534942626953,0.4363636374473572,-20.625,2,0.7058823704719543,1,9,105,393,2,,,,
2026-09-09_Mark-Liversedge_Wrist_01__swing_0006,173,addr,pred,90,90,False,1,1,98.93372344970703,0.3954545557498932,-53.10344696044922,2,0.7061068415641785,1,9,108,369,2,,,,
2026-09-09_Mark-Liversedge_Wrist_01__swing_0006,174,addr,pred,90,90,False,1,1,98.89124298095703,0.4333333373069763,-29.230770111083984,2,0.703832745552063,1,9,108,394,2,,,,
2026-09-09_Mark-Liversedge_Wrist_01__swing_0006,175,addr,pred,90,90,False,1,1,98.85006713867188,0.4318181872367859,-32.421051025390625,2,0.6993007063865662,1,9,109,394,2,,,,
2026-09-09_Mark-Liversedge_Wrist_01__swing_0006,176,addr,pred,90,90,False,0,,,,,,,,8,,,,,,,
2026-09-09_Mark-Liversedge_Wrist_01__swing_0006,177,addr,pred,90,90,False,0,,,,,,,,8,,,,,,,
2026-09-09_Mark-Liversedge_Wrist_01__swing_0006,178,addr,pred,90,90,False,0,,,,,,,,8,,,,,,,
2026-09-09_Mark-Liversedge_Wrist_01__swing_0006,179,addr,pred,90,90,False,0,,,,,,,,8,,,,,,,
2026-09-09_Mark-Liversedge_Wrist_01__swing_0006,180,addr,pred,90,90,False,0,,,,,,,,8,,,,,,,
2026-09-09_Mark-Liversedge_Wrist_01__swing_0006,181,addr,pred,90,90,False,0,,,,,,,,8,,,,,,,
2026-09-09_Mark-Liversedge_Wrist_01__swing_0006,182,addr,pred,90,90,False,1,1,98.21720123291016,0.40454545617103577,-54.382022857666016,2,0.6902984976768494,1,9,111,378,2,,,,
2026-09-09_Mark-Liversedge_Wrist_01__swing_0006,183,addr,pred,90,90,False,0,,,,,,,,8,,,,,,,
2026-09-09_Mark-Liversedge_Wrist_01__swing_0006,184,addr,pred,90,90,False,1,1,99.02865600585938,0.4363636374473572,-25.20833396911621,2,0.6955017447471619,1,9,107,395,2,,,,
2026-09-09_Mark-Liversedge_Wrist_01__swing_0006,185,addr,pred,90,90,False,1,1,98.48716735839844,0.43484848737716675,3.8327527046203613,2,0.6979166865348816,1,9,94,381,2,,,,
2026-09-09_Mark-Liversedge_Wrist_01__swing_0006,186,addr,pred,90,90,False,1,1,97.88216400146484,0.459090918302536,82.77227783203125,2,0.7039473652839661,1,9,63,366,2,,,,
2026-09-09_Mark-Liversedge_Wrist_01__swing_0006,187,addr,pred,90,90,False,2,2,96.75027465820312,0.3954545557498932,53.10346984863281,1,0.9015151262283325,1,9,-1,327,0,,,,
2026-09-09_Mark-Liversedge_Wrist_01__swing_0006,188,addr,pred,90,90,False,1,1,96.56553649902344,0.5249999761581421,234.2857208251953,2,0.8227847814559937,1,9,24,339,1,,,,
2026-09-09_Mark-Liversedge_Wrist_01__swing_0006,189,addr,pred,90,90,False,0,,,,,,,,8,,,,,,,
2026-09-09_Mark-Liversedge_Wrist_01__swing_0006,190,addr,pred,90,90,False,2,2,98.05107116699219,0.3954545557498932,75.86209106445312,1,0.6209912300109863,1,9,-1,318,0,,,,
2026-09-09_Mark-Liversedge_Wrist_01__swing_0006,191,addr,pred,90,90,False,0,,,,,,,,8,,,,,,,
2026-09-09_Mark-Liversedge_Wrist_01__swing_0006,192,addr,pred,90,90,False,1,1,98.039306640625,0.5400000214576721,218.88888549804688,2,0.6153846383094788,1,9,33,357,1,,,,
2026-09-09_Mark-Liversedge_Wrist_01__swing_0006,193,addr,pred,90,90,False,1,1,98.04367065429688,0.5400000214576721,254.07408142089844,2,0.6307692527770996,1,9,14,338,1,,,,
2026-09-09_Mark-Liversedge_Wrist_01__swing_0006,194,addr,pred,90,90,False,2,2,98.0486068725586,0.3954545557498932,73.3333511352539,1,0.6122449040412903,1,9,-1,319,0,,,,
2026-09-09_Mark-Liversedge_Wrist_01__swing_0006,195,addr,pred,90,90,False,1,1,96.05392456054688,0.4816666543483734,184.49827575683594,2,0.8413792848587036,1,9,46,335,1,,,,
2026-09-09_Mark-Liversedge_Wrist_01__swing_0006,196,addr,pred,90,90,False,1,1,96.06002807617188,0.4833333194255829,228.27586364746094,2,0.8419243693351746,1,9,25,315,1,,,,
2026-09-09_Mark-Liversedge_Wrist_01__swing_0006,197,addr,pred,90,90,False,1,1,96.00125885009766,0.4833333194255829,228.27586364746094,2,0.8453608155250549,1,9,25,315,1,,,,
2026-09-09_Mark-Liversedge_Wrist_01__swing_0006,198,addr,seg,90,90,False,1,1,95.94224548339844,0.4833333194255829,228.27586364746094,2,0.8522336483001709,1,9,25,315,1,,,,
2026-09-09_Mark-Liversedge_Wrist_01__swing_0006,199,addr,pred,90,90,False,1,1,96.38233184814453,0.5249999761581421,234.2857208251953,2,0.8037974834442139,1,9,24,339,1,,,,
2026-09-09_Mark-Liversedge_Wrist_01__swing_0006,200,addr,pred,90,90,False,1,1,96.3222427368164,0.5249999761581421,236.1904754638672,2,0.8037974834442139,1,9,23,338,1,,,,
2026-09-09_Mark-Liversedge_Wrist_01__swing_0006,201,addr,seg,90,90,False,1,1,95.08316802978516,0.4424242377281189,120.54794311523438,2,0.7815699577331543,1,9,44,336,2,,,,
2026-09-09_Mark-Liversedge_Wrist_01__swing_0006,202,addr,seg,90,90,False,2,2,93.93205261230469,0.3954545557498932,34.29887390136719,1,0.9439252614974976,3,9,-1,355,0,,,,
2026-09-09_Mark-Liversedge_Wrist_01__swing_0006,203,addr,pred,90,90,False,0,,,,,,,,7,,,,,,,
2026-09-09_Mark-Liversedge_Wrist_01__swing_0006,204,addr,pred,90,90,False,0,,,,,,,,8,,,,,,,
2026-09-09_Mark-Liversedge_Wrist_01__swing_0006,205,addr,pred,90,90,False,0,,,,,,,,8,,,,,,,
2026-09-09_Mark-Liversedge_Wrist_01__swing_0006,206,addr,ray,90,90,True,0,,,,,,,,8,,,,,,,
2026-09-09_Mark-Liversedge_Wrist_01__swing_0006,207,addr,ray,90,90,True,0,,,,,,,,7,,,,,,,
2026-09-09_Mark-Liversedge_Wrist_01__swing_0006,208,addr,ray,90,90,True,1,1,98.74172973632812,0.4318181872367859,-4.6315789222717285,2,0.7027971744537354,1,9,97,382,2,,,,
2026-09-09_Mark-Liversedge_Wrist_01__swing_0006,209,addr,ray,90,90,True,1,1,98.16365814208984,0.42878788709640503,14.770318031311035,2,0.6760563254356384,1,9,88,371,2,,,,
2026-09-09_Mark-Liversedge_Wrist_01__swing_0006,210,addr,ray,90,90,True,1,1,97.55597686767578,0.4681818187236786,111.06796264648438,2,0.7161290049552917,1,9,51,360,2,,,,
2026-09-09_Mark-Liversedge_Wrist_01__swing_0006,211,addr,ray,89,89,True,0,,,,,,,,8,,,,,,,
2026-09-09_Mark-Liversedge_Wrist_01__swing_0006,212,addr,ray,88,88,True,1,1,96.19670104980469,0.5233333110809326,236.0509490966797,2,0.800000011920929,1,9,23,337,1,,,,
2026-09-09_Mark-Liversedge_Wrist_01__swing_0006,213,addr,ray,87,87,True,2,2,94.9024658203125,0.3954545557498932,32.87358474731445,1,0.9545454382896423,1,9,-1,335,0,,,,
2026-09-09_Mark-Liversedge_Wrist_01__swing_0006,214,addr,ray,87,87,True,0,,,,,,,,8,,,,,,,
2026-09-09_Mark-Liversedge_Wrist_01__swing_0006,215,addr,ray,86,86,True,0,,,,,,,,7,,,,,,,
2026-09-09_Mark-Liversedge_Wrist_01__swing_0006,216,addr,ray,86,86,True,0,,,,,,,,7,,,,,,,
2026-09-09_Mark-Liversedge_Wrist_01__swing_0006,217,addr,ray,87,87,True,0,,,,,,,,8,,,,,,,
2026-09-09_Mark-Liversedge_Wrist_01__swing_0006,218,addr,ray,88,88,True,0,,,,,,,,8,,,,,,,
2026-09-09_Mark-Liversedge_Wrist_01__swing_0006,219,addr,ray,89,89,True,2,2,95.86190032958984,0.3954545557498932,27.81611442565918,1,0.9225806593894958,1,9,-1,337,0,,,,
2026-09-09_Mark-Liversedge_Wrist_01__swing_0006,220,addr,ray,89,89,True,1,1,96.82027435302734,0.48500001430511475,228.45361328125,2,0.8390411138534546,1,9,25,316,1,,,,
2026-09-09_Mark-Liversedge_Wrist_01__swing_0006,221,back,ray,89,89,True,0,,,,,,,,4,,,,,,,
2026-09-09_Mark-Liversedge_Wrist_01__swing_0006,222,back,ray,89,89,True,0,,,,,,,,4,,,,,,,
2026-09-09_Mark-Liversedge_Wrist_01__swing_0006,223,back,ray,89,89,True,0,,,,,,,,4,,,,,,,
2026-09-09_Mark-Liversedge_Wrist_01__swing_0006,224,back,seg,89,89,True,1,1,88,0.20151515305042267,-52.93233108520508,2,0.6641790866851807,1,9,55,188,2,,,,
2026-09-09_Mark-Liversedge_Wrist_01__swing_0006,225,back,ray,89,89,True,0,,,,,,,,4,,,,,,,
2026-09-09_Mark-Liversedge_Wrist_01__swing_0006,226,back,ray,91,91,True,0,,,,,,,,7,,,,,,,
2026-09-09_Mark-Liversedge_Wrist_01__swing_0006,227,back,ray,91,91,True,0,,,,,,,,4,,,,,,,
2026-09-09_Mark-Liversedge_Wrist_01__swing_0006,228,back,seg,94,94,True,1,1,94.5,0.2682584226131439,11.246073722839355,2,0.640625,2,9,56,247,2,,,,
2026-09-09_Mark-Liversedge_Wrist_01__swing_0006,229,back,ray,96,96,True,0,,,,,,,,8,,,,,,,
2026-09-09_Mark-Liversedge_Wrist_01__swing_0006,230,back,ray,98,98,True,0,,,,,,,,7,,,,,,,
2026-09-09_Mark-Liversedge_Wrist_01__swing_0006,231,back,seg,99,99,True,2,2,99,0.3954545557498932,30.344850540161133,1,0.8872180581092834,1,9,-1,336,0,,,,
2026-09-09_Mark-Liversedge_Wrist_01__swing_0006,232,back,seg,100,100,True,2,2,100,0.3954545557498932,127.86209106445312,1,0.8488371968269348,3,9,-1,318,0,,,,
2026-09-09_Mark-Liversedge_Wrist_01__swing_0006,233,back,seg,101,101,True,2,2,101.5,0.3954545557498932,75.86209106445312,1,0.9104477763175964,1,9,-1,318,0,,,,
2026-09-09_Mark-Liversedge_Wrist_01__swing_0006,234,back,seg,102,102,True,1,1,102,0.4933333396911621,235.40541076660156,2,0.7575757503509521,1,9,22,318,1,,,,
2026-09-09_Mark-Liversedge_Wrist_01__swing_0006,235,back,seg,103,103,True,1,1,103,0.4950000047683716,237.5757598876953,2,0.7583892345428467,1,9,21,318,1,,,,
2026-09-09_Mark-Liversedge_Wrist_01__swing_0006,236,back,seg,104,104,True,2,2,105,0.3954545557498932,75.86209106445312,1,0.8421052694320679,1,9,-1,318,0,,,,
2026-09-09_Mark-Liversedge_Wrist_01__swing_0006,237,back,seg,105,105,True,2,2,104.5,0.3954545557498932,32.87358474731445,1,0.692307710647583,1,9,-1,335,0,,,,
2026-09-09_Mark-Liversedge_Wrist_01__swing_0006,238,back,ray,106,106,True,0,,,,,,,,7,,,,,,,
2026-09-09_Mark-Liversedge_Wrist_01__swing_0006,239,back,seg,107,107,True,1,1,107.5,0.3075842559337616,171.23287963867188,2,0.6772727370262146,2,9,15,234,2,,,,
2026-09-09_Mark-Liversedge_Wrist_01__swing_0006,240,back,ray,108,108,True,0,,,,,,,,8,,,,,,,
2026-09-09_Mark-Liversedge_Wrist_01__swing_0006,241,back,ray,109,109,True,0,,,,,,,,7,,,,,,,
2026-09-09_Mark-Liversedge_Wrist_01__swing_0006,242,back,seg,111,111,True,1,1,111,0.5016666650772095,176.34552001953125,2,0.7052980065345764,1,9,52,353,1,,,,
2026-09-09_Mark-Liversedge_Wrist_01__swing_0006,243,back,seg,112,112,True,1,1,112.5,0.5,214,2,0.6810631155967712,1,9,33,333,1,,,,
2026-09-09_Mark-Liversedge_Wrist_01__swing_0006,244,back,seg,114,114,True,1,1,114.5,0.4950000047683716,255.757568359375,2,0.7013422846794128,1,9,12,309,1,,,,
2026-09-09_Mark-Liversedge_Wrist_01__swing_0006,245,back,seg,116,116,True,1,1,115.5,0.3466666638851166,245.38461303710938,2,0.8708133697509766,1,9,12,220,1,,,,
2026-09-09_Mark-Liversedge_Wrist_01__swing_0006,246,back,seg,117,117,True,1,1,116.5,0.36666667461395264,250,2,0.6153846383094788,1,9,11,231,1,,,,
2026-09-09_Mark-Liversedge_Wrist_01__swing_0006,247,back,seg,118,118,True,1,1,118,0.28333333134651184,241.1764678955078,2,0.6842105388641357,1,9,11,181,1,,,,
2026-09-09_Mark-Liversedge_Wrist_01__swing_0006,248,back,seg,119,119,True,1,1,120,0.25999999046325684,237.6923065185547,2,0.8789808750152588,1,9,11,167,1,,,,
2026-09-09_Mark-Liversedge_Wrist_01__swing_0006,249,back,seg,120,120,True,1,1,121,0.30337077379226685,131,2,0.8387096524238586,3,9,27,243,2,,,,
2026-09-09_Mark-Liversedge_Wrist_01__swing_0006,250,back,seg,121,121,True,1,1,121.5,0.19545455276966095,-5.116279125213623,2,0.9692307710647583,1,9,44,173,2,,,,
2026-09-09_Mark-Liversedge_Wrist_01__swing_0006,251,back,ray,122,122,True,0,,,,,,,,7,,,,,,,
2026-09-09_Mark-Liversedge_Wrist_01__swing_0006,252,back,ray,125,125,True,0,,,,,,,,7,,,,,,,
2026-09-09_Mark-Liversedge_Wrist_01__swing_0006,253,back,ray,127,127,True,0,,,,,,,,7,,,,,,,
2026-09-09_Mark-Liversedge_Wrist_01__swing_0006,254,back,ray,130,130,True,0,,,,,,,,7,,,,,,,
2026-09-09_Mark-Liversedge_Wrist_01__swing_0006,255,back,ray,133,133,True,0,,,,,,,,7,,,,,,,
2026-09-09_Mark-Liversedge_Wrist_01__swing_0006,256,back,seg,136,136,True,1,1,136.5,0.2752808928489685,147.34693908691406,2,1,3,9,20,216,2,,,,
2026-09-09_Mark-Liversedge_Wrist_01__swing_0006,257,back,seg,139,139,True,1,1,139,0.24719101190567017,135.0454559326172,2,0.9830508232116699,3,9,21,197,2,,,,
2026-09-09_Mark-Liversedge_Wrist_01__swing_0006,258,back,ray,142,142,True,0,,,,,,,,4,,,,,,,
2026-09-09_Mark-Liversedge_Wrist_01__swing_0006,259,back,ray,145,145,True,0,,,,,,,,4,,,,,,,
2026-09-09_Mark-Liversedge_Wrist_01__swing_0006,260,back,ray,148,148,True,0,,,,,,,,4,,,,,,,
2026-09-09_Mark-Liversedge_Wrist_01__swing_0006,261,back,ray,150,150,True,0,,,,,,,,4,,,,,,,
2026-09-09_Mark-Liversedge_Wrist_01__swing_0006,262,back,ray,152,152,True,0,,,,,,,,4,,,,,,,
2026-09-09_Mark-Liversedge_Wrist_01__swing_0006,263,back,ray,154,154,True,0,,,,,,,,7,,,,,,,
2026-09-09_Mark-Liversedge_Wrist_01__swing_0006,264,back,ray,156,156,True,0,,,,,,,,4,,,,,,,
2026-09-09_Mark-Liversedge_Wrist_01__swing_0006,265,back,ray,160,160,True,0,,,,,,,,4,,,,,,,
2026-09-09_Mark-Liversedge_Wrist_01__swing_0006,266,back,ray,164,164,True,0,,,,,,,,7,,,,,,,
2026-09-09_Mark-Liversedge_Wrist_01__swing_0006,267,back,seg,168,168,True,1,1,168,0.18117977678775787,70.97674560546875,2,1,3,9,27,156,2,,,,
2026-09-09_Mark-Liversedge_Wrist_01__swing_0006,268,back,ray,171,171,True,0,,,,,,,,7,,,,,,,
2026-09-09_Mark-Liversedge_Wrist_01__swing_0006,269,back,ray,174,174,True,0,,,,,,,,7,,,,,,,
2026-09-09_Mark-Liversedge_Wrist_01__swing_0006,270,back,seg,177,177,True,2,2,176,0.3954545557498932,197.24139404296875,1,0.7711267471313477,1,9,-1,270,0,,,,
2026-09-09_Mark-Liversedge_Wrist_01__swing_0006,271,back,ray,180,180,True,0,,,,,,,,7,,,,,,,
2026-09-09_Mark-Liversedge_Wrist_01__swing_0006,272,back,seg,183,183,True,1,1,182,0.32121211290359497,123.49056243896484,2,0.9906103014945984,1,9,31,243,2,,,,
2026-09-09_Mark-Liversedge_Wrist_01__swing_0006,273,back,seg,186,186,True,1,1,185,0.30000001192092896,123.33333587646484,2,0.9949748516082764,1,9,29,227,2,,,,
2026-09-09_Mark-Liversedge_Wrist_01__swing_0006,274,back,ray,189,189,True,0,,,,,,,,7,,,,,,,
2026-09-09_Mark-Liversedge_Wrist_01__swing_0006,275,back,ray,193,193,True,0,,,,,,,,7,,,,,,,
2026-09-09_Mark-Liversedge_Wrist_01__swing_0006,276,back,seg,197,197,True,1,1,196.5,0.21348313987255096,107.57894897460938,2,1,3,9,24,176,2,,,,
2026-09-09_Mark-Liversedge_Wrist_01__swing_0006,277,back,seg,201,201,True,1,1,201,0.21207864582538605,97.40397644042969,2,0.9144737124443054,3,9,26,177,2,,,,
2026-09-09_Mark-Liversedge_Wrist_01__swing_0006,278,back,seg,205,205,True,1,1,204,0.23033708333969116,102.78048706054688,2,1,3,9,27,191,2,,,,
2026-09-09_Mark-Liversedge_Wrist_01__swing_0006,279,back,ray,209,209,True,0,,,,,,,,8,,,,,,,
2026-09-09_Mark-Liversedge_Wrist_01__swing_0006,280,back,ray,213,213,True,0,,,,,,,,7,,,,,,,
2026-09-09_Mark-Liversedge_Wrist_01__swing_0006,281,back,ray,216,216,True,0,,,,,,,,4,,,,,,,
2026-09-09_Mark-Liversedge_Wrist_01__swing_0006,282,back,seg,220,220,True,1,1,220.5,0.2560606002807617,106.74555969238281,2,0.9352940917015076,1,9,29,198,2,,,,
2026-09-09_Mark-Liversedge_Wrist_01__swing_0006,283,back,seg,224,224,True,1,1,224,0.2666666805744171,115,2,0.9830508232116699,1,9,28,204,2,,,,
2026-09-09_Mark-Liversedge_Wrist_01__swing_0006,284,back,seg,227,227,True,1,1,228,0.2818181812763214,124.19355010986328,2,1,1,9,27,213,2,,,,
2026-09-09_Mark-Liversedge_Wrist_01__swing_0006,285,back,seg,230,230,True,1,1,229,0.3030303120613098,114.4000015258789,2,1,1,9,32,232,2,,,,
2026-09-09_Mark-Liversedge_Wrist_01__swing_0006,286,back,seg,233,233,True,1,1,233.5,0.2757575809955597,96.70330047607422,2,0.994535505771637,1,9,34,216,2,,,,
2026-09-09_Mark-Liversedge_Wrist_01__swing_0006,287,back,seg,236,236,True,1,1,235,0.27106741070747375,79.81346893310547,2,1,3,9,38,231,2,,,,
2026-09-09_Mark-Liversedge_Wrist_01__swing_0006,288,back,seg,239,239,True,1,1,238,0.26363635063171387,68.27586364746094,2,0.9257143139839172,1,9,40,214,2,,,,
2026-09-09_Mark-Liversedge_Wrist_01__swing_0006,289,back,seg,244,244,True,1,1,243.5,0.266853928565979,81.34736633300781,2,0.8272251486778259,3,9,37,227,2,,,,
2026-09-09_Mark-Liversedge_Wrist_01__swing_0006,290,back,seg,249,249,True,1,1,248,0.24242424964904785,79.75,2,0.8633540272712708,1,9,34,194,2,,,,
2026-09-09_Mark-Liversedge_Wrist_01__swing_0006,291,back,seg,254,254,True,1,1,253,0.2287878841161728,80.13245391845703,2,0.9407894611358643,1,9,32,183,2,,,,
2026-09-09_Mark-Liversedge_Wrist_01__swing_0006,292,back,seg,259,259,True,1,1,259.5,0.21060605347156525,72.80575561523438,2,1,1,9,31,170,2,,,,
2026-09-09_Mark-Liversedge_Wrist_01__swing_0006,293,back,seg,263,263,True,1,1,264,0.21212121844291687,78.57142639160156,2,1,1,9,30,170,2,,,,
2026-09-09_Mark-Liversedge_Wrist_01__swing_0006,294,back,seg,267,267,True,1,1,268,0.2287878841161728,93.24503326416016,2,1,1,9,29,180,2,,,,
2026-09-09_Mark-Liversedge_Wrist_01__swing_0006,295,back,seg,271,271,True,1,1,271.5,0.16969697177410126,55,2,1,1,9,28,140,2,,,,
2026-09-09_Mark-Liversedge_Wrist_01__swing_0006,296,back,ray,275,275,True,0,,,,,,,,8,,,,,,,
2026-09-09_Mark-Liversedge_Wrist_01__swing_0006,297,back,ray,279,279,True,0,,,,,,,,8,,,,,,,
2026-09-09_Mark-Liversedge_Wrist_01__swing_0006,298,back,ray,283,283,True,0,,,,,,,,8,,,,,,,
2026-09-09_Mark-Liversedge_Wrist_01__swing_0006,299,back,ray,287,287,True,0,,,,,,,,8,,,,,,,
2026-09-09_Mark-Liversedge_Wrist_01__swing_0006,300,back,ray,291,291,True,0,,,,,,,,8,,,,,,,
2026-09-09_Mark-Liversedge_Wrist_01__swing_0006,301,back,seg,295,295,True,1,1,295.5,0.16432584822177887,31.350427627563477,2,1,3,9,31,148,2,,,,
2026-09-09_Mark-Liversedge_Wrist_01__swing_0006,302,back,seg,299,299,True,1,1,299.5,0.19090908765792847,47.14285659790039,2,1,1,9,33,159,2,,,,
2026-09-09_Mark-Liversedge_Wrist_01__swing_0006,303,back,ray,303,303,True,0,,,,,,,,7,,,,,,,
2026-09-09_Mark-Liversedge_Wrist_01__swing_0006,304,back,ray,306,306,True,0,,,,,,,,7,,,,,,,
2026-09-09_Mark-Liversedge_Wrist_01__swing_0006,305,back,ray,309,309,True,0,,,,,,,,7,,,,,,,
2026-09-09_Mark-Liversedge_Wrist_01__swing_0006,306,back,ray,312,312,True,0,,,,,,,,7,,,,,,,
2026-09-09_Mark-Liversedge_Wrist_01__swing_0006,307,back,ray,315,315,True,0,,,,,,,,7,,,,,,,
2026-09-09_Mark-Liversedge_Wrist_01__swing_0006,308,back,ray,318,318,True,0,,,,,,,,7,,,,,,,
2026-09-09_Mark-Liversedge_Wrist_01__swing_0006,309,back,ray,321,321,True,0,,,,,,,,7,,,,,,,
2026-09-09_Mark-Liversedge_Wrist_01__swing_0006,310,back,pred,324,324,True,0,,,,,,,,1,,,,,,,
2026-09-09_Mark-Liversedge_Wrist_01__swing_0006,311,back,ray,326,326,True,0,,,,,,,,7,,,,,,,
2026-09-09_Mark-Liversedge_Wrist_01__swing_0006,312,back,seg,328,328,True,1,1,329,0.3483146131038666,171.19354248046875,2,0.9879518151283264,3,9,17,265,2,,,,
2026-09-09_Mark-Liversedge_Wrist_01__swing_0006,313,back,seg,330,330,True,1,1,329,0.33707866072654724,181.43333435058594,2,0.9004149436950684,3,9,13,253,2,,,,
2026-09-09_Mark-Liversedge_Wrist_01__swing_0006,314,back,seg,332,332,True,1,1,331,0.33848315477371216,169.77593994140625,2,0.9008264541625977,3,9,17,258,2,,,,
2026-09-09_Mark-Liversedge_Wrist_01__swing_0006,315,back,seg,333,333,True,1,1,334,0.3483146131038666,159.7096710205078,2,0.8875501751899719,3,9,21,269,2,,,,
2026-09-09_Mark-Liversedge_Wrist_01__swing_0006,316,back,seg,334,334,True,1,1,334,0.33005619049072266,168.49362182617188,2,0.8686440587043762,3,9,17,252,2,,,,
2026-09-09_Mark-Liversedge_Wrist_01__swing_0006,317,back,seg,335,335,True,1,1,336,0.3314606845378876,168.7118682861328,2,0.8734177350997925,3,9,17,253,2,,,,
2026-09-09_Mark-Liversedge_Wrist_01__swing_0006,318,back,seg,336,336,True,1,1,337,0.30337077379226685,167.25926208496094,2,0.9170507192611694,3,9,16,232,2,,,,
2026-09-09_Mark-Liversedge_Wrist_01__swing_0006,319,back,seg,337,337,True,1,1,338,0.2851123511791229,160.3743896484375,2,0.9411764740943909,3,9,17,220,2,,,,
2026-09-09_Mark-Liversedge_Wrist_01__swing_0006,320,back,seg,338,338,True,1,1,339,0.23181818425655365,142.35293579101562,2,0.9285714030265808,1,9,18,171,2,,,,
2026-09-09_Mark-Liversedge_Wrist_01__swing_0006,321,back,ray,339,339,True,0,,,,,,,,8,,,,,,,
2026-09-09_Mark-Liversedge_Wrist_01__swing_0006,322,back,ray,340,340,True,0,,,,,,,,8,,,,,,,
2026-09-09_Mark-Liversedge_Wrist_01__swing_0006,323,back,ray,341,341,True,0,,,,,,,,7,,,,,,,
2026-09-09_Mark-Liversedge_Wrist_01__swing_0006,324,back,ray,342,342,True,0,,,,,,,,8,,,,,,,
2026-09-09_Mark-Liversedge_Wrist_01__swing_0006,325,back,ray,343,343,True,0,,,,,,,,7,,,,,,,
2026-09-09_Mark-Liversedge_Wrist_01__swing_0006,326,back,ray,344,344,True,0,,,,,,,,8,,,,,,,
2026-09-09_Mark-Liversedge_Wrist_01__swing_0006,327,back,seg,345,345,True,1,1,345.5,0.19522471725940704,91.94244384765625,2,0.7857142686843872,2,9,25,164,2,,,,
2026-09-09_Mark-Liversedge_Wrist_01__swing_0006,328,back,seg,346,346,True,1,1,347,0.233146071434021,117.06024169921875,2,0.9820359349250793,3,9,24,190,2,,,,
2026-09-09_Mark-Liversedge_Wrist_01__swing_0006,329,back,seg,346,346,True,1,1,347,0.23033708333969116,176.5853729248047,2,0.9272727370262146,3,9,10,174,2,,,,
2026-09-09_Mark-Liversedge_Wrist_01__swing_0006,330,top,seg,346,346,True,1,1,347,0.21488763391971588,173.46405029296875,2,0.8116883039474487,3,9,10,163,2,,,,
2026-09-09_Mark-Liversedge_Wrist_01__swing_0006,331,top,seg,346,346,True,1,1,347,0.19803370535373688,103.858154296875,2,0.922535240650177,3,9,23,164,2,,,,
2026-09-09_Mark-Liversedge_Wrist_01__swing_0006,332,top,seg,346,346,True,1,1,347,0.18679775297641754,91.518798828125,2,0.8432835936546326,2,9,24,157,2,,,,
2026-09-09_Mark-Liversedge_Wrist_01__swing_0006,333,top,ray,346,346,True,0,,,,,,,,8,,,,,,,
2026-09-09_Mark-Liversedge_Wrist_01__swing_0006,334,top,ray,346,346,True,0,,,,,,,,1,,,,,,,
2026-09-09_Mark-Liversedge_Wrist_01__swing_0006,335,impact,ray,346,346,True,0,,,,,,,,8,,,,,,,
2026-09-09_Mark-Liversedge_Wrist_01__swing_0006,336,impact,ray,346,346,True,0,,,,,,,,7,,,,,,,
2026-09-09_Mark-Liversedge_Wrist_01__swing_0006,337,impact,ray,345,345,True,0,,,,,,,,4,,,,,,,
2026-09-09_Mark-Liversedge_Wrist_01__swing_0006,338,impact,ray,344,344,True,0,,,,,,,,1,,,,,,,
2026-09-09_Mark-Liversedge_Wrist_01__swing_0006,339,impact,ray,343,343,True,0,,,,,,,,8,,,,,,,
2026-09-09_Mark-Liversedge_Wrist_01__swing_0006,340,impact,ray,341,341,True,0,,,,,,,,8,,,,,,,
2026-09-09_Mark-Liversedge_Wrist_01__swing_0006,341,impact,ray,339,339,True,0,,,,,,,,8,,,,,,,
2026-09-09_Mark-Liversedge_Wrist_01__swing_0006,342,impact,ray,337,337,True,0,,,,,,,,8,,,,,,,
2026-09-09_Mark-Liversedge_Wrist_01__swing_0006,343,impact,ray,334,334,True,0,,,,,,,,8,,,,,,,
2026-09-09_Mark-Liversedge_Wrist_01__swing_0006,344,impact,ray,332,332,True,0,,,,,,,,8,,,,,,,
2026-09-09_Mark-Liversedge_Wrist_01__swing_0006,345,impact,ray,331,331,True,0,,,,,,,,8,,,,,,,
2026-09-09_Mark-Liversedge_Wrist_01__swing_0006,346,impact,ray,329,329,True,0,,,,,,,,8,,,,,,,
2026-09-09_Mark-Liversedge_Wrist_01__swing_0006,347,impact,ray,328,328,True,0,,,,,,,,4,,,,,,,
2026-09-09_Mark-Liversedge_Wrist_01__swing_0006,348,impact,ray,328,328,True,0,,,,,,,,7,,,,,,,
2026-09-09_Mark-Liversedge_Wrist_01__swing_0006,349,impact,ray,322,322,True,0,,,,,,,,7,,,,,,,
2026-09-09_Mark-Liversedge_Wrist_01__swing_0006,350,impact,ray,317,317,True,0,,,,,,,,2,,,,,,,
2026-09-09_Mark-Liversedge_Wrist_01__swing_0006,351,impact,ray,313,313,True,0,,,,,,,,7,,,,,,,
2026-09-09_Mark-Liversedge_Wrist_01__swing_0006,352,impact,ray,308,308,True,0,,,,,,,,7,,,,,,,
2026-09-09_Mark-Liversedge_Wrist_01__swing_0006,353,impact,seg,302,302,True,1,1,303,0.16011236608028412,13.894737243652344,2,1,3,9,33,147,2,,,,
2026-09-09_Mark-Liversedge_Wrist_01__swing_0006,354,impact,seg,294,294,True,1,1,295,0.16292135417461395,-31.65517234802246,2,1,3,9,41,157,2,,,,
2026-09-09_Mark-Liversedge_Wrist_01__swing_0006,355,impact,ray,288,288,True,0,,,,,,,,8,,,,,,,
2026-09-09_Mark-Liversedge_Wrist_01__swing_0006,356,impact,ray,279,279,True,0,,,,,,,,8,,,,,,,
2026-09-09_Mark-Liversedge_Wrist_01__swing_0006,357,impact,seg,270,270,True,1,1,270.5,0.1587078720331192,5.769911289215088,2,1,3,9,34,147,2,,,,
2026-09-09_Mark-Liversedge_Wrist_01__swing_0006,358,impact,seg,261,261,True,1,1,262,0.22191011905670166,48.75949478149414,2,1,3,9,38,196,2,,,,
2026-09-09_Mark-Liversedge_Wrist_01__swing_0006,359,impact,seg,251,251,True,1,1,251,0.27949437499046326,91.19597625732422,2,0.8849999904632568,3,9,36,235,2,,,,
2026-09-09_Mark-Liversedge_Wrist_01__swing_0006,360,down,seg,240,240,True,1,1,241,0.300561785697937,56.971961975097656,2,0.8651162981987,3,9,49,263,2,,,,
2026-09-09_Mark-Liversedge_Wrist_01__swing_0006,361,down,ray,230,230,True,0,,,,,,,,7,,,,,,,
2026-09-09_Mark-Liversedge_Wrist_01__swing_0006,362,down,ray,219,219,True,0,,,,,,,,1,,,,,,,
2026-09-09_Mark-Liversedge_Wrist_01__swing_0006,363,down,ray,208,208,True,0,,,,,,,,5,,,,,,,
2026-09-09_Mark-Liversedge_Wrist_01__swing_0006,364,down,ray,199,199,True,0,,,,,,,,7,,,,,,,
2026-09-09_Mark-Liversedge_Wrist_01__swing_0006,365,down,ray,189,189,True,0,,,,,,,,7,,,,,,,
2026-09-09_Mark-Liversedge_Wrist_01__swing_0006,366,down,ray,177,177,True,0,,,,,,,,7,,,,,,,
2026-09-09_Mark-Liversedge_Wrist_01__swing_0006,367,down,seg,164,164,True,1,1,163.5,0.2415730357170105,62.69767379760742,2,0.8034682273864746,3,9,38,210,2,,,,
2026-09-09_Mark-Liversedge_Wrist_01__swing_0006,368,down,seg,152,152,True,1,1,152,0.25757575035095215,157.88235473632812,2,0.6783625483512878,1,9,16,186,2,,,,
2026-09-09_Mark-Liversedge_Wrist_01__swing_0006,369,down,ray,138,138,True,0,,,,,,,,2,,,,,,,
2026-09-09_Mark-Liversedge_Wrist_01__swing_0006,370,down,ray,127.5838414329649,125,True,0,,,,,,,,2,,,,,,,
2026-09-09_Mark-Liversedge_Wrist_01__swing_0006,371,down,ray,123.32691578866849,124,True,0,,,,,,,,8,,,,,,,
2026-09-09_Mark-Liversedge_Wrist_01__swing_0006,372,down,wedge,119.12464651856055,121,True,0,,,,,,,,7,,,,,,,
2026-09-09_Mark-Liversedge_Wrist_01__swing_0006,373,down,ray,114.96459625980611,115,True,0,,,,,,,,7,,,,,,,
2026-09-09_Mark-Liversedge_Wrist_01__swing_0006,374,down,ray,95,95,True,0,,,,,,,,7,,,,,,,
2026-09-09_Mark-Liversedge_Wrist_01__swing_0006,375,down,wedge,87,87,True,0,,,,,,,,7,,,,,,,
2026-09-09_Mark-Liversedge_Wrist_01__swing_0006,376,down,ray,67,67,True,0,,,,,,,,4,,,,,,,
2026-09-09_Mark-Liversedge_Wrist_01__swing_0006,377,down,ray,56,56,True,0,,,,,,,,1,,,,,,,
2026-09-09_Mark-Liversedge_Wrist_01__swing_0006,378,down,seg,51,51,True,1,1,52,0.1839887648820877,138.47328186035156,2,0.7348484992980957,3,9,15,146,2,,,,
2026-09-09_Mark-Liversedge_Wrist_01__swing_0006,379,down,pred,42.538554111623,42,True,0,,,,,,,,1,,,,,,,
2026-09-09_Mark-Liversedge_Wrist_01__swing_0006,380,down,wedge,37.46144588837706,38,True,0,,,,,,,,1,,,,,,,
2026-09-09_Mark-Liversedge_Wrist_01__swing_0006,381,down,ray,29,29,True,0,,,,,,,,4,,,,,,,
2026-09-09_Mark-Liversedge_Wrist_01__swing_0006,382,down,wedge,21.010901081463317,21,True,0,,,,,,,,1,,,,,,,
2026-09-09_Mark-Liversedge_Wrist_01__swing_0006,383,down,wedge,14.989098918536797,15,True,0,,,,,,,,1,,,,,,,
2026-09-09_Mark-Liversedge_Wrist_01__swing_0006,384,down,wedge,6,6,True,0,,,,,,,,1,,,,,,,
2026-09-09_Mark-Liversedge_Wrist_01__swing_0006,385,thru,wedge,355,355,True,0,,,,,,,,1,,,,,,,
2026-09-09_Mark-Liversedge_Wrist_01__swing_0006,386,thru,wedge,350,350,True,0,,,,,,,,1,,,,,,,
2026-09-09_Mark-Liversedge_Wrist_01__swing_0006,387,thru,wedge,341,341,True,0,,,,,,,,7,,,,,,,
2026-09-09_Mark-Liversedge_Wrist_01__swing_0006,388,thru,wedge,335,335,True,0,,,,,,,,7,,,,,,,
2026-09-09_Mark-Liversedge_Wrist_01__swing_0006,389,thru,ray,324,324,True,0,,,,,,,,1,,,,,,,
2026-09-09_Mark-Liversedge_Wrist_01__swing_0006,390,thru,ray,311,311,True,0,,,,,,,,1,,,,,,,
2026-09-09_Mark-Liversedge_Wrist_01__swing_0006,391,thru,ray,301,301,True,0,,,,,,,,1,,,,,,,
2026-09-09_Mark-Liversedge_Wrist_01__swing_0006,392,thru,ray,292,292,True,0,,,,,,,,4,,,,,,,
2026-09-09_Mark-Liversedge_Wrist_01__swing_0006,393,thru,ray,286,286,True,0,,,,,,,,7,,,,,,,
2026-09-09_Mark-Liversedge_Wrist_01__swing_0006,394,thru,ray,278,278,True,0,,,,,,,,7,,,,,,,
2026-09-09_Mark-Liversedge_Wrist_01__swing_0006,395,thru,ray,271,271,True,0,,,,,,,,7,,,,,,,
2026-09-09_Mark-Liversedge_Wrist_01__swing_0006,396,thru,ray,263,263,True,0,,,,,,,,7,,,,,,,
2026-09-09_Mark-Liversedge_Wrist_01__swing_0006,397,thru,ray,256,256,True,0,,,,,,,,7,,,,,,,
2026-09-09_Mark-Liversedge_Wrist_01__swing_0006,398,thru,ray,254,254,True,0,,,,,,,,7,,,,,,,
2026-09-09_Mark-Liversedge_Wrist_01__swing_0006,399,thru,ray,252,252,True,0,,,,,,,,7,,,,,,,
2026-09-09_Mark-Liversedge_Wrist_01__swing_0006,400,thru,ray,248,248,True,0,,,,,,,,7,,,,,,,
2026-09-09_Mark-Liversedge_Wrist_01__swing_0006,401,thru,wedge,246,246,True,0,,,,,,,,7,,,,,,,
2026-09-09_Mark-Liversedge_Wrist_01__swing_0006,402,thru,ray,243,243,True,0,,,,,,,,7,,,,,,,
2026-09-09_Mark-Liversedge_Wrist_01__swing_0006,403,thru,ray,238,238,True,0,,,,,,,,7,,,,,,,
2026-09-09_Mark-Liversedge_Wrist_01__swing_0006,404,thru,pred,234,234,True,0,,,,,,,,2,,,,,,,
2026-09-09_Mark-Liversedge_Wrist_01__swing_0006,405,thru,wedge,231,231,True,0,,,,,,,,7,,,,,,,
2026-09-09_Mark-Liversedge_Wrist_01__swing_0006,406,thru,ray,230,230,True,0,,,,,,,,7,,,,,,,
2026-09-09_Mark-Liversedge_Wrist_01__swing_0006,407,thru,ray,228,228,True,0,,,,,,,,7,,,,,,,
2026-09-09_Mark-Liversedge_Wrist_01__swing_0006,408,thru,ray,228,228,True,0,,,,,,,,8,,,,,,,
2026-09-09_Mark-Liversedge_Wrist_01__swing_0006,409,thru,seg,223,223,True,1,1,222,0.19325153529644012,104.06349182128906,2,0.913385808467865,3,9,34,160,1,,,,
2026-09-09_Mark-Liversedge_Wrist_01__swing_0006,410,thru,ray,223,223,True,0,,,,,,,,7,,,,,,,
2026-09-09_Mark-Liversedge_Wrist_01__swing_0006,411,thru,ray,221,221,True,0,,,,,,,,7,,,,,,,
2026-09-09_Mark-Liversedge_Wrist_01__swing_0006,412,thru,ray,218,218,True,0,,,,,,,,7,,,,,,,
2026-09-09_Mark-Liversedge_Wrist_01__swing_0006,413,thru,wedge,217,217,True,0,,,,,,,,7,,,,,,,
2026-09-09_Mark-Liversedge_Wrist_01__swing_0006,414,thru,wedge,216,216,True,0,,,,,,,,1,,,,,,,
2026-09-09_Mark-Liversedge_Wrist_01__swing_0006,415,thru,wedge,215,215,True,0,,,,,,,,1,,,,,,,
2026-09-09_Mark-Liversedge_Wrist_01__swing_0006,416,thru,wedge,214,214,True,0,,,,,,,,1,,,,,,,
2026-09-09_Mark-Liversedge_Wrist_01__swing_0006,417,thru,ray,208,208,True,0,,,,,,,,1,,,,,,,
2026-09-09_Mark-Liversedge_Wrist_01__swing_0006,418,thru,pred,198,198,True,0,,,,,,,,1,,,,,,,
2026-09-09_Mark-Liversedge_Wrist_01__swing_0006,419,thru,ray,196,196,True,0,,,,,,,,1,,,,,,,
2026-09-09_Mark-Liversedge_Wrist_01__swing_0006,420,thru,ray,194,194,True,0,,,,,,,,1,,,,,,,
2026-09-09_Mark-Liversedge_Wrist_01__swing_0006,421,thru,pred,188,188,True,0,,,,,,,,1,,,,,,,
2026-09-09_Mark-Liversedge_Wrist_01__swing_0006,422,thru,pred,188,188,True,0,,,,,,,,1,,,,,,,
2026-09-09_Mark-Liversedge_Wrist_01__swing_0006,423,thru,ray,188,188,True,0,,,,,,,,1,,,,,,,
2026-09-09_Mark-Liversedge_Wrist_01__swing_0006,424,thru,ray,186,186,True,0,,,,,,,,5,,,,,,,
2026-09-09_Mark-Liversedge_Wrist_01__swing_0006,425,thru,ray,184,184,True,0,,,,,,,,8,,,,,,,
2026-09-09_Mark-Liversedge_Wrist_01__swing_0006,426,thru,ray,181,181,True,0,,,,,,,,4,,,,,,,
2026-09-09_Mark-Liversedge_Wrist_01__swing_0006,427,finish,wedge,174,174,True,0,,,,,,,,8,,,,,,,
2026-09-09_Mark-Liversedge_Wrist_01__swing_0006,428,finish,wedge,167,167,True,0,,,,,,,,8,,,,,,,
2026-09-09_Mark-Liversedge_Wrist_01__swing_0006,429,finish,pred,166,166,True,0,,,,,,,,8,,,,,,,
2026-09-09_Mark-Liversedge_Wrist_01__swing_0006,430,finish,pred,163,163,True,0,,,,,,,,7,,,,,,,
2026-09-09_Mark-Liversedge_Wrist_01__swing_0006,431,finish,pred,160,160,True,0,,,,,,,,7,,,,,,,
2026-09-09_Mark-Liversedge_Wrist_01__swing_0006,432,finish,pred,157,157,True,0,,,,,,,,7,,,,,,,
2026-09-09_Mark-Liversedge_Wrist_01__swing_0006,433,finish,pred,152,152,True,0,,,,,,,,1,,,,,,,
2026-09-09_Mark-Liversedge_Wrist_01__swing_0006,434,finish,pred,147,147,True,0,,,,,,,,1,,,,,,,
2026-09-09_Mark-Liversedge_Wrist_01__swing_0006,435,finish,pred,141,141,True,0,,,,,,,,1,,,,,,,
2026-09-09_Mark-Liversedge_Wrist_01__swing_0006,436,finish,pred,135,135,True,0,,,,,,,,1,,,,,,,
2026-09-09_Mark-Liversedge_Wrist_01__swing_0006,437,finish,pred,129,129,True,0,,,,,,,,1,,,,,,,
2026-09-09_Mark-Liversedge_Wrist_01__swing_0006,438,finish,pred,128,128,True,0,,,,,,,,1,,,,,,,
2026-09-09_Mark-Liversedge_Wrist_01__swing_0006,439,finish,pred,128,128,True,0,,,,,,,,1,,,,,,,
2026-09-09_Mark-Liversedge_Wrist_01__swing_0006,440,finish,pred,128,128,True,0,,,,,,,,1,,,,,,,
2026-09-09_Mark-Liversedge_Wrist_01__swing_0006,441,finish,pred,128,128,True,0,,,,,,,,1,,,,,,,
2026-09-09_Mark-Liversedge_Wrist_01__swing_0006,442,finish,pred,128,128,False,0,,,,,,,,1,,,,,,,
2026-09-09_Mark-Liversedge_Wrist_01__swing_0006,443,finish,pred,128,128,False,0,,,,,,,,1,,,,,,,
2026-09-09_Mark-Liversedge_Wrist_01__swing_0006,444,finish,pred,128,128,False,0,,,,,,,,1,,,,,,,
2026-09-09_Mark-Liversedge_Wrist_01__swing_0006,445,finish,pred,128,128,False,0,,,,,,,,1,,,,,,,
2026-09-09_Mark-Liversedge_Wrist_01__swing_0006,446,finish,pred,128,128,False,0,,,,,,,,1,,,,,,,
2026-09-09_Mark-Liversedge_Wrist_01__swing_0006,447,finish,pred,128,128,False,0,,,,,,,,1,,,,,,,
2026-09-09_Mark-Liversedge_Wrist_01__swing_0006,448,finish,pred,128,128,False,0,,,,,,,,1,,,,,,,
2026-09-09_Mark-Liversedge_Wrist_01__swing_0006,449,finish,pred,128,128,False,0,,,,,,,,1,,,,,,,
2026-09-09_Mark-Liversedge_Wrist_01__swing_0006,450,finish,pred,128,128,False,0,,,,,,,,1,,,,,,,
2026-09-09_Mark-Liversedge_Wrist_01__swing_0006,451,finish,pred,128,128,False,0,,,,,,,,1,,,,,,,
2026-09-09_Mark-Liversedge_Wrist_01__swing_0006,452,finish,pred,128,128,False,0,,,,,,,,1,,,,,,,
2026-09-09_Mark-Liversedge_Wrist_01__swing_0006,453,finish,pred,128,128,False,0,,,,,,,,1,,,,,,,
2026-09-09_Mark-Liversedge_Wrist_01__swing_0006,454,finish,pred,128,128,False,0,,,,,,,,1,,,,,,,
2026-09-09_Mark-Liversedge_Wrist_01__swing_0006,455,finish,pred,128,128,False,0,,,,,,,,1,,,,,,,
2026-09-09_Mark-Liversedge_Wrist_01__swing_0006,456,finish,pred,128,128,False,0,,,,,,,,1,,,,,,,
2026-09-09_Mark-Liversedge_Wrist_01__swing_0006,457,finish,pred,128,128,False,0,,,,,,,,1,,,,,,,
2026-09-09_Mark-Liversedge_Wrist_01__swing_0006,458,finish,pred,128,128,False,0,,,,,,,,1,,,,,,,
2026-09-09_Mark-Liversedge_Wrist_01__swing_0006,459,finish,pred,128,128,False,0,,,,,,,,1,,,,,,,
2026-09-09_Mark-Liversedge_Wrist_01__swing_0006,460,finish,pred,128,128,False,0,,,,,,,,1,,,,,,,
2026-09-09_Mark-Liversedge_Wrist_01__swing_0006,461,finish,pred,128,128,False,0,,,,,,,,1,,,,,,,
2026-09-09_Mark-Liversedge_Wrist_01__swing_0006,462,finish,pred,128,128,False,0,,,,,,,,1,,,,,,,
2026-09-09_Mark-Liversedge_Wrist_01__swing_0006,463,finish,pred,128,128,False,0,,,,,,,,1,,,,,,,
2026-09-09_Mark-Liversedge_Wrist_01__swing_0006,464,finish,pred,128,128,False,0,,,,,,,,1,,,,,,,
2026-09-09_Mark-Liversedge_Wrist_01__swing_0006,465,finish,pred,128,128,False,0,,,,,,,,1,,,,,,,
2026-09-09_Mark-Liversedge_Wrist_01__swing_0006,466,finish,pred,128,128,False,0,,,,,,,,1,,,,,,,
2026-09-09_Mark-Liversedge_Wrist_01__swing_0006,467,finish,pred,128,128,False,0,,,,,,,,1,,,,,,,
2026-09-09_Mark-Liversedge_Wrist_01__swing_0006,468,finish,pred,128,128,False,0,,,,,,,,1,,,,,,,
2026-09-09_Mark-Liversedge_Wrist_01__swing_0006,469,finish,pred,128,128,False,0,,,,,,,,1,,,,,,,
2026-09-09_Mark-Liversedge_Wrist_01__swing_0006,470,finish,pred,128,128,False,0,,,,,,,,1,,,,,,,
2026-09-09_Mark-Liversedge_Wrist_01__swing_0006,471,finish,pred,128,128,False,0,,,,,,,,1,,,,,,,
2026-09-09_Mark-Liversedge_Wrist_01__swing_0006,472,finish,pred,128,128,False,0,,,,,,,,1,,,,,,,
2026-09-09_Mark-Liversedge_Wrist_01__swing_0006,473,finish,pred,128,128,False,0,,,,,,,,1,,,,,,,
2026-09-09_Mark-Liversedge_Wrist_01__swing_0006,474,finish,pred,128,128,False,0,,,,,,,,1,,,,,,,
2026-09-09_Mark-Liversedge_Wrist_01__swing_0006,475,finish,pred,128,128,False,0,,,,,,,,1,,,,,,,
2026-09-09_Mark-Liversedge_Wrist_01__swing_0006,476,finish,pred,128,128,False,0,,,,,,,,1,,,,,,,
2026-09-09_Mark-Liversedge_Wrist_01__swing_0006,477,finish,pred,128,128,False,0,,,,,,,,1,,,,,,,
2026-09-09_Mark-Liversedge_Wrist_01__swing_0006,478,finish,pred,128,128,False,0,,,,,,,,1,,,,,,,
2026-09-09_Mark-Liversedge_Wrist_01__swing_0006,479,finish,pred,128,128,False,0,,,,,,,,1,,,,,,,
2026-09-09_Mark-Liversedge_Wrist_01__swing_0006,480,finish,pred,128,128,False,0,,,,,,,,1,,,,,,,
2026-09-09_Mark-Liversedge_Wrist_01__swing_0006,481,finish,pred,128,128,False,0,,,,,,,,1,,,,,,,
2026-09-09_Mark-Liversedge_Wrist_01__swing_0006,482,finish,pred,128,128,False,0,,,,,,,,1,,,,,,,
2026-09-09_Mark-Liversedge_Wrist_01__swing_0006,483,finish,pred,128,128,False,0,,,,,,,,1,,,,,,,
2026-09-09_Mark-Liversedge_Wrist_01__swing_0006,484,finish,pred,128,128,False,0,,,,,,,,1,,,,,,,
2026-09-09_Mark-Liversedge_Wrist_01__swing_0006,485,finish,pred,128,128,False,0,,,,,,,,1,,,,,,,
2026-09-09_Mark-Liversedge_Wrist_01__swing_0006,486,finish,pred,128,128,False,0,,,,,,,,1,,,,,,,
2026-09-09_Mark-Liversedge_Wrist_01__swing_0006,487,finish,pred,128,128,False,0,,,,,,,,1,,,,,,,
2026-09-09_Mark-Liversedge_Wrist_01__swing_0006,488,finish,pred,128,128,False,0,,,,,,,,1,,,,,,,
2026-09-09_Mark-Liversedge_Wrist_01__swing_0006,489,finish,pred,128,128,False,0,,,,,,,,1,,,,,,,
2026-09-09_Mark-Liversedge_Wrist_01__swing_0006,490,finish,pred,128,128,False,0,,,,,,,,1,,,,,,,
2026-09-09_Mark-Liversedge_Wrist_01__swing_0006,491,finish,pred,128,128,False,0,,,,,,,,1,,,,,,,
2026-09-09_Mark-Liversedge_Wrist_01__swing_0006,492,finish,pred,128,128,False,0,,,,,,,,1,,,,,,,
2026-09-09_Mark-Liversedge_Wrist_01__swing_0006,493,finish,pred,128,128,False,0,,,,,,,,1,,,,,,,
2026-09-09_Mark-Liversedge_Wrist_01__swing_0006,494,finish,pred,128,128,False,0,,,,,,,,1,,,,,,,
2026-09-09_Mark-Liversedge_Wrist_01__swing_0006,495,finish,pred,128,128,False,0,,,,,,,,1,,,,,,,
2026-09-09_Mark-Liversedge_Wrist_01__swing_0006,496,finish,pred,128,128,False,0,,,,,,,,1,,,,,,,
2026-09-09_Mark-Liversedge_Wrist_01__swing_0006,497,finish,pred,128,128,False,0,,,,,,,,1,,,,,,,
2026-09-09_Mark-Liversedge_Wrist_01__swing_0006,498,finish,pred,128,128,False,0,,,,,,,,1,,,,,,,
2026-09-09_Mark-Liversedge_Wrist_01__swing_0006,499,finish,pred,128,128,False,0,,,,,,,,1,,,,,,,
2026-09-09_Mark-Liversedge_Wrist_01__swing_0006,500,finish,pred,128,128,False,0,,,,,,,,1,,,,,,,
2026-09-09_Mark-Liversedge_Wrist_01__swing_0006,501,finish,pred,128,128,False,0,,,,,,,,1,,,,,,,
2026-09-09_Mark-Liversedge_Wrist_01__swing_0006,502,finish,pred,128,128,False,0,,,,,,,,1,,,,,,,
2026-09-09_Mark-Liversedge_Wrist_01__swing_0006,503,finish,pred,128,128,False,0,,,,,,,,1,,,,,,,
2026-09-09_Mark-Liversedge_Wrist_01__swing_0006,504,finish,pred,128,128,False,0,,,,,,,,1,,,,,,,
2026-09-09_Mark-Liversedge_Wrist_01__swing_0006,505,finish,pred,128,128,False,0,,,,,,,,1,,,,,,,
2026-09-09_Mark-Liversedge_Wrist_01__swing_0006,506,finish,pred,128,128,False,0,,,,,,,,1,,,,,,,
2026-09-09_Mark-Liversedge_Wrist_01__swing_0006,507,finish,pred,128,128,False,0,,,,,,,,1,,,,,,,
2026-09-09_Mark-Liversedge_Wrist_01__swing_0006,508,finish,pred,128,128,False,0,,,,,,,,1,,,,,,,
2026-09-09_Mark-Liversedge_Wrist_01__swing_0006,509,finish,pred,128,128,False,0,,,,,,,,1,,,,,,,
2026-09-09_Mark-Liversedge_Wrist_01__swing_0006,510,finish,pred,128,128,False,0,,,,,,,,1,,,,,,,
2026-09-09_Mark-Liversedge_Wrist_01__swing_0006,511,finish,pred,128,128,False,0,,,,,,,,1,,,,,,,
2026-09-09_Mark-Liversedge_Wrist_01__swing_0006,512,finish,pred,128,128,False,0,,,,,,,,1,,,,,,,
2026-09-09_Mark-Liversedge_Wrist_01__swing_0006,513,finish,pred,128,128,False,0,,,,,,,,1,,,,,,,
2026-09-09_Mark-Liversedge_Wrist_01__swing_0006,514,finish,pred,128,128,False,0,,,,,,,,1,,,,,,,
2026-09-09_Mark-Liversedge_Wrist_01__swing_0006,515,finish,pred,128,128,False,0,,,,,,,,1,,,,,,,
2026-09-09_Mark-Liversedge_Wrist_01__swing_0006,516,finish,pred,128,128,False,0,,,,,,,,1,,,,,,,
2026-09-09_Mark-Liversedge_Wrist_01__swing_0006,517,finish,pred,128,128,False,0,,,,,,,,1,,,,,,,
2026-09-09_Mark-Liversedge_Wrist_01__swing_0006,518,finish,pred,128,128,False,0,,,,,,,,1,,,,,,,
2026-09-09_Mark-Liversedge_Wrist_01__swing_0006,519,finish,pred,128,128,False,0,,,,,,,,1,,,,,,,
2026-09-09_Mark-Liversedge_Wrist_01__swing_0006,520,finish,pred,128,128,False,0,,,,,,,,1,,,,,,,
2026-09-09_Mark-Liversedge_Wrist_01__swing_0006,521,finish,pred,128,128,False,0,,,,,,,,1,,,,,,,
2026-09-09_Mark-Liversedge_Wrist_01__swing_0006,522,finish,pred,128,128,False,0,,,,,,,,1,,,,,,,
2026-09-09_Mark-Liversedge_Wrist_01__swing_0006,523,finish,pred,128,128,False,0,,,,,,,,1,,,,,,,
2026-09-09_Mark-Liversedge_Wrist_01__swing_0006,524,finish,pred,128,128,False,0,,,,,,,,1,,,,,,,
2026-09-09_Mark-Liversedge_Wrist_01__swing_0006,525,finish,pred,128,128,False,0,,,,,,,,1,,,,,,,
2026-09-09_Mark-Liversedge_Wrist_01__swing_0006,526,finish,pred,128,128,False,0,,,,,,,,1,,,,,,,
2026-09-09_Mark-Liversedge_Wrist_01__swing_0006,527,finish,pred,128,128,False,0,,,,,,,,1,,,,,,,
2026-09-09_Mark-Liversedge_Wrist_01__swing_0006,528,finish,pred,128,128,False,0,,,,,,,,1,,,,,,,
2026-09-09_Mark-Liversedge_Wrist_01__swing_0006,529,finish,pred,128,128,False,0,,,,,,,,1,,,,,,,
2026-09-09_Mark-Liversedge_Wrist_01__swing_0006,530,finish,pred,128,128,False,0,,,,,,,,1,,,,,,,
2026-09-09_Mark-Liversedge_Wrist_01__swing_0006,531,finish,pred,128,128,False,0,,,,,,,,1,,,,,,,
2026-09-09_Mark-Liversedge_Wrist_01__swing_0006,532,finish,pred,128,128,False,0,,,,,,,,1,,,,,,,
2026-09-09_Mark-Liversedge_Wrist_01__swing_0006,533,finish,pred,128,128,False,0,,,,,,,,1,,,,,,,
2026-09-09_Mark-Liversedge_Wrist_01__swing_0006,534,finish,pred,128,128,False,0,,,,,,,,1,,,,,,,
2026-09-09_Mark-Liversedge_Wrist_01__swing_0006,535,finish,pred,128,128,False,0,,,,,,,,1,,,,,,,
2026-09-09_Mark-Liversedge_Wrist_01__swing_0006,536,finish,pred,128,128,False,0,,,,,,,,1,,,,,,,
2026-09-09_Mark-Liversedge_Wrist_01__swing_0006,537,finish,pred,128,128,False,0,,,,,,,,1,,,,,,,
2026-09-09_Mark-Liversedge_Wrist_01__swing_0006,538,finish,pred,128,128,False,0,,,,,,,,1,,,,,,,
2026-09-09_Mark-Liversedge_Wrist_01__swing_0006,539,finish,pred,128,128,False,0,,,,,,,,1,,,,,,,
2026-09-09_Mark-Liversedge_Wrist_01__swing_0006,540,finish,pred,128,128,False,0,,,,,,,,1,,,,,,,
2026-09-09_Mark-Liversedge_Wrist_01__swing_0006,541,finish,pred,128,128,False,0,,,,,,,,1,,,,,,,
2026-09-09_Mark-Liversedge_Wrist_01__swing_0006,542,finish,pred,128,128,False,0,,,,,,,,1,,,,,,,
2026-09-09_Mark-Liversedge_Wrist_01__swing_0006,543,finish,pred,128,128,False,0,,,,,,,,1,,,,,,,
2026-09-09_Mark-Liversedge_Wrist_01__swing_0006,544,finish,pred,128,128,False,0,,,,,,,,1,,,,,,,
2026-09-09_Mark-Liversedge_Wrist_01__swing_0006,545,finish,pred,128,128,False,0,,,,,,,,1,,,,,,,
2026-09-09_Mark-Liversedge_Wrist_01__swing_0006,546,finish,pred,128,128,False,0,,,,,,,,1,,,,,,,
2026-09-09_Mark-Liversedge_Wrist_01__swing_0006,547,finish,pred,128,128,False,0,,,,,,,,1,,,,,,,
2026-09-09_Mark-Liversedge_Wrist_01__swing_0006,548,finish,pred,128,128,False,0,,,,,,,,1,,,,,,,
2026-09-09_Mark-Liversedge_Wrist_01__swing_0006,549,finish,pred,128,128,False,0,,,,,,,,1,,,,,,,
2026-09-09_Mark-Liversedge_Wrist_01__swing_0006,550,finish,pred,128,128,False,0,,,,,,,,1,,,,,,,
2026-09-09_Mark-Liversedge_Wrist_01__swing_0006,551,finish,pred,128,128,False,0,,,,,,,,1,,,,,,,
2026-09-09_Mark-Liversedge_Wrist_01__swing_0006,552,finish,pred,128,128,False,0,,,,,,,,1,,,,,,,
2026-09-09_Mark-Liversedge_Wrist_01__swing_0006,553,finish,pred,128,128,False,0,,,,,,,,1,,,,,,,
2026-09-09_Mark-Liversedge_Wrist_01__swing_0006,554,finish,pred,128,128,False,0,,,,,,,,1,,,,,,,
2026-09-09_Mark-Liversedge_Wrist_01__swing_0006,555,finish,pred,128,128,False,0,,,,,,,,1,,,,,,,
2026-09-09_Mark-Liversedge_Wrist_01__swing_0006,556,finish,pred,128,128,False,0,,,,,,,,1,,,,,,,
2026-09-09_Mark-Liversedge_Wrist_01__swing_0006,557,finish,pred,128,128,False,0,,,,,,,,1,,,,,,,
2026-09-09_Mark-Liversedge_Wrist_01__swing_0006,558,finish,pred,128,128,False,0,,,,,,,,1,,,,,,,
2026-09-09_Mark-Liversedge_Wrist_01__swing_0006,559,finish,pred,128,128,False,0,,,,,,,,1,,,,,,,
2026-09-09_Mark-Liversedge_Wrist_01__swing_0006,560,finish,pred,128,128,False,0,,,,,,,,1,,,,,,,
2026-09-09_Mark-Liversedge_Wrist_01__swing_0006,561,finish,pred,128,128,False,0,,,,,,,,1,,,,,,,
2026-09-09_Mark-Liversedge_Wrist_01__swing_0006,562,finish,pred,128,128,False,0,,,,,,,,1,,,,,,,
2026-09-09_Mark-Liversedge_Wrist_01__swing_0006,563,finish,pred,128,128,False,0,,,,,,,,1,,,,,,,
2026-09-09_Mark-Liversedge_Wrist_01__swing_0006,564,finish,pred,128,128,False,0,,,,,,,,1,,,,,,,
2026-09-09_Mark-Liversedge_Wrist_01__swing_0006,565,finish,pred,128,128,False,0,,,,,,,,1,,,,,,,
2026-09-09_Mark-Liversedge_Wrist_01__swing_0006,566,finish,pred,128,128,False,0,,,,,,,,1,,,,,,,
2026-09-09_Mark-Liversedge_Wrist_01__swing_0006,567,finish,pred,128,128,False,0,,,,,,,,1,,,,,,,
2026-09-09_Mark-Liversedge_Wrist_01__swing_0006,568,finish,pred,128,128,False,0,,,,,,,,1,,,,,,,
2026-09-09_Mark-Liversedge_Wrist_01__swing_0006,569,finish,pred,128,128,False,0,,,,,,,,4,,,,,,,
2026-09-09_Mark-Liversedge_Wrist_01__swing_0006,570,finish,pred,128,128,False,0,,,,,,,,4,,,,,,,
2026-09-09_Mark-Liversedge_Wrist_01__swing_0006,571,finish,pred,128,128,False,0,,,,,,,,4,,,,,,,
2026-09-09_Mark-Liversedge_Wrist_01__swing_0006,572,finish,pred,128,128,False,0,,,,,,,,4,,,,,,,
2026-09-09_Mark-Liversedge_Wrist_01__swing_0006,573,finish,pred,128,128,False,0,,,,,,,,4,,,,,,,
2026-09-09_Mark-Liversedge_Wrist_01__swing_0006,574,finish,pred,128,128,False,0,,,,,,,,2,,,,,,,
2026-09-09_Mark-Liversedge_Wrist_01__swing_0006,575,finish,pred,128,128,False,0,,,,,,,,1,,,,,,,
2026-09-09_Mark-Liversedge_Wrist_01__swing_0006,576,finish,pred,128,128,False,0,,,,,,,,1,,,,,,,
2026-09-09_Mark-Liversedge_Wrist_01__swing_0006,577,finish,pred,128,128,False,0,,,,,,,,1,,,,,,,
2026-09-09_Mark-Liversedge_Wrist_01__swing_0006,578,finish,pred,128,128,False,0,,,,,,,,1,,,,,,,
2026-09-09_Mark-Liversedge_Wrist_01__swing_0006,579,finish,pred,128,128,False,0,,,,,,,,1,,,,,,,
2026-09-09_Mark-Liversedge_Wrist_01__swing_0006,580,finish,pred,128,128,False,0,,,,,,,,4,,,,,,,
2026-09-09_Mark-Liversedge_Wrist_01__swing_0006,581,finish,pred,128,128,False,0,,,,,,,,1,,,,,,,
2026-09-09_Mark-Liversedge_Wrist_01__swing_0006,582,finish,pred,128,128,False,0,,,,,,,,1,,,,,,,
2026-09-09_Mark-Liversedge_Wrist_01__swing_0006,583,finish,pred,128,128,False,0,,,,,,,,1,,,,,,,
2026-09-09_Mark-Liversedge_Wrist_01__swing_0006,584,finish,pred,128,128,False,0,,,,,,,,1,,,,,,,
2026-09-09_Mark-Liversedge_Wrist_01__swing_0006,585,finish,pred,128,128,False,0,,,,,,,,4,,,,,,,
2026-09-09_Mark-Liversedge_Wrist_01__swing_0006,586,finish,pred,128,128,False,0,,,,,,,,1,,,,,,,
2026-09-09_Mark-Liversedge_Wrist_01__swing_0006,587,finish,pred,128,128,False,0,,,,,,,,1,,,,,,,
2026-09-09_Mark-Liversedge_Wrist_01__swing_0006,588,finish,pred,128,128,False,0,,,,,,,,1,,,,,,,
2026-09-09_Mark-Liversedge_Wrist_01__swing_0007,0,addr,pred,88,88,False,0,,,,,,,,8,,,,,,,
2026-09-09_Mark-Liversedge_Wrist_01__swing_0007,1,addr,pred,88,88,False,0,,,,,,,,8,,,,,,,
2026-09-09_Mark-Liversedge_Wrist_01__swing_0007,2,addr,pred,88,88,False,0,,,,,,,,8,,,,,,,
2026-09-09_Mark-Liversedge_Wrist_01__swing_0007,3,addr,pred,88,88,False,0,,,,,,,,8,,,,,,,
2026-09-09_Mark-Liversedge_Wrist_01__swing_0007,4,addr,pred,88,88,False,0,,,,,,,,8,,,,,,,
2026-09-09_Mark-Liversedge_Wrist_01__swing_0007,5,addr,pred,88,88,False,0,,,,,,,,8,,,,,,,
2026-09-09_Mark-Liversedge_Wrist_01__swing_0007,6,addr,pred,88,88,False,0,,,,,,,,8,,,,,,,
2026-09-09_Mark-Liversedge_Wrist_01__swing_0007,7,addr,pred,88,88,False,0,,,,,,,,8,,,,,,,
2026-09-09_Mark-Liversedge_Wrist_01__swing_0007,8,addr,pred,88,88,False,0,,,,,,,,8,,,,,,,
2026-09-09_Mark-Liversedge_Wrist_01__swing_0007,9,addr,pred,88,88,False,0,,,,,,,,8,,,,,,,
2026-09-09_Mark-Liversedge_Wrist_01__swing_0007,10,addr,pred,88,88,False,0,,,,,,,,8,,,,,,,
2026-09-09_Mark-Liversedge_Wrist_01__swing_0007,11,addr,pred,88,88,False,0,,,,,,,,8,,,,,,,
2026-09-09_Mark-Liversedge_Wrist_01__swing_0007,12,addr,pred,88,88,False,0,,,,,,,,8,,,,,,,
2026-09-09_Mark-Liversedge_Wrist_01__swing_0007,13,addr,pred,88,88,False,0,,,,,,,,8,,,,,,,
2026-09-09_Mark-Liversedge_Wrist_01__swing_0007,14,addr,pred,88,88,False,0,,,,,,,,8,,,,,,,
2026-09-09_Mark-Liversedge_Wrist_01__swing_0007,15,addr,pred,88,88,False,0,,,,,,,,8,,,,,,,
2026-09-09_Mark-Liversedge_Wrist_01__swing_0007,16,addr,pred,88,88,False,0,,,,,,,,8,,,,,,,
2026-09-09_Mark-Liversedge_Wrist_01__swing_0007,17,addr,pred,88,88,False,0,,,,,,,,8,,,,,,,
2026-09-09_Mark-Liversedge_Wrist_01__swing_0007,18,addr,pred,88,88,False,0,,,,,,,,7,,,,,,,
2026-09-09_Mark-Liversedge_Wrist_01__swing_0007,19,addr,pred,88,88,False,0,,,,,,,,8,,,,,,,
2026-09-09_Mark-Liversedge_Wrist_01__swing_0007,20,addr,pred,88,88,False,0,,,,,,,,8,,,,,,,
2026-09-09_Mark-Liversedge_Wrist_01__swing_0007,21,addr,pred,88,88,False,0,,,,,,,,8,,,,,,,
2026-09-09_Mark-Liversedge_Wrist_01__swing_0007,22,addr,pred,88,88,False,0,,,,,,,,8,,,,,,,
2026-09-09_Mark-Liversedge_Wrist_01__swing_0007,23,addr,pred,88,88,False,1,1,97.33260345458984,0.5199386477470398,220.37757873535156,2,0.7264705896377563,3,9,31,370,1,,,,
2026-09-09_Mark-Liversedge_Wrist_01__swing_0007,24,addr,pred,88,88,False,1,1,97.36707305908203,0.5199386477470398,220.37757873535156,2,0.7147058844566345,3,9,31,370,1,,,,
2026-09-09_Mark-Liversedge_Wrist_01__swing_0007,25,addr,pred,88,88,False,1,1,97.45185852050781,0.5306748747825623,223.46820068359375,2,0.6887608170509338,3,9,30,376,1,,,,
2026-09-09_Mark-Liversedge_Wrist_01__swing_0007,26,addr,pred,88,88,False,1,1,97.53882598876953,0.5230061411857605,224.5513153076172,2,0.6695906519889832,3,9,29,370,1,,,,
2026-09-09_Mark-Liversedge_Wrist_01__swing_0007,27,addr,pred,88,88,False,0,,,,,,,,8,,,,,,,
2026-09-09_Mark-Liversedge_Wrist_01__swing_0007,28,addr,pred,88,88,False,0,,,,,,,,8,,,,,,,
2026-09-09_Mark-Liversedge_Wrist_01__swing_0007,29,addr,pred,88,88,False,0,,,,,,,,8,,,,,,,
2026-09-09_Mark-Liversedge_Wrist_01__swing_0007,30,addr,pred,88,88,False,0,,,,,,,,8,,,,,,,
2026-09-09_Mark-Liversedge_Wrist_01__swing_0007,31,addr,pred,88,88,False,0,,,,,,,,8,,,,,,,
2026-09-09_Mark-Liversedge_Wrist_01__swing_0007,32,addr,pred,88,88,False,0,,,,,,,,8,,,,,,,
2026-09-09_Mark-Liversedge_Wrist_01__swing_0007,33,addr,pred,88,88,False,0,,,,,,,,8,,,,,,,
2026-09-09_Mark-Liversedge_Wrist_01__swing_0007,34,addr,pred,88,88,False,0,,,,,,,,8,,,,,,,
2026-09-09_Mark-Liversedge_Wrist_01__swing_0007,35,addr,pred,88,88,False,0,,,,,,,,8,,,,,,,
2026-09-09_Mark-Liversedge_Wrist_01__swing_0007,36,addr,pred,88,88,False,0,,,,,,,,8,,,,,,,
2026-09-09_Mark-Liversedge_Wrist_01__swing_0007,37,addr,pred,88,88,False,0,,,,,,,,8,,,,,,,
2026-09-09_Mark-Liversedge_Wrist_01__swing_0007,38,addr,pred,88,88,False,0,,,,,,,,8,,,,,,,
2026-09-09_Mark-Liversedge_Wrist_01__swing_0007,39,addr,pred,88,88,False,0,,,,,,,,8,,,,,,,
2026-09-09_Mark-Liversedge_Wrist_01__swing_0007,40,addr,pred,88,88,False,0,,,,,,,,8,,,,,,,
2026-09-09_Mark-Liversedge_Wrist_01__swing_0007,41,addr,pred,88,88,False,0,,,,,,,,8,,,,,,,
2026-09-09_Mark-Liversedge_Wrist_01__swing_0007,42,addr,pred,88,88,False,0,,,,,,,,8,,,,,,,
2026-09-09_Mark-Liversedge_Wrist_01__swing_0007,43,addr,pred,88,88,False,0,,,,,,,,8,,,,,,,
2026-09-09_Mark-Liversedge_Wrist_01__swing_0007,44,addr,pred,88,88,False,0,,,,,,,,8,,,,,,,
2026-09-09_Mark-Liversedge_Wrist_01__swing_0007,45,addr,pred,88,88,False,0,,,,,,,,8,,,,,,,
2026-09-09_Mark-Liversedge_Wrist_01__swing_0007,46,addr,pred,88,88,False,0,,,,,,,,8,,,,,,,
2026-09-09_Mark-Liversedge_Wrist_01__swing_0007,47,addr,pred,88,88,False,0,,,,,,,,8,,,,,,,
2026-09-09_Mark-Liversedge_Wrist_01__swing_0007,48,addr,pred,88,88,False,0,,,,,,,,8,,,,,,,
2026-09-09_Mark-Liversedge_Wrist_01__swing_0007,49,addr,pred,88,88,False,0,,,,,,,,8,,,,,,,
2026-09-09_Mark-Liversedge_Wrist_01__swing_0007,50,addr,pred,88,88,False,0,,,,,,,,8,,,,,,,
2026-09-09_Mark-Liversedge_Wrist_01__swing_0007,51,addr,pred,88,88,False,0,,,,,,,,8,,,,,,,
2026-09-09_Mark-Liversedge_Wrist_01__swing_0007,52,addr,pred,88,88,False,0,,,,,,,,8,,,,,,,
2026-09-09_Mark-Liversedge_Wrist_01__swing_0007,53,addr,pred,88,88,False,0,,,,,,,,8,,,,,,,
2026-09-09_Mark-Liversedge_Wrist_01__swing_0007,54,addr,pred,88,88,False,0,,,,,,,,8,,,,,,,
2026-09-09_Mark-Liversedge_Wrist_01__swing_0007,55,addr,pred,88,88,False,0,,,,,,,,8,,,,,,,
2026-09-09_Mark-Liversedge_Wrist_01__swing_0007,56,addr,pred,88,88,False,0,,,,,,,,8,,,,,,,
2026-09-09_Mark-Liversedge_Wrist_01__swing_0007,57,addr,pred,88,88,False,0,,,,,,,,8,,,,,,,
2026-09-09_Mark-Liversedge_Wrist_01__swing_0007,58,addr,pred,88,88,False,0,,,,,,,,8,,,,,,,
2026-09-09_Mark-Liversedge_Wrist_01__swing_0007,59,addr,pred,88,88,False,0,,,,,,,,8,,,,,,,
2026-09-09_Mark-Liversedge_Wrist_01__swing_0007,60,addr,pred,88,88,False,0,,,,,,,,8,,,,,,,
2026-09-09_Mark-Liversedge_Wrist_01__swing_0007,61,addr,pred,88,88,False,0,,,,,,,,8,,,,,,,
2026-09-09_Mark-Liversedge_Wrist_01__swing_0007,62,addr,pred,88,88,False,0,,,,,,,,8,,,,,,,
2026-09-09_Mark-Liversedge_Wrist_01__swing_0007,63,addr,pred,88,88,False,0,,,,,,,,7,,,,,,,
2026-09-09_Mark-Liversedge_Wrist_01__swing_0007,64,addr,pred,88,88,False,0,,,,,,,,7,,,,,,,
2026-09-09_Mark-Liversedge_Wrist_01__swing_0007,65,addr,pred,88,88,False,0,,,,,,,,8,,,,,,,
2026-09-09_Mark-Liversedge_Wrist_01__swing_0007,66,addr,pred,88,88,False,0,,,,,,,,8,,,,,,,
2026-09-09_Mark-Liversedge_Wrist_01__swing_0007,67,addr,pred,88,88,False,0,,,,,,,,7,,,,,,,
2026-09-09_Mark-Liversedge_Wrist_01__swing_0007,68,addr,pred,88,88,False,0,,,,,,,,8,,,,,,,
2026-09-09_Mark-Liversedge_Wrist_01__swing_0007,69,addr,pred,88,88,False,0,,,,,,,,8,,,,,,,
2026-09-09_Mark-Liversedge_Wrist_01__swing_0007,70,addr,pred,88,88,False,0,,,,,,,,8,,,,,,,
2026-09-09_Mark-Liversedge_Wrist_01__swing_0007,71,addr,pred,88,88,False,0,,,,,,,,8,,,,,,,
2026-09-09_Mark-Liversedge_Wrist_01__swing_0007,72,addr,pred,88,88,False,0,,,,,,,,8,,,,,,,
2026-09-09_Mark-Liversedge_Wrist_01__swing_0007,73,addr,pred,88,88,False,0,,,,,,,,8,,,,,,,
2026-09-09_Mark-Liversedge_Wrist_01__swing_0007,74,addr,pred,88,88,False,0,,,,,,,,8,,,,,,,
2026-09-09_Mark-Liversedge_Wrist_01__swing_0007,75,addr,pred,88,88,False,0,,,,,,,,7,,,,,,,
2026-09-09_Mark-Liversedge_Wrist_01__swing_0007,76,addr,pred,88,88,False,0,,,,,,,,8,,,,,,,
2026-09-09_Mark-Liversedge_Wrist_01__swing_0007,77,addr,pred,88,88,False,0,,,,,,,,7,,,,,,,
2026-09-09_Mark-Liversedge_Wrist_01__swing_0007,78,addr,pred,88,88,False,0,,,,,,,,8,,,,,,,
2026-09-09_Mark-Liversedge_Wrist_01__swing_0007,79,addr,pred,88,88,False,0,,,,,,,,8,,,,,,,
2026-09-09_Mark-Liversedge_Wrist_01__swing_0007,80,addr,pred,88,88,False,0,,,,,,,,8,,,,,,,
2026-09-09_Mark-Liversedge_Wrist_01__swing_0007,81,addr,pred,88,88,False,0,,,,,,,,8,,,,,,,
2026-09-09_Mark-Liversedge_Wrist_01__swing_0007,82,addr,pred,88,88,False,0,,,,,,,,8,,,,,,,
2026-09-09_Mark-Liversedge_Wrist_01__swing_0007,83,addr,pred,88,88,False,0,,,,,,,,8,,,,,,,
2026-09-09_Mark-Liversedge_Wrist_01__swing_0007,84,addr,pred,88,88,False,0,,,,,,,,8,,,,,,,
2026-09-09_Mark-Liversedge_Wrist_01__swing_0007,85,addr,pred,88,88,False,0,,,,,,,,8,,,,,,,
2026-09-09_Mark-Liversedge_Wrist_01__swing_0007,86,addr,pred,88,88,False,0,,,,,,,,8,,,,,,,
2026-09-09_Mark-Liversedge_Wrist_01__swing_0007,87,addr,pred,88,88,False,0,,,,,,,,8,,,,,,,
2026-09-09_Mark-Liversedge_Wrist_01__swing_0007,88,addr,pred,88,88,False,0,,,,,,,,8,,,,,,,
2026-09-09_Mark-Liversedge_Wrist_01__swing_0007,89,addr,pred,88,88,False,0,,,,,,,,8,,,,,,,
2026-09-09_Mark-Liversedge_Wrist_01__swing_0007,90,addr,pred,88,88,False,0,,,,,,,,8,,,,,,,
2026-09-09_Mark-Liversedge_Wrist_01__swing_0007,91,addr,pred,88,88,False,0,,,,,,,,8,,,,,,,
2026-09-09_Mark-Liversedge_Wrist_01__swing_0007,92,addr,pred,88,88,False,0,,,,,,,,8,,,,,,,
2026-09-09_Mark-Liversedge_Wrist_01__swing_0007,93,addr,pred,88,88,False,0,,,,,,,,8,,,,,,,
2026-09-09_Mark-Liversedge_Wrist_01__swing_0007,94,addr,pred,88,88,False,0,,,,,,,,8,,,,,,,
2026-09-09_Mark-Liversedge_Wrist_01__swing_0007,95,addr,pred,88,88,False,0,,,,,,,,8,,,,,,,
2026-09-09_Mark-Liversedge_Wrist_01__swing_0007,96,addr,pred,88,88,False,0,,,,,,,,8,,,,,,,
2026-09-09_Mark-Liversedge_Wrist_01__swing_0007,97,addr,pred,88,88,False,0,,,,,,,,8,,,,,,,
2026-09-09_Mark-Liversedge_Wrist_01__swing_0007,98,addr,pred,88,88,False,0,,,,,,,,8,,,,,,,
2026-09-09_Mark-Liversedge_Wrist_01__swing_0007,99,addr,pred,88,88,False,0,,,,,,,,8,,,,,,,
2026-09-09_Mark-Liversedge_Wrist_01__swing_0007,100,addr,pred,88,88,False,0,,,,,,,,8,,,,,,,
2026-09-09_Mark-Liversedge_Wrist_01__swing_0007,101,addr,pred,88,88,False,0,,,,,,,,8,,,,,,,
2026-09-09_Mark-Liversedge_Wrist_01__swing_0007,102,addr,pred,88,88,False,0,,,,,,,,8,,,,,,,
2026-09-09_Mark-Liversedge_Wrist_01__swing_0007,103,addr,pred,88,88,False,0,,,,,,,,8,,,,,,,
2026-09-09_Mark-Liversedge_Wrist_01__swing_0007,104,addr,pred,88,88,False,0,,,,,,,,8,,,,,,,
2026-09-09_Mark-Liversedge_Wrist_01__swing_0007,105,addr,pred,88,88,False,0,,,,,,,,8,,,,,,,
2026-09-09_Mark-Liversedge_Wrist_01__swing_0007,106,addr,pred,88,88,False,0,,,,,,,,8,,,,,,,
2026-09-09_Mark-Liversedge_Wrist_01__swing_0007,107,addr,pred,88,88,False,0,,,,,,,,8,,,,,,,
2026-09-09_Mark-Liversedge_Wrist_01__swing_0007,108,addr,pred,88,88,False,0,,,,,,,,8,,,,,,,
2026-09-09_Mark-Liversedge_Wrist_01__swing_0007,109,addr,pred,88,88,False,0,,,,,,,,8,,,,,,,
2026-09-09_Mark-Liversedge_Wrist_01__swing_0007,110,addr,pred,88,88,False,1,1,97.88865661621094,0.41363635659217834,43.516483306884766,2,0.6569343209266663,1,9,73,346,2,,,,
2026-09-09_Mark-Liversedge_Wrist_01__swing_0007,111,addr,pred,88,88,False,0,,,,,,,,8,,,,,,,
2026-09-09_Mark-Liversedge_Wrist_01__swing_0007,112,addr,pred,88,88,False,0,,,,,,,,8,,,,,,,
2026-09-09_Mark-Liversedge_Wrist_01__swing_0007,113,addr,pred,88,88,False,0,,,,,,,,8,,,,,,,
2026-09-09_Mark-Liversedge_Wrist_01__swing_0007,114,addr,pred,88,88,False,1,1,97.07661437988281,0.38904494047164917,142.88809204101562,2,0.7086330652236938,3,9,30,307,2,,,,
2026-09-09_Mark-Liversedge_Wrist_01__swing_0007,115,addr,pred,88,88,False,1,1,97.17623901367188,0.3803030252456665,130.5976104736328,2,0.7341269850730896,1,9,34,285,2,,,,
2026-09-09_Mark-Liversedge_Wrist_01__swing_0007,116,addr,pred,88,88,False,1,1,97.27778625488281,0.38764044642448425,134.86956787109375,2,0.750902533531189,3,9,33,309,2,,,,
2026-09-09_Mark-Liversedge_Wrist_01__swing_0007,117,addr,pred,88,88,False,0,,,,,,,,8,,,,,,,
2026-09-09_Mark-Liversedge_Wrist_01__swing_0007,118,addr,pred,88,88,False,1,1,97.20045471191406,0.4648876488208771,168.37461853027344,2,0.6746987700462341,3,9,24,355,2,,,,
2026-09-09_Mark-Liversedge_Wrist_01__swing_0007,119,addr,ray,88,88,True,0,,,,,,,,8,,,,,,,
2026-09-09_Mark-Liversedge_Wrist_01__swing_0007,120,addr,ray,88,88,True,0,,,,,,,,7,,,,,,,
2026-09-09_Mark-Liversedge_Wrist_01__swing_0007,121,addr,ray,88,88,True,0,,,,,,,,8,,,,,,,
2026-09-09_Mark-Liversedge_Wrist_01__swing_0007,122,addr,ray,88,88,True,0,,,,,,,,7,,,,,,,
2026-09-09_Mark-Liversedge_Wrist_01__swing_0007,123,addr,ray,88,88,True,0,,,,,,,,8,,,,,,,
2026-09-09_Mark-Liversedge_Wrist_01__swing_0007,124,addr,ray,88,88,True,0,,,,,,,,8,,,,,,,
2026-09-09_Mark-Liversedge_Wrist_01__swing_0007,125,addr,ray,88,88,True,0,,,,,,,,8,,,,,,,
2026-09-09_Mark-Liversedge_Wrist_01__swing_0007,126,addr,ray,88,88,True,0,,,,,,,,8,,,,,,,
2026-09-09_Mark-Liversedge_Wrist_01__swing_0007,127,addr,ray,88,88,True,0,,,,,,,,8,,,,,,,
2026-09-09_Mark-Liversedge_Wrist_01__swing_0007,128,addr,ray,88,88,True,0,,,,,,,,8,,,,,,,
2026-09-09_Mark-Liversedge_Wrist_01__swing_0007,129,addr,ray,90,90,True,0,,,,,,,,8,,,,,,,
2026-09-09_Mark-Liversedge_Wrist_01__swing_0007,130,addr,ray,91,91,True,0,,,,,,,,8,,,,,,,
2026-09-09_Mark-Liversedge_Wrist_01__swing_0007,131,addr,seg,92,92,True,1,1,97.44388580322266,0.5444785356521606,237.75775146484375,2,0.6685393452644348,3,9,23,378,1,,,,
2026-09-09_Mark-Liversedge_Wrist_01__swing_0007,132,addr,ray,93,93,True,0,,,,,,,,8,,,,,,,
2026-09-09_Mark-Liversedge_Wrist_01__swing_0007,133,addr,ray,94,94,True,0,,,,,,,,8,,,,,,,
2026-09-09_Mark-Liversedge_Wrist_01__swing_0007,134,back,seg,97,97,True,1,1,97.5,0.5015151500701904,170.15106201171875,2,0.6626505851745605,1,9,25,356,2,,,,
2026-09-09_Mark-Liversedge_Wrist_01__swing_0007,135,back,ray,97,97,True,0,,,,,,,,7,,,,,,,
2026-09-09_Mark-Liversedge_Wrist_01__swing_0007,136,back,seg,97,97,True,1,1,96.5,0.503333330154419,226.3576202392578,2,0.6633663177490234,1,9,27,329,1,,,,
2026-09-09_Mark-Liversedge_Wrist_01__swing_0007,137,back,ray,97,97,True,0,,,,,,,,7,,,,,,,
2026-09-09_Mark-Liversedge_Wrist_01__swing_0007,138,back,ray,97,97,True,0,,,,,,,,7,,,,,,,
2026-09-09_Mark-Liversedge_Wrist_01__swing_0007,139,back,ray,97,97,True,0,,,,,,,,7,,,,,,,
2026-09-09_Mark-Liversedge_Wrist_01__swing_0007,140,back,ray,97,97,True,0,,,,,,,,7,,,,,,,
2026-09-09_Mark-Liversedge_Wrist_01__swing_0007,141,back,ray,97,97,True,0,,,,,,,,7,,,,,,,
2026-09-09_Mark-Liversedge_Wrist_01__swing_0007,142,back,ray,97,97,True,0,,,,,,,,7,,,,,,,
2026-09-09_Mark-Liversedge_Wrist_01__swing_0007,143,back,ray,97,97,True,0,,,,,,,,7,,,,,,,
2026-09-09_Mark-Liversedge_Wrist_01__swing_0007,144,back,seg,97,97,True,1,1,97,0.5429447889328003,202.64407348632812,2,0.6985915303230286,3,9,42,396,1,,,,
2026-09-09_Mark-Liversedge_Wrist_01__swing_0007,145,back,ray,97,97,True,0,,,,,,,,7,,,,,,,
2026-09-09_Mark-Liversedge_Wrist_01__swing_0007,146,back,seg,97,97,True,1,1,96.5,0.5075757503509521,198.32835388183594,2,0.6785714030265808,1,9,11,346,2,,,,
2026-09-09_Mark-Liversedge_Wrist_01__swing_0007,147,back,seg,97,97,True,1,1,96.5,0.4716666638851166,178.23321533203125,2,0.7112675905227661,1,9,48,331,1,,,,
2026-09-09_Mark-Liversedge_Wrist_01__swing_0007,148,back,ray,97,97,True,0,,,,,,,,7,,,,,,,
2026-09-09_Mark-Liversedge_Wrist_01__swing_0007,149,back,seg,97,97,True,1,1,96,0.34833332896232605,205.35885620117188,2,0.6666666865348816,1,9,26,235,1,,,,
2026-09-09_Mark-Liversedge_Wrist_01__swing_0007,150,back,ray,97,97,True,0,,,,,,,,7,,,,,,,
2026-09-09_Mark-Liversedge_Wrist_01__swing_0007,151,back,ray,97,97,True,0,,,,,,,,7,,,,,,,
2026-09-09_Mark-Liversedge_Wrist_01__swing_0007,152,back,ray,97,97,True,0,,,,,,,,7,,,,,,,
2026-09-09_Mark-Liversedge_Wrist_01__swing_0007,153,back,seg,97,97,True,1,1,96,0.4833333194255829,182.7586212158203,2,0.6391752362251282,1,9,47,337,1,,,,
2026-09-09_Mark-Liversedge_Wrist_01__swing_0007,154,back,ray,97,97,True,0,,,,,,,,7,,,,,,,
2026-09-09_Mark-Liversedge_Wrist_01__swing_0007,155,back,ray,97,97,True,0,,,,,,,,8,,,,,,,
2026-09-09_Mark-Liversedge_Wrist_01__swing_0007,156,back,ray,97,97,True,0,,,,,,,,7,,,,,,,
2026-09-09_Mark-Liversedge_Wrist_01__swing_0007,157,back,ray,97,97,True,0,,,,,,,,8,,,,,,,
2026-09-09_Mark-Liversedge_Wrist_01__swing_0007,158,back,ray,97,97,True,0,,,,,,,,7,,,,,,,
2026-09-09_Mark-Liversedge_Wrist_01__swing_0007,159,back,ray,97,97,True,0,,,,,,,,7,,,,,,,
2026-09-09_Mark-Liversedge_Wrist_01__swing_0007,160,back,seg,97,97,True,1,1,98,0.19166666269302368,144.3478240966797,2,0.6551724076271057,1,9,26,141,1,,,,
2026-09-09_Mark-Liversedge_Wrist_01__swing_0007,161,back,ray,97,97,True,0,,,,,,,,7,,,,,,,
2026-09-09_Mark-Liversedge_Wrist_01__swing_0007,162,back,ray,97,97,True,0,,,,,,,,7,,,,,,,
2026-09-09_Mark-Liversedge_Wrist_01__swing_0007,163,back,ray,97,97,True,0,,,,,,,,7,,,,,,,
2026-09-09_Mark-Liversedge_Wrist_01__swing_0007,164,back,ray,97,97,True,0,,,,,,,,7,,,,,,,
2026-09-09_Mark-Liversedge_Wrist_01__swing_0007,165,back,ray,97,97,True,0,,,,,,,,7,,,,,,,
2026-09-09_Mark-Liversedge_Wrist_01__swing_0007,166,back,ray,97,97,True,0,,,,,,,,7,,,,,,,
2026-09-09_Mark-Liversedge_Wrist_01__swing_0007,167,back,ray,97,97,True,0,,,,,,,,8,,,,,,,
2026-09-09_Mark-Liversedge_Wrist_01__swing_0007,168,back,ray,97,97,True,0,,,,,,,,7,,,,,,,
2026-09-09_Mark-Liversedge_Wrist_01__swing_0007,169,back,ray,97,97,True,0,,,,,,,,8,,,,,,,
2026-09-09_Mark-Liversedge_Wrist_01__swing_0007,170,back,ray,97,97,True,0,,,,,,,,7,,,,,,,
2026-09-09_Mark-Liversedge_Wrist_01__swing_0007,171,back,ray,97,97,True,0,,,,,,,,7,,,,,,,
2026-09-09_Mark-Liversedge_Wrist_01__swing_0007,172,back,ray,97,97,True,0,,,,,,,,7,,,,,,,
2026-09-09_Mark-Liversedge_Wrist_01__swing_0007,173,back,ray,97,97,True,0,,,,,,,,8,,,,,,,
2026-09-09_Mark-Liversedge_Wrist_01__swing_0007,174,back,ray,97,97,True,0,,,,,,,,8,,,,,,,
2026-09-09_Mark-Liversedge_Wrist_01__swing_0007,175,back,seg,97,97,True,1,1,97,0.4749999940395355,229.4736785888672,2,0.7762237787246704,1,9,24,309,1,,,,
2026-09-09_Mark-Liversedge_Wrist_01__swing_0007,176,back,ray,97,97,True,0,,,,,,,,8,,,,,,,
2026-09-09_Mark-Liversedge_Wrist_01__swing_0007,177,back,ray,97,97,True,0,,,,,,,,7,,,,,,,
2026-09-09_Mark-Liversedge_Wrist_01__swing_0007,178,back,ray,97,97,True,0,,,,,,,,7,,,,,,,
2026-09-09_Mark-Liversedge_Wrist_01__swing_0007,179,back,ray,97,97,True,0,,,,,,,,7,,,,,,,
2026-09-09_Mark-Liversedge_Wrist_01__swing_0007,180,back,ray,97,97,True,0,,,,,,,,7,,,,,,,
2026-09-09_Mark-Liversedge_Wrist_01__swing_0007,181,back,ray,97,97,True,0,,,,,,,,7,,,,,,,
2026-09-09_Mark-Liversedge_Wrist_01__swing_0007,182,back,ray,97,97,True,0,,,,,,,,7,,,,,,,
2026-09-09_Mark-Liversedge_Wrist_01__swing_0007,183,back,ray,97,97,True,0,,,,,,,,7,,,,,,,
2026-09-09_Mark-Liversedge_Wrist_01__swing_0007,184,back,ray,97,97,True,0,,,,,,,,7,,,,,,,
2026-09-09_Mark-Liversedge_Wrist_01__swing_0007,185,back,ray,97,97,True,0,,,,,,,,7,,,,,,,
2026-09-09_Mark-Liversedge_Wrist_01__swing_0007,186,back,ray,97,97,True,0,,,,,,,,7,,,,,,,
2026-09-09_Mark-Liversedge_Wrist_01__swing_0007,187,back,ray,97,97,True,0,,,,,,,,7,,,,,,,
2026-09-09_Mark-Liversedge_Wrist_01__swing_0007,188,back,ray,97,97,True,0,,,,,,,,7,,,,,,,
2026-09-09_Mark-Liversedge_Wrist_01__swing_0007,189,back,ray,97,97,True,0,,,,,,,,7,,,,,,,
2026-09-09_Mark-Liversedge_Wrist_01__swing_0007,190,back,ray,97,97,True,0,,,,,,,,7,,,,,,,
2026-09-09_Mark-Liversedge_Wrist_01__swing_0007,191,back,ray,97,97,True,0,,,,,,,,7,,,,,,,
2026-09-09_Mark-Liversedge_Wrist_01__swing_0007,192,back,ray,97,97,True,0,,,,,,,,7,,,,,,,
2026-09-09_Mark-Liversedge_Wrist_01__swing_0007,193,back,ray,97,97,True,0,,,,,,,,8,,,,,,,
2026-09-09_Mark-Liversedge_Wrist_01__swing_0007,194,back,ray,97,97,True,0,,,,,,,,7,,,,,,,
2026-09-09_Mark-Liversedge_Wrist_01__swing_0007,195,back,ray,97,97,True,0,,,,,,,,7,,,,,,,
2026-09-09_Mark-Liversedge_Wrist_01__swing_0007,196,back,ray,98,98,True,0,,,,,,,,8,,,,,,,
2026-09-09_Mark-Liversedge_Wrist_01__swing_0007,197,back,ray,98,98,True,0,,,,,,,,8,,,,,,,
2026-09-09_Mark-Liversedge_Wrist_01__swing_0007,198,back,ray,98,98,True,0,,,,,,,,8,,,,,,,
2026-09-09_Mark-Liversedge_Wrist_01__swing_0007,199,back,ray,98,98,True,0,,,,,,,,8,,,,,,,
2026-09-09_Mark-Liversedge_Wrist_01__swing_0007,200,back,seg,98,98,True,1,1,97,0.44999998807907104,142.22222900390625,2,0.6744966506958008,1,9,35,332,2,,,,
2026-09-09_Mark-Liversedge_Wrist_01__swing_0007,201,back,ray,98,98,True,0,,,,,,,,7,,,,,,,
2026-09-09_Mark-Liversedge_Wrist_01__swing_0007,202,back,ray,98,98,True,0,,,,,,,,7,,,,,,,
2026-09-09_Mark-Liversedge_Wrist_01__swing_0007,203,back,ray,98,98,True,0,,,,,,,,8,,,,,,,
2026-09-09_Mark-Liversedge_Wrist_01__swing_0007,204,back,ray,98,98,True,0,,,,,,,,8,,,,,,,
2026-09-09_Mark-Liversedge_Wrist_01__swing_0007,205,back,seg,98,98,True,1,1,97.5,0.47050562500953674,113.7313461303711,2,0.6398809552192688,3,9,50,385,2,,,,
2026-09-09_Mark-Liversedge_Wrist_01__swing_0007,206,back,ray,98,98,True,0,,,,,,,,7,,,,,,,
2026-09-09_Mark-Liversedge_Wrist_01__swing_0007,207,back,ray,98,98,True,0,,,,,,,,7,,,,,,,
2026-09-09_Mark-Liversedge_Wrist_01__swing_0007,208,back,seg,98,98,True,1,1,97,0.4469696879386902,139.45762634277344,2,0.6959459185600281,1,9,36,331,2,,,,
2026-09-09_Mark-Liversedge_Wrist_01__swing_0007,209,back,seg,98,98,True,1,1,97,0.4515151381492615,146.91275024414062,2,0.7190635204315186,1,9,33,331,2,,,,
2026-09-09_Mark-Liversedge_Wrist_01__swing_0007,210,back,ray,98,98,True,0,,,,,,,,8,,,,,,,
2026-09-09_Mark-Liversedge_Wrist_01__swing_0007,211,back,ray,98,98,True,0,,,,,,,,8,,,,,,,
2026-09-09_Mark-Liversedge_Wrist_01__swing_0007,212,back,ray,98,98,True,0,,,,,,,,8,,,,,,,
2026-09-09_Mark-Liversedge_Wrist_01__swing_0007,213,back,ray,98,98,True,0,,,,,,,,7,,,,,,,
2026-09-09_Mark-Liversedge_Wrist_01__swing_0007,214,back,ray,98,98,True,0,,,,,,,,7,,,,,,,
2026-09-09_Mark-Liversedge_Wrist_01__swing_0007,215,back,seg,98,98,True,1,1,97,0.5429447889328003,237.63841247558594,2,0.6816901564598083,3,9,23,377,1,,,,
2026-09-09_Mark-Liversedge_Wrist_01__swing_0007,216,back,ray,98,98,True,0,,,,,,,,7,,,,,,,
2026-09-09_Mark-Liversedge_Wrist_01__swing_0007,217,back,ray,98,98,True,0,,,,,,,,7,,,,,,,
2026-09-09_Mark-Liversedge_Wrist_01__swing_0007,218,back,seg,98,98,True,1,1,97.5,0.5166666507720947,189.03225708007812,2,0.6608186960220337,1,9,16,357,2,,,,
2026-09-09_Mark-Liversedge_Wrist_01__swing_0007,219,back,ray,98,98,True,0,,,,,,,,7,,,,,,,
2026-09-09_Mark-Liversedge_Wrist_01__swing_0007,220,back,seg,99,99,True,1,1,98,0.4166666567325592,119.19999694824219,2,0.7355072498321533,1,9,42,317,2,,,,
2026-09-09_Mark-Liversedge_Wrist_01__swing_0007,221,back,seg,99,99,True,1,1,98,0.4212121069431305,129.7841796875,2,0.6953405141830444,1,9,38,316,2,,,,
2026-09-09_Mark-Liversedge_Wrist_01__swing_0007,222,back,ray,99,99,True,0,,,,,,,,7,,,,,,,
2026-09-09_Mark-Liversedge_Wrist_01__swing_0007,223,back,ray,99,99,True,0,,,,,,,,7,,,,,,,
2026-09-09_Mark-Liversedge_Wrist_01__swing_0007,224,back,ray,99,99,True,0,,,,,,,,7,,,,,,,
2026-09-09_Mark-Liversedge_Wrist_01__swing_0007,225,back,ray,99,99,True,0,,,,,,,,7,,,,,,,
2026-09-09_Mark-Liversedge_Wrist_01__swing_0007,226,back,ray,99,99,True,0,,,,,,,,7,,,,,,,
2026-09-09_Mark-Liversedge_Wrist_01__swing_0007,227,back,ray,100,100,True,0,,,,,,,,8,,,,,,,
2026-09-09_Mark-Liversedge_Wrist_01__swing_0007,228,back,seg,101,101,True,1,1,100,0.16411042213439941,78.91588592529297,2,0.6666666865348816,3,9,33,140,1,,,,
2026-09-09_Mark-Liversedge_Wrist_01__swing_0007,229,back,ray,102,102,True,0,,,,,,,,8,,,,,,,
2026-09-09_Mark-Liversedge_Wrist_01__swing_0007,230,back,ray,102,102,True,0,,,,,,,,7,,,,,,,
2026-09-09_Mark-Liversedge_Wrist_01__swing_0007,231,back,ray,102,102,True,0,,,,,,,,7,,,,,,,
2026-09-09_Mark-Liversedge_Wrist_01__swing_0007,232,back,ray,103,103,True,0,,,,,,,,4,,,,,,,
2026-09-09_Mark-Liversedge_Wrist_01__swing_0007,233,back,ray,103,103,True,0,,,,,,,,4,,,,,,,
2026-09-09_Mark-Liversedge_Wrist_01__swing_0007,234,back,ray,103,103,True,0,,,,,,,,4,,,,,,,
2026-09-09_Mark-Liversedge_Wrist_01__swing_0007,235,back,ray,103,103,True,0,,,,,,,,7,,,,,,,
2026-09-09_Mark-Liversedge_Wrist_01__swing_0007,236,back,ray,103,103,True,0,,,,,,,,7,,,,,,,
2026-09-09_Mark-Liversedge_Wrist_01__swing_0007,237,back,ray,103,103,True,0,,,,,,,,7,,,,,,,
2026-09-09_Mark-Liversedge_Wrist_01__swing_0007,238,back,ray,103,103,True,0,,,,,,,,7,,,,,,,
2026-09-09_Mark-Liversedge_Wrist_01__swing_0007,239,back,ray,103,103,True,0,,,,,,,,7,,,,,,,
2026-09-09_Mark-Liversedge_Wrist_01__swing_0007,240,back,ray,103,103,True,0,,,,,,,,7,,,,,,,
2026-09-09_Mark-Liversedge_Wrist_01__swing_0007,241,back,ray,105,105,True,0,,,,,,,,7,,,,,,,
2026-09-09_Mark-Liversedge_Wrist_01__swing_0007,242,back,ray,107,107,True,0,,,,,,,,7,,,,,,,
2026-09-09_Mark-Liversedge_Wrist_01__swing_0007,243,back,seg,110,110,True,1,1,110,0.44545453786849976,132.448974609375,2,0.6745762825012207,1,9,39,333,2,,,,
2026-09-09_Mark-Liversedge_Wrist_01__swing_0007,244,back,seg,112,112,True,1,1,112,0.34333333373069763,213.00970458984375,2,0.695652186870575,1,9,23,229,1,,,,
2026-09-09_Mark-Liversedge_Wrist_01__swing_0007,245,back,seg,114,114,True,1,1,115,0.34333333373069763,227.57281494140625,2,0.8067632913589478,1,9,18,224,1,,,,
2026-09-09_Mark-Liversedge_Wrist_01__swing_0007,246,back,seg,116,116,True,1,1,115,0.31833332777023315,229.73822021484375,2,0.71875,1,9,16,207,1,,,,
2026-09-09_Mark-Liversedge_Wrist_01__swing_0007,247,back,seg,118,118,True,1,1,119,0.18333333730697632,203.63636779785156,2,1,1,9,14,124,1,,,,
2026-09-09_Mark-Liversedge_Wrist_01__swing_0007,248,back,ray,120,120,True,0,,,,,,,,4,,,,,,,
2026-09-09_Mark-Liversedge_Wrist_01__swing_0007,249,back,seg,122,122,True,1,1,122,0.38787877559661865,155.546875,2,0.6536964774131775,1,9,25,281,2,,,,
2026-09-09_Mark-Liversedge_Wrist_01__swing_0007,250,back,seg,124,124,True,1,1,123,0.17696629464626312,-6.031745910644531,2,0.9763779640197754,3,9,40,166,2,,,,
2026-09-09_Mark-Liversedge_Wrist_01__swing_0007,251,back,seg,125,125,True,1,1,124.5,0.2454545497894287,4.0740742683410645,2,0.7914110422134399,1,9,53,215,2,,,,
2026-09-09_Mark-Liversedge_Wrist_01__swing_0007,252,back,seg,127,127,True,2,2,126,0.2738763988018036,36.553829193115234,1,0.640816330909729,1,9,-1,231,0,,,,
2026-09-09_Mark-Liversedge_Wrist_01__swing_0007,253,back,ray,129,129,True,0,,,,,,,,7,,,,,,,
2026-09-09_Mark-Liversedge_Wrist_01__swing_0007,254,back,seg,132,132,True,1,1,131,0.2969697117805481,75.2040786743164,2,0.913705587387085,1,9,43,239,2,,,,
2026-09-09_Mark-Liversedge_Wrist_01__swing_0007,255,back,seg,135,135,True,2,2,134,0.2738763988018036,59.343570709228516,1,0.8491379022598267,3,9,-1,239,0,,,,
2026-09-09_Mark-Liversedge_Wrist_01__swing_0007,256,back,seg,138,138,True,1,1,137.5,0.27247190475463867,139.2577362060547,2,1,3,9,22,216,2,,,,
2026-09-09_Mark-Liversedge_Wrist_01__swing_0007,257,back,seg,141,141,True,1,1,140,0.2514044940471649,132.4916229248047,2,0.949999988079071,3,9,22,201,2,,,,
2026-09-09_Mark-Liversedge_Wrist_01__swing_0007,258,back,seg,144,144,True,1,1,144,0.2247191071510315,122.0999984741211,2,0.95652174949646,3,9,22,182,2,,,,
2026-09-09_Mark-Liversedge_Wrist_01__swing_0007,259,back,seg,147,147,True,1,1,147,0.1994381994009018,104.67605590820312,2,1,3,9,23,165,2,,,,
2026-09-09_Mark-Liversedge_Wrist_01__swing_0007,260,back,seg,150,150,True,1,1,150,0.1741573065519333,70.70967864990234,2,0.9760000109672546,3,9,26,150,2,,,,
2026-09-09_Mark-Liversedge_Wrist_01__swing_0007,261,back,ray,152,152,True,0,,,,,,,,7,,,,,,,
2026-09-09_Mark-Liversedge_Wrist_01__swing_0007,262,back,seg,154,154,True,2,2,155,0.2738763988018036,205.3948516845703,1,0.8979591727256775,3,9,-1,199,0,,,,
2026-09-09_Mark-Liversedge_Wrist_01__swing_0007,263,back,ray,156,156,True,0,,,,,,,,4,,,,,,,
2026-09-09_Mark-Liversedge_Wrist_01__swing_0007,264,back,seg,158,158,True,1,1,159,0.3159509301185608,185.0485382080078,2,0.7439613342285156,3,9,30,236,1,,,,
2026-09-09_Mark-Liversedge_Wrist_01__swing_0007,265,back,seg,160,160,True,1,1,161,0.31748467683792114,248.50241088867188,2,0.75,3,9,10,217,1,,,,
2026-09-09_Mark-Liversedge_Wrist_01__swing_0007,266,back,ray,162,162,True,0,,,,,,,,4,,,,,,,
2026-09-09_Mark-Liversedge_Wrist_01__swing_0007,267,back,ray,164,164,True,0,,,,,,,,4,,,,,,,
2026-09-09_Mark-Liversedge_Wrist_01__swing_0007,268,back,ray,166,166,True,0,,,,,,,,7,,,,,,,
2026-09-09_Mark-Liversedge_Wrist_01__swing_0007,269,back,seg,168,168,True,1,1,168.5,0.1994381994009018,159.8309783935547,2,0.9510489702224731,3,9,12,154,2,,,,
2026-09-09_Mark-Liversedge_Wrist_01__swing_0007,270,back,seg,170,170,True,1,1,170.5,0.1657303422689438,8.813559532165527,2,1,3,9,35,153,2,,,,
2026-09-09_Mark-Liversedge_Wrist_01__swing_0007,271,back,seg,172,172,True,1,1,172.5,0.1671348363161087,-1.378151297569275,2,1,3,9,37,156,2,,,,
2026-09-09_Mark-Liversedge_Wrist_01__swing_0007,272,back,seg,174,174,True,1,1,175,0.16994382441043854,-3.6033058166503906,2,1,3,9,38,159,2,,,,
2026-09-09_Mark-Liversedge_Wrist_01__swing_0007,273,back,ray,174,174,True,0,,,,,,,,7,,,,,,,
2026-09-09_Mark-Liversedge_Wrist_01__swing_0007,274,back,pred,174,174,True,0,,,,,,,,5,,,,,,,
2026-09-09_Mark-Liversedge_Wrist_01__swing_0007,275,back,pred,174,174,True,0,,,,,,,,1,,,,,,,
2026-09-09_Mark-Liversedge_Wrist_01__swing_0007,276,back,pred,174,174,True,0,,,,,,,,1,,,,,,,
2026-09-09_Mark-Liversedge_Wrist_01__swing_0007,277,back,pred,177,177,True,0,,,,,,,,5,,,,,,,
2026-09-09_Mark-Liversedge_Wrist_01__swing_0007,278,back,pred,186,186,True,0,,,,,,,,1,,,,,,,
2026-09-09_Mark-Liversedge_Wrist_01__swing_0007,279,back,ray,195,195,True,0,,,,,,,,7,,,,,,,
2026-09-09_Mark-Liversedge_Wrist_01__swing_0007,280,back,seg,204,204,True,1,1,205,0.2247191071510315,99.8499984741211,2,0.9937888383865356,3,9,27,187,2,,,,
2026-09-09_Mark-Liversedge_Wrist_01__swing_0007,281,back,seg,209,209,True,1,1,210,0.23735955357551575,106.24851989746094,2,1,3,9,27,196,2,,,,
2026-09-09_Mark-Liversedge_Wrist_01__swing_0007,282,back,seg,214,214,True,1,1,214.5,0.29393938183784485,128.1443328857422,2,1,1,9,27,221,2,,,,
2026-09-09_Mark-Liversedge_Wrist_01__swing_0007,283,back,seg,219,219,True,1,1,218.5,0.2893258333206177,123.22330474853516,2,0.9855072498321533,3,9,28,234,2,,,,
2026-09-09_Mark-Liversedge_Wrist_01__swing_0007,284,back,seg,223,223,True,1,1,222.5,0.26818183064460754,119.32203674316406,2,1,1,9,27,204,2,,,,
2026-09-09_Mark-Liversedge_Wrist_01__swing_0007,285,back,seg,227,227,True,1,1,227,0.283707857131958,110.73267364501953,2,1,3,9,31,233,2,,,,
2026-09-09_Mark-Liversedge_Wrist_01__swing_0007,286,back,seg,231,231,True,1,1,232,0.27878788113594055,98.0434799194336,2,1,1,9,34,218,2,,,,
2026-09-09_Mark-Liversedge_Wrist_01__swing_0007,287,back,seg,235,235,True,1,1,235.5,0.2757575809955597,89.45054626464844,2,1,1,9,36,218,2,,,,
2026-09-09_Mark-Liversedge_Wrist_01__swing_0007,288,back,seg,239,239,True,1,1,239,0.269696980714798,75.39325714111328,2,1,1,9,39,217,2,,,,
2026-09-09_Mark-Liversedge_Wrist_01__swing_0007,289,back,seg,243,243,True,1,1,243.5,0.2651515007019043,84.22856903076172,2,0.9943181872367859,1,9,36,211,2,,,,
2026-09-09_Mark-Liversedge_Wrist_01__swing_0007,290,back,seg,247,247,True,1,1,248,0.24696969985961914,86.38037109375,2,1,1,9,33,196,2,,,,
2026-09-09_Mark-Liversedge_Wrist_01__swing_0007,291,back,seg,251,251,True,1,1,252,0.2348484843969345,88,2,1,1,9,31,186,2,,,,
2026-09-09_Mark-Liversedge_Wrist_01__swing_0007,292,back,seg,255,255,True,1,1,256,0.2181818187236786,87.08333587646484,2,1,1,9,29,173,2,,,,
2026-09-09_Mark-Liversedge_Wrist_01__swing_0007,293,back,seg,259,259,True,1,1,260,0.1984848529100418,83.96946716308594,2,1,1,9,27,158,2,,,,
2026-09-09_Mark-Liversedge_Wrist_01__swing_0007,294,back,seg,263,263,True,1,1,264,0.19522471725940704,91.94244384765625,2,1,3,9,25,164,2,,,,
2026-09-09_Mark-Liversedge_Wrist_01__swing_0007,295,back,seg,267,267,True,1,1,268,0.1666666716337204,82,2,1,1,9,23,133,2,,,,
2026-09-09_Mark-Liversedge_Wrist_01__swing_0007,296,back,ray,271,271,True,0,,,,,,,,8,,,,,,,
2026-09-09_Mark-Liversedge_Wrist_01__swing_0007,297,back,ray,275,275,True,0,,,,,,,,8,,,,,,,
2026-09-09_Mark-Liversedge_Wrist_01__swing_0007,298,back,ray,279,279,True,0,,,,,,,,8,,,,,,,
2026-09-09_Mark-Liversedge_Wrist_01__swing_0007,299,back,seg,283,283,True,1,1,284,0.1502808928489685,20.37383270263672,2,1,3,9,30,137,2,,,,
2026-09-09_Mark-Liversedge_Wrist_01__swing_0007,300,back,seg,287,287,True,1,1,287.5,0.15449437499046326,51.70909118652344,2,1,3,9,26,136,2,,,,
2026-09-09_Mark-Liversedge_Wrist_01__swing_0007,301,back,seg,291,291,True,1,1,292,0.16853933036327362,47.93333435058594,2,1,3,9,29,149,2,,,,
2026-09-09_Mark-Liversedge_Wrist_01__swing_0007,302,back,seg,295,295,True,1,1,296,0.1755618005990982,54.816001892089844,2,0.9841269850730896,3,9,29,154,2,,,,
2026-09-09_Mark-Liversedge_Wrist_01__swing_0007,303,back,seg,299,299,True,1,1,300,0.1984848529100418,58.77862548828125,2,0.939393937587738,1,9,32,163,2,,,,
2026-09-09_Mark-Liversedge_Wrist_01__swing_0007,304,back,ray,303,303,True,0,,,,,,,,7,,,,,,,
2026-09-09_Mark-Liversedge_Wrist_01__swing_0007,305,back,ray,306,306,True,0,,,,,,,,7,,,,,,,
2026-09-09_Mark-Liversedge_Wrist_01__swing_0007,306,back,ray,309,309,True,0,,,,,,,,7,,,,,,,
2026-09-09_Mark-Liversedge_Wrist_01__swing_0007,307,back,seg,312,312,True,2,2,313,0.2738763988018036,55.692291259765625,1,0.7191489338874817,3,9,-1,240,0,,,,
2026-09-09_Mark-Liversedge_Wrist_01__swing_0007,308,back,seg,315,315,True,2,2,316,0.2738763988018036,48.38972473144531,1,0.8290598392486572,3,9,-1,242,0,,,,
2026-09-09_Mark-Liversedge_Wrist_01__swing_0007,309,back,ray,317,317,True,0,,,,,,,,7,,,,,,,
2026-09-09_Mark-Liversedge_Wrist_01__swing_0007,310,back,seg,320,320,True,2,2,321,0.2738763988018036,37.43587875366211,1,0.9586777091026306,3,9,-1,245,0,,,,
2026-09-09_Mark-Liversedge_Wrist_01__swing_0007,311,back,seg,322,322,True,2,2,323,0.2738763988018036,48.38972473144531,1,0.9832636117935181,3,9,-1,242,0,,,,
2026-09-09_Mark-Liversedge_Wrist_01__swing_0007,312,back,ray,324,324,True,0,,,,,,,,7,,,,,,,
2026-09-09_Mark-Liversedge_Wrist_01__swing_0007,313,back,ray,326,326,True,0,,,,,,,,7,,,,,,,
2026-09-09_Mark-Liversedge_Wrist_01__swing_0007,314,back,ray,328,328,True,0,,,,,,,,7,,,,,,,
2026-09-09_Mark-Liversedge_Wrist_01__swing_0007,315,back,seg,330,330,True,1,1,331,0.324438214302063,167.6017303466797,2,0.8879310488700867,3,9,17,248,2,,,,
2026-09-09_Mark-Liversedge_Wrist_01__swing_0007,316,back,seg,332,332,True,1,1,333,0.324438214302063,173.7662353515625,2,0.8232758641242981,3,9,15,246,2,,,,
2026-09-09_Mark-Liversedge_Wrist_01__swing_0007,317,back,seg,334,334,True,1,1,335,0.31179773807525635,171.8918914794922,2,0.8923766613006592,3,9,15,237,2,,,,
2026-09-09_Mark-Liversedge_Wrist_01__swing_0007,318,back,seg,336,336,True,1,1,336.5,0.2907303273677826,164.9661865234375,2,0.9375,3,9,16,223,2,,,,
2026-09-09_Mark-Liversedge_Wrist_01__swing_0007,319,back,seg,338,338,True,1,1,339,0.2921348214149475,161.8076934814453,2,0.9330143332481384,3,9,17,225,2,,,,
2026-09-09_Mark-Liversedge_Wrist_01__swing_0007,320,back,seg,340,340,True,1,1,340.5,0.2738763988018036,143.3230743408203,2,0.9795918464660645,3,9,21,216,2,,,,
2026-09-09_Mark-Liversedge_Wrist_01__swing_0007,321,back,ray,341,341,True,0,,,,,,,,7,,,,,,,
2026-09-09_Mark-Liversedge_Wrist_01__swing_0007,322,back,ray,342,342,True,0,,,,,,,,7,,,,,,,
2026-09-09_Mark-Liversedge_Wrist_01__swing_0007,323,back,ray,343,343,True,0,,,,,,,,7,,,,,,,
2026-09-09_Mark-Liversedge_Wrist_01__swing_0007,324,back,ray,344,344,True,0,,,,,,,,7,,,,,,,
2026-09-09_Mark-Liversedge_Wrist_01__swing_0007,325,back,ray,345,345,True,0,,,,,,,,7,,,,,,,
2026-09-09_Mark-Liversedge_Wrist_01__swing_0007,326,back,ray,346,346,True,0,,,,,,,,7,,,,,,,
2026-09-09_Mark-Liversedge_Wrist_01__swing_0007,327,top,ray,347,347,True,0,,,,,,,,7,,,,,,,
2026-09-09_Mark-Liversedge_Wrist_01__swing_0007,328,top,ray,348,348,True,0,,,,,,,,7,,,,,,,
2026-09-09_Mark-Liversedge_Wrist_01__swing_0007,329,top,ray,349,349,True,0,,,,,,,,7,,,,,,,
2026-09-09_Mark-Liversedge_Wrist_01__swing_0007,330,top,ray,350,350,True,0,,,,,,,,7,,,,,,,
2026-09-09_Mark-Liversedge_Wrist_01__swing_0007,331,top,ray,350,350,True,0,,,,,,,,7,,,,,,,
2026-09-09_Mark-Liversedge_Wrist_01__swing_0007,332,impact,ray,350,350,True,0,,,,,,,,7,,,,,,,
2026-09-09_Mark-Liversedge_Wrist_01__swing_0007,333,impact,seg,350,350,True,1,1,351,0.1910112351179123,110.05882263183594,2,1,3,9,21,157,2,,,,
2026-09-09_Mark-Liversedge_Wrist_01__swing_0007,334,impact,ray,350,350,True,0,,,,,,,,7,,,,,,,
2026-09-09_Mark-Liversedge_Wrist_01__swing_0007,335,impact,ray,350,350,True,0,,,,,,,,7,,,,,,,
2026-09-09_Mark-Liversedge_Wrist_01__swing_0007,336,impact,ray,350,350,True,0,,,,,,,,7,,,,,,,
2026-09-09_Mark-Liversedge_Wrist_01__swing_0007,337,impact,seg,349,349,True,1,1,350,0.19662921130657196,118.28571319580078,2,1,3,9,20,160,2,,,,
2026-09-09_Mark-Liversedge_Wrist_01__swing_0007,338,impact,seg,348,348,True,1,1,349,0.1994381994009018,119.71830749511719,2,1,3,9,20,162,2,,,,
2026-09-09_Mark-Liversedge_Wrist_01__swing_0007,339,impact,seg,347,347,True,1,1,347,0.16994382441043854,90.54545593261719,2,0.8606557250022888,2,9,22,143,2,,,,
2026-09-09_Mark-Liversedge_Wrist_01__swing_0007,340,impact,seg,346,346,True,1,1,347,0.1924157291650772,100.46715545654297,2,0.9855072498321533,3,9,23,160,2,,,,
2026-09-09_Mark-Liversedge_Wrist_01__swing_0007,341,impact,seg,345,345,True,1,1,346,0.1994381994009018,104.67605590820312,2,0.9930070042610168,3,9,23,165,2,,,,
2026-09-09_Mark-Liversedge_Wrist_01__swing_0007,342,impact,seg,344,344,True,1,1,345,0.19803370535373688,103.858154296875,2,0.8450704216957092,3,9,23,164,2,,,,
2026-09-09_Mark-Liversedge_Wrist_01__swing_0007,343,impact,seg,342,342,True,1,1,343,0.2078651636838913,133.40541076660156,2,0.9127516746520996,2,9,18,166,2,,,,
2026-09-09_Mark-Liversedge_Wrist_01__swing_0007,344,impact,seg,340,340,True,1,1,341,0.21769662201404572,146.5032196044922,2,0.9358974099159241,2,9,16,171,2,,,,
2026-09-09_Mark-Liversedge_Wrist_01__swing_0007,345,impact,ray,338,338,True,0,,,,,,,,1,,,,,,,
2026-09-09_Mark-Liversedge_Wrist_01__swing_0007,346,impact,seg,335,335,True,1,1,336,0.20505617558956146,146.8493194580078,2,0.9931972622871399,3,9,15,161,2,,,,
2026-09-09_Mark-Liversedge_Wrist_01__swing_0007,347,impact,ray,332,332,True,0,,,,,,,,4,,,,,,,
2026-09-09_Mark-Liversedge_Wrist_01__swing_0007,348,impact,ray,332,332,True,0,,,,,,,,7,,,,,,,
2026-09-09_Mark-Liversedge_Wrist_01__swing_0007,349,impact,ray,327,327,True,0,,,,,,,,7,,,,,,,
2026-09-09_Mark-Liversedge_Wrist_01__swing_0007,350,impact,ray,321,321,True,0,,,,,,,,7,,,,,,,
2026-09-09_Mark-Liversedge_Wrist_01__swing_0007,351,impact,ray,316,316,True,0,,,,,,,,7,,,,,,,
2026-09-09_Mark-Liversedge_Wrist_01__swing_0007,352,impact,ray,312,312,True,0,,,,,,,,8,,,,,,,
2026-09-09_Mark-Liversedge_Wrist_01__swing_0007,353,impact,ray,307,307,True,0,,,,,,,,8,,,,,,,
2026-09-09_Mark-Liversedge_Wrist_01__swing_0007,354,impact,ray,299,299,True,0,,,,,,,,8,,,,,,,
2026-09-09_Mark-Liversedge_Wrist_01__swing_0007,355,impact,ray,292,292,True,0,,,,,,,,8,,,,,,,
2026-09-09_Mark-Liversedge_Wrist_01__swing_0007,356,impact,ray,285,285,True,0,,,,,,,,8,,,,,,,
2026-09-09_Mark-Liversedge_Wrist_01__swing_0007,357,impact,ray,276,276,True,0,,,,,,,,8,,,,,,,
2026-09-09_Mark-Liversedge_Wrist_01__swing_0007,358,impact,seg,267,267,True,1,1,268,0.18030303716659546,9.243697166442871,2,1,1,9,38,157,2,,,,
2026-09-09_Mark-Liversedge_Wrist_01__swing_0007,359,impact,seg,258,258,True,1,1,258,0.25151515007019043,64.93975830078125,2,1,1,9,39,205,2,,,,
2026-09-09_Mark-Liversedge_Wrist_01__swing_0007,360,impact,seg,247,247,True,1,1,246,0.2907303273677826,68.6570053100586,2,0.9375,3,9,44,251,2,,,,
2026-09-09_Mark-Liversedge_Wrist_01__swing_0007,361,down,seg,237,237,True,1,1,238,0.2738763988018036,48.38974380493164,2,0.8061224222183228,2,9,47,242,2,,,,
2026-09-09_Mark-Liversedge_Wrist_01__swing_0007,362,down,ray,226,226,True,0,,,,,,,,7,,,,,,,
2026-09-09_Mark-Liversedge_Wrist_01__swing_0007,363,down,ray,216,216,True,0,,,,,,,,4,,,,,,,
2026-09-09_Mark-Liversedge_Wrist_01__swing_0007,364,down,ray,205,205,True,0,,,,,,,,7,,,,,,,
2026-09-09_Mark-Liversedge_Wrist_01__swing_0007,365,down,ray,196,196,True,0,,,,,,,,7,,,,,,,
2026-09-09_Mark-Liversedge_Wrist_01__swing_0007,366,down,ray,184,184,True,0,,,,,,,,7,,,,,,,
2026-09-09_Mark-Liversedge_Wrist_01__swing_0007,367,down,seg,172,172,True,1,1,171.5,0.2921348214149475,127.57691955566406,2,0.6267942786216736,3,9,27,235,2,,,,
2026-09-09_Mark-Liversedge_Wrist_01__swing_0007,368,down,seg,160,160,True,1,1,159.5,0.25561797618865967,137.84616088867188,2,0.748633861541748,3,9,21,203,2,,,,
2026-09-09_Mark-Liversedge_Wrist_01__swing_0007,369,down,seg,146,146,True,1,1,146.5,0.2712121307849884,164.69273376464844,2,0.7111111283302307,1,9,15,194,2,,,,
2026-09-09_Mark-Liversedge_Wrist_01__swing_0007,370,down,ray,134,134,True,0,,,,,,,,7,,,,,,,
2026-09-09_Mark-Liversedge_Wrist_01__swing_0007,371,down,ray,127.30276009203169,124,True,0,,,,,,,,8,,,,,,,
2026-09-09_Mark-Liversedge_Wrist_01__swing_0007,372,down,seg,123,123,True,1,1,122.5,0.24090908467769623,-16.60377311706543,2,0.8374999761581421,1,9,57,216,2,,,,
2026-09-09_Mark-Liversedge_Wrist_01__swing_0007,373,down,ray,111,111,True,0,,,,,,,,7,,,,,,,
2026-09-09_Mark-Liversedge_Wrist_01__swing_0007,374,down,pred,104,104,True,0,,,,,,,,1,,,,,,,
2026-09-09_Mark-Liversedge_Wrist_01__swing_0007,375,down,pred,94,94,True,0,,,,,,,,7,,,,,,,
2026-09-09_Mark-Liversedge_Wrist_01__swing_0007,376,down,wedge,87.00000000000006,87,True,0,,,,,,,,7,,,,,,,
2026-09-09_Mark-Liversedge_Wrist_01__swing_0007,377,down,wedge,66.99999999999994,67,True,0,,,,,,,,7,,,,,,,
2026-09-09_Mark-Liversedge_Wrist_01__swing_0007,378,down,ray,55.06734033305435,54,True,0,,,,,,,,1,,,,,,,
2026-09-09_Mark-Liversedge_Wrist_01__swing_0007,379,down,ray,50.9326596669456,52,True,0,,,,,,,,7,,,,,,,
2026-09-09_Mark-Liversedge_Wrist_01__swing_0007,380,down,wedge,41.146423126773186,41,True,0,,,,,,,,1,,,,,,,
2026-09-09_Mark-Liversedge_Wrist_01__swing_0007,381,down,ray,36.853576873226814,37,True,0,,,,,,,,1,,,,,,,
2026-09-09_Mark-Liversedge_Wrist_01__swing_0007,382,down,ray,30.26289808793274,30,True,0,,,,,,,,4,,,,,,,
2026-09-09_Mark-Liversedge_Wrist_01__swing_0007,383,down,ray,25.737101912067203,26,True,0,,,,,,,,1,,,,,,,
2026-09-09_Mark-Liversedge_Wrist_01__swing_0007,384,down,wedge,20.999999999999943,21,True,0,,,,,,,,1,,,,,,,
2026-09-09_Mark-Liversedge_Wrist_01__swing_0007,385,down,wedge,16,16,True,0,,,,,,,,1,,,,,,,
2026-09-09_Mark-Liversedge_Wrist_01__swing_0007,386,thru,wedge,7,7,True,0,,,,,,,,1,,,,,,,
2026-09-09_Mark-Liversedge_Wrist_01__swing_0007,387,thru,ray,7,7,True,0,,,,,,,,1,,,,,,,
2026-09-09_Mark-Liversedge_Wrist_01__swing_0007,388,thru,wedge,2,2,True,0,,,,,,,,1,,,,,,,
2026-09-09_Mark-Liversedge_Wrist_01__swing_0007,389,thru,wedge,358,358,True,0,,,,,,,,1,,,,,,,
2026-09-09_Mark-Liversedge_Wrist_01__swing_0007,390,thru,ray,352,352,True,0,,,,,,,,1,,,,,,,
2026-09-09_Mark-Liversedge_Wrist_01__swing_0007,391,thru,wedge,341,341,True,0,,,,,,,,7,,,,,,,
2026-09-09_Mark-Liversedge_Wrist_01__swing_0007,392,thru,ray,331,331,True,0,,,,,,,,1,,,,,,,
2026-09-09_Mark-Liversedge_Wrist_01__swing_0007,393,thru,ray,323,323,True,0,,,,,,,,1,,,,,,,
2026-09-09_Mark-Liversedge_Wrist_01__swing_0007,394,thru,ray,314,314,True,0,,,,,,,,1,,,,,,,
2026-09-09_Mark-Liversedge_Wrist_01__swing_0007,395,thru,ray,309,309,True,0,,,,,,,,1,,,,,,,
2026-09-09_Mark-Liversedge_Wrist_01__swing_0007,396,thru,wedge,300,300,True,0,,,,,,,,1,,,,,,,
2026-09-09_Mark-Liversedge_Wrist_01__swing_0007,397,thru,ray,294,294,True,0,,,,,,,,4,,,,,,,
2026-09-09_Mark-Liversedge_Wrist_01__swing_0007,398,thru,ray,287,287,True,0,,,,,,,,7,,,,,,,
2026-09-09_Mark-Liversedge_Wrist_01__swing_0007,399,thru,ray,281,281,True,0,,,,,,,,7,,,,,,,
2026-09-09_Mark-Liversedge_Wrist_01__swing_0007,400,thru,seg,281,281,True,1,1,280.5,0.25151515007019043,72.89156341552734,2,0.628742516040802,1,9,37,203,2,,,,
2026-09-09_Mark-Liversedge_Wrist_01__swing_0007,401,thru,seg,278,278,True,1,1,279,0.24016854166984558,45.122806549072266,2,0.7732558250427246,3,9,42,213,2,,,,
2026-09-09_Mark-Liversedge_Wrist_01__swing_0007,402,thru,ray,270,270,True,0,,,,,,,,8,,,,,,,
2026-09-09_Mark-Liversedge_Wrist_01__swing_0007,403,thru,ray,265,265,True,0,,,,,,,,8,,,,,,,
2026-09-09_Mark-Liversedge_Wrist_01__swing_0007,404,thru,ray,263,263,True,0,,,,,,,,7,,,,,,,
2026-09-09_Mark-Liversedge_Wrist_01__swing_0007,405,thru,pred,261,261,True,0,,,,,,,,1,,,,,,,
2026-09-09_Mark-Liversedge_Wrist_01__swing_0007,406,thru,pred,258,258,True,0,,,,,,,,1,,,,,,,
2026-09-09_Mark-Liversedge_Wrist_01__swing_0007,407,thru,pred,258,258,True,0,,,,,,,,2,,,,,,,
2026-09-09_Mark-Liversedge_Wrist_01__swing_0007,408,thru,wedge,252,252,True,0,,,,,,,,1,,,,,,,
2026-09-09_Mark-Liversedge_Wrist_01__swing_0007,409,thru,wedge,250,250,True,0,,,,,,,,7,,,,,,,
2026-09-09_Mark-Liversedge_Wrist_01__swing_0007,410,thru,wedge,247,247,True,0,,,,,,,,1,,,,,,,
2026-09-09_Mark-Liversedge_Wrist_01__swing_0007,411,thru,ray,242,242,True,0,,,,,,,,7,,,,,,,
2026-09-09_Mark-Liversedge_Wrist_01__swing_0007,412,thru,pred,242,242,True,0,,,,,,,,1,,,,,,,
2026-09-09_Mark-Liversedge_Wrist_01__swing_0007,413,finish,pred,237,237,True,0,,,,,,,,4,,,,,,,
2026-09-09_Mark-Liversedge_Wrist_01__swing_0007,414,finish,pred,234,234,True,0,,,,,,,,1,,,,,,,
2026-09-09_Mark-Liversedge_Wrist_01__swing_0007,415,finish,pred,232,232,True,0,,,,,,,,1,,,,,,,
2026-09-09_Mark-Liversedge_Wrist_01__swing_0007,416,finish,pred,231,231,True,0,,,,,,,,1,,,,,,,
2026-09-09_Mark-Liversedge_Wrist_01__swing_0007,417,finish,pred,227,227,True,0,,,,,,,,1,,,,,,,
2026-09-09_Mark-Liversedge_Wrist_01__swing_0007,418,finish,pred,225,225,True,0,,,,,,,,2,,,,,,,
2026-09-09_Mark-Liversedge_Wrist_01__swing_0007,419,finish,pred,222,222,True,0,,,,,,,,7,,,,,,,
2026-09-09_Mark-Liversedge_Wrist_01__swing_0007,420,finish,pred,221,221,True,0,,,,,,,,7,,,,,,,
2026-09-09_Mark-Liversedge_Wrist_01__swing_0007,421,finish,pred,220,220,True,0,,,,,,,,4,,,,,,,
2026-09-09_Mark-Liversedge_Wrist_01__swing_0007,422,finish,pred,219,219,True,0,,,,,,,,1,,,,,,,
2026-09-09_Mark-Liversedge_Wrist_01__swing_0007,423,finish,pred,219,219,True,0,,,,,,,,1,,,,,,,
2026-09-09_Mark-Liversedge_Wrist_01__swing_0007,424,finish,pred,219,219,True,0,,,,,,,,1,,,,,,,
2026-09-09_Mark-Liversedge_Wrist_01__swing_0007,425,finish,pred,217,217,True,0,,,,,,,,1,,,,,,,
2026-09-09_Mark-Liversedge_Wrist_01__swing_0007,426,finish,pred,216,216,True,0,,,,,,,,1,,,,,,,
2026-09-09_Mark-Liversedge_Wrist_01__swing_0007,427,finish,pred,216,216,True,0,,,,,,,,1,,,,,,,
2026-09-09_Mark-Liversedge_Wrist_01__swing_0007,428,finish,pred,216,216,False,0,,,,,,,,1,,,,,,,
2026-09-09_Mark-Liversedge_Wrist_01__swing_0007,429,finish,pred,216,216,False,0,,,,,,,,1,,,,,,,
2026-09-09_Mark-Liversedge_Wrist_01__swing_0007,430,finish,pred,216,216,False,0,,,,,,,,1,,,,,,,
2026-09-09_Mark-Liversedge_Wrist_01__swing_0007,431,finish,pred,216,216,False,0,,,,,,,,1,,,,,,,
2026-09-09_Mark-Liversedge_Wrist_01__swing_0007,432,finish,pred,216,216,False,0,,,,,,,,1,,,,,,,
2026-09-09_Mark-Liversedge_Wrist_01__swing_0007,433,finish,pred,216,216,False,0,,,,,,,,1,,,,,,,
2026-09-09_Mark-Liversedge_Wrist_01__swing_0007,434,finish,pred,216,216,False,0,,,,,,,,1,,,,,,,
2026-09-09_Mark-Liversedge_Wrist_01__swing_0007,435,finish,pred,216,216,False,0,,,,,,,,1,,,,,,,
2026-09-09_Mark-Liversedge_Wrist_01__swing_0007,436,finish,pred,216,216,False,0,,,,,,,,1,,,,,,,
2026-09-09_Mark-Liversedge_Wrist_01__swing_0007,437,finish,pred,216,216,False,0,,,,,,,,1,,,,,,,
2026-09-09_Mark-Liversedge_Wrist_01__swing_0007,438,finish,pred,216,216,False,0,,,,,,,,1,,,,,,,
2026-09-09_Mark-Liversedge_Wrist_01__swing_0007,439,finish,pred,216,216,False,0,,,,,,,,1,,,,,,,
2026-09-09_Mark-Liversedge_Wrist_01__swing_0007,440,finish,pred,216,216,False,0,,,,,,,,1,,,,,,,
2026-09-09_Mark-Liversedge_Wrist_01__swing_0007,441,finish,pred,216,216,False,0,,,,,,,,1,,,,,,,
2026-09-09_Mark-Liversedge_Wrist_01__swing_0007,442,finish,pred,216,216,False,0,,,,,,,,1,,,,,,,
2026-09-09_Mark-Liversedge_Wrist_01__swing_0007,443,finish,pred,216,216,False,0,,,,,,,,1,,,,,,,
2026-09-09_Mark-Liversedge_Wrist_01__swing_0007,444,finish,pred,216,216,False,0,,,,,,,,1,,,,,,,
2026-09-09_Mark-Liversedge_Wrist_01__swing_0007,445,finish,pred,216,216,False,0,,,,,,,,1,,,,,,,
2026-09-09_Mark-Liversedge_Wrist_01__swing_0007,446,finish,pred,216,216,False,0,,,,,,,,1,,,,,,,
2026-09-09_Mark-Liversedge_Wrist_01__swing_0007,447,finish,pred,216,216,False,0,,,,,,,,1,,,,,,,
2026-09-09_Mark-Liversedge_Wrist_01__swing_0007,448,finish,pred,216,216,False,0,,,,,,,,1,,,,,,,
2026-09-09_Mark-Liversedge_Wrist_01__swing_0007,449,finish,pred,216,216,False,0,,,,,,,,1,,,,,,,
2026-09-09_Mark-Liversedge_Wrist_01__swing_0007,450,finish,pred,216,216,False,0,,,,,,,,1,,,,,,,
2026-09-09_Mark-Liversedge_Wrist_01__swing_0007,451,finish,pred,216,216,False,0,,,,,,,,1,,,,,,,
2026-09-09_Mark-Liversedge_Wrist_01__swing_0007,452,finish,pred,216,216,False,0,,,,,,,,1,,,,,,,
2026-09-09_Mark-Liversedge_Wrist_01__swing_0007,453,finish,pred,216,216,False,0,,,,,,,,1,,,,,,,
2026-09-09_Mark-Liversedge_Wrist_01__swing_0007,454,finish,pred,216,216,False,0,,,,,,,,1,,,,,,,
2026-09-09_Mark-Liversedge_Wrist_01__swing_0007,455,finish,pred,216,216,False,0,,,,,,,,1,,,,,,,
2026-09-09_Mark-Liversedge_Wrist_01__swing_0007,456,finish,pred,216,216,False,0,,,,,,,,1,,,,,,,
2026-09-09_Mark-Liversedge_Wrist_01__swing_0007,457,finish,pred,216,216,False,0,,,,,,,,1,,,,,,,
2026-09-09_Mark-Liversedge_Wrist_01__swing_0007,458,finish,pred,216,216,False,0,,,,,,,,1,,,,,,,
2026-09-09_Mark-Liversedge_Wrist_01__swing_0007,459,finish,pred,216,216,False,0,,,,,,,,1,,,,,,,
2026-09-09_Mark-Liversedge_Wrist_01__swing_0007,460,finish,pred,216,216,False,0,,,,,,,,1,,,,,,,
2026-09-09_Mark-Liversedge_Wrist_01__swing_0007,461,finish,pred,216,216,False,0,,,,,,,,1,,,,,,,
2026-09-09_Mark-Liversedge_Wrist_01__swing_0007,462,finish,pred,216,216,False,0,,,,,,,,1,,,,,,,
2026-09-09_Mark-Liversedge_Wrist_01__swing_0007,463,finish,pred,216,216,False,0,,,,,,,,1,,,,,,,
2026-09-09_Mark-Liversedge_Wrist_01__swing_0007,464,finish,pred,216,216,False,0,,,,,,,,1,,,,,,,
2026-09-09_Mark-Liversedge_Wrist_01__swing_0007,465,finish,pred,216,216,False,0,,,,,,,,1,,,,,,,
2026-09-09_Mark-Liversedge_Wrist_01__swing_0007,466,finish,pred,216,216,False,0,,,,,,,,1,,,,,,,
2026-09-09_Mark-Liversedge_Wrist_01__swing_0007,467,finish,pred,216,216,False,0,,,,,,,,1,,,,,,,
2026-09-09_Mark-Liversedge_Wrist_01__swing_0007,468,finish,pred,216,216,False,0,,,,,,,,1,,,,,,,
2026-09-09_Mark-Liversedge_Wrist_01__swing_0007,469,finish,pred,216,216,False,0,,,,,,,,1,,,,,,,
2026-09-09_Mark-Liversedge_Wrist_01__swing_0007,470,finish,pred,216,216,False,0,,,,,,,,1,,,,,,,
2026-09-09_Mark-Liversedge_Wrist_01__swing_0007,471,finish,pred,216,216,False,0,,,,,,,,1,,,,,,,
2026-09-09_Mark-Liversedge_Wrist_01__swing_0007,472,finish,pred,216,216,False,0,,,,,,,,1,,,,,,,
2026-09-09_Mark-Liversedge_Wrist_01__swing_0007,473,finish,pred,216,216,False,0,,,,,,,,1,,,,,,,
2026-09-09_Mark-Liversedge_Wrist_01__swing_0007,474,finish,pred,216,216,False,0,,,,,,,,1,,,,,,,
2026-09-09_Mark-Liversedge_Wrist_01__swing_0007,475,finish,pred,216,216,False,0,,,,,,,,1,,,,,,,
2026-09-09_Mark-Liversedge_Wrist_01__swing_0007,476,finish,pred,216,216,False,0,,,,,,,,1,,,,,,,
2026-09-09_Mark-Liversedge_Wrist_01__swing_0007,477,finish,pred,216,216,False,0,,,,,,,,1,,,,,,,
2026-09-09_Mark-Liversedge_Wrist_01__swing_0007,478,finish,pred,216,216,False,0,,,,,,,,1,,,,,,,
2026-09-09_Mark-Liversedge_Wrist_01__swing_0007,479,finish,pred,216,216,False,0,,,,,,,,1,,,,,,,
2026-09-09_Mark-Liversedge_Wrist_01__swing_0007,480,finish,pred,216,216,False,0,,,,,,,,1,,,,,,,
2026-09-09_Mark-Liversedge_Wrist_01__swing_0007,481,finish,pred,216,216,False,0,,,,,,,,1,,,,,,,
2026-09-09_Mark-Liversedge_Wrist_01__swing_0007,482,finish,pred,216,216,False,0,,,,,,,,1,,,,,,,
2026-09-09_Mark-Liversedge_Wrist_01__swing_0007,483,finish,pred,216,216,False,0,,,,,,,,1,,,,,,,
2026-09-09_Mark-Liversedge_Wrist_01__swing_0007,484,finish,pred,216,216,False,0,,,,,,,,1,,,,,,,
2026-09-09_Mark-Liversedge_Wrist_01__swing_0007,485,finish,pred,216,216,False,0,,,,,,,,1,,,,,,,
2026-09-09_Mark-Liversedge_Wrist_01__swing_0007,486,finish,pred,216,216,False,0,,,,,,,,1,,,,,,,
2026-09-09_Mark-Liversedge_Wrist_01__swing_0007,487,finish,pred,216,216,False,0,,,,,,,,1,,,,,,,
2026-09-09_Mark-Liversedge_Wrist_01__swing_0007,488,finish,pred,216,216,False,0,,,,,,,,1,,,,,,,
2026-09-09_Mark-Liversedge_Wrist_01__swing_0007,489,finish,pred,216,216,False,0,,,,,,,,1,,,,,,,
2026-09-09_Mark-Liversedge_Wrist_01__swing_0007,490,finish,pred,216,216,False,0,,,,,,,,1,,,,,,,
2026-09-09_Mark-Liversedge_Wrist_01__swing_0007,491,finish,pred,216,216,False,0,,,,,,,,1,,,,,,,
2026-09-09_Mark-Liversedge_Wrist_01__swing_0007,492,finish,pred,216,216,False,0,,,,,,,,1,,,,,,,
2026-09-09_Mark-Liversedge_Wrist_01__swing_0007,493,finish,pred,216,216,False,0,,,,,,,,1,,,,,,,
2026-09-09_Mark-Liversedge_Wrist_01__swing_0007,494,finish,pred,216,216,False,0,,,,,,,,1,,,,,,,
2026-09-09_Mark-Liversedge_Wrist_01__swing_0007,495,finish,pred,216,216,False,0,,,,,,,,1,,,,,,,
2026-09-09_Mark-Liversedge_Wrist_01__swing_0007,496,finish,pred,216,216,False,0,,,,,,,,1,,,,,,,
2026-09-09_Mark-Liversedge_Wrist_01__swing_0007,497,finish,pred,216,216,False,0,,,,,,,,1,,,,,,,
2026-09-09_Mark-Liversedge_Wrist_01__swing_0007,498,finish,pred,216,216,False,0,,,,,,,,1,,,,,,,
2026-09-09_Mark-Liversedge_Wrist_01__swing_0007,499,finish,pred,216,216,False,0,,,,,,,,1,,,,,,,
2026-09-09_Mark-Liversedge_Wrist_01__swing_0007,500,finish,pred,216,216,False,0,,,,,,,,1,,,,,,,
2026-09-09_Mark-Liversedge_Wrist_01__swing_0007,501,finish,pred,216,216,False,0,,,,,,,,1,,,,,,,
2026-09-09_Mark-Liversedge_Wrist_01__swing_0007,502,finish,pred,216,216,False,0,,,,,,,,1,,,,,,,
2026-09-09_Mark-Liversedge_Wrist_01__swing_0007,503,finish,pred,216,216,False,0,,,,,,,,1,,,,,,,
2026-09-09_Mark-Liversedge_Wrist_01__swing_0007,504,finish,pred,216,216,False,0,,,,,,,,1,,,,,,,
2026-09-09_Mark-Liversedge_Wrist_01__swing_0007,505,finish,pred,216,216,False,0,,,,,,,,1,,,,,,,
2026-09-09_Mark-Liversedge_Wrist_01__swing_0007,506,finish,pred,216,216,False,0,,,,,,,,1,,,,,,,
2026-09-09_Mark-Liversedge_Wrist_01__swing_0007,507,finish,pred,216,216,False,0,,,,,,,,1,,,,,,,
2026-09-09_Mark-Liversedge_Wrist_01__swing_0007,508,finish,pred,216,216,False,0,,,,,,,,1,,,,,,,
2026-09-09_Mark-Liversedge_Wrist_01__swing_0007,509,finish,pred,216,216,False,0,,,,,,,,1,,,,,,,
2026-09-09_Mark-Liversedge_Wrist_01__swing_0007,510,finish,pred,216,216,False,0,,,,,,,,1,,,,,,,
2026-09-09_Mark-Liversedge_Wrist_01__swing_0007,511,finish,pred,216,216,False,0,,,,,,,,1,,,,,,,
2026-09-09_Mark-Liversedge_Wrist_01__swing_0007,512,finish,pred,216,216,False,0,,,,,,,,1,,,,,,,
2026-09-09_Mark-Liversedge_Wrist_01__swing_0007,513,finish,pred,216,216,False,0,,,,,,,,1,,,,,,,
2026-09-09_Mark-Liversedge_Wrist_01__swing_0007,514,finish,pred,216,216,False,0,,,,,,,,1,,,,,,,
2026-09-09_Mark-Liversedge_Wrist_01__swing_0007,515,finish,pred,216,216,False,0,,,,,,,,1,,,,,,,
2026-09-09_Mark-Liversedge_Wrist_01__swing_0007,516,finish,pred,216,216,False,0,,,,,,,,1,,,,,,,
2026-09-09_Mark-Liversedge_Wrist_01__swing_0007,517,finish,pred,216,216,False,0,,,,,,,,1,,,,,,,
2026-09-09_Mark-Liversedge_Wrist_01__swing_0007,518,finish,pred,216,216,False,0,,,,,,,,1,,,,,,,
2026-09-09_Mark-Liversedge_Wrist_01__swing_0007,519,finish,pred,216,216,False,0,,,,,,,,1,,,,,,,
2026-09-09_Mark-Liversedge_Wrist_01__swing_0007,520,finish,pred,216,216,False,0,,,,,,,,1,,,,,,,
2026-09-09_Mark-Liversedge_Wrist_01__swing_0007,521,finish,pred,216,216,False,0,,,,,,,,1,,,,,,,
2026-09-09_Mark-Liversedge_Wrist_01__swing_0007,522,finish,pred,216,216,False,0,,,,,,,,1,,,,,,,
2026-09-09_Mark-Liversedge_Wrist_01__swing_0007,523,finish,pred,216,216,False,0,,,,,,,,1,,,,,,,
2026-09-09_Mark-Liversedge_Wrist_01__swing_0007,524,finish,pred,216,216,False,0,,,,,,,,1,,,,,,,
2026-09-09_Mark-Liversedge_Wrist_01__swing_0007,525,finish,pred,216,216,False,0,,,,,,,,1,,,,,,,
2026-09-09_Mark-Liversedge_Wrist_01__swing_0007,526,finish,pred,216,216,False,0,,,,,,,,1,,,,,,,
2026-09-09_Mark-Liversedge_Wrist_01__swing_0007,527,finish,pred,216,216,False,0,,,,,,,,1,,,,,,,
2026-09-09_Mark-Liversedge_Wrist_01__swing_0007,528,finish,pred,216,216,False,0,,,,,,,,1,,,,,,,
2026-09-09_Mark-Liversedge_Wrist_01__swing_0007,529,finish,pred,216,216,False,0,,,,,,,,1,,,,,,,
2026-09-09_Mark-Liversedge_Wrist_01__swing_0007,530,finish,pred,216,216,False,0,,,,,,,,1,,,,,,,
2026-09-09_Mark-Liversedge_Wrist_01__swing_0007,531,finish,pred,216,216,False,0,,,,,,,,1,,,,,,,
2026-09-09_Mark-Liversedge_Wrist_01__swing_0007,532,finish,pred,216,216,False,0,,,,,,,,1,,,,,,,
2026-09-09_Mark-Liversedge_Wrist_01__swing_0007,533,finish,pred,216,216,False,0,,,,,,,,1,,,,,,,
2026-09-09_Mark-Liversedge_Wrist_01__swing_0007,534,finish,pred,216,216,False,0,,,,,,,,1,,,,,,,
2026-09-09_Mark-Liversedge_Wrist_01__swing_0007,535,finish,pred,216,216,False,0,,,,,,,,1,,,,,,,
2026-09-09_Mark-Liversedge_Wrist_01__swing_0007,536,finish,pred,216,216,False,0,,,,,,,,1,,,,,,,
2026-09-09_Mark-Liversedge_Wrist_01__swing_0007,537,finish,pred,216,216,False,0,,,,,,,,1,,,,,,,
2026-09-09_Mark-Liversedge_Wrist_01__swing_0007,538,finish,pred,216,216,False,0,,,,,,,,1,,,,,,,
2026-09-09_Mark-Liversedge_Wrist_01__swing_0007,539,finish,pred,216,216,False,0,,,,,,,,1,,,,,,,
2026-09-09_Mark-Liversedge_Wrist_01__swing_0007,540,finish,pred,216,216,False,0,,,,,,,,1,,,,,,,
2026-09-09_Mark-Liversedge_Wrist_01__swing_0007,541,finish,pred,216,216,False,0,,,,,,,,1,,,,,,,
2026-09-09_Mark-Liversedge_Wrist_01__swing_0007,542,finish,pred,216,216,False,0,,,,,,,,1,,,,,,,
2026-09-09_Mark-Liversedge_Wrist_01__swing_0007,543,finish,pred,216,216,False,0,,,,,,,,1,,,,,,,
2026-09-09_Mark-Liversedge_Wrist_01__swing_0007,544,finish,pred,216,216,False,0,,,,,,,,1,,,,,,,
2026-09-09_Mark-Liversedge_Wrist_01__swing_0007,545,finish,pred,216,216,False,0,,,,,,,,1,,,,,,,
2026-09-09_Mark-Liversedge_Wrist_01__swing_0007,546,finish,pred,216,216,False,0,,,,,,,,1,,,,,,,
2026-09-09_Mark-Liversedge_Wrist_01__swing_0007,547,finish,pred,216,216,False,0,,,,,,,,1,,,,,,,
2026-09-09_Mark-Liversedge_Wrist_01__swing_0007,548,finish,pred,216,216,False,0,,,,,,,,1,,,,,,,
2026-09-09_Mark-Liversedge_Wrist_01__swing_0007,549,finish,pred,216,216,False,0,,,,,,,,1,,,,,,,
2026-09-09_Mark-Liversedge_Wrist_01__swing_0007,550,finish,pred,216,216,False,0,,,,,,,,1,,,,,,,
2026-09-09_Mark-Liversedge_Wrist_01__swing_0007,551,finish,pred,216,216,False,0,,,,,,,,1,,,,,,,
2026-09-09_Mark-Liversedge_Wrist_01__swing_0007,552,finish,pred,216,216,False,0,,,,,,,,1,,,,,,,
2026-09-09_Mark-Liversedge_Wrist_01__swing_0007,553,finish,pred,216,216,False,0,,,,,,,,1,,,,,,,
2026-09-09_Mark-Liversedge_Wrist_01__swing_0007,554,finish,pred,216,216,False,0,,,,,,,,1,,,,,,,
2026-09-09_Mark-Liversedge_Wrist_01__swing_0007,555,finish,pred,216,216,False,0,,,,,,,,1,,,,,,,
2026-09-09_Mark-Liversedge_Wrist_01__swing_0007,556,finish,pred,216,216,False,0,,,,,,,,1,,,,,,,
2026-09-09_Mark-Liversedge_Wrist_01__swing_0007,557,finish,pred,216,216,False,0,,,,,,,,1,,,,,,,
2026-09-09_Mark-Liversedge_Wrist_01__swing_0007,558,finish,pred,216,216,False,0,,,,,,,,1,,,,,,,
2026-09-09_Mark-Liversedge_Wrist_01__swing_0007,559,finish,pred,216,216,False,0,,,,,,,,1,,,,,,,
2026-09-09_Mark-Liversedge_Wrist_01__swing_0007,560,finish,pred,216,216,False,0,,,,,,,,1,,,,,,,
2026-09-09_Mark-Liversedge_Wrist_01__swing_0007,561,finish,pred,216,216,False,0,,,,,,,,1,,,,,,,
2026-09-09_Mark-Liversedge_Wrist_01__swing_0007,562,finish,pred,216,216,False,0,,,,,,,,1,,,,,,,
2026-09-09_Mark-Liversedge_Wrist_01__swing_0007,563,finish,pred,216,216,False,0,,,,,,,,1,,,,,,,
2026-09-09_Mark-Liversedge_Wrist_01__swing_0007,564,finish,pred,216,216,False,0,,,,,,,,1,,,,,,,
2026-09-09_Mark-Liversedge_Wrist_01__swing_0007,565,finish,pred,216,216,False,0,,,,,,,,1,,,,,,,
2026-09-09_Mark-Liversedge_Wrist_01__swing_0007,566,finish,pred,216,216,False,0,,,,,,,,1,,,,,,,
2026-09-09_Mark-Liversedge_Wrist_01__swing_0007,567,finish,pred,216,216,False,0,,,,,,,,1,,,,,,,
2026-09-09_Mark-Liversedge_Wrist_01__swing_0007,568,finish,pred,216,216,False,0,,,,,,,,1,,,,,,,
2026-09-09_Mark-Liversedge_Wrist_01__swing_0007,569,finish,pred,216,216,False,0,,,,,,,,1,,,,,,,
2026-09-09_Mark-Liversedge_Wrist_01__swing_0007,570,finish,pred,216,216,False,0,,,,,,,,1,,,,,,,
2026-09-09_Mark-Liversedge_Wrist_01__swing_0007,571,finish,pred,216,216,False,0,,,,,,,,1,,,,,,,
2026-09-09_Mark-Liversedge_Wrist_01__swing_0007,572,finish,pred,216,216,False,0,,,,,,,,1,,,,,,,
2026-09-09_Mark-Liversedge_Wrist_01__swing_0007,573,finish,pred,216,216,False,0,,,,,,,,1,,,,,,,
2026-09-09_Mark-Liversedge_Wrist_01__swing_0007,574,finish,pred,216,216,False,0,,,,,,,,1,,,,,,,
2026-09-09_Mark-Liversedge_Wrist_01__swing_0007,575,finish,pred,216,216,False,0,,,,,,,,1,,,,,,,
2026-09-09_Mark-Liversedge_Wrist_01__swing_0007,576,finish,pred,216,216,False,0,,,,,,,,1,,,,,,,
2026-09-09_Mark-Liversedge_Wrist_01__swing_0007,577,finish,pred,216,216,False,0,,,,,,,,1,,,,,,,
2026-09-09_Mark-Liversedge_Wrist_01__swing_0007,578,finish,pred,216,216,False,0,,,,,,,,1,,,,,,,
2026-09-09_Mark-Liversedge_Wrist_01__swing_0007,579,finish,pred,216,216,False,0,,,,,,,,1,,,,,,,
2026-09-09_Mark-Liversedge_Wrist_01__swing_0007,580,finish,pred,216,216,False,0,,,,,,,,1,,,,,,,
2026-09-09_Mark-Liversedge_Wrist_01__swing_0007,581,finish,pred,216,216,False,0,,,,,,,,1,,,,,,,
2026-09-09_Mark-Liversedge_Wrist_01__swing_0007,582,finish,pred,216,216,False,0,,,,,,,,1,,,,,,,
2026-09-09_Mark-Liversedge_Wrist_01__swing_0007,583,finish,pred,216,216,False,0,,,,,,,,1,,,,,,,
2026-09-09_Mark-Liversedge_Wrist_01__swing_0007,584,finish,pred,216,216,False,0,,,,,,,,1,,,,,,,
2026-09-09_Mark-Liversedge_Wrist_01__swing_0007,585,finish,pred,216,216,False,0,,,,,,,,1,,,,,,,
2026-09-09_Mark-Liversedge_Wrist_01__swing_0007,586,finish,pred,216,216,False,0,,,,,,,,1,,,,,,,
2026-09-09_Mark-Liversedge_Wrist_01__swing_0007,587,finish,pred,216,216,False,0,,,,,,,,1,,,,,,,
2026-09-09_Mark-Liversedge_Wrist_01__swing_0007,588,finish,pred,216,216,False,0,,,,,,,,1,,,,,,,
2026-09-09_Mark-Liversedge_Wrist_01__swing_0007,589,finish,pred,216,216,False,0,,,,,,,,1,,,,,,,
2026-09-09_Mark-Liversedge_Wrist_01__swing_0007,590,finish,pred,216,216,False,0,,,,,,,,1,,,,,,,
2026-09-09_Mark-Liversedge_Wrist_01__swing_0007,591,finish,pred,216,216,False,0,,,,,,,,1,,,,,,,
2026-09-09_Mark-Liversedge_Wrist_01__swing_0007,592,finish,pred,216,216,False,0,,,,,,,,1,,,,,,,
